{"type":"FeatureCollection","features":[{"type":"Feature","geometry":{"type":"Polygon","coordinates":[[[-158.049834,21.6273],[-158.049872,21.627247],[-158.049916,21.627198],[-158.049964,21.627155],[-158.050017,21.627117],[-158.050073,21.627085],[-158.050133,21.627059],[-158.050195,21.62704],[-158.050259,21.627027],[-158.050324,21.627022],[-158.050389,21.627024],[-158.050453,21.627032],[-158.050516,21.627048],[-158.050577,21.62707],[-158.050636,21.627099],[-158.050691,21.627134],[-158.050741,21.627174],[-158.050788,21.62722],[-158.050828,21.627271],[-158.050863,21.627326],[-158.050893,21.627384],[-158.050915,21.627445],[-158.050931,21.627508],[-158.05094,21.627572],[-158.050942,21.627637],[-158.050937,21.627702],[-158.050924,21.627766],[-158.050905,21.627828],[-158.05088,21.627888],[-158.050848,21.627945],[-158.05081,21.627998],[-158.050767,21.628046],[-158.050718,21.62809],[-158.050666,21.628128],[-158.050609,21.62816],[-158.050549,21.628186],[-158.050487,21.628205],[-158.050423,21.628217],[-158.050359,21.628223],[-158.050294,21.628221],[-158.050229,21.628212],[-158.050166,21.628197],[-158.050105,21.628175],[-158.050047,21.628146],[-158.049992,21.628111],[-158.049941,21.62807],[-158.049895,21.628024],[-158.049854,21.627974],[-158.049819,21.627919],[-158.04979,21.627861],[-158.049767,21.6278],[-158.049752,21.627737],[-158.049743,21.627672],[-158.049741,21.627607],[-158.049746,21.627542],[-158.049758,21.627479],[-158.049777,21.627416],[-158.049803,21.627357],[-158.049834,21.6273]]]},"properties":{}},{"type":"Feature","geometry":{"type":"Polygon","coordinates":[[[-158.045366,21.625365],[-158.045398,21.625308],[-158.045437,21.625254],[-158.045481,21.625205],[-158.045529,21.625161],[-158.045583,21.625123],[-158.04564,21.62509],[-158.0457,21.625063],[-158.045763,21.625043],[-158.045827,21.62503],[-158.045893,21.625024],[-158.045958,21.625025],[-158.046024,21.625032],[-158.046088,21.625047],[-158.04615,21.625068],[-158.04621,21.625096],[-158.046266,21.62513],[-158.046318,21.62517],[-158.046366,21.625215],[-158.046409,21.625265],[-158.046446,21.625319],[-158.046477,21.625377],[-158.046502,21.625438],[-158.046521,21.625501],[-158.046532,21.625566],[-158.046537,21.625632],[-158.046534,21.625698],[-158.046525,21.625763],[-158.046508,21.625826],[-158.046485,21.625888],[-158.046456,21.625947],[-158.04642,21.626002],[-158.046379,21.626054],[-158.046333,21.6261],[-158.046282,21.626142],[-158.046227,21.626177],[-158.046168,21.626207],[-158.046106,21.62623],[-158.046043,21.626247],[-158.045978,21.626257],[-158.045912,21.626259],[-158.045846,21.626255],[-158.045781,21.626244],[-158.045718,21.626226],[-158.045657,21.626201],[-158.045599,21.62617],[-158.045545,21.626133],[-158.045494,21.626091],[-158.045449,21.626043],[-158.045409,21.625991],[-158.045375,21.625935],[-158.045347,21.625875],[-158.045325,21.625813],[-158.04531,21.625749],[-158.045302,21.625684],[-158.045301,21.625618],[-158.045307,21.625553],[-158.04532,21.625488],[-158.04534,21.625425],[-158.045366,21.625365]]]},"properties":{}},{"type":"Feature","geometry":{"type":"Polygon","coordinates":[[[-158.043155,21.623522],[-158.043181,21.623458],[-158.043214,21.623397],[-158.043253,21.62334],[-158.043298,21.623287],[-158.043347,21.623238],[-158.043402,21.623195],[-158.04346,21.623158],[-158.043522,21.623126],[-158.043587,21.623102],[-158.043654,21.623083],[-158.043722,21.623072],[-158.043792,21.623068],[-158.043861,21.62307],[-158.04393,21.62308],[-158.043997,21.623097],[-158.044062,21.62312],[-158.044125,21.62315],[-158.044184,21.623186],[-158.044239,21.623228],[-158.04429,21.623275],[-158.044336,21.623327],[-158.044376,21.623384],[-158.044411,21.623444],[-158.044439,21.623507],[-158.04446,21.623573],[-158.044475,21.623641],[-158.044483,21.62371],[-158.044484,21.623779],[-158.044478,21.623848],[-158.044464,21.623917],[-158.044444,21.623983],[-158.044418,21.624047],[-158.044385,21.624108],[-158.044346,21.624165],[-158.044301,21.624219],[-158.044252,21.624267],[-158.044197,21.62431],[-158.044139,21.624347],[-158.044077,21.624379],[-158.044012,21.624404],[-158.043945,21.624422],[-158.043877,21.624433],[-158.043807,21.624437],[-158.043738,21.624435],[-158.043669,21.624425],[-158.043602,21.624408],[-158.043537,21.624385],[-158.043474,21.624355],[-158.043415,21.624319],[-158.043359,21.624277],[-158.043309,21.62423],[-158.043263,21.624178],[-158.043223,21.624122],[-158.043188,21.624061],[-158.04316,21.623998],[-158.043139,21.623932],[-158.043124,21.623864],[-158.043116,21.623795],[-158.043115,21.623726],[-158.043121,21.623657],[-158.043135,21.623589],[-158.043155,21.623522]]]},"properties":{}},{"type":"Feature","geometry":{"type":"Polygon","coordinates":[[[-158.036935,21.62085],[-158.03696,21.620797],[-158.036991,21.620747],[-158.037028,21.620701],[-158.03707,21.62066],[-158.037117,21.620624],[-158.037167,21.620594],[-158.037221,21.62057],[-158.037277,21.620553],[-158.037335,21.620542],[-158.037394,21.620538],[-158.037452,21.620542],[-158.03751,21.620552],[-158.037567,21.620569],[-158.03762,21.620592],[-158.037671,21.620622],[-158.037718,21.620657],[-158.03776,21.620698],[-158.037798,21.620743],[-158.037829,21.620793],[-158.037855,21.620846],[-158.037874,21.620901],[-158.037886,21.620959],[-158.037892,21.621017],[-158.03789,21.621076],[-158.037882,21.621134],[-158.037867,21.621191],[-158.037845,21.621246],[-158.037817,21.621297],[-158.037783,21.621345],[-158.037743,21.621389],[-158.037699,21.621427],[-158.03765,21.621461],[-158.037598,21.621488],[-158.037543,21.621508],[-158.037486,21.621522],[-158.037428,21.62153],[-158.037369,21.62153],[-158.037311,21.621523],[-158.037253,21.62151],[-158.037198,21.62149],[-158.037146,21.621463],[-158.037097,21.62143],[-158.037052,21.621392],[-158.037012,21.621349],[-158.036978,21.621301],[-158.036949,21.62125],[-158.036927,21.621196],[-158.036911,21.621139],[-158.036902,21.621081],[-158.0369,21.621022],[-158.036905,21.620964],[-158.036917,21.620906],[-158.036935,21.62085]]]},"properties":{}},{"type":"Feature","geometry":{"type":"Polygon","coordinates":[[[-158.032651,21.617902],[-158.032692,21.61786],[-158.032739,21.617823],[-158.032789,21.617792],[-158.032843,21.617768],[-158.032899,21.61775],[-158.032957,21.617739],[-158.033016,21.617735],[-158.033076,21.617738],[-158.033134,21.617748],[-158.03319,21.617765],[-158.033244,21.617789],[-158.033295,21.61782],[-158.033342,21.617856],[-158.033384,21.617897],[-158.033421,21.617944],[-158.033452,21.617994],[-158.033476,21.618048],[-158.033494,21.618104],[-158.033505,21.618162],[-158.033509,21.618221],[-158.033506,21.61828],[-158.033496,21.618339],[-158.033478,21.618395],[-158.033454,21.618449],[-158.033424,21.6185],[-158.033388,21.618547],[-158.033346,21.618589],[-158.0333,21.618626],[-158.03325,21.618657],[-158.033196,21.618681],[-158.03314,21.618699],[-158.033081,21.61871],[-158.033022,21.618714],[-158.032963,21.618711],[-158.032905,21.618701],[-158.032849,21.618683],[-158.032795,21.618659],[-158.032744,21.618629],[-158.032697,21.618593],[-158.032655,21.618551],[-158.032618,21.618505],[-158.032587,21.618455],[-158.032563,21.618401],[-158.032545,21.618344],[-158.032534,21.618286],[-158.03253,21.618227],[-158.032533,21.618168],[-158.032543,21.61811],[-158.032561,21.618054],[-158.032584,21.617999],[-158.032615,21.617949],[-158.032651,21.617902]]]},"properties":{}},{"type":"Feature","geometry":{"type":"Polygon","coordinates":[[[-158.030854,21.616934],[-158.030796,21.61692],[-158.03074,21.6169],[-158.030686,21.616872],[-158.030637,21.616839],[-158.030591,21.6168],[-158.03055,21.616757],[-158.030515,21.616708],[-158.030485,21.616656],[-158.030461,21.616601],[-158.030445,21.616544],[-158.030435,21.616485],[-158.030431,21.616425],[-158.030435,21.616365],[-158.030446,21.616306],[-158.030463,21.616249],[-158.030487,21.616194],[-158.030518,21.616142],[-158.030554,21.616095],[-158.030595,21.616051],[-158.030641,21.616013],[-158.030691,21.61598],[-158.030745,21.615954],[-158.030801,21.615934],[-158.03086,21.61592],[-158.030919,21.615913],[-158.030979,21.615914],[-158.031039,21.615921],[-158.031097,21.615935],[-158.031153,21.615956],[-158.031206,21.615983],[-158.031256,21.616016],[-158.031302,21.616055],[-158.031343,21.616099],[-158.031378,21.616147],[-158.031408,21.616199],[-158.031431,21.616254],[-158.031448,21.616312],[-158.031458,21.616371],[-158.031461,21.61643],[-158.031458,21.61649],[-158.031447,21.616549],[-158.031429,21.616606],[-158.031405,21.616661],[-158.031375,21.616713],[-158.031339,21.616761],[-158.031298,21.616804],[-158.031252,21.616842],[-158.031202,21.616875],[-158.031148,21.616902],[-158.031091,21.616922],[-158.031033,21.616935],[-158.030974,21.616942],[-158.030914,21.616942],[-158.030854,21.616934]]]},"properties":{}},{"type":"Feature","geometry":{"type":"Polygon","coordinates":[[[-158.028459,21.61265],[-158.028488,21.612595],[-158.028523,21.612543],[-158.028563,21.612496],[-158.028609,21.612453],[-158.028659,21.612416],[-158.028713,21.612384],[-158.02877,21.612359],[-158.02883,21.612341],[-158.028891,21.612329],[-158.028953,21.612324],[-158.029015,21.612326],[-158.029077,21.612335],[-158.029138,21.612351],[-158.029196,21.612374],[-158.029251,21.612403],[-158.029303,21.612438],[-158.02935,21.612478],[-158.029393,21.612524],[-158.02943,21.612574],[-158.029461,21.612628],[-158.029487,21.612685],[-158.029505,21.612745],[-158.029517,21.612806],[-158.029522,21.612868],[-158.02952,21.61293],[-158.029511,21.612992],[-158.029495,21.613053],[-158.029472,21.613111],[-158.029443,21.613166],[-158.029408,21.613218],[-158.029368,21.613265],[-158.029322,21.613308],[-158.029272,21.613345],[-158.029218,21.613376],[-158.029161,21.613402],[-158.029101,21.61342],[-158.02904,21.613432],[-158.028978,21.613437],[-158.028915,21.613435],[-158.028854,21.613426],[-158.028793,21.61341],[-158.028735,21.613387],[-158.02868,21.613358],[-158.028628,21.613323],[-158.028581,21.613283],[-158.028538,21.613237],[-158.028501,21.613187],[-158.028469,21.613133],[-158.028444,21.613076],[-158.028426,21.613016],[-158.028414,21.612955],[-158.028409,21.612893],[-158.028411,21.61283],[-158.02842,21.612769],[-158.028436,21.612708],[-158.028459,21.61265]]]},"properties":{}},{"type":"Feature","geometry":{"type":"Polygon","coordinates":[[[-158.027215,21.611821],[-158.027158,21.611829],[-158.0271,21.611829],[-158.027042,21.611823],[-158.026986,21.61181],[-158.026932,21.611789],[-158.02688,21.611763],[-158.026833,21.61173],[-158.02679,21.611691],[-158.026751,21.611648],[-158.026719,21.6116],[-158.026692,21.611549],[-158.026672,21.611494],[-158.026659,21.611438],[-158.026653,21.611381],[-158.026654,21.611323],[-158.026663,21.611265],[-158.026678,21.61121],[-158.0267,21.611156],[-158.026728,21.611106],[-158.026762,21.611059],[-158.026802,21.611017],[-158.026846,21.61098],[-158.026895,21.610949],[-158.026947,21.610924],[-158.027002,21.610906],[-158.027059,21.610895],[-158.027117,21.61089],[-158.027175,21.610893],[-158.027232,21.610903],[-158.027287,21.61092],[-158.02734,21.610944],[-158.027389,21.610973],[-158.027435,21.611009],[-158.027476,21.61105],[-158.027511,21.611096],[-158.027541,21.611145],[-158.027564,21.611198],[-158.02758,21.611254],[-158.02759,21.611311],[-158.027592,21.611369],[-158.027588,21.611426],[-158.027576,21.611483],[-158.027558,21.611538],[-158.027533,21.61159],[-158.027501,21.611639],[-158.027464,21.611683],[-158.027422,21.611722],[-158.027375,21.611756],[-158.027324,21.611784],[-158.027271,21.611806],[-158.027215,21.611821]]]},"properties":{}},{"type":"Feature","geometry":{"type":"Polygon","coordinates":[[[-158.026386,21.610208],[-158.026321,21.610225],[-158.026255,21.610234],[-158.026188,21.610236],[-158.026122,21.610231],[-158.026056,21.610219],[-158.025992,21.6102],[-158.025931,21.610175],[-158.025872,21.610143],[-158.025817,21.610105],[-158.025767,21.610061],[-158.025721,21.610012],[-158.025681,21.609959],[-158.025647,21.609902],[-158.025619,21.609841],[-158.025598,21.609778],[-158.025583,21.609713],[-158.025576,21.609646],[-158.025575,21.60958],[-158.025582,21.609513],[-158.025596,21.609448],[-158.025616,21.609385],[-158.025644,21.609324],[-158.025677,21.609266],[-158.025717,21.609212],[-158.025762,21.609163],[-158.025812,21.609119],[-158.025866,21.60908],[-158.025924,21.609048],[-158.025985,21.609021],[-158.026049,21.609002],[-158.026115,21.608989],[-158.026181,21.608983],[-158.026248,21.608985],[-158.026314,21.608993],[-158.026379,21.609009],[-158.026442,21.609031],[-158.026502,21.60906],[-158.026559,21.609095],[-158.026611,21.609136],[-158.026659,21.609182],[-158.026702,21.609233],[-158.026739,21.609288],[-158.02677,21.609347],[-158.026795,21.609409],[-158.026813,21.609474],[-158.026824,21.609539],[-158.026828,21.609606],[-158.026825,21.609673],[-158.026815,21.609739],[-158.026797,21.609803],[-158.026773,21.609865],[-158.026743,21.609925],[-158.026706,21.60998],[-158.026664,21.610032],[-158.026617,21.610079],[-158.026564,21.61012],[-158.026508,21.610156],[-158.026448,21.610185],[-158.026386,21.610208]]]},"properties":{}},{"type":"Feature","geometry":{"type":"Polygon","coordinates":[[[-158.025004,21.608043],[-158.024982,21.607982],[-158.024967,21.607919],[-158.024959,21.607855],[-158.024958,21.60779],[-158.024964,21.607725],[-158.024977,21.607662],[-158.024997,21.6076],[-158.025023,21.607541],[-158.025055,21.607485],[-158.025094,21.607432],[-158.025138,21.607385],[-158.025187,21.607342],[-158.02524,21.607305],[-158.025296,21.607273],[-158.025356,21.607248],[-158.025419,21.60723],[-158.025482,21.607219],[-158.025547,21.607214],[-158.025612,21.607217],[-158.025676,21.607226],[-158.025739,21.607242],[-158.025799,21.607266],[-158.025857,21.607295],[-158.025911,21.607331],[-158.025961,21.607372],[-158.026007,21.607418],[-158.026047,21.607469],[-158.026081,21.607524],[-158.026109,21.607583],[-158.026131,21.607644],[-158.026146,21.607707],[-158.026154,21.607771],[-158.026155,21.607836],[-158.026149,21.607901],[-158.026136,21.607964],[-158.026116,21.608026],[-158.02609,21.608085],[-158.026057,21.608141],[-158.026019,21.608193],[-158.025975,21.608241],[-158.025926,21.608284],[-158.025873,21.608321],[-158.025816,21.608352],[-158.025756,21.608377],[-158.025694,21.608396],[-158.02563,21.608407],[-158.025566,21.608412],[-158.025501,21.608409],[-158.025437,21.6084],[-158.025374,21.608383],[-158.025313,21.60836],[-158.025256,21.608331],[-158.025201,21.608295],[-158.025151,21.608254],[-158.025106,21.608208],[-158.025066,21.608157],[-158.025032,21.608102],[-158.025004,21.608043]]]},"properties":{}},{"type":"Feature","geometry":{"type":"Polygon","coordinates":[[[-158.024451,21.606615],[-158.024395,21.606578],[-158.024343,21.606536],[-158.024296,21.606488],[-158.024254,21.606436],[-158.024218,21.60638],[-158.024187,21.60632],[-158.024164,21.606257],[-158.024147,21.606193],[-158.024136,21.606126],[-158.024133,21.606059],[-158.024137,21.605993],[-158.024148,21.605926],[-158.024165,21.605862],[-158.02419,21.605799],[-158.02422,21.60574],[-158.024257,21.605684],[-158.0243,21.605632],[-158.024347,21.605585],[-158.024399,21.605543],[-158.024456,21.605507],[-158.024516,21.605476],[-158.024578,21.605453],[-158.024643,21.605436],[-158.024709,21.605426],[-158.024776,21.605422],[-158.024843,21.605426],[-158.024909,21.605437],[-158.024974,21.605455],[-158.025036,21.605479],[-158.025096,21.605509],[-158.025152,21.605546],[-158.025204,21.605589],[-158.025251,21.605636],[-158.025293,21.605688],[-158.025329,21.605745],[-158.025359,21.605805],[-158.025383,21.605867],[-158.0254,21.605932],[-158.02541,21.605998],[-158.025413,21.606065],[-158.025409,21.606132],[-158.025399,21.606198],[-158.025381,21.606263],[-158.025357,21.606325],[-158.025326,21.606385],[-158.025289,21.606441],[-158.025247,21.606493],[-158.025199,21.60654],[-158.025147,21.606582],[-158.025091,21.606618],[-158.025031,21.606648],[-158.024968,21.606672],[-158.024903,21.606689],[-158.024837,21.606699],[-158.02477,21.606702],[-158.024703,21.606698],[-158.024637,21.606688],[-158.024573,21.60667],[-158.02451,21.606646],[-158.024451,21.606615]]]},"properties":{}},{"type":"Feature","geometry":{"type":"Polygon","coordinates":[[[-158.040713,21.609656],[-158.040768,21.609615],[-158.040827,21.609581],[-158.04089,21.609552],[-158.040955,21.609531],[-158.041022,21.609516],[-158.04109,21.609509],[-158.041158,21.609508],[-158.041227,21.609515],[-158.041294,21.609529],[-158.041359,21.60955],[-158.041422,21.609578],[-158.041481,21.609611],[-158.041537,21.609651],[-158.041588,21.609697],[-158.041634,21.609748],[-158.041675,21.609803],[-158.041709,21.609862],[-158.041738,21.609925],[-158.041759,21.60999],[-158.041774,21.610057],[-158.041781,21.610125],[-158.041782,21.610193],[-158.041775,21.610262],[-158.041761,21.610329],[-158.04174,21.610394],[-158.041712,21.610457],[-158.041678,21.610516],[-158.041638,21.610572],[-158.041593,21.610623],[-158.041542,21.610669],[-158.041487,21.61071],[-158.041428,21.610744],[-158.041365,21.610772],[-158.0413,21.610794],[-158.041233,21.610809],[-158.041165,21.610816],[-158.041097,21.610816],[-158.041028,21.61081],[-158.040961,21.610796],[-158.040896,21.610775],[-158.040833,21.610747],[-158.040774,21.610713],[-158.040718,21.610673],[-158.040667,21.610628],[-158.040621,21.610577],[-158.04058,21.610522],[-158.040546,21.610463],[-158.040517,21.6104],[-158.040496,21.610335],[-158.040481,21.610268],[-158.040474,21.6102],[-158.040474,21.610131],[-158.04048,21.610063],[-158.040494,21.609996],[-158.040515,21.609931],[-158.040543,21.609868],[-158.040577,21.609809],[-158.040617,21.609753],[-158.040662,21.609702],[-158.040713,21.609656]]]},"properties":{}},{"type":"Feature","geometry":{"type":"Polygon","coordinates":[[[-158.058403,21.619837],[-158.058339,21.619828],[-158.058276,21.619813],[-158.058214,21.619791],[-158.058156,21.619762],[-158.058101,21.619727],[-158.05805,21.619687],[-158.058004,21.619641],[-158.057963,21.61959],[-158.057928,21.619536],[-158.057899,21.619478],[-158.057876,21.619417],[-158.05786,21.619354],[-158.057851,21.619289],[-158.057849,21.619224],[-158.057854,21.619159],[-158.057866,21.619096],[-158.057885,21.619033],[-158.05791,21.618973],[-158.057942,21.618917],[-158.057979,21.618864],[-158.058023,21.618815],[-158.058071,21.618771],[-158.058124,21.618733],[-158.05818,21.618701],[-158.05824,21.618675],[-158.058302,21.618656],[-158.058366,21.618643],[-158.05843,21.618638],[-158.058495,21.618639],[-158.05856,21.618647],[-158.058623,21.618663],[-158.058684,21.618685],[-158.058743,21.618714],[-158.058797,21.618748],[-158.058848,21.618789],[-158.058895,21.618835],[-158.058936,21.618885],[-158.058971,21.61894],[-158.059,21.618998],[-158.059023,21.619059],[-158.059039,21.619122],[-158.059048,21.619186],[-158.05905,21.619251],[-158.059045,21.619316],[-158.059033,21.61938],[-158.059014,21.619442],[-158.058989,21.619502],[-158.058957,21.619559],[-158.058919,21.619612],[-158.058876,21.619661],[-158.058828,21.619704],[-158.058775,21.619743],[-158.058719,21.619775],[-158.058659,21.619801],[-158.058597,21.61982],[-158.058533,21.619833],[-158.058468,21.619838],[-158.058403,21.619837]]]},"properties":{}},{"type":"Feature","geometry":{"type":"Polygon","coordinates":[[[-158.05739,21.617856],[-158.057328,21.617873],[-158.057264,21.617883],[-158.0572,21.617886],[-158.057136,21.617882],[-158.057073,21.61787],[-158.057011,21.617852],[-158.056952,21.617828],[-158.056896,21.617797],[-158.056843,21.61776],[-158.056795,21.617717],[-158.056752,21.617669],[-158.056715,21.617617],[-158.056683,21.617561],[-158.056658,21.617502],[-158.056639,21.617441],[-158.056628,21.617378],[-158.056623,21.617314],[-158.056625,21.61725],[-158.056635,21.617186],[-158.056651,21.617124],[-158.056674,21.617064],[-158.056703,21.617007],[-158.056739,21.616954],[-158.05678,21.616905],[-158.056827,21.61686],[-158.056878,21.616821],[-158.056933,21.616788],[-158.056991,21.616761],[-158.057052,21.616741],[-158.057115,21.616727],[-158.057179,21.616721],[-158.057243,21.616721],[-158.057306,21.616729],[-158.057369,21.616744],[-158.05743,21.616765],[-158.057487,21.616793],[-158.057542,21.616827],[-158.057592,21.616867],[-158.057638,21.616912],[-158.057678,21.616962],[-158.057713,21.617016],[-158.057741,21.617074],[-158.057763,21.617134],[-158.057778,21.617196],[-158.057787,21.61726],[-158.057788,21.617324],[-158.057782,21.617388],[-158.057769,21.617451],[-158.057749,21.617512],[-158.057723,21.617571],[-158.05769,21.617626],[-158.057652,21.617677],[-158.057608,21.617724],[-158.057559,21.617766],[-158.057506,21.617802],[-158.057449,21.617832],[-158.05739,21.617856]]]},"properties":{}},{"type":"Feature","geometry":{"type":"Polygon","coordinates":[[[-158.056376,21.61629],[-158.05632,21.616321],[-158.05626,21.616347],[-158.056197,21.616366],[-158.056134,21.616378],[-158.056069,21.616383],[-158.056004,21.616381],[-158.055939,21.616372],[-158.055876,21.616357],[-158.055815,21.616334],[-158.055757,21.616305],[-158.055702,21.61627],[-158.055652,21.616229],[-158.055606,21.616183],[-158.055565,21.616132],[-158.05553,21.616077],[-158.055501,21.616019],[-158.055479,21.615958],[-158.055464,21.615895],[-158.055455,21.61583],[-158.055453,21.615765],[-158.055459,21.6157],[-158.055471,21.615637],[-158.05549,21.615574],[-158.055516,21.615515],[-158.055548,21.615458],[-158.055586,21.615405],[-158.05563,21.615357],[-158.055678,21.615314],[-158.055731,21.615276],[-158.055788,21.615244],[-158.055848,21.615219],[-158.05591,21.6152],[-158.055974,21.615187],[-158.056039,21.615182],[-158.056104,21.615184],[-158.056168,21.615193],[-158.056231,21.615209],[-158.056292,21.615231],[-158.05635,21.61526],[-158.056405,21.615296],[-158.056456,21.615336],[-158.056502,21.615383],[-158.056542,21.615433],[-158.056577,21.615488],[-158.056606,21.615547],[-158.056628,21.615608],[-158.056644,21.615671],[-158.056652,21.615735],[-158.056654,21.6158],[-158.056649,21.615865],[-158.056636,21.615929],[-158.056617,21.615991],[-158.056591,21.616051],[-158.056559,21.616107],[-158.056521,21.61616],[-158.056478,21.616208],[-158.056429,21.616252],[-158.056376,21.61629]]]},"properties":{}},{"type":"Feature","geometry":{"type":"Polygon","coordinates":[[[-158.055399,21.613915],[-158.055456,21.613928],[-158.055511,21.613948],[-158.055563,21.613974],[-158.055612,21.614006],[-158.055657,21.614044],[-158.055696,21.614087],[-158.055731,21.614134],[-158.05576,21.614185],[-158.055782,21.614239],[-158.055798,21.614295],[-158.055807,21.614353],[-158.055809,21.614411],[-158.055805,21.614469],[-158.055793,21.614526],[-158.055775,21.614582],[-158.05575,21.614635],[-158.055719,21.614684],[-158.055683,21.61473],[-158.055642,21.614771],[-158.055595,21.614807],[-158.055545,21.614837],[-158.055492,21.614861],[-158.055437,21.614879],[-158.055379,21.614889],[-158.055321,21.614893],[-158.055263,21.61489],[-158.055205,21.614881],[-158.055149,21.614864],[-158.055095,21.614841],[-158.055045,21.614812],[-158.054998,21.614777],[-158.054956,21.614736],[-158.054919,21.614691],[-158.054887,21.614642],[-158.054862,21.61459],[-158.054842,21.614535],[-158.05483,21.614478],[-158.054824,21.61442],[-158.054825,21.614361],[-158.054834,21.614303],[-158.054848,21.614247],[-158.05487,21.614193],[-158.054898,21.614141],[-158.054931,21.614094],[-158.05497,21.61405],[-158.055014,21.614012],[-158.055062,21.613979],[-158.055114,21.613952],[-158.055169,21.613931],[-158.055225,21.613917],[-158.055283,21.613909],[-158.055341,21.613909],[-158.055399,21.613915]]]},"properties":{}},{"type":"Feature","geometry":{"type":"Polygon","coordinates":[[[-158.05481,21.610393],[-158.05475,21.610369],[-158.054693,21.610339],[-158.05464,21.610303],[-158.054592,21.610261],[-158.054548,21.610214],[-158.054509,21.610163],[-158.054477,21.610108],[-158.05445,21.610049],[-158.054431,21.609988],[-158.054418,21.609925],[-158.054412,21.609861],[-158.054413,21.609797],[-158.054421,21.609733],[-158.054436,21.609671],[-158.054458,21.609611],[-158.054487,21.609553],[-158.054522,21.609499],[-158.054562,21.609449],[-158.054608,21.609404],[-158.054658,21.609364],[-158.054712,21.60933],[-158.05477,21.609302],[-158.054831,21.609281],[-158.054893,21.609266],[-158.054957,21.609258],[-158.055021,21.609258],[-158.055085,21.609264],[-158.055148,21.609278],[-158.055209,21.609298],[-158.055267,21.609325],[-158.055322,21.609358],[-158.055373,21.609397],[-158.055419,21.609441],[-158.055461,21.609491],[-158.055496,21.609544],[-158.055526,21.609601],[-158.055549,21.609661],[-158.055565,21.609723],[-158.055574,21.609787],[-158.055577,21.609851],[-158.055572,21.609915],[-158.05556,21.609978],[-158.055542,21.610039],[-158.055516,21.610098],[-158.055485,21.610154],[-158.055447,21.610206],[-158.055404,21.610254],[-158.055356,21.610297],[-158.055304,21.610334],[-158.055248,21.610365],[-158.055188,21.610389],[-158.055127,21.610407],[-158.055063,21.610419],[-158.054999,21.610423],[-158.054935,21.61042],[-158.054872,21.61041],[-158.05481,21.610393]]]},"properties":{}},{"type":"Feature","geometry":{"type":"Polygon","coordinates":[[[-158.052875,21.608228],[-158.052805,21.608219],[-158.052737,21.608204],[-158.05267,21.608182],[-158.052606,21.608153],[-158.052545,21.608118],[-158.052488,21.608077],[-158.052436,21.608031],[-158.052388,21.607979],[-158.052346,21.607923],[-158.05231,21.607863],[-158.05228,21.607799],[-158.052257,21.607733],[-158.052241,21.607665],[-158.052231,21.607596],[-158.052229,21.607525],[-158.052233,21.607455],[-158.052245,21.607386],[-158.052264,21.607319],[-158.052289,21.607253],[-158.052321,21.607191],[-158.052359,21.607132],[-158.052403,21.607077],[-158.052452,21.607027],[-158.052506,21.606982],[-158.052564,21.606943],[-158.052626,21.60691],[-158.052691,21.606883],[-158.052758,21.606863],[-158.052827,21.60685],[-158.052897,21.606844],[-158.052967,21.606845],[-158.053037,21.606854],[-158.053105,21.606869],[-158.053172,21.606891],[-158.053236,21.60692],[-158.053297,21.606955],[-158.053354,21.606996],[-158.053406,21.607042],[-158.053454,21.607094],[-158.053496,21.60715],[-158.053532,21.60721],[-158.053562,21.607274],[-158.053585,21.60734],[-158.053602,21.607408],[-158.053611,21.607477],[-158.053614,21.607548],[-158.053609,21.607618],[-158.053597,21.607687],[-158.053578,21.607754],[-158.053553,21.60782],[-158.053521,21.607882],[-158.053483,21.607941],[-158.053439,21.607996],[-158.05339,21.608046],[-158.053336,21.608091],[-158.053278,21.60813],[-158.053216,21.608163],[-158.053151,21.60819],[-158.053084,21.60821],[-158.053015,21.608223],[-158.052945,21.608229],[-158.052875,21.608228]]]},"properties":{}},{"type":"Feature","geometry":{"type":"Polygon","coordinates":[[[-158.051954,21.606569],[-158.051886,21.606561],[-158.051821,21.606545],[-158.051757,21.606523],[-158.051695,21.606495],[-158.051637,21.60646],[-158.051583,21.606419],[-158.051534,21.606373],[-158.05149,21.606321],[-158.051451,21.606266],[-158.051418,21.606207],[-158.051392,21.606144],[-158.051372,21.60608],[-158.051359,21.606013],[-158.051353,21.605946],[-158.051355,21.605878],[-158.051363,21.605811],[-158.051378,21.605745],[-158.051401,21.605681],[-158.051429,21.60562],[-158.051464,21.605562],[-158.051505,21.605508],[-158.051551,21.605458],[-158.051602,21.605414],[-158.051658,21.605375],[-158.051717,21.605343],[-158.051779,21.605316],[-158.051844,21.605296],[-158.051911,21.605284],[-158.051978,21.605278],[-158.052046,21.605279],[-158.052113,21.605287],[-158.052179,21.605303],[-158.052243,21.605325],[-158.052304,21.605354],[-158.052362,21.605389],[-158.052416,21.605429],[-158.052465,21.605476],[-158.05251,21.605527],[-158.052549,21.605582],[-158.052581,21.605642],[-158.052608,21.605704],[-158.052627,21.605769],[-158.05264,21.605835],[-158.052646,21.605902],[-158.052645,21.60597],[-158.052636,21.606037],[-158.052621,21.606103],[-158.052599,21.606167],[-158.05257,21.606229],[-158.052535,21.606286],[-158.052494,21.60634],[-158.052448,21.60639],[-158.052397,21.606434],[-158.052342,21.606473],[-158.052282,21.606506],[-158.05222,21.606532],[-158.052155,21.606552],[-158.052089,21.606565],[-158.052021,21.60657],[-158.051954,21.606569]]]},"properties":{}},{"type":"Feature","geometry":{"type":"Polygon","coordinates":[[[-158.05094,21.605003],[-158.050873,21.604994],[-158.050807,21.604979],[-158.050743,21.604957],[-158.050682,21.604928],[-158.050624,21.604893],[-158.05057,21.604852],[-158.05052,21.604806],[-158.050476,21.604755],[-158.050437,21.6047],[-158.050405,21.60464],[-158.050378,21.604578],[-158.050359,21.604513],[-158.050346,21.604447],[-158.05034,21.604379],[-158.050341,21.604312],[-158.05035,21.604245],[-158.050365,21.604179],[-158.050387,21.604115],[-158.050416,21.604053],[-158.050451,21.603995],[-158.050491,21.603941],[-158.050538,21.603892],[-158.050589,21.603848],[-158.050644,21.603809],[-158.050704,21.603776],[-158.050766,21.60375],[-158.050831,21.60373],[-158.050897,21.603717],[-158.050965,21.603712],[-158.051032,21.603713],[-158.051099,21.603721],[-158.051165,21.603736],[-158.051229,21.603759],[-158.051291,21.603787],[-158.051349,21.603822],[-158.051403,21.603863],[-158.051452,21.603909],[-158.051496,21.60396],[-158.051535,21.604016],[-158.051568,21.604075],[-158.051594,21.604138],[-158.051614,21.604202],[-158.051627,21.604269],[-158.051632,21.604336],[-158.051631,21.604404],[-158.051623,21.604471],[-158.051607,21.604537],[-158.051585,21.604601],[-158.051557,21.604662],[-158.051522,21.60472],[-158.051481,21.604774],[-158.051435,21.604824],[-158.051384,21.604868],[-158.051328,21.604907],[-158.051269,21.604939],[-158.051206,21.604966],[-158.051142,21.604985],[-158.051075,21.604998],[-158.051008,21.605004],[-158.05094,21.605003]]]},"properties":{}},{"type":"Feature","geometry":{"type":"Polygon","coordinates":[[[-158.052829,21.600488],[-158.052782,21.600535],[-158.052731,21.600576],[-158.052675,21.600612],[-158.052616,21.600641],[-158.052555,21.600664],[-158.052491,21.600681],[-158.052425,21.600691],[-158.05236,21.600693],[-158.052294,21.600689],[-158.052229,21.600677],[-158.052165,21.600659],[-158.052104,21.600634],[-158.052046,21.600603],[-158.051992,21.600566],[-158.051941,21.600523],[-158.051896,21.600475],[-158.051856,21.600423],[-158.051822,21.600366],[-158.051794,21.600306],[-158.051772,21.600244],[-158.051758,21.60018],[-158.05175,21.600114],[-158.051749,21.600048],[-158.051755,21.599983],[-158.051768,21.599918],[-158.051788,21.599855],[-158.051815,21.599795],[-158.051847,21.599737],[-158.051886,21.599684],[-158.05193,21.599635],[-158.051979,21.599591],[-158.052033,21.599552],[-158.05209,21.599519],[-158.052151,21.599493],[-158.052214,21.599473],[-158.052278,21.59946],[-158.052344,21.599454],[-158.05241,21.599455],[-158.052475,21.599463],[-158.05254,21.599478],[-158.052602,21.599499],[-158.052662,21.599527],[-158.052718,21.599562],[-158.05277,21.599602],[-158.052818,21.599647],[-158.052861,21.599698],[-158.052898,21.599752],[-158.052929,21.59981],[-158.052954,21.599871],[-158.052972,21.599935],[-158.052984,21.6],[-158.052988,21.600066],[-158.052985,21.600131],[-158.052976,21.600197],[-158.052959,21.600261],[-158.052936,21.600322],[-158.052906,21.600381],[-158.05287,21.600437],[-158.052829,21.600488]]]},"properties":{}},{"type":"Feature","geometry":{"type":"Polygon","coordinates":[[[-158.051815,21.598968],[-158.051767,21.599011],[-158.051715,21.599048],[-158.051658,21.59908],[-158.051599,21.599105],[-158.051537,21.599123],[-158.051473,21.599135],[-158.051409,21.599139],[-158.051344,21.599137],[-158.05128,21.599127],[-158.051218,21.59911],[-158.051158,21.599087],[-158.051101,21.599057],[-158.051047,21.599021],[-158.050998,21.598979],[-158.050953,21.598932],[-158.050914,21.598881],[-158.050881,21.598825],[-158.050855,21.598766],[-158.050834,21.598705],[-158.050821,21.598642],[-158.050815,21.598577],[-158.050816,21.598513],[-158.050824,21.598449],[-158.050839,21.598386],[-158.050861,21.598325],[-158.050889,21.598267],[-158.050924,21.598212],[-158.050964,21.598162],[-158.05101,21.598116],[-158.05106,21.598076],[-158.051115,21.598041],[-158.051173,21.598013],[-158.051233,21.597991],[-158.051296,21.597976],[-158.05136,21.597968],[-158.051425,21.597967],[-158.051489,21.597974],[-158.051553,21.597987],[-158.051614,21.598007],[-158.051673,21.598034],[-158.051728,21.598067],[-158.05178,21.598106],[-158.051827,21.59815],[-158.051868,21.598199],[-158.051905,21.598253],[-158.051934,21.59831],[-158.051958,21.59837],[-158.051975,21.598433],[-158.051984,21.598497],[-158.051987,21.598561],[-158.051983,21.598626],[-158.051971,21.598689],[-158.051953,21.598751],[-158.051928,21.598811],[-158.051896,21.598867],[-158.051859,21.59892],[-158.051815,21.598968]]]},"properties":{}},{"type":"Feature","geometry":{"type":"Polygon","coordinates":[[[-158.050618,21.597586],[-158.050553,21.597587],[-158.050488,21.597582],[-158.050424,21.597569],[-158.050362,21.59755],[-158.050302,21.597524],[-158.050246,21.597491],[-158.050193,21.597453],[-158.050145,21.59741],[-158.050102,21.597361],[-158.050064,21.597308],[-158.050032,21.597251],[-158.050007,21.597191],[-158.049988,21.597129],[-158.049976,21.597065],[-158.049971,21.597],[-158.049973,21.596935],[-158.049982,21.596871],[-158.049998,21.596808],[-158.050021,21.596747],[-158.05005,21.596689],[-158.050085,21.596634],[-158.050126,21.596584],[-158.050172,21.596538],[-158.050223,21.596497],[-158.050278,21.596463],[-158.050337,21.596434],[-158.050398,21.596412],[-158.050461,21.596396],[-158.050525,21.596388],[-158.050591,21.596386],[-158.050655,21.596392],[-158.050719,21.596405],[-158.050781,21.596424],[-158.050841,21.59645],[-158.050897,21.596482],[-158.05095,21.59652],[-158.050998,21.596564],[-158.051041,21.596613],[-158.051079,21.596666],[-158.051111,21.596722],[-158.051136,21.596782],[-158.051155,21.596844],[-158.051167,21.596908],[-158.051172,21.596973],[-158.05117,21.597038],[-158.051161,21.597103],[-158.051145,21.597166],[-158.051122,21.597227],[-158.051093,21.597285],[-158.051058,21.597339],[-158.051017,21.59739],[-158.050971,21.597436],[-158.05092,21.597476],[-158.050865,21.597511],[-158.050806,21.59754],[-158.050745,21.597562],[-158.050682,21.597577],[-158.050618,21.597586]]]},"properties":{}},{"type":"Feature","geometry":{"type":"Polygon","coordinates":[[[-158.050756,21.594683],[-158.050689,21.594675],[-158.050623,21.59466],[-158.050559,21.594638],[-158.050497,21.594609],[-158.05044,21.594574],[-158.050386,21.594533],[-158.050336,21.594487],[-158.050292,21.594436],[-158.050253,21.59438],[-158.05022,21.594321],[-158.050194,21.594259],[-158.050174,21.594194],[-158.050161,21.594127],[-158.050156,21.59406],[-158.050157,21.593992],[-158.050165,21.593925],[-158.050181,21.593859],[-158.050203,21.593795],[-158.050231,21.593734],[-158.050266,21.593676],[-158.050307,21.593622],[-158.050353,21.593573],[-158.050405,21.593528],[-158.05046,21.59349],[-158.050519,21.593457],[-158.050582,21.593431],[-158.050646,21.593411],[-158.050713,21.593398],[-158.05078,21.593392],[-158.050848,21.593393],[-158.050915,21.593402],[-158.050981,21.593417],[-158.051045,21.593439],[-158.051106,21.593468],[-158.051164,21.593503],[-158.051218,21.593544],[-158.051268,21.59359],[-158.051312,21.593641],[-158.051351,21.593697],[-158.051383,21.593756],[-158.05141,21.593818],[-158.05143,21.593883],[-158.051442,21.593949],[-158.051448,21.594017],[-158.051447,21.594085],[-158.051439,21.594152],[-158.051423,21.594218],[-158.051401,21.594282],[-158.051372,21.594343],[-158.051337,21.594401],[-158.051297,21.594455],[-158.05125,21.594504],[-158.051199,21.594549],[-158.051144,21.594587],[-158.051084,21.59462],[-158.051022,21.594646],[-158.050957,21.594666],[-158.050891,21.594679],[-158.050824,21.594685],[-158.050756,21.594683]]]},"properties":{}},{"type":"Feature","geometry":{"type":"Polygon","coordinates":[[[-158.048775,21.592564],[-158.048707,21.592542],[-158.048642,21.592514],[-158.048579,21.592479],[-158.048521,21.592438],[-158.048467,21.592392],[-158.048418,21.59234],[-158.048374,21.592284],[-158.048336,21.592224],[-158.048304,21.59216],[-158.048279,21.592093],[-158.04826,21.592024],[-158.048249,21.591954],[-158.048244,21.591883],[-158.048247,21.591812],[-158.048256,21.591741],[-158.048273,21.591672],[-158.048296,21.591604],[-158.048326,21.59154],[-158.048363,21.591478],[-158.048405,21.591421],[-158.048453,21.591368],[-158.048506,21.59132],[-158.048563,21.591278],[-158.048624,21.591241],[-158.048689,21.591211],[-158.048756,21.591187],[-158.048825,21.591171],[-158.048896,21.591161],[-158.048967,21.591158],[-158.049038,21.591162],[-158.049109,21.591174],[-158.049178,21.591192],[-158.049244,21.591217],[-158.049308,21.591249],[-158.049369,21.591287],[-158.049425,21.591331],[-158.049477,21.59138],[-158.049523,21.591434],[-158.049564,21.591492],[-158.049599,21.591554],[-158.049628,21.591619],[-158.04965,21.591687],[-158.049665,21.591757],[-158.049673,21.591828],[-158.049674,21.591899],[-158.049668,21.59197],[-158.049655,21.59204],[-158.049634,21.592109],[-158.049608,21.592175],[-158.049574,21.592238],[-158.049535,21.592297],[-158.04949,21.592352],[-158.04944,21.592403],[-158.049385,21.592448],[-158.049325,21.592488],[-158.049262,21.592521],[-158.049196,21.592548],[-158.049128,21.592568],[-158.049058,21.592582],[-158.048987,21.592588],[-158.048915,21.592587],[-158.048845,21.592579],[-158.048775,21.592564]]]},"properties":{}},{"type":"Feature","geometry":{"type":"Polygon","coordinates":[[[-158.037949,21.592288],[-158.037897,21.592246],[-158.03785,21.592198],[-158.037808,21.592146],[-158.037772,21.59209],[-158.037743,21.592031],[-158.037719,21.591968],[-158.037703,21.591903],[-158.037693,21.591837],[-158.037691,21.591771],[-158.037695,21.591704],[-158.037707,21.591639],[-158.037726,21.591575],[-158.037751,21.591513],[-158.037783,21.591454],[-158.037821,21.591399],[-158.037864,21.591349],[-158.037913,21.591303],[-158.037966,21.591262],[-158.038023,21.591228],[-158.038083,21.5912],[-158.038146,21.591178],[-158.038211,21.591164],[-158.038278,21.591156],[-158.038344,21.591155],[-158.038411,21.591161],[-158.038476,21.591175],[-158.03854,21.591195],[-158.038601,21.591222],[-158.038658,21.591255],[-158.038712,21.591295],[-158.038762,21.591339],[-158.038806,21.591389],[-158.038845,21.591443],[-158.038878,21.591501],[-158.038905,21.591563],[-158.038925,21.591626],[-158.038938,21.591692],[-158.038944,21.591758],[-158.038942,21.591825],[-158.038934,21.591891],[-158.038919,21.591956],[-158.038897,21.592019],[-158.038869,21.592079],[-158.038834,21.592136],[-158.038793,21.592189],[-158.038747,21.592237],[-158.038696,21.59228],[-158.038641,21.592318],[-158.038582,21.592349],[-158.03852,21.592374],[-158.038456,21.592392],[-158.03839,21.592403],[-158.038324,21.592408],[-158.038257,21.592405],[-158.038191,21.592395],[-158.038127,21.592378],[-158.038064,21.592354],[-158.038005,21.592324],[-158.037949,21.592288]]]},"properties":{}},{"type":"Feature","geometry":{"type":"Polygon","coordinates":[[[-158.037166,21.590629],[-158.037098,21.590621],[-158.037033,21.590606],[-158.036969,21.590584],[-158.036907,21.590555],[-158.036849,21.59052],[-158.036795,21.590479],[-158.036746,21.590433],[-158.036702,21.590382],[-158.036663,21.590326],[-158.03663,21.590267],[-158.036604,21.590205],[-158.036584,21.59014],[-158.036571,21.590073],[-158.036565,21.590006],[-158.036567,21.589938],[-158.036575,21.589871],[-158.03659,21.589805],[-158.036613,21.589741],[-158.036641,21.58968],[-158.036676,21.589622],[-158.036717,21.589568],[-158.036763,21.589519],[-158.036814,21.589474],[-158.03687,21.589436],[-158.036929,21.589403],[-158.036991,21.589376],[-158.037056,21.589357],[-158.037123,21.589344],[-158.03719,21.589338],[-158.037258,21.589339],[-158.037325,21.589348],[-158.037391,21.589363],[-158.037455,21.589385],[-158.037516,21.589414],[-158.037574,21.589449],[-158.037628,21.58949],[-158.037678,21.589536],[-158.037722,21.589587],[-158.037761,21.589643],[-158.037793,21.589702],[-158.03782,21.589764],[-158.037839,21.589829],[-158.037852,21.589895],[-158.037858,21.589963],[-158.037857,21.59003],[-158.037848,21.590098],[-158.037833,21.590164],[-158.037811,21.590228],[-158.037782,21.590289],[-158.037747,21.590347],[-158.037706,21.590401],[-158.03766,21.59045],[-158.037609,21.590495],[-158.037554,21.590533],[-158.037494,21.590566],[-158.037432,21.590592],[-158.037367,21.590612],[-158.037301,21.590625],[-158.037233,21.590631],[-158.037166,21.590629]]]},"properties":{}},{"type":"Feature","geometry":{"type":"Polygon","coordinates":[[[-158.029212,21.60206],[-158.029155,21.602032],[-158.029102,21.601998],[-158.029052,21.601958],[-158.029008,21.601913],[-158.028969,21.601863],[-158.028935,21.60181],[-158.028907,21.601753],[-158.028886,21.601693],[-158.028872,21.601631],[-158.028864,21.601568],[-158.028864,21.601505],[-158.02887,21.601442],[-158.028884,21.60138],[-158.028904,21.60132],[-158.02893,21.601263],[-158.028963,21.601208],[-158.029001,21.601158],[-158.029045,21.601112],[-158.029094,21.601072],[-158.029147,21.601037],[-158.029203,21.601007],[-158.029262,21.600985],[-158.029323,21.600969],[-158.029386,21.600959],[-158.029449,21.600957],[-158.029512,21.600962],[-158.029575,21.600973],[-158.029635,21.600992],[-158.029693,21.601017],[-158.029748,21.601048],[-158.0298,21.601085],[-158.029847,21.601128],[-158.029889,21.601175],[-158.029925,21.601227],[-158.029956,21.601282],[-158.02998,21.601341],[-158.029998,21.601401],[-158.030009,21.601464],[-158.030013,21.601527],[-158.03001,21.60159],[-158.03,21.601653],[-158.029983,21.601714],[-158.02996,21.601773],[-158.02993,21.601829],[-158.029895,21.601881],[-158.029854,21.601929],[-158.029807,21.601973],[-158.029757,21.60201],[-158.029702,21.602043],[-158.029644,21.602069],[-158.029584,21.602088],[-158.029522,21.602101],[-158.029459,21.602106],[-158.029396,21.602105],[-158.029333,21.602097],[-158.029271,21.602082],[-158.029212,21.60206]]]},"properties":{}},{"type":"Feature","geometry":{"type":"Polygon","coordinates":[[[-158.02374,21.600343],[-158.023678,21.600325],[-158.023619,21.600301],[-158.023563,21.60027],[-158.023511,21.600233],[-158.023463,21.60019],[-158.02342,21.600143],[-158.023382,21.600091],[-158.023351,21.600035],[-158.023325,21.599976],[-158.023307,21.599915],[-158.023295,21.599852],[-158.02329,21.599788],[-158.023293,21.599724],[-158.023302,21.599661],[-158.023318,21.599599],[-158.023341,21.599539],[-158.023371,21.599482],[-158.023406,21.599429],[-158.023447,21.59938],[-158.023494,21.599335],[-158.023545,21.599296],[-158.023599,21.599263],[-158.023658,21.599237],[-158.023718,21.599216],[-158.023781,21.599203],[-158.023845,21.599196],[-158.023909,21.599197],[-158.023972,21.599205],[-158.024035,21.599219],[-158.024095,21.59924],[-158.024153,21.599268],[-158.024207,21.599302],[-158.024257,21.599342],[-158.024303,21.599387],[-158.024343,21.599437],[-158.024378,21.599491],[-158.024406,21.599548],[-158.024428,21.599608],[-158.024443,21.599671],[-158.024451,21.599734],[-158.024453,21.599798],[-158.024447,21.599862],[-158.024434,21.599925],[-158.024414,21.599986],[-158.024388,21.600044],[-158.024355,21.600099],[-158.024317,21.60015],[-158.024273,21.600197],[-158.024225,21.600239],[-158.024172,21.600275],[-158.024115,21.600305],[-158.024056,21.600328],[-158.023994,21.600345],[-158.02393,21.600355],[-158.023867,21.600358],[-158.023803,21.600354],[-158.02374,21.600343]]]},"properties":{}},{"type":"Feature","geometry":{"type":"Polygon","coordinates":[[[-158.023041,21.598513],[-158.022984,21.598503],[-158.022928,21.598486],[-158.022874,21.598462],[-158.022824,21.598433],[-158.022777,21.598397],[-158.022735,21.598357],[-158.022698,21.598312],[-158.022666,21.598262],[-158.022641,21.598209],[-158.022622,21.598154],[-158.02261,21.598097],[-158.022604,21.598039],[-158.022606,21.59798],[-158.022614,21.597922],[-158.02263,21.597866],[-158.022651,21.597811],[-158.022679,21.59776],[-158.022713,21.597712],[-158.022753,21.597669],[-158.022797,21.597631],[-158.022845,21.597598],[-158.022897,21.597571],[-158.022952,21.59755],[-158.023009,21.597536],[-158.023067,21.597529],[-158.023125,21.597529],[-158.023184,21.597536],[-158.02324,21.597549],[-158.023295,21.597569],[-158.023348,21.597596],[-158.023396,21.597628],[-158.023441,21.597667],[-158.02348,21.59771],[-158.023515,21.597757],[-158.023543,21.597808],[-158.023565,21.597862],[-158.023581,21.597919],[-158.02359,21.597976],[-158.023592,21.598035],[-158.023587,21.598093],[-158.023575,21.598151],[-158.023556,21.598206],[-158.023531,21.598259],[-158.0235,21.598309],[-158.023464,21.598354],[-158.023422,21.598395],[-158.023375,21.598431],[-158.023325,21.598461],[-158.023272,21.598484],[-158.023216,21.598502],[-158.023158,21.598512],[-158.0231,21.598516],[-158.023041,21.598513]]]},"properties":{}},{"type":"Feature","geometry":{"type":"Polygon","coordinates":[[[-158.04975,21.627519],[-158.046206,21.626188],[-158.046531,21.625727],[-158.049984,21.62714],[-158.04975,21.627519]]]},"properties":{}},{"type":"Feature","geometry":{"type":"MultiPolygon","coordinates":[[[[-158.044976,21.624913],[-158.044477,21.623654],[-158.04557,21.625131],[-158.044976,21.624913]]],[[[-158.044976,21.624913],[-158.045313,21.625764],[-158.043531,21.624383],[-158.044976,21.624913]]]]},"properties":{}},{"type":"Feature","geometry":{"type":"Polygon","coordinates":[[[-158.043146,21.623957],[-158.040532,21.62287],[-158.037467,21.621526],[-158.037786,21.620728],[-158.040634,21.622444],[-158.043285,21.6233],[-158.043146,21.623957]]]},"properties":{}},{"type":"Feature","geometry":{"type":"Polygon","coordinates":[[[-158.036902,21.621086],[-158.035343,21.620275],[-158.034989,21.619273],[-158.033371,21.618566],[-158.033663,21.617474],[-158.03488,21.618832],[-158.03555,21.619037],[-158.037345,21.620541],[-158.036902,21.621086]]]},"properties":{}},{"type":"Feature","geometry":{"type":"Polygon","coordinates":[[[-158.030854,21.616934],[-158.031431,21.616254],[-158.032857,21.617762],[-158.032537,21.618138],[-158.030854,21.616934]]]},"properties":{}},{"type":"Feature","geometry":{"type":"Polygon","coordinates":[[[-158.030433,21.616463],[-158.029446,21.615941],[-158.029034,21.614732],[-158.028634,21.613328],[-158.029019,21.613434],[-158.029702,21.614896],[-158.030554,21.616095],[-158.030433,21.616463]]]},"properties":{}},{"type":"Feature","geometry":{"type":"Polygon","coordinates":[[[-158.025004,21.608043],[-158.02414,21.606157],[-158.025356,21.605798],[-158.026673,21.608895],[-158.027419,21.609401],[-158.027597,21.610038],[-158.027864,21.610998],[-158.028608,21.612156],[-158.029096,21.612339],[-158.028425,21.613013],[-158.026776,21.611677],[-158.02563,21.609868],[-158.025004,21.608043]]]},"properties":{}},{"type":"Feature","geometry":{"type":"Polygon","coordinates":[[[-158.055363,21.61143],[-158.049702,21.604413],[-158.050704,21.603263],[-158.051913,21.603853],[-158.053151,21.605298],[-158.054478,21.607981],[-158.055775,21.609189],[-158.056277,21.610192],[-158.055363,21.61143]]]},"properties":{}},{"type":"Feature","geometry":{"type":"Polygon","coordinates":[[[-158.053417,21.600521],[-158.051913,21.600993],[-158.050999,21.599607],[-158.050174,21.59887],[-158.048965,21.596482],[-158.049997,21.596069],[-158.051382,21.59601],[-158.053417,21.600521]]]},"properties":{}},{"type":"Feature","geometry":{"type":"Polygon","coordinates":[[[-158.051088,21.595509],[-158.049554,21.594978],[-158.049289,21.593976],[-158.049436,21.593475],[-158.04749,21.592561],[-158.047461,21.591499],[-158.049495,21.590674],[-158.052208,21.594389],[-158.051088,21.595509]]]},"properties":{}},{"type":"Feature","geometry":{"type":"Polygon","coordinates":[[[-158.039117,21.592708],[-158.036965,21.592384],[-158.035903,21.589995],[-158.037613,21.588787],[-158.039441,21.590792],[-158.039117,21.592708]]]},"properties":{}},{"type":"Feature","geometry":{"type":"Polygon","coordinates":[[[-158.030023,21.602815],[-158.028174,21.601966],[-158.028438,21.601211],[-158.025079,21.599626],[-158.024702,21.599739],[-158.024381,21.600683],[-158.02396,21.601163],[-158.02289,21.600871],[-158.021985,21.597286],[-158.024174,21.597682],[-158.024834,21.599117],[-158.028759,21.600928],[-158.029268,21.600456],[-158.030533,21.601551],[-158.030023,21.602815]]]},"properties":{}},{"type":"Feature","geometry":{"type":"Polygon","coordinates":[[[-158.059533,21.620349],[-158.057789,21.620114],[-158.05638,21.618303],[-158.055038,21.615887],[-158.053797,21.615586],[-158.052656,21.614881],[-158.05269,21.614311],[-158.052723,21.613271],[-158.053931,21.613405],[-158.055105,21.613372],[-158.055709,21.61364],[-158.057286,21.615217],[-158.059936,21.620014],[-158.059533,21.620349]]]},"properties":{}},{"type":"Feature","geometry":{"type":"Polygon","coordinates":[[[-158.051307,21.628209],[-158.050181,21.628884],[-158.049168,21.628389],[-158.049287,21.627345],[-158.049753,21.626723],[-158.050767,21.626656],[-158.051374,21.626948],[-158.051307,21.628209]]]},"properties":{}},{"type":"Feature","geometry":{"type":"Polygon","coordinates":[[[-158.045566,21.626408],[-158.042752,21.624224],[-158.043945,21.622851],[-158.046939,21.625192],[-158.046992,21.625915],[-158.046309,21.626611],[-158.045566,21.626408]]]},"properties":{}},{"type":"Feature","geometry":{"type":"Polygon","coordinates":[[[-157.97408,21.687808],[-157.97306,21.68772],[-157.973147,21.686992],[-157.97341,21.686817],[-157.973118,21.686205],[-157.97306,21.685622],[-157.971865,21.685214],[-157.97137,21.684398],[-157.971603,21.683844],[-157.972069,21.683524],[-157.972681,21.683553],[-157.973497,21.684019],[-157.973686,21.68525],[-157.974663,21.685447],[-157.975071,21.68568],[-157.974954,21.686729],[-157.974342,21.686992],[-157.97408,21.687808]]]},"properties":{}},{"type":"Feature","geometry":{"type":"Polygon","coordinates":[[[-157.969446,21.68332],[-157.968485,21.683116],[-157.968426,21.682562],[-157.968893,21.682212],[-157.969592,21.680697],[-157.969709,21.679648],[-157.969213,21.678773],[-157.969796,21.678278],[-157.970641,21.678249],[-157.97137,21.678919],[-157.971428,21.679648],[-157.969446,21.68332]]]},"properties":{}},{"type":"Feature","geometry":{"type":"Polygon","coordinates":[[[-157.974371,21.678482],[-157.973439,21.678249],[-157.973701,21.67752],[-157.973293,21.676937],[-157.972506,21.676471],[-157.972565,21.676063],[-157.972477,21.675772],[-157.971807,21.675888],[-157.971166,21.675509],[-157.970816,21.674577],[-157.971603,21.674023],[-157.972535,21.674169],[-157.972862,21.674936],[-157.97297,21.67519],[-157.973555,21.675364],[-157.974022,21.675364],[-157.974093,21.676004],[-157.974143,21.676448],[-157.97475,21.67685],[-157.974602,21.677488],[-157.974809,21.678016],[-157.974371,21.678482]]]},"properties":{}},{"type":"Feature","geometry":{"type":"Polygon","coordinates":[[[-157.984309,21.682649],[-157.983202,21.682445],[-157.983369,21.681674],[-157.982765,21.681047],[-157.982306,21.681163],[-157.981482,21.680551],[-157.981427,21.679983],[-157.981191,21.679764],[-157.980258,21.679648],[-157.980258,21.678919],[-157.980725,21.678016],[-157.981861,21.678278],[-157.982123,21.679007],[-157.982386,21.679473],[-157.983085,21.679764],[-157.982881,21.680493],[-157.983668,21.681134],[-157.984455,21.681076],[-157.984746,21.682096],[-157.984309,21.682649]]]},"properties":{}},{"type":"Feature","geometry":{"type":"Polygon","coordinates":[[[-157.988201,21.372679],[-157.987958,21.37192],[-157.987771,21.371332],[-157.987529,21.370711],[-157.987288,21.370226],[-157.986987,21.369892],[-157.986702,21.369517],[-157.986342,21.369015],[-157.985833,21.368797],[-157.985207,21.367677],[-157.984752,21.367548],[-157.984408,21.36724],[-157.984189,21.366926],[-157.98381,21.366823],[-157.98347,21.36637],[-157.983042,21.365799],[-157.982924,21.365643],[-157.982636,21.365638],[-157.982207,21.365095],[-157.982887,21.364548],[-157.983642,21.36402],[-157.98466,21.363472],[-157.985642,21.363454],[-157.985755,21.365171],[-157.986208,21.366435],[-157.986604,21.367529],[-157.987246,21.369247],[-157.987755,21.370077],[-157.988397,21.370775],[-157.989435,21.372662],[-157.988201,21.372679]]]},"properties":{}},{"type":"Feature","geometry":{"type":"Polygon","coordinates":[[[-158.050016,21.618503],[-158.051348,21.619269],[-158.051115,21.620234],[-158.056074,21.622764],[-158.060619,21.622356],[-158.060952,21.623058],[-158.061251,21.623635],[-158.061131,21.624148],[-158.060767,21.624503],[-158.060121,21.624444],[-158.059915,21.626468],[-158.059132,21.626819],[-158.054477,21.626525],[-158.053678,21.624628],[-158.053079,21.624961],[-158.052513,21.624761],[-158.051947,21.624229],[-158.049224,21.622552],[-158.049084,21.623263],[-158.048685,21.623263],[-158.046913,21.621163],[-158.046288,21.621699],[-158.045656,21.621699],[-158.045256,21.621399],[-158.044839,21.620108],[-158.044324,21.620267],[-158.043392,21.619968],[-158.043808,21.62153],[-158.043392,21.621732],[-158.042594,21.621333],[-158.04246,21.620234],[-158.039631,21.619768],[-158.0383,21.618836],[-158.037401,21.617338],[-158.038266,21.616772],[-158.038799,21.617505],[-158.042061,21.617771],[-158.04276,21.617505],[-158.043925,21.61827],[-158.046388,21.618803],[-158.048752,21.619302],[-158.050016,21.618503]]]},"properties":{}},{"type":"Feature","geometry":{"type":"Polygon","coordinates":[[[-158.052812,21.617438],[-158.051814,21.616806],[-158.050649,21.616706],[-158.04965,21.61594],[-158.048685,21.615907],[-158.048685,21.615141],[-158.047254,21.612945],[-158.047353,21.611913],[-158.050882,21.613577],[-158.050948,21.615275],[-158.051947,21.615674],[-158.052979,21.616406],[-158.052812,21.617438]]]},"properties":{}},{"type":"Feature","geometry":{"type":"Polygon","coordinates":[[[-158.064279,21.619877],[-158.063783,21.620912],[-158.063463,21.621327],[-158.063231,21.621488],[-158.062696,21.621558],[-158.061937,21.62114],[-158.061469,21.619549],[-158.061067,21.619502],[-158.060951,21.620436],[-158.060368,21.620534],[-158.059403,21.619469],[-158.05917,21.618304],[-158.060668,21.618104],[-158.064279,21.619877]]]},"properties":{}},{"type":"Feature","geometry":{"type":"Polygon","coordinates":[[[-158.064984,21.619504],[-158.05674,21.615241],[-158.056923,21.613997],[-158.059827,21.61301],[-158.063618,21.612742],[-158.064384,21.612934],[-158.065157,21.613642],[-158.065168,21.614236],[-158.063875,21.614396],[-158.06354,21.614735],[-158.063441,21.615126],[-158.063861,21.615715],[-158.064252,21.615874],[-158.064619,21.616091],[-158.064984,21.616439],[-158.065009,21.616939],[-158.06493,21.617102],[-158.065051,21.617295],[-158.065445,21.617725],[-158.065326,21.618436],[-158.065117,21.618865],[-158.064984,21.619504]]]},"properties":{}},{"type":"Feature","geometry":{"type":"MultiPolygon","coordinates":[[[[-157.976075,21.462891],[-157.976061,21.46288],[-157.976046,21.46287],[-157.976039,21.462865],[-157.976023,21.462859],[-157.975996,21.462867],[-157.975964,21.462885],[-157.975944,21.462896],[-157.975928,21.462902],[-157.975915,21.462907],[-157.975905,21.462912],[-157.975893,21.462918],[-157.975875,21.462918],[-157.97586,21.46292],[-157.975848,21.462922],[-157.975839,21.462925],[-157.975826,21.462931],[-157.975791,21.462943],[-157.975783,21.462944],[-157.97577,21.462944],[-157.975744,21.462946],[-157.975702,21.46295],[-157.975687,21.462949],[-157.975676,21.462948],[-157.975651,21.462946],[-157.975639,21.462944],[-157.975626,21.462943],[-157.975612,21.462941],[-157.975598,21.462935],[-157.975562,21.462921],[-157.975547,21.462909],[-157.975532,21.462899],[-157.975517,21.462888],[-157.975498,21.462869],[-157.975484,21.462857],[-157.975476,21.462852],[-157.975465,21.462845],[-157.975459,21.462839],[-157.975449,21.462828],[-157.97544,21.462821],[-157.975429,21.462812],[-157.97542,21.462805],[-157.975406,21.462792],[-157.975392,21.462777],[-157.975384,21.462768],[-157.975377,21.462759],[-157.975362,21.462743],[-157.975355,21.462735],[-157.975352,21.462733],[-157.975338,21.462721],[-157.975327,21.462712],[-157.975316,21.462704],[-157.975309,21.462699],[-157.975297,21.46269],[-157.975283,21.462681],[-157.975275,21.462675],[-157.975265,21.462667],[-157.975242,21.462644],[-157.975236,21.462637],[-157.975228,21.46263],[-157.975216,21.462618],[-157.975209,21.462608],[-157.975187,21.46258],[-157.975173,21.462562],[-157.975161,21.462545],[-157.975147,21.462536],[-157.975143,21.462533],[-157.97513,21.462526],[-157.975118,21.462519],[-157.975109,21.462515],[-157.975102,21.46251],[-157.975094,21.462509],[-157.975082,21.462509],[-157.975066,21.462508],[-157.975055,21.462508],[-157.975043,21.462505],[-157.975033,21.462506],[-157.975021,21.462506],[-157.975009,21.462506],[-157.974998,21.462509],[-157.974985,21.462511],[-157.974965,21.462512],[-157.974951,21.462514],[-157.974935,21.462514],[-157.974926,21.462516],[-157.97491,21.462522],[-157.974901,21.462525],[-157.974887,21.462527],[-157.974883,21.462528],[-157.974872,21.46253],[-157.974864,21.462534],[-157.974851,21.46254],[-157.974841,21.462543],[-157.97483,21.462548],[-157.974818,21.462551],[-157.974804,21.462557],[-157.974787,21.462562],[-157.974762,21.462569],[-157.974742,21.462572],[-157.974724,21.462567],[-157.974714,21.462567],[-157.974689,21.462564],[-157.97467,21.462565],[-157.974665,21.462568],[-157.974652,21.462569],[-157.974642,21.462571],[-157.974636,21.462572],[-157.974622,21.462573],[-157.974609,21.462576],[-157.974602,21.462576],[-157.974593,21.462576],[-157.974579,21.462576],[-157.974566,21.462577],[-157.97456,21.462577],[-157.97454,21.46258],[-157.974514,21.462581],[-157.9745,21.46258],[-157.974483,21.462578],[-157.974476,21.462577],[-157.974461,21.462575],[-157.974441,21.462575],[-157.974423,21.462576],[-157.9744,21.462577],[-157.974381,21.462576],[-157.974364,21.462577],[-157.974347,21.462575],[-157.97433,21.462575],[-157.974326,21.462576],[-157.974306,21.462572],[-157.974289,21.462574],[-157.974275,21.462571],[-157.97426,21.462566],[-157.974249,21.46256],[-157.97424,21.462556],[-157.974229,21.462552],[-157.974218,21.462545],[-157.974203,21.462535],[-157.974191,21.462526],[-157.974184,21.462519],[-157.974175,21.462512],[-157.974161,21.462504],[-157.97415,21.462496],[-157.97414,21.462489],[-157.974129,21.462478],[-157.974113,21.462459],[-157.974103,21.462446],[-157.97409,21.46243],[-157.974082,21.46242],[-157.974069,21.462408],[-157.974061,21.4624],[-157.974053,21.462392],[-157.974049,21.462384],[-157.974042,21.462373],[-157.974036,21.462362],[-157.974029,21.46235],[-157.97402,21.462339],[-157.974008,21.462324],[-157.974003,21.462315],[-157.974002,21.462312],[-157.973997,21.4623],[-157.973992,21.462287],[-157.973985,21.462269],[-157.973976,21.462254],[-157.973967,21.462238],[-157.973963,21.462232],[-157.973962,21.462227],[-157.973959,21.462217],[-157.973957,21.462204],[-157.973956,21.46219],[-157.973955,21.462178],[-157.973953,21.462158],[-157.973949,21.462138],[-157.973945,21.462123],[-157.973943,21.462115],[-157.973938,21.462102],[-157.973933,21.462093],[-157.973923,21.462077],[-157.97392,21.462073],[-157.973913,21.462069],[-157.973909,21.462067],[-157.973883,21.462063],[-157.973877,21.462063],[-157.97387,21.462061],[-157.973856,21.46206],[-157.973834,21.462056],[-157.973816,21.462053],[-157.9738,21.462053],[-157.973786,21.462052],[-157.973768,21.462047],[-157.97375,21.462043],[-157.97374,21.462042],[-157.97373,21.462041],[-157.973711,21.462042],[-157.9737,21.462038],[-157.973684,21.462036],[-157.973668,21.462034],[-157.973657,21.462033],[-157.973643,21.462031],[-157.973632,21.462031],[-157.97362,21.462032],[-157.973607,21.462033],[-157.973596,21.462032],[-157.973582,21.462031],[-157.973568,21.46203],[-157.973556,21.46203],[-157.973542,21.462029],[-157.973529,21.462028],[-157.97352,21.462025],[-157.973509,21.462024],[-157.973486,21.462015],[-157.973468,21.462007],[-157.973453,21.462],[-157.973441,21.461995],[-157.973427,21.461991],[-157.973414,21.461989],[-157.973399,21.461985],[-157.973373,21.46198],[-157.973366,21.461979],[-157.97335,21.461975],[-157.973326,21.46197],[-157.97331,21.461964],[-157.973301,21.461958],[-157.973292,21.461957],[-157.97326,21.461946],[-157.973247,21.461941],[-157.973233,21.461936],[-157.973218,21.461926],[-157.973207,21.461921],[-157.973198,21.461916],[-157.973183,21.46191],[-157.973175,21.461906],[-157.97316,21.461897],[-157.973149,21.46189],[-157.973137,21.461884],[-157.973106,21.461875],[-157.973091,21.46187],[-157.973065,21.461858],[-157.973048,21.461852],[-157.973035,21.461848],[-157.973017,21.461844],[-157.973002,21.461839],[-157.972998,21.461837],[-157.972979,21.461833],[-157.972948,21.461829],[-157.972941,21.461828],[-157.972933,21.461828],[-157.97293,21.461817],[-157.97292,21.461798],[-157.972915,21.461789],[-157.972907,21.461778],[-157.972901,21.461768],[-157.972896,21.461759],[-157.972886,21.461745],[-157.97288,21.461734],[-157.972872,21.461721],[-157.972864,21.461707],[-157.972857,21.461697],[-157.97285,21.461684],[-157.972843,21.461672],[-157.972836,21.461658],[-157.972832,21.461646],[-157.972825,21.461634],[-157.972815,21.46162],[-157.972807,21.46161],[-157.972797,21.461595],[-157.972786,21.461579],[-157.97278,21.461565],[-157.972764,21.461538],[-157.972755,21.461524],[-157.972748,21.461514],[-157.972745,21.461509],[-157.972733,21.461495],[-157.972714,21.461472],[-157.9727,21.461454],[-157.972689,21.461442],[-157.972674,21.461432],[-157.972665,21.461424],[-157.97266,21.461417],[-157.972654,21.461409],[-157.972648,21.461402],[-157.972629,21.461383],[-157.97262,21.461377],[-157.972614,21.461371],[-157.972607,21.461365],[-157.972604,21.461362],[-157.972596,21.461355],[-157.97259,21.461351],[-157.972573,21.461345],[-157.972559,21.461334],[-157.972553,21.461329],[-157.972532,21.461311],[-157.972528,21.461307],[-157.972523,21.461304],[-157.972493,21.461275],[-157.972488,21.461267],[-157.972481,21.461256],[-157.972473,21.461243],[-157.972464,21.461228],[-157.972458,21.461218],[-157.972452,21.461208],[-157.972444,21.461193],[-157.972418,21.461149],[-157.972403,21.461121],[-157.972395,21.461107],[-157.972391,21.461101],[-157.972359,21.461057],[-157.972351,21.46105],[-157.972343,21.461051],[-157.972334,21.461047],[-157.972326,21.461047],[-157.972314,21.461045],[-157.972306,21.461041],[-157.972291,21.461035],[-157.972271,21.461031],[-157.972258,21.461028],[-157.97225,21.461027],[-157.972243,21.461026],[-157.972231,21.461021],[-157.972221,21.461017],[-157.972193,21.461005],[-157.972175,21.461001],[-157.972164,21.460997],[-157.972145,21.460992],[-157.972129,21.460987],[-157.972113,21.460984],[-157.972099,21.460983],[-157.972081,21.460984],[-157.972069,21.460982],[-157.97206,21.460983],[-157.972045,21.460983],[-157.972035,21.460987],[-157.97203,21.46099],[-157.972009,21.460991],[-157.971992,21.460991],[-157.971961,21.460991],[-157.97195,21.46099],[-157.971928,21.460988],[-157.971917,21.460989],[-157.971888,21.46099],[-157.971874,21.46099],[-157.97186,21.460988],[-157.971848,21.460988],[-157.97184,21.460988],[-157.971832,21.46099],[-157.971826,21.460991],[-157.971816,21.460992],[-157.971806,21.460991],[-157.971796,21.46099],[-157.971774,21.460996],[-157.971764,21.460999],[-157.971754,21.461002],[-157.971743,21.461005],[-157.971731,21.46101],[-157.971717,21.461012],[-157.9717,21.461014],[-157.971679,21.46102],[-157.971672,21.461024],[-157.971648,21.46104],[-157.971628,21.461052],[-157.971612,21.461062],[-157.971598,21.461063],[-157.971586,21.461069],[-157.97158,21.461068],[-157.971567,21.461073],[-157.971549,21.46108],[-157.971533,21.461088],[-157.971521,21.461095],[-157.971509,21.461096],[-157.971501,21.461096],[-157.97149,21.461098],[-157.971474,21.461101],[-157.971459,21.461103],[-157.971439,21.461106],[-157.971412,21.461106],[-157.971402,21.461107],[-157.971388,21.461107],[-157.971372,21.461106],[-157.971358,21.461107],[-157.971339,21.46111],[-157.971306,21.461118],[-157.971295,21.46112],[-157.971281,21.461124],[-157.971264,21.46113],[-157.971256,21.461132],[-157.971239,21.461137],[-157.971223,21.46114],[-157.971211,21.461141],[-157.971205,21.461143],[-157.971185,21.461142],[-157.971176,21.461142],[-157.971163,21.461142],[-157.971149,21.461143],[-157.971137,21.46114],[-157.971123,21.461135],[-157.971114,21.461133],[-157.971102,21.461129],[-157.971094,21.461128],[-157.971089,21.461127],[-157.971079,21.461127],[-157.971066,21.461127],[-157.971057,21.461127],[-157.971034,21.461131],[-157.971021,21.461134],[-157.971007,21.461138],[-157.970998,21.461144],[-157.970977,21.461173],[-157.970963,21.461176],[-157.970949,21.461186],[-157.970942,21.461197],[-157.970933,21.461211],[-157.970925,21.461219],[-157.970907,21.46123],[-157.970891,21.461239],[-157.970877,21.461246],[-157.970866,21.461254],[-157.970863,21.461258],[-157.970846,21.461263],[-157.970827,21.461274],[-157.97082,21.461279],[-157.970811,21.461288],[-157.970805,21.461296],[-157.970802,21.461307],[-157.970796,21.461316],[-157.97079,21.46132],[-157.970762,21.461353],[-157.970749,21.461364],[-157.970743,21.461371],[-157.970735,21.461383],[-157.970728,21.461394],[-157.970721,21.461403],[-157.970713,21.461416],[-157.970694,21.461435],[-157.970686,21.461442],[-157.97068,21.461448],[-157.970651,21.461464],[-157.97063,21.461471],[-157.970619,21.461478],[-157.970612,21.461483],[-157.970591,21.461493],[-157.970572,21.4615],[-157.970563,21.461499],[-157.970558,21.461495],[-157.97055,21.461491],[-157.970537,21.46149],[-157.97053,21.461489],[-157.97052,21.461488],[-157.970506,21.461485],[-157.970499,21.461483],[-157.97049,21.461476],[-157.970486,21.461471],[-157.970466,21.461462],[-157.970459,21.461458],[-157.970448,21.461452],[-157.970438,21.461444],[-157.970422,21.461426],[-157.970417,21.461413],[-157.970414,21.461406],[-157.97041,21.461396],[-157.970407,21.461386],[-157.970405,21.461379],[-157.970403,21.461372],[-157.9704,21.461365],[-157.970397,21.46136],[-157.970392,21.461344],[-157.970391,21.461339],[-157.97039,21.461334],[-157.970387,21.461326],[-157.970383,21.461314],[-157.97038,21.461306],[-157.970371,21.461284],[-157.970363,21.461271],[-157.970356,21.461254],[-157.970351,21.461243],[-157.970346,21.461226],[-157.970343,21.461217],[-157.97034,21.461208],[-157.970337,21.461198],[-157.970335,21.461187],[-157.970324,21.461154],[-157.970302,21.461126],[-157.970293,21.461106],[-157.970285,21.461091],[-157.970282,21.461084],[-157.970281,21.461079],[-157.97028,21.461075],[-157.970278,21.461066],[-157.970277,21.46106],[-157.970275,21.461048],[-157.970271,21.46103],[-157.970267,21.461014],[-157.970266,21.461009],[-157.970261,21.460989],[-157.970256,21.460974],[-157.970252,21.460961],[-157.970251,21.460958],[-157.970249,21.460954],[-157.970246,21.460942],[-157.970243,21.460931],[-157.970241,21.460918],[-157.970239,21.460904],[-157.970233,21.460886],[-157.970231,21.460871],[-157.97023,21.460867],[-157.97023,21.460856],[-157.970231,21.460851],[-157.970233,21.460843],[-157.970234,21.460816],[-157.970236,21.460802],[-157.970237,21.460782],[-157.970236,21.460771],[-157.970236,21.460767],[-157.970236,21.460767],[-157.970236,21.460767],[-157.970233,21.460746],[-157.970227,21.460711],[-157.970227,21.460711],[-157.970226,21.460704],[-157.970225,21.460701],[-157.970222,21.460689],[-157.970221,21.460685],[-157.97022,21.460674],[-157.970219,21.460666],[-157.970219,21.460655],[-157.97022,21.460632],[-157.970223,21.460618],[-157.970227,21.460608],[-157.97023,21.460591],[-157.970235,21.460568],[-157.970239,21.46056],[-157.970241,21.460553],[-157.970245,21.460543],[-157.97025,21.460524],[-157.970257,21.46051],[-157.970269,21.460486],[-157.970273,21.46048],[-157.970278,21.46047],[-157.970283,21.460455],[-157.970286,21.460449],[-157.970289,21.46044],[-157.970291,21.460434],[-157.970294,21.460426],[-157.970301,21.460411],[-157.970304,21.460401],[-157.97031,21.460389],[-157.970312,21.460379],[-157.970322,21.46036],[-157.970326,21.460354],[-157.970345,21.460332],[-157.970353,21.460325],[-157.970365,21.460314],[-157.970373,21.460307],[-157.970384,21.460297],[-157.970393,21.460284],[-157.970399,21.460278],[-157.970414,21.460259],[-157.970437,21.460229],[-157.970451,21.460215],[-157.970462,21.460207],[-157.970481,21.460189],[-157.970493,21.460176],[-157.970502,21.460172],[-157.970522,21.460161],[-157.970528,21.460158],[-157.970542,21.460151],[-157.970557,21.460144],[-157.970561,21.460143],[-157.970572,21.460137],[-157.97058,21.460132],[-157.97059,21.460125],[-157.970608,21.460107],[-157.970613,21.460104],[-157.970627,21.46009],[-157.970632,21.460085],[-157.970648,21.460067],[-157.970661,21.460051],[-157.970667,21.460041],[-157.970677,21.460023],[-157.97068,21.460014],[-157.970681,21.460001],[-157.970683,21.459991],[-157.970684,21.459976],[-157.970683,21.45996],[-157.970683,21.459951],[-157.970685,21.459944],[-157.970687,21.459914],[-157.970685,21.459904],[-157.970685,21.45989],[-157.970684,21.459876],[-157.970684,21.459868],[-157.970684,21.459849],[-157.970684,21.459833],[-157.970685,21.459825],[-157.97069,21.459807],[-157.970689,21.459798],[-157.970687,21.459789],[-157.970687,21.459783],[-157.970693,21.459772],[-157.970698,21.45976],[-157.970703,21.459749],[-157.970707,21.459737],[-157.970707,21.459716],[-157.970707,21.459709],[-157.970713,21.459679],[-157.970721,21.45966],[-157.970725,21.459647],[-157.970729,21.459628],[-157.970734,21.459615],[-157.970737,21.459603],[-157.970744,21.459586],[-157.970755,21.459566],[-157.970763,21.459551],[-157.97077,21.459539],[-157.970781,21.459515],[-157.970794,21.45949],[-157.970803,21.459473],[-157.970814,21.459451],[-157.970828,21.459434],[-157.970842,21.459418],[-157.970853,21.459405],[-157.970865,21.459392],[-157.970878,21.459376],[-157.970889,21.459359],[-157.970898,21.459344],[-157.970899,21.459334],[-157.970901,21.459305],[-157.970902,21.459294],[-157.970902,21.459285],[-157.970906,21.459269],[-157.970908,21.45926],[-157.970913,21.459245],[-157.970927,21.459214],[-157.97093,21.459208],[-157.970938,21.459194],[-157.970941,21.459189],[-157.970946,21.459179],[-157.97096,21.459158],[-157.970973,21.459127],[-157.970976,21.459119],[-157.970982,21.45911],[-157.970986,21.459101],[-157.970989,21.459078],[-157.970989,21.459062],[-157.970987,21.459049],[-157.970987,21.459037],[-157.970986,21.459021],[-157.970984,21.459018],[-157.970976,21.459008],[-157.970974,21.458997],[-157.970975,21.458981],[-157.970976,21.458964],[-157.970977,21.458957],[-157.970978,21.458949],[-157.97098,21.458935],[-157.970981,21.458919],[-157.97098,21.458911],[-157.97098,21.458902],[-157.970981,21.45889],[-157.970984,21.458876],[-157.970977,21.458851],[-157.970978,21.45884],[-157.970976,21.458828],[-157.970968,21.458803],[-157.970962,21.458792],[-157.97096,21.458787],[-157.970957,21.458779],[-157.970956,21.458769],[-157.970959,21.458755],[-157.970966,21.458733],[-157.970971,21.458714],[-157.970978,21.458689],[-157.970981,21.458673],[-157.970988,21.458652],[-157.970993,21.458643],[-157.970999,21.458634],[-157.971011,21.458618],[-157.971022,21.458606],[-157.971034,21.458597],[-157.971044,21.458589],[-157.97107,21.458571],[-157.971081,21.458558],[-157.971117,21.458502],[-157.971123,21.458492],[-157.971132,21.458481],[-157.971141,21.458467],[-157.971146,21.458455],[-157.971152,21.458443],[-157.971161,21.458427],[-157.971169,21.458411],[-157.971173,21.458406],[-157.971194,21.458374],[-157.971199,21.458365],[-157.971208,21.458352],[-157.971215,21.458341],[-157.971226,21.458319],[-157.971236,21.458296],[-157.971245,21.458277],[-157.971251,21.458261],[-157.971254,21.458246],[-157.971255,21.458228],[-157.971263,21.458188],[-157.971266,21.458171],[-157.971267,21.458149],[-157.971261,21.458124],[-157.971261,21.4581],[-157.971261,21.458074],[-157.97126,21.458059],[-157.97126,21.458049],[-157.97126,21.458015],[-157.971258,21.457992],[-157.971258,21.457972],[-157.971257,21.457923],[-157.971257,21.457906],[-157.971255,21.457891],[-157.971257,21.457879],[-157.97126,21.457859],[-157.971262,21.457836],[-157.971262,21.457825],[-157.971263,21.45781],[-157.971265,21.457787],[-157.971268,21.457771],[-157.971267,21.457757],[-157.971268,21.457738],[-157.971267,21.45769],[-157.971268,21.457673],[-157.971269,21.457661],[-157.971269,21.457637],[-157.971269,21.457617],[-157.971268,21.457603],[-157.971268,21.457592],[-157.971268,21.457541],[-157.971269,21.457525],[-157.97127,21.457515],[-157.971269,21.45749],[-157.971268,21.45748],[-157.971268,21.457458],[-157.971271,21.457439],[-157.971273,21.457426],[-157.971276,21.457418],[-157.971282,21.457403],[-157.971288,21.45739],[-157.971297,21.457372],[-157.971303,21.45736],[-157.971311,21.457341],[-157.971318,21.457323],[-157.97132,21.457311],[-157.971327,21.457297],[-157.971335,21.457281],[-157.971339,21.457271],[-157.971345,21.457255],[-157.97135,21.457247],[-157.971356,21.457228],[-157.97136,21.457206],[-157.971361,21.457195],[-157.971362,21.457183],[-157.971362,21.457175],[-157.971361,21.457162],[-157.971356,21.457136],[-157.971353,21.457126],[-157.971352,21.457108],[-157.971347,21.457086],[-157.971342,21.457065],[-157.971338,21.457048],[-157.971332,21.457009],[-157.971332,21.457009],[-157.972503,21.456059],[-157.972516,21.456181],[-157.972524,21.456296],[-157.972526,21.456509],[-157.972332,21.45691],[-157.972319,21.457111],[-157.972281,21.457219],[-157.972261,21.457331],[-157.972204,21.457412],[-157.972087,21.457632],[-157.972018,21.4579],[-157.972033,21.45808],[-157.971948,21.458293],[-157.97193,21.458486],[-157.972036,21.458693],[-157.972521,21.458444],[-157.972621,21.458337],[-157.97261,21.458227],[-157.972902,21.457759],[-157.973162,21.457424],[-157.973142,21.457272],[-157.973218,21.457095],[-157.973325,21.456937],[-157.973576,21.456631],[-157.973759,21.456521],[-157.973979,21.456469],[-157.974183,21.45645],[-157.974394,21.456297],[-157.97509,21.455818],[-157.975043,21.455618],[-157.975166,21.455178],[-157.975309,21.455019],[-157.975571,21.454853],[-157.975897,21.454577],[-157.975946,21.454497],[-157.975991,21.454329],[-157.975965,21.454151],[-157.975959,21.453968],[-157.975985,21.453809],[-157.975972,21.453702],[-157.976083,21.453522],[-157.976179,21.453466],[-157.976358,21.453412],[-157.976699,21.45354],[-157.976795,21.453612],[-157.976919,21.45363],[-157.977024,21.453594],[-157.977427,21.45349],[-157.977608,21.453472],[-157.9781,21.453609],[-157.978652,21.453478],[-157.978965,21.453227],[-157.979146,21.453132],[-157.979331,21.453096],[-157.979491,21.453141],[-157.979438,21.453329],[-157.979171,21.453703],[-157.979087,21.454152],[-157.979043,21.454254],[-157.978905,21.454423],[-157.97873,21.454555],[-157.978638,21.454721],[-157.978527,21.455089],[-157.977651,21.455601],[-157.977469,21.455605],[-157.977303,21.455667],[-157.977064,21.455876],[-157.976914,21.455983],[-157.976778,21.456101],[-157.976663,21.456033],[-157.97651,21.456067],[-157.97639,21.456016],[-157.976159,21.45604],[-157.97597,21.45604],[-157.975778,21.456073],[-157.975499,21.456307],[-157.975658,21.456525],[-157.975794,21.456629],[-157.975972,21.456691],[-157.976089,21.456707],[-157.976213,21.456774],[-157.97626,21.456856],[-157.976223,21.456946],[-157.976179,21.457003],[-157.976015,21.45706],[-157.975961,21.457091],[-157.975718,21.457139],[-157.97545,21.45712],[-157.975165,21.457041],[-157.974983,21.457047],[-157.974797,21.457064],[-157.974589,21.457141],[-157.974451,21.457176],[-157.973714,21.457502],[-157.973656,21.457574],[-157.973624,21.457696],[-157.97364,21.45801],[-157.973707,21.458174],[-157.974014,21.45818],[-157.974192,21.458225],[-157.974333,21.4583],[-157.974623,21.458371],[-157.974799,21.458321],[-157.974945,21.458261],[-157.975192,21.458219],[-157.975317,21.458261],[-157.975662,21.458516],[-157.975899,21.458624],[-157.976239,21.458807],[-157.976282,21.458965],[-157.976363,21.459096],[-157.97639,21.459192],[-157.976508,21.459257],[-157.976639,21.459282],[-157.976735,21.459245],[-157.977082,21.459132],[-157.977327,21.45886],[-157.977419,21.458713],[-157.977511,21.458523],[-157.977584,21.458333],[-157.977592,21.458136],[-157.977546,21.457964],[-157.97759,21.457801],[-157.977691,21.457621],[-157.977735,21.457492],[-157.977719,21.45738],[-157.977894,21.457253],[-157.977907,21.456978],[-157.978124,21.456747],[-157.978344,21.456659],[-157.978502,21.45658],[-157.978592,21.456448],[-157.978918,21.456278],[-157.979028,21.456247],[-157.979286,21.456047],[-157.97944,21.456003],[-157.979684,21.455616],[-157.979836,21.455375],[-157.980243,21.455167],[-157.980347,21.455051],[-157.980488,21.454922],[-157.980865,21.454747],[-157.980933,21.454581],[-157.981,21.454526],[-157.980988,21.454413],[-157.98092,21.454238],[-157.980888,21.454075],[-157.980947,21.453954],[-157.981114,21.453767],[-157.981465,21.453593],[-157.981566,21.453368],[-157.981492,21.453214],[-157.981423,21.453127],[-157.981248,21.453022],[-157.981181,21.452921],[-157.981178,21.452871],[-157.981235,21.452732],[-157.981337,21.452587],[-157.981549,21.452434],[-157.98168,21.452281],[-157.981794,21.452212],[-157.982272,21.45209],[-157.982474,21.451965],[-157.982687,21.451745],[-157.982814,21.451549],[-157.982776,21.451246],[-157.982682,21.451082],[-157.982819,21.450891],[-157.983197,21.450522],[-157.983328,21.450463],[-157.983467,21.450434],[-157.983722,21.450322],[-157.983875,21.450082],[-157.984062,21.449728],[-157.984232,21.449553],[-157.984524,21.449336],[-157.984632,21.449122],[-157.985035,21.448734],[-157.985192,21.448684],[-157.985387,21.448614],[-157.985565,21.448441],[-157.985693,21.448232],[-157.985762,21.448103],[-157.985866,21.448176],[-157.985911,21.448168],[-157.98629,21.448098],[-157.986624,21.448038],[-157.986926,21.448039],[-157.987399,21.448109],[-157.987807,21.448206],[-157.988005,21.448256],[-157.988202,21.448358],[-157.988377,21.448544],[-157.988539,21.448717],[-157.988802,21.44892],[-157.988806,21.448924],[-157.988823,21.448934],[-157.988832,21.448939],[-157.98884,21.448942],[-157.988853,21.44895],[-157.988865,21.448958],[-157.988871,21.448962],[-157.988878,21.448967],[-157.988887,21.448976],[-157.988894,21.448983],[-157.988899,21.448989],[-157.988912,21.448996],[-157.988921,21.449004],[-157.988936,21.449022],[-157.988953,21.449043],[-157.988959,21.449052],[-157.988965,21.44906],[-157.98897,21.449066],[-157.988984,21.449084],[-157.988989,21.449092],[-157.988989,21.449095],[-157.98899,21.449104],[-157.988988,21.449119],[-157.98899,21.449129],[-157.988991,21.449138],[-157.988992,21.449146],[-157.988993,21.449157],[-157.988993,21.44917],[-157.988993,21.449174],[-157.988994,21.449181],[-157.988995,21.449185],[-157.988993,21.449201],[-157.988992,21.449206],[-157.988992,21.44921],[-157.98899,21.449219],[-157.988987,21.449231],[-157.988986,21.449237],[-157.988986,21.44925],[-157.988985,21.449262],[-157.988985,21.449267],[-157.988981,21.449279],[-157.988982,21.449298],[-157.988984,21.449303],[-157.98899,21.449314],[-157.988993,21.449322],[-157.989004,21.449332],[-157.989011,21.449341],[-157.989019,21.44935],[-157.989027,21.44936],[-157.989033,21.449368],[-157.98904,21.449375],[-157.989048,21.44938],[-157.989055,21.449387],[-157.989062,21.449394],[-157.989068,21.449399],[-157.989076,21.449407],[-157.989084,21.449413],[-157.989087,21.449416],[-157.989097,21.44943],[-157.989102,21.449439],[-157.989105,21.449448],[-157.989105,21.449455],[-157.989108,21.449462],[-157.989109,21.449468],[-157.989108,21.449479],[-157.989107,21.44949],[-157.989107,21.449496],[-157.989105,21.44951],[-157.989107,21.449518],[-157.989109,21.449527],[-157.989108,21.449545],[-157.989107,21.449553],[-157.989104,21.44956],[-157.9891,21.449571],[-157.989092,21.449578],[-157.988579,21.449737],[-157.988127,21.449878],[-157.98812,21.449879],[-157.988113,21.449879],[-157.988103,21.449881],[-157.988096,21.449888],[-157.988083,21.449894],[-157.988073,21.449898],[-157.988065,21.449901],[-157.988059,21.449905],[-157.988056,21.44991],[-157.988051,21.449915],[-157.988045,21.44992],[-157.988039,21.449924],[-157.988032,21.449927],[-157.988025,21.449931],[-157.98802,21.449934],[-157.988012,21.449937],[-157.988002,21.449941],[-157.987999,21.449944],[-157.987995,21.449947],[-157.987988,21.44996],[-157.987983,21.449962],[-157.987974,21.449971],[-157.98797,21.449977],[-157.987965,21.449985],[-157.987964,21.449988],[-157.987964,21.449994],[-157.987964,21.449998],[-157.987962,21.450003],[-157.987956,21.450013],[-157.987949,21.450022],[-157.987943,21.450028],[-157.987937,21.450035],[-157.987933,21.450042],[-157.987929,21.450048],[-157.987926,21.450054],[-157.987925,21.450057],[-157.987922,21.450065],[-157.987919,21.450076],[-157.987917,21.45008],[-157.987915,21.450086],[-157.987913,21.450091],[-157.987913,21.450099],[-157.98791,21.450109],[-157.98791,21.450114],[-157.987909,21.450126],[-157.987906,21.450136],[-157.987902,21.450142],[-157.987898,21.450146],[-157.987893,21.450149],[-157.987888,21.450156],[-157.987882,21.450164],[-157.987877,21.450172],[-157.987872,21.450183],[-157.987868,21.450193],[-157.987866,21.450198],[-157.987864,21.450205],[-157.987861,21.45021],[-157.987854,21.450218],[-157.987848,21.450225],[-157.987835,21.450235],[-157.987829,21.450241],[-157.987812,21.450255],[-157.987809,21.450258],[-157.987801,21.450267],[-157.987791,21.450276],[-157.987782,21.45028],[-157.987777,21.450283],[-157.98777,21.450286],[-157.987763,21.450293],[-157.987755,21.450303],[-157.987743,21.450312],[-157.987726,21.45032],[-157.987719,21.450322],[-157.987707,21.450325],[-157.987698,21.450328],[-157.987687,21.450333],[-157.987681,21.450336],[-157.987675,21.450338],[-157.987666,21.450341],[-157.98766,21.450347],[-157.987652,21.450352],[-157.987641,21.450358],[-157.987634,21.450362],[-157.987627,21.450363],[-157.987616,21.450367],[-157.987591,21.450376],[-157.987584,21.450382],[-157.987573,21.450389],[-157.987565,21.450392],[-157.987558,21.450395],[-157.987551,21.450399],[-157.987533,21.450409],[-157.987529,21.450412],[-157.987521,21.450415],[-157.987512,21.450419],[-157.987508,21.450422],[-157.987502,21.450425],[-157.987498,21.450429],[-157.987495,21.450434],[-157.987491,21.450444],[-157.987485,21.450452],[-157.987483,21.450458],[-157.987481,21.450467],[-157.98748,21.450473],[-157.987479,21.450479],[-157.987483,21.450489],[-157.987486,21.450492],[-157.987491,21.450499],[-157.987495,21.450503],[-157.987499,21.450507],[-157.987505,21.450513],[-157.987514,21.45052],[-157.987524,21.450526],[-157.987529,21.450529],[-157.987534,21.45053],[-157.987545,21.450536],[-157.987552,21.450538],[-157.987559,21.45054],[-157.987566,21.450542],[-157.98757,21.450544],[-157.987578,21.450547],[-157.987588,21.450551],[-157.987594,21.450553],[-157.987602,21.450557],[-157.987609,21.450559],[-157.987613,21.45056],[-157.987618,21.450561],[-157.987624,21.450562],[-157.987633,21.450564],[-157.987639,21.450565],[-157.987647,21.450568],[-157.987655,21.450571],[-157.987661,21.450573],[-157.987668,21.450573],[-157.987677,21.450575],[-157.987683,21.450577],[-157.987691,21.450581],[-157.987696,21.450582],[-157.987703,21.450584],[-157.987714,21.450587],[-157.987722,21.450589],[-157.987731,21.450591],[-157.987758,21.450598],[-157.98777,21.450601],[-157.987777,21.450602],[-157.98779,21.450604],[-157.987802,21.450606],[-157.987812,21.450606],[-157.987819,21.450608],[-157.987833,21.450612],[-157.987841,21.450614],[-157.987848,21.450618],[-157.987856,21.45062],[-157.987864,21.450624],[-157.987874,21.45063],[-157.98788,21.450633],[-157.987886,21.450637],[-157.987893,21.450639],[-157.987899,21.450642],[-157.987909,21.450644],[-157.987917,21.450646],[-157.987924,21.450646],[-157.987932,21.450647],[-157.987939,21.450648],[-157.987955,21.450648],[-157.987964,21.450649],[-157.987982,21.45065],[-157.987994,21.450649],[-157.988006,21.45065],[-157.988018,21.45065],[-157.988024,21.45065],[-157.988037,21.450648],[-157.988044,21.450648],[-157.988057,21.450647],[-157.988079,21.450644],[-157.988086,21.450641],[-157.988093,21.450639],[-157.988114,21.450634],[-157.988118,21.450633],[-157.988125,21.450631],[-157.988129,21.450629],[-157.988148,21.45062],[-157.988156,21.450622],[-157.98817,21.450619],[-157.988183,21.450617],[-157.988189,21.450616],[-157.988193,21.450616],[-157.988197,21.450615],[-157.988204,21.450614],[-157.988208,21.450613],[-157.988229,21.450612],[-157.988238,21.450611],[-157.988248,21.45061],[-157.988252,21.45061],[-157.988257,21.45061],[-157.988264,21.450612],[-157.98827,21.450613],[-157.988275,21.450613],[-157.988283,21.450615],[-157.988288,21.450616],[-157.988295,21.450617],[-157.9883,21.450618],[-157.98831,21.45062],[-157.988313,21.450622],[-157.988323,21.450623],[-157.98833,21.450624],[-157.98834,21.450627],[-157.988346,21.45063],[-157.988354,21.450634],[-157.988362,21.450639],[-157.988367,21.450643],[-157.988373,21.450647],[-157.988377,21.450649],[-157.988382,21.450652],[-157.988389,21.450657],[-157.988397,21.450661],[-157.988403,21.450663],[-157.988407,21.450664],[-157.988414,21.450668],[-157.988419,21.450671],[-157.988423,21.450672],[-157.988431,21.450676],[-157.988436,21.45068],[-157.988441,21.450683],[-157.988448,21.450687],[-157.988454,21.45069],[-157.988466,21.450696],[-157.98848,21.450705],[-157.988485,21.450708],[-157.988494,21.450713],[-157.988498,21.450717],[-157.98851,21.450724],[-157.988519,21.450729],[-157.988526,21.450733],[-157.988538,21.45074],[-157.98855,21.450745],[-157.988553,21.450747],[-157.988563,21.450747],[-157.988574,21.45074],[-157.988587,21.450731],[-157.988599,21.450724],[-157.988615,21.450716],[-157.98863,21.450705],[-157.988638,21.4507],[-157.988648,21.450695],[-157.988654,21.450695],[-157.988659,21.450694],[-157.988668,21.450692],[-157.988674,21.450691],[-157.988681,21.450689],[-157.988688,21.450688],[-157.988699,21.450686],[-157.988706,21.450685],[-157.988715,21.450682],[-157.988722,21.45068],[-157.988731,21.450677],[-157.988739,21.450672],[-157.988746,21.450669],[-157.98876,21.450663],[-157.988769,21.450659],[-157.988783,21.450656],[-157.988794,21.450654],[-157.9888,21.450652],[-157.988815,21.450647],[-157.988832,21.450643],[-157.988842,21.450639],[-157.988849,21.450634],[-157.988857,21.45063],[-157.988863,21.450628],[-157.988871,21.450625],[-157.98888,21.450622],[-157.98889,21.45062],[-157.988895,21.450619],[-157.988899,21.450618],[-157.988907,21.450615],[-157.988918,21.450614],[-157.988927,21.450612],[-157.988933,21.450611],[-157.988942,21.450608],[-157.988946,21.450608],[-157.988956,21.450604],[-157.988962,21.450601],[-157.988976,21.450598],[-157.988987,21.450596],[-157.988999,21.450594],[-157.989007,21.450593],[-157.989014,21.450592],[-157.989035,21.450591],[-157.989043,21.450591],[-157.989051,21.450587],[-157.989066,21.450583],[-157.989075,21.45058],[-157.989084,21.450576],[-157.989103,21.450565],[-157.989116,21.450557],[-157.989123,21.450551],[-157.989138,21.45054],[-157.989147,21.450534],[-157.989161,21.450522],[-157.989169,21.450516],[-157.98918,21.450506],[-157.989198,21.450494],[-157.989207,21.450488],[-157.989218,21.450484],[-157.989222,21.450481],[-157.98923,21.450476],[-157.989239,21.450471],[-157.98925,21.450465],[-157.989262,21.45046],[-157.989281,21.450451],[-157.98929,21.450448],[-157.989295,21.450446],[-157.989307,21.450442],[-157.989327,21.450435],[-157.989336,21.45043],[-157.989342,21.450428],[-157.989349,21.450426],[-157.989369,21.450421],[-157.989376,21.450418],[-157.989389,21.450413],[-157.989399,21.450409],[-157.98941,21.450406],[-157.989417,21.450404],[-157.989427,21.4504],[-157.989436,21.450399],[-157.989454,21.450394],[-157.989463,21.450393],[-157.989469,21.45039],[-157.989483,21.450386],[-157.989497,21.450381],[-157.989508,21.450376],[-157.989518,21.450373],[-157.989527,21.450368],[-157.989534,21.450364],[-157.989555,21.450362],[-157.98957,21.450366],[-157.989581,21.450368],[-157.989591,21.450368],[-157.989599,21.450368],[-157.989606,21.45037],[-157.989615,21.45037],[-157.989628,21.45037],[-157.989635,21.45037],[-157.989651,21.450372],[-157.989659,21.450372],[-157.989671,21.450372],[-157.989675,21.450372],[-157.989684,21.450369],[-157.989691,21.450366],[-157.9897,21.450363],[-157.989712,21.450358],[-157.989725,21.450352],[-157.989736,21.450345],[-157.989738,21.450344],[-157.989763,21.45033],[-157.989778,21.450318],[-157.989792,21.450305],[-157.989793,21.450305],[-157.98981,21.450284],[-157.989813,21.450281],[-157.98982,21.450271],[-157.989825,21.450264],[-157.989835,21.450257],[-157.989847,21.450247],[-157.989852,21.450243],[-157.989861,21.450238],[-157.989875,21.45023],[-157.98988,21.450225],[-157.989886,21.450219],[-157.989893,21.450212],[-157.989897,21.450208],[-157.989903,21.450203],[-157.989909,21.450199],[-157.989914,21.450195],[-157.98992,21.450191],[-157.989927,21.450187],[-157.989933,21.450183],[-157.989939,21.450178],[-157.98995,21.450168],[-157.989962,21.450156],[-157.989968,21.45015],[-157.989979,21.450141],[-157.989984,21.450136],[-157.989993,21.450127],[-157.989998,21.450122],[-157.990002,21.450115],[-157.990011,21.450106],[-157.990024,21.450097],[-157.990028,21.450092],[-157.990033,21.450083],[-157.990039,21.450078],[-157.99005,21.45007],[-157.990059,21.450065],[-157.990062,21.450063],[-157.990074,21.450054],[-157.990105,21.450033],[-157.990098,21.450045],[-157.99011,21.45004],[-157.990113,21.450035],[-157.990176,21.449989],[-157.99013,21.450227],[-157.990121,21.450278],[-157.990098,21.450397],[-157.990084,21.450468],[-157.990085,21.450469],[-157.990076,21.450516],[-157.990066,21.450571],[-157.990065,21.450575],[-157.990065,21.450578],[-157.990064,21.450581],[-157.990063,21.450585],[-157.990063,21.450588],[-157.990062,21.450591],[-157.990062,21.450594],[-157.990061,21.450598],[-157.990061,21.450601],[-157.99006,21.450604],[-157.990059,21.450607],[-157.990059,21.450611],[-157.990058,21.450614],[-157.990057,21.450617],[-157.990056,21.45062],[-157.990056,21.450624],[-157.990055,21.450627],[-157.990055,21.45063],[-157.990054,21.450633],[-157.990053,21.450637],[-157.990052,21.45064],[-157.990052,21.450643],[-157.990051,21.450646],[-157.99005,21.450649],[-157.990049,21.450653],[-157.990049,21.450656],[-157.990048,21.450659],[-157.990047,21.450662],[-157.990046,21.450666],[-157.990045,21.450669],[-157.990045,21.450672],[-157.990044,21.450675],[-157.990043,21.450678],[-157.990042,21.450682],[-157.990041,21.450685],[-157.99004,21.450688],[-157.99004,21.450691],[-157.990039,21.450694],[-157.990038,21.450698],[-157.990037,21.450701],[-157.990036,21.450704],[-157.990035,21.450707],[-157.990034,21.45071],[-157.990033,21.450714],[-157.990032,21.450717],[-157.990031,21.45072],[-157.990031,21.450723],[-157.990029,21.450726],[-157.990029,21.450729],[-157.990028,21.450733],[-157.990027,21.450736],[-157.990026,21.450739],[-157.989968,21.450945],[-157.989801,21.451538],[-157.9898,21.451541],[-157.989799,21.451544],[-157.989798,21.451548],[-157.989797,21.451551],[-157.989796,21.451554],[-157.989795,21.451557],[-157.989794,21.45156],[-157.989793,21.451563],[-157.989792,21.451567],[-157.989791,21.45157],[-157.98979,21.451573],[-157.989789,21.451576],[-157.989788,21.451579],[-157.989787,21.451582],[-157.989786,21.451586],[-157.989785,21.451589],[-157.989784,21.451592],[-157.989783,21.451595],[-157.989782,21.451598],[-157.989781,21.451602],[-157.989781,21.451605],[-157.98978,21.451608],[-157.989779,21.451611],[-157.989778,21.451614],[-157.989777,21.451618],[-157.989776,21.451621],[-157.989775,21.451624],[-157.989774,21.451627],[-157.989773,21.45163],[-157.989772,21.451633],[-157.989772,21.451637],[-157.989771,21.45164],[-157.98977,21.451643],[-157.989769,21.451646],[-157.989768,21.451649],[-157.989767,21.451653],[-157.989766,21.451656],[-157.989766,21.451659],[-157.989765,21.451662],[-157.989764,21.451666],[-157.989763,21.451669],[-157.989762,21.451672],[-157.989761,21.451675],[-157.989761,21.451678],[-157.98976,21.451682],[-157.989759,21.451685],[-157.989758,21.451688],[-157.989758,21.451691],[-157.989757,21.451694],[-157.989756,21.451698],[-157.989755,21.451701],[-157.989754,21.451704],[-157.989754,21.451707],[-157.989753,21.451711],[-157.989752,21.451714],[-157.989751,21.451717],[-157.989751,21.45172],[-157.98975,21.451724],[-157.989749,21.451727],[-157.989748,21.45173],[-157.989748,21.451733],[-157.989747,21.451736],[-157.989746,21.45174],[-157.989746,21.451743],[-157.989745,21.451746],[-157.989744,21.451749],[-157.989744,21.451753],[-157.989743,21.451756],[-157.989742,21.451759],[-157.989742,21.451762],[-157.989741,21.451766],[-157.98974,21.451769],[-157.98973,21.451806],[-157.989621,21.452264],[-157.989604,21.452332],[-157.989483,21.452837],[-157.989482,21.452841],[-157.989481,21.452844],[-157.98948,21.452848],[-157.989479,21.452851],[-157.989478,21.452854],[-157.989478,21.452857],[-157.989477,21.45286],[-157.989476,21.452864],[-157.989475,21.452867],[-157.989474,21.45287],[-157.989473,21.452873],[-157.989472,21.452876],[-157.989472,21.45288],[-157.989471,21.452883],[-157.98947,21.452886],[-157.989469,21.452889],[-157.989469,21.452893],[-157.989468,21.452896],[-157.989467,21.452899],[-157.989467,21.452902],[-157.989466,21.452905],[-157.989465,21.452909],[-157.989464,21.452912],[-157.989464,21.452915],[-157.989463,21.452918],[-157.989463,21.452922],[-157.989462,21.452925],[-157.989461,21.452928],[-157.989461,21.452931],[-157.98946,21.452935],[-157.98946,21.452938],[-157.989459,21.452941],[-157.989458,21.452944],[-157.989458,21.452948],[-157.989457,21.452951],[-157.989457,21.452954],[-157.989456,21.452958],[-157.989456,21.452961],[-157.989456,21.452964],[-157.989447,21.453006],[-157.989429,21.453096],[-157.989361,21.453376],[-157.989355,21.453402],[-157.989317,21.453403],[-157.989304,21.453404],[-157.989291,21.453404],[-157.989276,21.453405],[-157.989265,21.453406],[-157.98925,21.453411],[-157.989231,21.453418],[-157.98923,21.45342],[-157.989229,21.453422],[-157.989223,21.453432],[-157.989218,21.453443],[-157.989212,21.453459],[-157.989206,21.453466],[-157.989196,21.453481],[-157.989192,21.453487],[-157.989184,21.453499],[-157.989181,21.453503],[-157.989175,21.453511],[-157.989167,21.453523],[-157.989159,21.453537],[-157.989144,21.453551],[-157.989122,21.453564],[-157.989111,21.453571],[-157.989105,21.453575],[-157.989086,21.453591],[-157.989078,21.453596],[-157.989059,21.45361],[-157.989043,21.453619],[-157.98902,21.45363],[-157.989006,21.453634],[-157.988992,21.453644],[-157.98898,21.45365],[-157.988974,21.453651],[-157.988959,21.453653],[-157.988953,21.453655],[-157.988936,21.453663],[-157.988914,21.453673],[-157.988895,21.45368],[-157.988876,21.453687],[-157.988859,21.453695],[-157.988836,21.453701],[-157.988827,21.453704],[-157.988819,21.453705],[-157.988748,21.453711],[-157.988735,21.453711],[-157.98872,21.453712],[-157.988697,21.453715],[-157.988684,21.453716],[-157.988669,21.453718],[-157.988659,21.453719],[-157.988646,21.453722],[-157.988627,21.453725],[-157.988613,21.453727],[-157.9886,21.453731],[-157.988587,21.453733],[-157.988571,21.453736],[-157.988549,21.453742],[-157.988539,21.453745],[-157.988524,21.453741],[-157.98851,21.45374],[-157.988499,21.453742],[-157.988487,21.453744],[-157.988469,21.453747],[-157.988444,21.453748],[-157.988433,21.45375],[-157.988421,21.45375],[-157.988416,21.45375],[-157.988406,21.453756],[-157.988402,21.453758],[-157.988371,21.453765],[-157.988362,21.453767],[-157.988338,21.45377],[-157.988327,21.453769],[-157.988315,21.453767],[-157.988299,21.453763],[-157.988284,21.45376],[-157.988271,21.453754],[-157.988262,21.453751],[-157.988245,21.453748],[-157.988234,21.453746],[-157.988226,21.453745],[-157.988207,21.453741],[-157.988198,21.453742],[-157.98818,21.453746],[-157.988169,21.453746],[-157.988158,21.453746],[-157.988139,21.453743],[-157.988127,21.453742],[-157.988089,21.453744],[-157.988072,21.453743],[-157.988059,21.45374],[-157.98804,21.453734],[-157.988031,21.453732],[-157.98802,21.45373],[-157.988015,21.453729],[-157.987999,21.453728],[-157.987961,21.453725],[-157.987939,21.453724],[-157.987931,21.453724],[-157.987922,21.453722],[-157.987877,21.453723],[-157.987863,21.453723],[-157.987814,21.453728],[-157.987805,21.453728],[-157.987791,21.453729],[-157.987776,21.453732],[-157.987763,21.453732],[-157.987745,21.453732],[-157.987727,21.453734],[-157.987721,21.453733],[-157.987706,21.453731],[-157.98769,21.453737],[-157.987665,21.453735],[-157.987643,21.453731],[-157.987621,21.453728],[-157.987608,21.453724],[-157.987593,21.45372],[-157.987577,21.453715],[-157.987569,21.453712],[-157.987549,21.453698],[-157.987532,21.453683],[-157.987522,21.453675],[-157.987512,21.453665],[-157.987502,21.453659],[-157.987489,21.453649],[-157.987482,21.453641],[-157.987469,21.453626],[-157.987461,21.453618],[-157.987451,21.453609],[-157.987445,21.453603],[-157.987432,21.453595],[-157.987419,21.453587],[-157.987401,21.453569],[-157.98737,21.453541],[-157.987357,21.45353],[-157.987339,21.453525],[-157.987328,21.453521],[-157.987305,21.453512],[-157.987293,21.453508],[-157.987281,21.453506],[-157.987258,21.4535],[-157.987229,21.453493],[-157.987214,21.453488],[-157.987206,21.453485],[-157.987197,21.453481],[-157.987175,21.453472],[-157.987163,21.453466],[-157.987137,21.453453],[-157.987121,21.453449],[-157.987114,21.453448],[-157.9871,21.453448],[-157.987077,21.453442],[-157.987069,21.453441],[-157.987056,21.45344],[-157.987038,21.453436],[-157.987009,21.453428],[-157.986994,21.453424],[-157.986981,21.453421],[-157.986968,21.453419],[-157.986955,21.453414],[-157.986945,21.45341],[-157.98693,21.453402],[-157.986917,21.453397],[-157.986905,21.453396],[-157.986882,21.453389],[-157.986871,21.453384],[-157.986861,21.45338],[-157.986845,21.453372],[-157.986832,21.453365],[-157.986815,21.453361],[-157.986801,21.453357],[-157.986791,21.453355],[-157.986771,21.453348],[-157.986769,21.453351],[-157.986758,21.453345],[-157.986734,21.453336],[-157.986727,21.453331],[-157.986721,21.453328],[-157.986708,21.453322],[-157.986683,21.453313],[-157.986669,21.453308],[-157.986644,21.453304],[-157.986629,21.453301],[-157.986616,21.453298],[-157.986598,21.453299],[-157.986575,21.453301],[-157.986567,21.453301],[-157.986563,21.4533],[-157.986535,21.453307],[-157.986523,21.453308],[-157.986515,21.453308],[-157.986503,21.453308],[-157.986496,21.453309],[-157.986481,21.453314],[-157.986469,21.45332],[-157.986458,21.453324],[-157.986449,21.453328],[-157.986448,21.453328],[-157.986432,21.45334],[-157.986425,21.453345],[-157.98642,21.453349],[-157.98641,21.453354],[-157.986398,21.453362],[-157.986389,21.453367],[-157.986382,21.453373],[-157.986371,21.453382],[-157.986364,21.45339],[-157.986355,21.4534],[-157.986342,21.453411],[-157.986336,21.453428],[-157.986327,21.453451],[-157.986323,21.453458],[-157.986306,21.453494],[-157.986294,21.453518],[-157.986289,21.453525],[-157.986283,21.453541],[-157.986279,21.453558],[-157.986278,21.453567],[-157.986279,21.453575],[-157.986286,21.45359],[-157.98629,21.453601],[-157.986296,21.453607],[-157.986322,21.453619],[-157.98633,21.453622],[-157.986346,21.453633],[-157.986357,21.453637],[-157.986365,21.45364],[-157.986379,21.453647],[-157.986401,21.453659],[-157.986412,21.453662],[-157.986421,21.453666],[-157.986438,21.453679],[-157.986446,21.453686],[-157.986455,21.453696],[-157.986462,21.453703],[-157.986465,21.453706],[-157.986472,21.45372],[-157.986476,21.453729],[-157.986476,21.453733],[-157.986478,21.453743],[-157.986483,21.453755],[-157.986487,21.453767],[-157.986492,21.453786],[-157.986495,21.453797],[-157.986502,21.453821],[-157.986503,21.453835],[-157.986505,21.453848],[-157.986504,21.453854],[-157.986507,21.45387],[-157.98651,21.453889],[-157.986512,21.453908],[-157.986512,21.453914],[-157.986512,21.45392],[-157.986511,21.453929],[-157.986513,21.453938],[-157.986514,21.453949],[-157.986515,21.453967],[-157.986517,21.453986],[-157.986518,21.453993],[-157.986522,21.454021],[-157.986526,21.454057],[-157.986524,21.454066],[-157.986523,21.45407],[-157.986522,21.454085],[-157.986522,21.454089],[-157.986521,21.454094],[-157.986522,21.454104],[-157.986523,21.454112],[-157.986524,21.45412],[-157.98653,21.454138],[-157.986535,21.45415],[-157.986532,21.454156],[-157.986547,21.454163],[-157.986581,21.454179],[-157.98659,21.454184],[-157.986601,21.454194],[-157.98661,21.454201],[-157.986618,21.454209],[-157.98663,21.454224],[-157.986638,21.454231],[-157.986649,21.454246],[-157.986661,21.454253],[-157.986668,21.454257],[-157.986675,21.454263],[-157.986684,21.454272],[-157.986693,21.454284],[-157.986705,21.454298],[-157.986722,21.454311],[-157.986728,21.454318],[-157.986738,21.454326],[-157.986754,21.454344],[-157.986761,21.454349],[-157.986771,21.454362],[-157.986782,21.454376],[-157.986791,21.454386],[-157.986798,21.454396],[-157.986806,21.454403],[-157.986816,21.454416],[-157.986823,21.454423],[-157.986832,21.45443],[-157.986836,21.454436],[-157.986841,21.454441],[-157.986847,21.454449],[-157.986857,21.454458],[-157.986876,21.45448],[-157.986883,21.454486],[-157.986895,21.454496],[-157.986914,21.454512],[-157.986922,21.454523],[-157.986934,21.454533],[-157.986944,21.454543],[-157.986952,21.45455],[-157.986958,21.454556],[-157.986973,21.454572],[-157.986984,21.454586],[-157.986993,21.454595],[-157.987001,21.454603],[-157.987009,21.454609],[-157.987015,21.454616],[-157.987025,21.454626],[-157.987029,21.454628],[-157.987031,21.454637],[-157.987032,21.454645],[-157.987041,21.454656],[-157.987045,21.454667],[-157.987049,21.45468],[-157.987052,21.454686],[-157.987054,21.454691],[-157.987061,21.454713],[-157.987064,21.45472],[-157.987071,21.454737],[-157.987076,21.454747],[-157.987088,21.454771],[-157.987096,21.454787],[-157.987102,21.4548],[-157.987107,21.454806],[-157.987112,21.454821],[-157.987116,21.45483],[-157.987124,21.454846],[-157.987129,21.454861],[-157.987134,21.454881],[-157.987134,21.454885],[-157.987135,21.454894],[-157.987137,21.454899],[-157.987141,21.454926],[-157.987142,21.454936],[-157.987141,21.454948],[-157.987141,21.454956],[-157.987143,21.45497],[-157.987142,21.454981],[-157.987141,21.45499],[-157.987142,21.455],[-157.987139,21.455019],[-157.987127,21.455036],[-157.987121,21.455044],[-157.987115,21.455053],[-157.987109,21.455063],[-157.987109,21.455066],[-157.987109,21.455072],[-157.98711,21.455081],[-157.987109,21.455091],[-157.987107,21.455097],[-157.9871,21.455111],[-157.987087,21.45513],[-157.987081,21.455138],[-157.987078,21.455142],[-157.987073,21.455148],[-157.987053,21.455164],[-157.987047,21.455167],[-157.987041,21.455168],[-157.987029,21.455172],[-157.987017,21.455182],[-157.987012,21.455188],[-157.987005,21.455194],[-157.986996,21.455205],[-157.986991,21.455206],[-157.986983,21.455207],[-157.986976,21.45521],[-157.986971,21.455215],[-157.986959,21.455224],[-157.98695,21.455229],[-157.986943,21.455235],[-157.986938,21.455237],[-157.986926,21.455244],[-157.986918,21.455251],[-157.986914,21.455254],[-157.986903,21.45526],[-157.986895,21.455265],[-157.986886,21.455268],[-157.986867,21.455278],[-157.986859,21.45528],[-157.986851,21.45528],[-157.986848,21.455282],[-157.986838,21.455282],[-157.986832,21.455281],[-157.986822,21.455287],[-157.986814,21.455294],[-157.986807,21.455299],[-157.986793,21.45531],[-157.986794,21.455314],[-157.986789,21.45533],[-157.986778,21.45535],[-157.986769,21.455367],[-157.986763,21.455379],[-157.986752,21.45539],[-157.986751,21.455401],[-157.986749,21.455409],[-157.986747,21.455419],[-157.98674,21.455445],[-157.986736,21.455453],[-157.986733,21.455464],[-157.986727,21.455481],[-157.986724,21.455489],[-157.986721,21.455497],[-157.986713,21.455519],[-157.98671,21.455531],[-157.986708,21.455539],[-157.986704,21.455551],[-157.986702,21.455557],[-157.986698,21.455567],[-157.986694,21.455578],[-157.986688,21.455589],[-157.986685,21.455599],[-157.986678,21.455618],[-157.986669,21.455638],[-157.986659,21.455658],[-157.986655,21.455667],[-157.986649,21.45568],[-157.986636,21.455702],[-157.986631,21.455708],[-157.986628,21.455714],[-157.98661,21.45574],[-157.986601,21.455749],[-157.986596,21.455754],[-157.986592,21.455759],[-157.986579,21.455777],[-157.986573,21.455784],[-157.986565,21.455793],[-157.98656,21.455803],[-157.986557,21.45581],[-157.986552,21.455821],[-157.986548,21.455828],[-157.986543,21.455836],[-157.986536,21.455844],[-157.986532,21.45585],[-157.986524,21.45586],[-157.986512,21.455873],[-157.986507,21.455878],[-157.986499,21.455883],[-157.98649,21.455891],[-157.986484,21.4559],[-157.986479,21.455906],[-157.986472,21.455915],[-157.986464,21.455922],[-157.986451,21.455932],[-157.986443,21.455941],[-157.986435,21.455948],[-157.986413,21.455969],[-157.986405,21.455976],[-157.986393,21.455985],[-157.986386,21.455991],[-157.98637,21.456003],[-157.986363,21.456008],[-157.986356,21.456013],[-157.986349,21.456022],[-157.986346,21.456028],[-157.986334,21.456039],[-157.986323,21.456047],[-157.986316,21.456051],[-157.986308,21.456057],[-157.986293,21.456067],[-157.986289,21.456073],[-157.986282,21.456079],[-157.986274,21.456086],[-157.986265,21.456093],[-157.98626,21.456099],[-157.986253,21.456106],[-157.986249,21.456109],[-157.986236,21.456117],[-157.986226,21.456125],[-157.986222,21.456129],[-157.986203,21.456138],[-157.986197,21.456143],[-157.986192,21.456147],[-157.986184,21.456154],[-157.986169,21.456163],[-157.986164,21.456165],[-157.98616,21.456167],[-157.98615,21.456173],[-157.986142,21.456176],[-157.986137,21.456178],[-157.98613,21.456181],[-157.986123,21.456185],[-157.986115,21.456188],[-157.98611,21.45619],[-157.986105,21.456191],[-157.986096,21.456192],[-157.986072,21.456208],[-157.986053,21.456215],[-157.986033,21.45622],[-157.986022,21.456223],[-157.986009,21.456224],[-157.986001,21.456224],[-157.985993,21.456225],[-157.985983,21.456227],[-157.985977,21.456229],[-157.985968,21.45623],[-157.985953,21.456234],[-157.985944,21.456235],[-157.98593,21.456237],[-157.985918,21.45624],[-157.985912,21.456242],[-157.985901,21.456244],[-157.985891,21.456245],[-157.985883,21.456246],[-157.98587,21.456247],[-157.985838,21.45625],[-157.985815,21.456251],[-157.985805,21.456251],[-157.985789,21.456248],[-157.985785,21.456248],[-157.985772,21.456249],[-157.985749,21.456248],[-157.985738,21.456248],[-157.985729,21.456248],[-157.985722,21.456248],[-157.985707,21.456249],[-157.985699,21.45625],[-157.985695,21.45625],[-157.985684,21.456251],[-157.98567,21.456251],[-157.985654,21.456253],[-157.985646,21.456254],[-157.985629,21.456255],[-157.985622,21.456255],[-157.985616,21.456256],[-157.985608,21.456257],[-157.985602,21.456258],[-157.985594,21.456259],[-157.985588,21.456259],[-157.98558,21.456261],[-157.985573,21.456262],[-157.985562,21.456263],[-157.985552,21.456264],[-157.985546,21.456265],[-157.985539,21.456265],[-157.985523,21.456267],[-157.985519,21.456267],[-157.985512,21.456268],[-157.985506,21.456268],[-157.9855,21.456267],[-157.985489,21.456267],[-157.985482,21.456267],[-157.985475,21.456267],[-157.985471,21.456267],[-157.985464,21.456266],[-157.98546,21.456266],[-157.985447,21.456266],[-157.985439,21.456266],[-157.985435,21.456266],[-157.985427,21.456266],[-157.985421,21.456267],[-157.985412,21.456269],[-157.985404,21.45627],[-157.985389,21.456269],[-157.985383,21.45627],[-157.985379,21.45627],[-157.985374,21.45627],[-157.985365,21.456272],[-157.985357,21.456273],[-157.985348,21.456274],[-157.985348,21.456275],[-157.985344,21.456275],[-157.985338,21.456277],[-157.985332,21.456277],[-157.985329,21.456277],[-157.985324,21.456279],[-157.985318,21.456279],[-157.985313,21.45628],[-157.985309,21.45628],[-157.985304,21.456281],[-157.985295,21.456283],[-157.985289,21.456284],[-157.985281,21.456286],[-157.985275,21.456287],[-157.985267,21.456287],[-157.985252,21.456288],[-157.985247,21.456288],[-157.985238,21.456289],[-157.985232,21.45629],[-157.985226,21.45629],[-157.985222,21.456291],[-157.985211,21.456294],[-157.985203,21.456295],[-157.985199,21.456295],[-157.985194,21.456297],[-157.985189,21.456297],[-157.985183,21.456298],[-157.985174,21.456298],[-157.985169,21.456298],[-157.985161,21.456301],[-157.985154,21.456303],[-157.985147,21.456304],[-157.985133,21.456307],[-157.985114,21.456311],[-157.985105,21.456312],[-157.985095,21.456313],[-157.985089,21.456313],[-157.985081,21.456314],[-157.985074,21.456315],[-157.98506,21.456316],[-157.985044,21.456316],[-157.985035,21.456317],[-157.985026,21.456316],[-157.985016,21.456315],[-157.985012,21.456315],[-157.985005,21.456314],[-157.984998,21.456314],[-157.98499,21.456314],[-157.984982,21.456313],[-157.984976,21.456313],[-157.98497,21.456312],[-157.984965,21.456312],[-157.984955,21.456313],[-157.984947,21.456313],[-157.984935,21.456313],[-157.984929,21.456311],[-157.984918,21.45631],[-157.984909,21.45631],[-157.984901,21.456311],[-157.984897,21.456311],[-157.984888,21.45631],[-157.984882,21.456309],[-157.984855,21.456303],[-157.984844,21.456304],[-157.984833,21.456304],[-157.984826,21.456306],[-157.984808,21.456303],[-157.984801,21.4563],[-157.984793,21.456298],[-157.984782,21.456295],[-157.984768,21.456287],[-157.98475,21.456276],[-157.984744,21.456272],[-157.984736,21.456265],[-157.984721,21.456255],[-157.984711,21.456248],[-157.984704,21.456242],[-157.984682,21.456227],[-157.984666,21.456214],[-157.984645,21.4562],[-157.984639,21.456196],[-157.984629,21.456191],[-157.984618,21.456183],[-157.984608,21.456176],[-157.984596,21.456169],[-157.984584,21.456165],[-157.984566,21.456159],[-157.984554,21.456155],[-157.984543,21.456151],[-157.984527,21.456147],[-157.984517,21.456142],[-157.984508,21.456139],[-157.984499,21.456136],[-157.984489,21.456133],[-157.984477,21.456128],[-157.984467,21.456125],[-157.984457,21.456123],[-157.984434,21.45612],[-157.984412,21.456112],[-157.9844,21.456108],[-157.984391,21.456105],[-157.984384,21.456102],[-157.984377,21.456099],[-157.98437,21.456094],[-157.984353,21.456087],[-157.984342,21.456079],[-157.984321,21.45607],[-157.984306,21.456063],[-157.984294,21.456057],[-157.984285,21.456054],[-157.984271,21.456048],[-157.98426,21.456042],[-157.984241,21.45603],[-157.984236,21.456026],[-157.984224,21.456019],[-157.984213,21.456011],[-157.984207,21.456007],[-157.984199,21.456],[-157.984191,21.455992],[-157.984187,21.455986],[-157.984184,21.455982],[-157.98418,21.455978],[-157.984173,21.455971],[-157.984164,21.455963],[-157.984158,21.455957],[-157.984151,21.455952],[-157.984145,21.455947],[-157.984142,21.455943],[-157.984135,21.455937],[-157.98413,21.455931],[-157.984123,21.455923],[-157.984115,21.455917],[-157.984106,21.455909],[-157.9841,21.455902],[-157.984088,21.455893],[-157.98408,21.455885],[-157.984064,21.455873],[-157.984058,21.455868],[-157.984054,21.455863],[-157.984046,21.455854],[-157.984038,21.455842],[-157.98402,21.455824],[-157.984015,21.455819],[-157.984009,21.455813],[-157.983999,21.455804],[-157.983991,21.455797],[-157.983984,21.455791],[-157.983974,21.455784],[-157.983963,21.455775],[-157.983957,21.45577],[-157.98394,21.455752],[-157.983933,21.455743],[-157.983919,21.455729],[-157.983912,21.455723],[-157.983905,21.455717],[-157.9839,21.455712],[-157.983892,21.455706],[-157.983883,21.455697],[-157.983869,21.455685],[-157.983862,21.45568],[-157.983855,21.455674],[-157.98383,21.455656],[-157.983822,21.455648],[-157.983811,21.45564],[-157.983802,21.455634],[-157.983789,21.455625],[-157.983776,21.455616],[-157.983769,21.45561],[-157.983757,21.455602],[-157.98375,21.455596],[-157.983732,21.455586],[-157.983723,21.455583],[-157.983713,21.455582],[-157.983684,21.455578],[-157.983673,21.455575],[-157.983658,21.455571],[-157.983638,21.455566],[-157.983626,21.455565],[-157.983612,21.45556],[-157.983602,21.455556],[-157.983593,21.455552],[-157.983586,21.455549],[-157.98357,21.455545],[-157.983557,21.455541],[-157.983544,21.455538],[-157.983527,21.455534],[-157.983509,21.455532],[-157.983495,21.45553],[-157.983483,21.455527],[-157.983474,21.455524],[-157.983461,21.455522],[-157.983447,21.455519],[-157.983431,21.455516],[-157.983419,21.455505],[-157.983412,21.4555],[-157.9834,21.455491],[-157.983393,21.455487],[-157.983373,21.45548],[-157.983367,21.455478],[-157.983357,21.455475],[-157.983347,21.455472],[-157.983338,21.45547],[-157.983329,21.455467],[-157.983295,21.455458],[-157.983283,21.455453],[-157.983274,21.455451],[-157.983263,21.455449],[-157.983252,21.455445],[-157.983236,21.455437],[-157.983228,21.455431],[-157.983212,21.455426],[-157.983195,21.455421],[-157.983173,21.455415],[-157.983164,21.45541],[-157.983152,21.455402],[-157.983139,21.455397],[-157.983128,21.455393],[-157.983115,21.455386],[-157.983105,21.455381],[-157.983095,21.455378],[-157.983084,21.455374],[-157.983072,21.455371],[-157.983062,21.455368],[-157.983048,21.455359],[-157.983043,21.455356],[-157.983028,21.455353],[-157.983016,21.455351],[-157.982763,21.455551],[-157.982754,21.455571],[-157.982749,21.455581],[-157.982746,21.455588],[-157.982742,21.455602],[-157.982737,21.455612],[-157.982732,21.455618],[-157.982719,21.455636],[-157.982715,21.455648],[-157.982708,21.455672],[-157.982708,21.455695],[-157.982707,21.455701],[-157.982703,21.455713],[-157.9827,21.455741],[-157.982699,21.45575],[-157.9827,21.455769],[-157.982703,21.455787],[-157.982705,21.455799],[-157.982708,21.455808],[-157.982708,21.455813],[-157.98271,21.455823],[-157.98271,21.455833],[-157.982713,21.455845],[-157.982715,21.455856],[-157.982716,21.455867],[-157.982719,21.455878],[-157.98272,21.455889],[-157.982722,21.455894],[-157.982722,21.455897],[-157.982723,21.455901],[-157.982725,21.45591],[-157.98273,21.455917],[-157.982738,21.455929],[-157.98275,21.455942],[-157.98276,21.455946],[-157.98277,21.455954],[-157.982778,21.45596],[-157.982787,21.455967],[-157.982795,21.455973],[-157.982804,21.455978],[-157.982815,21.455986],[-157.982828,21.455992],[-157.982845,21.456004],[-157.982854,21.456011],[-157.982861,21.456014],[-157.982866,21.456017],[-157.982874,21.456022],[-157.982885,21.45603],[-157.982894,21.456036],[-157.982903,21.456041],[-157.982916,21.45605],[-157.982924,21.456055],[-157.982944,21.45606],[-157.982963,21.45607],[-157.982967,21.456072],[-157.982976,21.456076],[-157.982988,21.456081],[-157.983001,21.456082],[-157.983031,21.456102],[-157.983045,21.456107],[-157.983053,21.45611],[-157.983064,21.456114],[-157.983067,21.456115],[-157.983073,21.456118],[-157.98308,21.456119],[-157.983087,21.456122],[-157.983093,21.456124],[-157.983106,21.456126],[-157.98311,21.456127],[-157.983117,21.456129],[-157.98312,21.45613],[-157.983123,21.456132],[-157.983126,21.456135],[-157.98313,21.456137],[-157.983141,21.456146],[-157.983151,21.456153],[-157.983162,21.456159],[-157.983171,21.456163],[-157.98318,21.456169],[-157.98319,21.456173],[-157.983198,21.456176],[-157.983205,21.45618],[-157.983213,21.456185],[-157.983226,21.456193],[-157.983232,21.456198],[-157.983246,21.456217],[-157.983257,21.456225],[-157.983268,21.456242],[-157.983279,21.456252],[-157.983289,21.456265],[-157.983293,21.456269],[-157.983301,21.456277],[-157.983311,21.456291],[-157.983318,21.456299],[-157.983327,21.456308],[-157.983335,21.456314],[-157.983341,21.456319],[-157.983367,21.456373],[-157.983372,21.45638],[-157.983379,21.456393],[-157.983385,21.456409],[-157.983388,21.456417],[-157.983395,21.45643],[-157.983402,21.456442],[-157.983416,21.456467],[-157.983427,21.456486],[-157.983429,21.456491],[-157.983434,21.456504],[-157.983437,21.456508],[-157.983438,21.456515],[-157.983441,21.456524],[-157.983444,21.456539],[-157.983445,21.456544],[-157.983447,21.456551],[-157.98345,21.456559],[-157.983451,21.456566],[-157.983454,21.456572],[-157.983461,21.456587],[-157.983465,21.456595],[-157.983471,21.456603],[-157.983477,21.456615],[-157.983484,21.456625],[-157.983489,21.456637],[-157.983499,21.456651],[-157.983504,21.456656],[-157.983511,21.456669],[-157.983518,21.45668],[-157.983526,21.456695],[-157.983531,21.456701],[-157.983537,21.456712],[-157.983548,21.456735],[-157.983555,21.456745],[-157.983559,21.456755],[-157.983563,21.456761],[-157.983566,21.45677],[-157.983572,21.456785],[-157.983576,21.456793],[-157.983579,21.456802],[-157.983581,21.456809],[-157.983583,21.456816],[-157.983584,21.456824],[-157.983584,21.456832],[-157.983584,21.456854],[-157.983584,21.45686],[-157.983589,21.456887],[-157.983596,21.456906],[-157.983596,21.456916],[-157.983596,21.456924],[-157.983596,21.456931],[-157.983598,21.456937],[-157.983598,21.456948],[-157.983599,21.456968],[-157.9836,21.456978],[-157.9836,21.456985],[-157.983599,21.456995],[-157.983596,21.45701],[-157.983593,21.457027],[-157.98359,21.457037],[-157.983582,21.457055],[-157.983579,21.457066],[-157.983576,21.457076],[-157.983571,21.457085],[-157.983565,21.457096],[-157.983556,21.457105],[-157.983549,21.45711],[-157.98354,21.457115],[-157.983529,21.457124],[-157.98352,21.457132],[-157.983508,21.457144],[-157.983498,21.45715],[-157.98349,21.457157],[-157.983483,21.457163],[-157.983474,21.457173],[-157.983462,21.457182],[-157.983455,21.457185],[-157.983446,21.457192],[-157.98344,21.457198],[-157.983435,21.457203],[-157.983428,21.45721],[-157.983423,21.457217],[-157.983413,21.457228],[-157.983407,21.457234],[-157.983401,21.45724],[-157.983395,21.457246],[-157.983387,21.457254],[-157.983383,21.45726],[-157.983372,21.457272],[-157.983358,21.457285],[-157.983351,21.457291],[-157.983343,21.457297],[-157.983338,21.4573],[-157.983326,21.457308],[-157.983319,21.457314],[-157.983311,21.457318],[-157.983304,21.457321],[-157.983297,21.457323],[-157.983287,21.457327],[-157.983276,21.457332],[-157.983269,21.457335],[-157.983254,21.457342],[-157.98325,21.457343],[-157.983221,21.457357],[-157.98321,21.457362],[-157.983201,21.457364],[-157.983191,21.457368],[-157.983177,21.457374],[-157.983166,21.457377],[-157.983141,21.457385],[-157.983133,21.457388],[-157.983123,21.457391],[-157.98311,21.457396],[-157.983104,21.457399],[-157.983085,21.457405],[-157.983078,21.457408],[-157.983073,21.457409],[-157.983063,21.457413],[-157.983057,21.457415],[-157.983049,21.457419],[-157.983042,21.457421],[-157.983032,21.457425],[-157.983026,21.457428],[-157.983015,21.457432],[-157.983008,21.457435],[-157.983002,21.457438],[-157.982995,21.457443],[-157.982989,21.457446],[-157.982984,21.457448],[-157.982978,21.45745],[-157.982963,21.457456],[-157.982958,21.457458],[-157.982949,21.457458],[-157.982935,21.457461],[-157.982928,21.457463],[-157.982921,21.457465],[-157.982911,21.457468],[-157.982898,21.457472],[-157.982891,21.457475],[-157.982882,21.457479],[-157.98287,21.457483],[-157.98286,21.457487],[-157.982849,21.457491],[-157.98284,21.457495],[-157.982829,21.4575],[-157.982821,21.457504],[-157.982814,21.457507],[-157.982807,21.45751],[-157.982803,21.457514],[-157.982795,21.457521],[-157.98279,21.457524],[-157.982785,21.457529],[-157.982772,21.45754],[-157.982766,21.457545],[-157.982761,21.457549],[-157.982755,21.457553],[-157.98275,21.457556],[-157.982741,21.457562],[-157.982735,21.457565],[-157.982729,21.45757],[-157.982725,21.457574],[-157.982717,21.457582],[-157.982709,21.457591],[-157.9827,21.4576],[-157.982697,21.457604],[-157.982693,21.45761],[-157.982689,21.457616],[-157.982684,21.457624],[-157.982678,21.457633],[-157.982674,21.45764],[-157.982669,21.457649],[-157.982664,21.457657],[-157.982662,21.457659],[-157.982653,21.457667],[-157.982647,21.457673],[-157.982641,21.457682],[-157.982636,21.457688],[-157.982631,21.457695],[-157.982629,21.457699],[-157.982626,21.457704],[-157.98262,21.457713],[-157.982616,21.45772],[-157.982614,21.457723],[-157.982609,21.45773],[-157.982607,21.457735],[-157.982604,21.45774],[-157.982601,21.457743],[-157.982598,21.457748],[-157.982595,21.457751],[-157.98259,21.457757],[-157.982584,21.457765],[-157.982577,21.457773],[-157.982573,21.457784],[-157.982566,21.457791],[-157.982561,21.457798],[-157.982557,21.457803],[-157.982551,21.457811],[-157.982549,21.457817],[-157.982547,21.45782],[-157.982544,21.457826],[-157.98254,21.457832],[-157.982536,21.45784],[-157.982534,21.457845],[-157.982532,21.457849],[-157.98253,21.457856],[-157.982529,21.457859],[-157.982528,21.457869],[-157.982527,21.457874],[-157.982526,21.457879],[-157.982526,21.457884],[-157.982524,21.457891],[-157.982524,21.457896],[-157.982523,21.457903],[-157.982525,21.457907],[-157.982524,21.457911],[-157.982523,21.457917],[-157.982522,21.457923],[-157.98252,21.457928],[-157.982518,21.457934],[-157.982518,21.457938],[-157.982517,21.457944],[-157.982517,21.457947],[-157.982515,21.457952],[-157.982516,21.457957],[-157.982516,21.457964],[-157.982516,21.457969],[-157.982518,21.457973],[-157.982519,21.457978],[-157.98252,21.457982],[-157.982521,21.457987],[-157.982523,21.457992],[-157.982527,21.457998],[-157.982532,21.458002],[-157.982539,21.458005],[-157.982546,21.458008],[-157.982551,21.45801],[-157.982561,21.458011],[-157.982566,21.458012],[-157.982569,21.458013],[-157.982581,21.458013],[-157.982587,21.458011],[-157.982593,21.458011],[-157.982601,21.458007],[-157.982609,21.458004],[-157.982617,21.458001],[-157.982623,21.457998],[-157.982629,21.457997],[-157.982635,21.457995],[-157.982642,21.45799],[-157.982645,21.457989],[-157.982651,21.457988],[-157.982658,21.457987],[-157.982662,21.457985],[-157.982669,21.457985],[-157.982674,21.457984],[-157.982679,21.457984],[-157.982684,21.457984],[-157.98269,21.457983],[-157.982697,21.457981],[-157.982702,21.45798],[-157.98271,21.457978],[-157.982717,21.457977],[-157.982721,21.457976],[-157.982729,21.457974],[-157.982734,21.457972],[-157.982741,21.457972],[-157.982745,21.457972],[-157.982751,21.457969],[-157.982761,21.457967],[-157.982767,21.457965],[-157.982771,21.457964],[-157.98278,21.457962],[-157.982786,21.45796],[-157.982792,21.457958],[-157.982801,21.457956],[-157.982809,21.457952],[-157.982814,21.457951],[-157.982825,21.457946],[-157.982831,21.457945],[-157.982836,21.457945],[-157.982843,21.457944],[-157.982848,21.457943],[-157.982858,21.457942],[-157.982865,21.45794],[-157.982876,21.457936],[-157.982881,21.457935],[-157.982887,21.457935],[-157.982894,21.457934],[-157.9829,21.457934],[-157.982905,21.457933],[-157.982909,21.457932],[-157.982914,21.457932],[-157.98292,21.457932],[-157.982925,21.457931],[-157.98294,21.45793],[-157.982946,21.45793],[-157.98295,21.457931],[-157.982955,21.45793],[-157.982967,21.45793],[-157.982975,21.457929],[-157.982988,21.457928],[-157.982999,21.45793],[-157.983004,21.45793],[-157.983012,21.457931],[-157.983017,21.457934],[-157.983028,21.457934],[-157.983036,21.457935],[-157.983054,21.457935],[-157.983069,21.457937],[-157.983075,21.457939],[-157.983088,21.457938],[-157.983098,21.457935],[-157.983107,21.457934],[-157.983126,21.457937],[-157.983138,21.457938],[-157.983146,21.457942],[-157.983154,21.457944],[-157.983165,21.457948],[-157.983177,21.457953],[-157.9832,21.457962],[-157.983223,21.457968],[-157.983235,21.457968],[-157.983243,21.457967],[-157.983252,21.457968],[-157.983261,21.457968],[-157.983268,21.457969],[-157.983279,21.457968],[-157.983287,21.457967],[-157.983295,21.457968],[-157.983304,21.457969],[-157.983313,21.45797],[-157.983319,21.457971],[-157.983327,21.457973],[-157.983332,21.457973],[-157.983341,21.457975],[-157.983347,21.457976],[-157.983356,21.457979],[-157.983371,21.457982],[-157.983379,21.457982],[-157.983388,21.457984],[-157.983397,21.457986],[-157.983421,21.457988],[-157.983435,21.457988],[-157.983445,21.457987],[-157.983452,21.457988],[-157.983463,21.457985],[-157.983469,21.457983],[-157.983476,21.457982],[-157.983487,21.45798],[-157.983494,21.457978],[-157.983501,21.457975],[-157.983518,21.457969],[-157.983523,21.457969],[-157.983531,21.457967],[-157.98354,21.457965],[-157.983546,21.457964],[-157.983553,21.457963],[-157.983577,21.457957],[-157.983584,21.457955],[-157.983588,21.457953],[-157.983596,21.45795],[-157.983607,21.457948],[-157.983618,21.457944],[-157.983637,21.457939],[-157.983649,21.457936],[-157.983659,21.457934],[-157.98367,21.457931],[-157.983684,21.457928],[-157.983692,21.457926],[-157.983702,21.457923],[-157.983714,21.45792],[-157.983722,21.457917],[-157.983731,21.457915],[-157.983743,21.457912],[-157.983769,21.457905],[-157.983775,21.457904],[-157.983786,21.457902],[-157.983796,21.4579],[-157.983802,21.4579],[-157.983823,21.457898],[-157.983827,21.457897],[-157.983834,21.457895],[-157.983843,21.457894],[-157.983848,21.457893],[-157.983876,21.457889],[-157.983885,21.457886],[-157.983892,21.457884],[-157.983912,21.457879],[-157.983922,21.457877],[-157.98393,21.457876],[-157.983944,21.457873],[-157.983963,21.457867],[-157.983979,21.457866],[-157.983996,21.457865],[-157.98401,21.457863],[-157.984024,21.457861],[-157.984039,21.457863],[-157.984056,21.457861],[-157.984073,21.457859],[-157.984079,21.457858],[-157.984089,21.457855],[-157.984099,21.457853],[-157.98412,21.457851],[-157.984132,21.457848],[-157.984143,21.457846],[-157.984153,21.457844],[-157.984165,21.45784],[-157.984172,21.457837],[-157.984178,21.457836],[-157.984192,21.457833],[-157.984213,21.457828],[-157.984221,21.457825],[-157.984233,21.457822],[-157.984255,21.457816],[-157.984269,21.457811],[-157.984287,21.457803],[-157.984311,21.457792],[-157.984321,21.457788],[-157.98434,21.45778],[-157.984355,21.457769],[-157.984378,21.457757],[-157.984389,21.457751],[-157.984396,21.457746],[-157.984413,21.457735],[-157.984427,21.457725],[-157.98443,21.457721],[-157.984448,21.457711],[-157.984466,21.457706],[-157.984476,21.457703],[-157.984493,21.457695],[-157.984502,21.457692],[-157.984511,21.457689],[-157.984521,21.457684],[-157.984537,21.457677],[-157.984544,21.457675],[-157.98455,21.457674],[-157.984571,21.45767],[-157.984588,21.457662],[-157.984603,21.457657],[-157.984615,21.457653],[-157.984643,21.457643],[-157.984657,21.457639],[-157.984671,21.457636],[-157.984676,21.457635],[-157.984685,21.457636],[-157.9847,21.457635],[-157.984713,21.457634],[-157.984741,21.457632],[-157.98475,21.45763],[-157.984756,21.457629],[-157.984761,21.457628],[-157.98477,21.457627],[-157.984781,21.457624],[-157.984799,21.457622],[-157.984811,21.457621],[-157.984849,21.457617],[-157.984862,21.457615],[-157.98487,21.457613],[-157.984882,21.457613],[-157.984903,21.45761],[-157.984915,21.457608],[-157.984922,21.457608],[-157.984939,21.457616],[-157.984953,21.457616],[-157.98497,21.457617],[-157.984978,21.457617],[-157.984988,21.457615],[-157.984999,21.457611],[-157.985007,21.457609],[-157.985019,21.457605],[-157.985027,21.457603],[-157.985043,21.457599],[-157.985055,21.457596],[-157.985065,21.457594],[-157.985076,21.457592],[-157.985084,21.457591],[-157.98509,21.45759],[-157.985104,21.457585],[-157.985122,21.457576],[-157.985129,21.457572],[-157.985143,21.457563],[-157.985163,21.457553],[-157.985169,21.45755],[-157.98518,21.457543],[-157.985188,21.45754],[-157.985197,21.457533],[-157.985206,21.457527],[-157.985215,21.457524],[-157.985226,21.45752],[-157.985231,21.457519],[-157.985244,21.457513],[-157.985253,21.457509],[-157.985263,21.457506],[-157.985274,21.457502],[-157.98529,21.457496],[-157.985304,21.45749],[-157.985312,21.457488],[-157.985321,21.457482],[-157.985329,21.457477],[-157.985344,21.457471],[-157.98536,21.457464],[-157.985364,21.457462],[-157.985367,21.457459],[-157.985383,21.45745],[-157.985396,21.457444],[-157.985406,21.457437],[-157.985415,21.457433],[-157.985421,21.45743],[-157.985432,21.457425],[-157.98544,21.457423],[-157.985463,21.457419],[-157.985473,21.457417],[-157.985487,21.457412],[-157.985502,21.457404],[-157.985529,21.457398],[-157.985542,21.457396],[-157.985561,21.457393],[-157.985576,21.457391],[-157.985584,21.457391],[-157.985594,21.457388],[-157.9856,21.457386],[-157.985608,21.457382],[-157.985615,21.45738],[-157.985628,21.457379],[-157.985632,21.457378],[-157.985652,21.457375],[-157.985664,21.457374],[-157.985687,21.457368],[-157.985697,21.457366],[-157.985709,21.457363],[-157.98572,21.45736],[-157.985744,21.457356],[-157.985755,21.457352],[-157.985762,21.457351],[-157.985776,21.457346],[-157.985786,21.457343],[-157.985816,21.457334],[-157.985828,21.457334],[-157.985838,21.457332],[-157.985855,21.457327],[-157.985871,21.457322],[-157.985883,21.45732],[-157.985891,21.457317],[-157.985909,21.457314],[-157.985917,21.457313],[-157.985927,21.457311],[-157.985939,21.457308],[-157.985946,21.457306],[-157.985958,21.457305],[-157.985965,21.457303],[-157.985974,21.4573],[-157.985983,21.4573],[-157.98599,21.457299],[-157.986009,21.457295],[-157.986033,21.457288],[-157.986041,21.457285],[-157.986059,21.457281],[-157.986069,21.457278],[-157.986077,21.457277],[-157.986087,21.457274],[-157.986095,21.457272],[-157.986103,21.457271],[-157.986129,21.457265],[-157.986143,21.457258],[-157.986152,21.457256],[-157.986165,21.457252],[-157.986171,21.45725],[-157.98618,21.457248],[-157.986187,21.457246],[-157.986198,21.457243],[-157.986205,21.457242],[-157.986219,21.457239],[-157.986223,21.457238],[-157.986232,21.457235],[-157.986242,21.457233],[-157.986253,21.457232],[-157.98626,21.457231],[-157.986268,21.457228],[-157.986278,21.457227],[-157.98629,21.457225],[-157.986303,21.457222],[-157.986316,21.45722],[-157.98633,21.457216],[-157.986345,21.457215],[-157.986355,21.457214],[-157.986374,21.457212],[-157.986384,21.457211],[-157.986399,21.457212],[-157.986406,21.457212],[-157.98642,21.457212],[-157.986433,21.457215],[-157.986468,21.457214],[-157.986485,21.457214],[-157.986508,21.457216],[-157.986545,21.457216],[-157.986554,21.45722],[-157.986561,21.45722],[-157.986569,21.457218],[-157.98658,21.457218],[-157.98659,21.457219],[-157.986598,21.457218],[-157.986607,21.457217],[-157.98663,21.457219],[-157.986637,21.457218],[-157.986644,21.457218],[-157.986655,21.45722],[-157.986663,21.457222],[-157.986673,21.457222],[-157.986688,21.457224],[-157.986697,21.457224],[-157.986706,21.457222],[-157.986718,21.457221],[-157.986735,21.457218],[-157.986741,21.457216],[-157.986754,21.457213],[-157.986765,21.45721],[-157.986772,21.457207],[-157.986784,21.457204],[-157.986796,21.457201],[-157.98681,21.457199],[-157.986826,21.457196],[-157.986834,21.457195],[-157.986838,21.457194],[-157.986856,21.45719],[-157.986889,21.45718],[-157.986896,21.457178],[-157.986907,21.457175],[-157.986919,21.457173],[-157.986927,21.457172],[-157.986933,21.457172],[-157.986939,21.457171],[-157.986953,21.457169],[-157.986958,21.457169],[-157.986969,21.457167],[-157.98698,21.457164],[-157.986988,21.457163],[-157.987,21.45716],[-157.987011,21.457157],[-157.987018,21.457155],[-157.987033,21.457148],[-157.987041,21.457142],[-157.987053,21.457138],[-157.987064,21.457133],[-157.987077,21.457127],[-157.987097,21.45712],[-157.987105,21.457118],[-157.987111,21.457116],[-157.987128,21.457106],[-157.987139,21.457103],[-157.987153,21.457093],[-157.987166,21.457084],[-157.987173,21.45708],[-157.987186,21.457067],[-157.987191,21.457064],[-157.987211,21.45705],[-157.987218,21.457047],[-157.987233,21.457028],[-157.987236,21.457022],[-157.987244,21.45701],[-157.987249,21.457001],[-157.987257,21.456989],[-157.98726,21.456985],[-157.987269,21.456973],[-157.987277,21.456964],[-157.987282,21.456955],[-157.987283,21.456952],[-157.987286,21.456947],[-157.987292,21.456942],[-157.987287,21.456942],[-157.987289,21.456936],[-157.987293,21.456929],[-157.987303,21.45692],[-157.987313,21.456908],[-157.987319,21.456901],[-157.987324,21.456894],[-157.98733,21.456889],[-157.987335,21.456882],[-157.987343,21.456869],[-157.987351,21.456856],[-157.987355,21.456847],[-157.98736,21.456838],[-157.987364,21.456831],[-157.987367,21.456824],[-157.987374,21.456813],[-157.987379,21.4568],[-157.987382,21.456794],[-157.987387,21.456784],[-157.987394,21.456773],[-157.9874,21.456766],[-157.987404,21.456763],[-157.987408,21.456757],[-157.987413,21.45675],[-157.987422,21.456735],[-157.987427,21.456727],[-157.987434,21.456716],[-157.987443,21.456704],[-157.987449,21.456695],[-157.987455,21.456687],[-157.987461,21.456681],[-157.987464,21.456676],[-157.987476,21.456663],[-157.987479,21.456655],[-157.987483,21.456647],[-157.987491,21.456639],[-157.987497,21.456633],[-157.987509,21.456619],[-157.987517,21.45661],[-157.98752,21.456607],[-157.987528,21.456598],[-157.987531,21.456593],[-157.987536,21.456584],[-157.987543,21.456571],[-157.987549,21.456562],[-157.987557,21.456548],[-157.987564,21.456536],[-157.987575,21.456517],[-157.987581,21.456506],[-157.987592,21.456483],[-157.987598,21.456477],[-157.987611,21.456457],[-157.987619,21.456443],[-157.987626,21.456428],[-157.98763,21.456412],[-157.987638,21.456397],[-157.987642,21.456393],[-157.987647,21.456386],[-157.98765,21.45638],[-157.987656,21.456371],[-157.987665,21.456358],[-157.987673,21.45634],[-157.987678,21.45632],[-157.98768,21.45631],[-157.987686,21.456299],[-157.987695,21.456282],[-157.98771,21.456242],[-157.987715,21.456221],[-157.98772,21.456207],[-157.987725,21.456191],[-157.98773,21.456179],[-157.987737,21.45616],[-157.987748,21.456141],[-157.987751,21.456138],[-157.987758,21.456126],[-157.987772,21.456107],[-157.987776,21.4561],[-157.987784,21.456088],[-157.987796,21.456075],[-157.987802,21.456069],[-157.987812,21.456059],[-157.987823,21.456048],[-157.987832,21.45604],[-157.987843,21.456032],[-157.987867,21.456014],[-157.987889,21.455993],[-157.987902,21.455975],[-157.987912,21.455967],[-157.987918,21.455962],[-157.987928,21.455952],[-157.987935,21.455946],[-157.987948,21.455936],[-157.987959,21.455929],[-157.987968,21.455924],[-157.987988,21.455911],[-157.987998,21.455905],[-157.988018,21.455895],[-157.988035,21.455882],[-157.988051,21.455868],[-157.988057,21.455864],[-157.988071,21.455854],[-157.988082,21.455846],[-157.988093,21.45584],[-157.988101,21.455836],[-157.988123,21.455823],[-157.988135,21.455818],[-157.98815,21.45581],[-157.988158,21.455805],[-157.988167,21.455799],[-157.988197,21.455784],[-157.988214,21.455776],[-157.988221,21.455773],[-157.988238,21.455765],[-157.988249,21.455758],[-157.988258,21.45575],[-157.988278,21.455737],[-157.988291,21.455729],[-157.988328,21.455703],[-157.988342,21.455694],[-157.988358,21.455681],[-157.988372,21.455672],[-157.988384,21.455664],[-157.988396,21.455655],[-157.988413,21.455632],[-157.988423,21.455619],[-157.988435,21.455601],[-157.988451,21.455581],[-157.988465,21.455567],[-157.988472,21.455559],[-157.988482,21.455547],[-157.988495,21.455531],[-157.98851,21.455518],[-157.98852,21.455511],[-157.988551,21.455491],[-157.988568,21.455482],[-157.988583,21.455474],[-157.988633,21.455443],[-157.988648,21.455433],[-157.988674,21.455405],[-157.988709,21.455374],[-157.988721,21.455359],[-157.988726,21.455353],[-157.98874,21.455339],[-157.988751,21.45533],[-157.988762,21.455318],[-157.988776,21.455309],[-157.988821,21.45528],[-157.988836,21.455269],[-157.988846,21.455263],[-157.988856,21.455257],[-157.988869,21.455249],[-157.988878,21.455244],[-157.988898,21.455226],[-157.988914,21.455216],[-157.988932,21.455204],[-157.988946,21.455198],[-157.988959,21.455192],[-157.988983,21.455182],[-157.988988,21.455181],[-157.989003,21.455176],[-157.989018,21.455174],[-157.989035,21.455173],[-157.989041,21.455175],[-157.989047,21.455179],[-157.989069,21.455187],[-157.98909,21.455209],[-157.989097,21.455223],[-157.989099,21.455233],[-157.989101,21.455242],[-157.989102,21.455257],[-157.989108,21.455271],[-157.989111,21.455278],[-157.989118,21.45529],[-157.989123,21.455299],[-157.989125,21.455303],[-157.989127,21.455312],[-157.98913,21.455318],[-157.989138,21.455329],[-157.989141,21.455337],[-157.989145,21.455347],[-157.989148,21.455353],[-157.989151,21.455362],[-157.989158,21.455375],[-157.989162,21.455382],[-157.989168,21.455392],[-157.989173,21.455402],[-157.989183,21.455417],[-157.989188,21.455426],[-157.989191,21.45543],[-157.989197,21.455437],[-157.989202,21.455444],[-157.989208,21.455453],[-157.989215,21.455463],[-157.98922,21.455468],[-157.989229,21.455474],[-157.989244,21.455487],[-157.989257,21.455503],[-157.98927,21.455513],[-157.989279,21.455519],[-157.989287,21.455525],[-157.989295,21.455531],[-157.989301,21.455535],[-157.989309,21.455542],[-157.989318,21.455551],[-157.989324,21.455556],[-157.989329,21.45556],[-157.989335,21.455565],[-157.989346,21.455568],[-157.989355,21.455573],[-157.989369,21.455581],[-157.989376,21.455584],[-157.989385,21.45559],[-157.989396,21.455595],[-157.989405,21.4556],[-157.989416,21.455607],[-157.989425,21.455614],[-157.989438,21.455621],[-157.989446,21.455626],[-157.989459,21.455631],[-157.98947,21.455633],[-157.989485,21.455639],[-157.989496,21.455643],[-157.989511,21.455649],[-157.989532,21.455653],[-157.989552,21.455655],[-157.989596,21.455659],[-157.989604,21.455659],[-157.989732,21.455965],[-157.989928,21.456425],[-157.990001,21.456623],[-157.990311,21.457474],[-157.990299,21.457478],[-157.990284,21.457483],[-157.990267,21.457485],[-157.990245,21.457489],[-157.99023,21.457493],[-157.990183,21.457504],[-157.990169,21.457507],[-157.990164,21.457509],[-157.990153,21.457511],[-157.990106,21.457513],[-157.990095,21.457517],[-157.990084,21.457517],[-157.990068,21.45752],[-157.990046,21.457522],[-157.990033,21.457522],[-157.990018,21.457523],[-157.989994,21.457523],[-157.989954,21.457513],[-157.989928,21.457507],[-157.989905,21.4575],[-157.989882,21.457491],[-157.989868,21.457486],[-157.989854,21.457483],[-157.989843,21.457477],[-157.989809,21.457457],[-157.989794,21.457451],[-157.989769,21.457442],[-157.989761,21.457439],[-157.989745,21.457436],[-157.989735,21.457432],[-157.989718,21.457431],[-157.989706,21.457432],[-157.989692,21.457433],[-157.989684,21.457433],[-157.989678,21.457433],[-157.989652,21.457436],[-157.989623,21.45744],[-157.989611,21.457443],[-157.989598,21.457446],[-157.989587,21.45745],[-157.98957,21.457458],[-157.989541,21.457469],[-157.989523,21.457474],[-157.989515,21.457477],[-157.989474,21.457497],[-157.989452,21.457505],[-157.989442,21.45751],[-157.989416,21.45752],[-157.989402,21.457523],[-157.989393,21.457525],[-157.989383,21.457529],[-157.989363,21.457533],[-157.989356,21.457535],[-157.989327,21.457542],[-157.989295,21.45756],[-157.989266,21.457567],[-157.989248,21.457573],[-157.989227,21.457574],[-157.989221,21.457574],[-157.989209,21.457579],[-157.989195,21.457585],[-157.989186,21.457591],[-157.98918,21.457594],[-157.989163,21.457601],[-157.989124,21.457615],[-157.98911,21.457617],[-157.9891,21.457619],[-157.989094,21.457621],[-157.98908,21.457624],[-157.989063,21.457631],[-157.989042,21.45764],[-157.989032,21.457645],[-157.989023,21.457646],[-157.989009,21.45765],[-157.988998,21.457651],[-157.98899,21.457653],[-157.988978,21.457655],[-157.98897,21.457655],[-157.98896,21.457654],[-157.988949,21.457654],[-157.988927,21.457656],[-157.988917,21.457655],[-157.988907,21.457655],[-157.988893,21.457652],[-157.988884,21.45765],[-157.988875,21.457649],[-157.988865,21.457647],[-157.988859,21.457646],[-157.988834,21.457643],[-157.988825,21.457641],[-157.988817,21.457638],[-157.988807,21.457637],[-157.9888,21.457637],[-157.98879,21.457637],[-157.988781,21.457636],[-157.988773,21.457635],[-157.988767,21.457632],[-157.988753,21.457629],[-157.988746,21.457627],[-157.988735,21.457624],[-157.988728,21.457622],[-157.988718,21.45762],[-157.988703,21.457618],[-157.988691,21.457615],[-157.988683,21.457614],[-157.988671,21.457611],[-157.988663,21.457609],[-157.988656,21.457608],[-157.988646,21.457606],[-157.988643,21.457604],[-157.988635,21.457601],[-157.988627,21.457598],[-157.988617,21.457595],[-157.988598,21.457591],[-157.988586,21.457587],[-157.988574,21.457585],[-157.988567,21.457584],[-157.988554,21.457583],[-157.988544,21.45758],[-157.988534,21.45758],[-157.988524,21.457577],[-157.988513,21.457577],[-157.988501,21.457579],[-157.98849,21.457583],[-157.988486,21.457581],[-157.988477,21.457586],[-157.988454,21.457591],[-157.98844,21.457595],[-157.98842,21.457599],[-157.988413,21.4576],[-157.988399,21.4576],[-157.988387,21.457601],[-157.98838,21.457603],[-157.988369,21.457606],[-157.988356,21.457608],[-157.988348,21.457609],[-157.98833,21.457614],[-157.988323,21.457618],[-157.988308,21.457622],[-157.988293,21.457629],[-157.988284,21.457633],[-157.988261,21.457642],[-157.988256,21.457645],[-157.988227,21.457658],[-157.98822,21.457661],[-157.988203,21.457671],[-157.988194,21.457675],[-157.988181,21.457688],[-157.988177,21.457691],[-157.988164,21.457701],[-157.988149,21.457706],[-157.988129,21.457715],[-157.988117,21.457719],[-157.988106,21.457724],[-157.988093,21.457726],[-157.988079,21.457729],[-157.988073,21.45773],[-157.988055,21.457735],[-157.988045,21.457736],[-157.988034,21.457739],[-157.988014,21.457749],[-157.988005,21.457754],[-157.987994,21.457756],[-157.987988,21.457757],[-157.987975,21.457761],[-157.987968,21.457762],[-157.987964,21.457763],[-157.98796,21.457765],[-157.98795,21.457769],[-157.98794,21.45777],[-157.987915,21.457773],[-157.987903,21.457772],[-157.98789,21.457772],[-157.987871,21.457771],[-157.987852,21.457767],[-157.98782,21.457762],[-157.987806,21.457763],[-157.987798,21.457763],[-157.987789,21.457765],[-157.987779,21.457765],[-157.987755,21.457767],[-157.987733,21.457779],[-157.98772,21.457786],[-157.987711,21.457797],[-157.987703,21.457802],[-157.987689,21.457813],[-157.98768,21.457826],[-157.987676,21.45783],[-157.987668,21.457842],[-157.987662,21.45785],[-157.987653,21.45786],[-157.987645,21.457872],[-157.98764,21.457877],[-157.987636,21.457882],[-157.987631,21.45789],[-157.987625,21.457899],[-157.987618,21.457911],[-157.987613,21.457924],[-157.9876,21.457943],[-157.987593,21.457953],[-157.987587,21.457964],[-157.987579,21.457975],[-157.987576,21.457984],[-157.987575,21.457991],[-157.987559,21.458027],[-157.987558,21.458033],[-157.987557,21.458041],[-157.987553,21.45805],[-157.987551,21.458059],[-157.987547,21.458067],[-157.987536,21.458078],[-157.987529,21.458093],[-157.987523,21.458104],[-157.98752,21.458112],[-157.987514,21.458121],[-157.987503,21.458134],[-157.987497,21.458141],[-157.987491,21.458149],[-157.987449,21.458196],[-157.987439,21.458207],[-157.987415,21.458234],[-157.987398,21.458248],[-157.987393,21.458252],[-157.987382,21.458261],[-157.987373,21.458269],[-157.987364,21.458275],[-157.987349,21.458285],[-157.98734,21.458292],[-157.987334,21.458296],[-157.987326,21.4583],[-157.987294,21.458314],[-157.987284,21.458321],[-157.987271,21.458328],[-157.987253,21.458337],[-157.987241,21.458343],[-157.987223,21.45835],[-157.987213,21.458354],[-157.987205,21.458358],[-157.987195,21.458364],[-157.987191,21.458367],[-157.987184,21.458373],[-157.987161,21.458385],[-157.987144,21.458395],[-157.987131,21.458403],[-157.987124,21.458407],[-157.987113,21.458413],[-157.987104,21.458419],[-157.987095,21.458424],[-157.987084,21.458428],[-157.987075,21.458431],[-157.987059,21.458438],[-157.987049,21.458442],[-157.987021,21.458458],[-157.986996,21.45847],[-157.986986,21.458474],[-157.986975,21.458474],[-157.986963,21.458481],[-157.986949,21.458492],[-157.986939,21.458499],[-157.986932,21.458506],[-157.986921,21.458514],[-157.98691,21.458522],[-157.986902,21.458528],[-157.986893,21.458535],[-157.986883,21.458541],[-157.986878,21.458547],[-157.986872,21.458554],[-157.986866,21.45856],[-157.986858,21.458567],[-157.986851,21.458574],[-157.986842,21.458589],[-157.986833,21.458607],[-157.986824,21.458624],[-157.986822,21.458635],[-157.986806,21.458668],[-157.986802,21.458677],[-157.986797,21.458688],[-157.986794,21.458699],[-157.98679,21.458709],[-157.986786,21.458717],[-157.986782,21.458728],[-157.986776,21.458741],[-157.986772,21.458753],[-157.986768,21.458762],[-157.986765,21.458772],[-157.986761,21.458783],[-157.98676,21.458789],[-157.986757,21.458796],[-157.986756,21.458802],[-157.986751,21.458814],[-157.986738,21.45884],[-157.986736,21.458848],[-157.986734,21.458853],[-157.98673,21.458863],[-157.986722,21.458881],[-157.986716,21.458892],[-157.986711,21.458901],[-157.986709,21.458906],[-157.9867,21.458916],[-157.986688,21.458926],[-157.986684,21.458929],[-157.98668,21.458933],[-157.986673,21.458941],[-157.986669,21.458946],[-157.986653,21.458963],[-157.986645,21.45897],[-157.986641,21.458977],[-157.986635,21.458983],[-157.986623,21.458996],[-157.986618,21.459],[-157.98661,21.459009],[-157.986599,21.459017],[-157.986597,21.45902],[-157.986579,21.459033],[-157.98657,21.459041],[-157.986559,21.45905],[-157.986551,21.459057],[-157.986534,21.459066],[-157.986516,21.459077],[-157.98651,21.459082],[-157.986495,21.459094],[-157.986489,21.459097],[-157.986485,21.459101],[-157.986472,21.459117],[-157.986462,21.459122],[-157.986454,21.459126],[-157.986442,21.459131],[-157.986432,21.459137],[-157.986423,21.459141],[-157.986415,21.459147],[-157.98641,21.45915],[-157.986405,21.459154],[-157.986399,21.459157],[-157.986387,21.459162],[-157.986377,21.459168],[-157.986367,21.459172],[-157.986359,21.459176],[-157.986349,21.459181],[-157.986331,21.459187],[-157.986308,21.459195],[-157.9863,21.459197],[-157.986292,21.4592],[-157.986283,21.459203],[-157.986275,21.459205],[-157.986265,21.45921],[-157.986258,21.459213],[-157.986251,21.459217],[-157.986245,21.45922],[-157.986236,21.459225],[-157.986225,21.459229],[-157.986214,21.459234],[-157.986209,21.459237],[-157.986206,21.459239],[-157.986196,21.459244],[-157.986187,21.459251],[-157.98618,21.459258],[-157.986161,21.459276],[-157.986152,21.45928],[-157.986145,21.459285],[-157.986128,21.459295],[-157.986117,21.459301],[-157.986105,21.459307],[-157.986095,21.459312],[-157.986079,21.459319],[-157.986066,21.459328],[-157.986053,21.459335],[-157.986036,21.459344],[-157.986029,21.459349],[-157.986019,21.459355],[-157.986012,21.459359],[-157.986002,21.459366],[-157.985993,21.459372],[-157.985984,21.459378],[-157.985976,21.459383],[-157.985959,21.459396],[-157.985944,21.459406],[-157.985932,21.459412],[-157.985924,21.459418],[-157.985903,21.459433],[-157.9859,21.459435],[-157.985895,21.459438],[-157.985888,21.459442],[-157.985872,21.459451],[-157.985849,21.459467],[-157.985839,21.459471],[-157.985829,21.459475],[-157.985813,21.459484],[-157.985801,21.459487],[-157.985784,21.459491],[-157.985763,21.459495],[-157.985755,21.459497],[-157.985745,21.4595],[-157.985729,21.459507],[-157.985713,21.459512],[-157.985691,21.459513],[-157.985676,21.459515],[-157.985666,21.459519],[-157.985647,21.459526],[-157.985628,21.459534],[-157.985619,21.459537],[-157.985584,21.459533],[-157.985574,21.459532],[-157.985565,21.459532],[-157.985552,21.45953],[-157.985533,21.459526],[-157.985517,21.459525],[-157.985497,21.45952],[-157.985482,21.459516],[-157.985447,21.459509],[-157.985435,21.459507],[-157.985425,21.459506],[-157.985411,21.459505],[-157.985395,21.459505],[-157.98538,21.459503],[-157.985367,21.459501],[-157.985362,21.459499],[-157.985339,21.459496],[-157.985326,21.459494],[-157.985311,21.459493],[-157.985297,21.459492],[-157.985286,21.45949],[-157.98527,21.459491],[-157.985257,21.459488],[-157.985235,21.459485],[-157.985224,21.459482],[-157.985208,21.459481],[-157.985196,21.459476],[-157.985178,21.45947],[-157.985164,21.459465],[-157.985142,21.459456],[-157.985129,21.459451],[-157.985107,21.459448],[-157.985103,21.459447],[-157.985085,21.459445],[-157.985074,21.459444],[-157.985056,21.459444],[-157.985047,21.459443],[-157.985019,21.459442],[-157.985004,21.459439],[-157.984992,21.459438],[-157.984983,21.459437],[-157.984971,21.459437],[-157.984965,21.459437],[-157.984945,21.459437],[-157.984928,21.459439],[-157.984911,21.459441],[-157.984878,21.459444],[-157.984853,21.459448],[-157.984838,21.459451],[-157.984827,21.459453],[-157.984818,21.459455],[-157.984803,21.459459],[-157.984794,21.459461],[-157.984786,21.459463],[-157.98476,21.459468],[-157.98475,21.459471],[-157.984737,21.459476],[-157.984721,21.459481],[-157.984713,21.459482],[-157.984693,21.459492],[-157.984677,21.459499],[-157.984666,21.459504],[-157.984657,21.459507],[-157.984646,21.459513],[-157.984639,21.459516],[-157.98463,21.459521],[-157.984623,21.459525],[-157.984612,21.459533],[-157.984604,21.459537],[-157.984599,21.459539],[-157.984587,21.459545],[-157.98458,21.459548],[-157.984566,21.459556],[-157.984541,21.459572],[-157.984534,21.459577],[-157.984514,21.45959],[-157.984503,21.459598],[-157.98448,21.459621],[-157.984471,21.459628],[-157.984465,21.459633],[-157.984456,21.459641],[-157.984449,21.459647],[-157.984441,21.459652],[-157.984434,21.459657],[-157.984424,21.459665],[-157.984416,21.459672],[-157.984398,21.459689],[-157.98439,21.459696],[-157.984382,21.459703],[-157.98436,21.459722],[-157.984357,21.459725],[-157.984348,21.459733],[-157.984338,21.459737],[-157.984321,21.45975],[-157.984311,21.459756],[-157.984298,21.459766],[-157.984286,21.459773],[-157.984277,21.45978],[-157.984268,21.459785],[-157.984256,21.459794],[-157.984246,21.459801],[-157.984241,21.459805],[-157.984235,21.45981],[-157.984227,21.459821],[-157.984218,21.45983],[-157.984215,21.459834],[-157.984207,21.459842],[-157.984202,21.459846],[-157.98419,21.459853],[-157.984181,21.459859],[-157.984178,21.459862],[-157.984167,21.459869],[-157.984158,21.459877],[-157.984151,21.459883],[-157.984143,21.45989],[-157.984135,21.459897],[-157.984121,21.45991],[-157.984118,21.459913],[-157.98411,21.45992],[-157.984102,21.459928],[-157.984096,21.459933],[-157.984088,21.459939],[-157.984084,21.459944],[-157.984069,21.459958],[-157.984063,21.459964],[-157.984058,21.459969],[-157.984042,21.459982],[-157.984038,21.459988],[-157.984032,21.459993],[-157.984027,21.459998],[-157.984022,21.460002],[-157.984016,21.460008],[-157.984005,21.46002],[-157.983998,21.460027],[-157.983994,21.460032],[-157.983989,21.460036],[-157.983984,21.46004],[-157.983978,21.460046],[-157.983974,21.46005],[-157.983969,21.460055],[-157.983963,21.460062],[-157.983958,21.460066],[-157.98395,21.460074],[-157.983942,21.460082],[-157.983934,21.460089],[-157.983928,21.460094],[-157.983924,21.460098],[-157.983921,21.460102],[-157.983914,21.46011],[-157.98391,21.460114],[-157.983903,21.460121],[-157.983898,21.460125],[-157.983893,21.460131],[-157.983887,21.460135],[-157.983881,21.460142],[-157.983875,21.460149],[-157.983866,21.46016],[-157.98386,21.460168],[-157.983854,21.460175],[-157.983852,21.460177],[-157.983841,21.46019],[-157.983835,21.460198],[-157.983823,21.460214],[-157.983825,21.460221],[-157.98381,21.460237],[-157.983808,21.460244],[-157.983805,21.460251],[-157.983804,21.460257],[-157.983801,21.460264],[-157.983796,21.460272],[-157.983791,21.460283],[-157.983785,21.460296],[-157.983784,21.4603],[-157.98378,21.460316],[-157.983775,21.460324],[-157.98377,21.460331],[-157.983767,21.460339],[-157.983764,21.460347],[-157.983762,21.460353],[-157.98376,21.460365],[-157.983759,21.46037],[-157.983755,21.460383],[-157.98375,21.460396],[-157.983747,21.460405],[-157.983745,21.460411],[-157.983741,21.460424],[-157.983736,21.460433],[-157.983733,21.460441],[-157.983729,21.460452],[-157.983726,21.460462],[-157.983725,21.46047],[-157.983724,21.460477],[-157.983719,21.460494],[-157.983716,21.460507],[-157.983712,21.460517],[-157.98371,21.460524],[-157.983706,21.460536],[-157.983703,21.460546],[-157.9837,21.46056],[-157.983697,21.460566],[-157.98369,21.460583],[-157.98368,21.460603],[-157.983676,21.460614],[-157.983673,21.460621],[-157.983669,21.460633],[-157.983668,21.460642],[-157.983667,21.46066],[-157.983664,21.460672],[-157.983662,21.460681],[-157.983661,21.460688],[-157.983659,21.460697],[-157.983657,21.460703],[-157.983653,21.460709],[-157.983651,21.460711],[-157.983645,21.460719],[-157.983631,21.460736],[-157.983624,21.460746],[-157.983618,21.460754],[-157.983612,21.460765],[-157.983607,21.460774],[-157.983602,21.460778],[-157.983594,21.460787],[-157.983584,21.460802],[-157.983577,21.460807],[-157.983567,21.460816],[-157.983561,21.460822],[-157.983552,21.460829],[-157.983542,21.460835],[-157.983536,21.460838],[-157.98353,21.460841],[-157.983522,21.460844],[-157.983517,21.460847],[-157.983509,21.460852],[-157.983498,21.460856],[-157.983492,21.460862],[-157.983479,21.460869],[-157.98347,21.460873],[-157.983464,21.460877],[-157.983453,21.46088],[-157.983445,21.460883],[-157.983436,21.460888],[-157.983429,21.460891],[-157.983423,21.460894],[-157.983415,21.460897],[-157.983407,21.460898],[-157.983403,21.460901],[-157.983397,21.460902],[-157.983393,21.460906],[-157.983387,21.460908],[-157.98338,21.460911],[-157.983375,21.460914],[-157.983361,21.460917],[-157.983353,21.46092],[-157.983343,21.460923],[-157.983338,21.460924],[-157.983326,21.460928],[-157.983319,21.460931],[-157.98331,21.460932],[-157.9833,21.460934],[-157.983292,21.460935],[-157.983279,21.460936],[-157.983269,21.460937],[-157.983261,21.460938],[-157.98325,21.460935],[-157.983238,21.460938],[-157.983231,21.460938],[-157.983219,21.460938],[-157.983213,21.460939],[-157.983204,21.460936],[-157.983193,21.460935],[-157.983182,21.460936],[-157.983178,21.460936],[-157.983172,21.460936],[-157.983165,21.460936],[-157.983156,21.460938],[-157.983148,21.460938],[-157.983136,21.460936],[-157.983128,21.460935],[-157.983122,21.460934],[-157.983105,21.460935],[-157.983101,21.460934],[-157.983089,21.460934],[-157.983082,21.460933],[-157.983072,21.460931],[-157.983064,21.460929],[-157.983054,21.460927],[-157.98304,21.460924],[-157.983028,21.460922],[-157.983013,21.460923],[-157.983006,21.460922],[-157.982994,21.460918],[-157.982979,21.460915],[-157.982972,21.460913],[-157.982964,21.460912],[-157.982953,21.46091],[-157.98294,21.460907],[-157.982933,21.460906],[-157.982927,21.460905],[-157.982922,21.460903],[-157.982913,21.460902],[-157.982901,21.4609],[-157.982889,21.460898],[-157.982879,21.460897],[-157.982869,21.460896],[-157.982854,21.460894],[-157.98284,21.460891],[-157.982833,21.46089],[-157.982823,21.460889],[-157.982807,21.460886],[-157.982797,21.460884],[-157.982768,21.460874],[-157.982756,21.46087],[-157.982742,21.460866],[-157.982727,21.460863],[-157.982715,21.460859],[-157.982707,21.460857],[-157.982698,21.460856],[-157.982688,21.460852],[-157.982681,21.46085],[-157.982669,21.460849],[-157.982659,21.460847],[-157.982648,21.460846],[-157.982637,21.460845],[-157.982626,21.460845],[-157.982617,21.460845],[-157.982606,21.460848],[-157.982601,21.460848],[-157.982595,21.460847],[-157.982579,21.460848],[-157.982572,21.460849],[-157.98256,21.460847],[-157.98255,21.460848],[-157.982538,21.460846],[-157.982525,21.460846],[-157.982511,21.460847],[-157.982498,21.460848],[-157.982489,21.460846],[-157.982481,21.460844],[-157.982469,21.460844],[-157.982452,21.460842],[-157.98244,21.460842],[-157.982429,21.460845],[-157.982421,21.460848],[-157.982413,21.460849],[-157.9824,21.460851],[-157.982395,21.46085],[-157.982383,21.460846],[-157.982374,21.460844],[-157.982361,21.46084],[-157.982357,21.46084],[-157.982339,21.460832],[-157.98233,21.460832],[-157.982317,21.460829],[-157.982304,21.460827],[-157.982297,21.460826],[-157.982285,21.460824],[-157.982273,21.46082],[-157.982264,21.460818],[-157.982254,21.460815],[-157.982244,21.460812],[-157.982231,21.460807],[-157.982217,21.460804],[-157.982207,21.460802],[-157.982195,21.460803],[-157.982184,21.460803],[-157.98217,21.460803],[-157.982156,21.46081],[-157.98215,21.460812],[-157.982134,21.460814],[-157.982127,21.460818],[-157.982118,21.460821],[-157.982106,21.460823],[-157.9821,21.460825],[-157.982083,21.460826],[-157.982066,21.460826],[-157.982051,21.460824],[-157.982044,21.460822],[-157.982033,21.460826],[-157.982006,21.460834],[-157.981993,21.460832],[-157.98198,21.46083],[-157.981965,21.460831],[-157.981951,21.460835],[-157.981934,21.460834],[-157.981912,21.460831],[-157.981903,21.46083],[-157.981886,21.460828],[-157.981866,21.460824],[-157.981855,21.460823],[-157.981842,21.460824],[-157.981824,21.460828],[-157.981812,21.460829],[-157.981796,21.460829],[-157.981774,21.460824],[-157.981763,21.460826],[-157.981747,21.460828],[-157.981736,21.460829],[-157.981722,21.46083],[-157.981709,21.460832],[-157.981694,21.460831],[-157.981678,21.460828],[-157.981654,21.460826],[-157.981646,21.460825],[-157.98164,21.460824],[-157.981629,21.460821],[-157.98162,21.46082],[-157.981613,21.460819],[-157.981606,21.46082],[-157.981594,21.460821],[-157.981589,21.460823],[-157.981584,21.460826],[-157.981581,21.460825],[-157.98157,21.460824],[-157.981559,21.460827],[-157.981549,21.460825],[-157.98154,21.46082],[-157.981521,21.460816],[-157.981513,21.460815],[-157.981505,21.460812],[-157.981489,21.460809],[-157.981482,21.460807],[-157.981475,21.460805],[-157.98147,21.460805],[-157.981457,21.460806],[-157.981447,21.46081],[-157.981434,21.460814],[-157.981423,21.460819],[-157.98141,21.460821],[-157.981401,21.460824],[-157.981398,21.460825],[-157.981386,21.460828],[-157.981378,21.46083],[-157.981366,21.460833],[-157.981357,21.460838],[-157.981346,21.460844],[-157.981334,21.460846],[-157.98133,21.460849],[-157.981326,21.460852],[-157.981317,21.460859],[-157.981307,21.460868],[-157.981295,21.460873],[-157.981279,21.460881],[-157.981268,21.460886],[-157.981257,21.460892],[-157.981247,21.460897],[-157.981236,21.460902],[-157.981231,21.460905],[-157.981223,21.460911],[-157.981209,21.460919],[-157.981197,21.460928],[-157.981185,21.460937],[-157.981179,21.460944],[-157.981172,21.460953],[-157.981157,21.460971],[-157.981146,21.460989],[-157.981141,21.460987],[-157.981131,21.460996],[-157.981124,21.461006],[-157.981116,21.461017],[-157.981108,21.461029],[-157.981102,21.461037],[-157.981096,21.461044],[-157.981086,21.461052],[-157.981073,21.46106],[-157.981069,21.461063],[-157.981066,21.461067],[-157.981057,21.461075],[-157.981052,21.461081],[-157.981043,21.461088],[-157.981042,21.461091],[-157.981035,21.461098],[-157.981026,21.461107],[-157.981022,21.461111],[-157.981015,21.461114],[-157.981005,21.461122],[-157.980997,21.461125],[-157.980985,21.461133],[-157.980976,21.461136],[-157.980969,21.461139],[-157.980963,21.461141],[-157.980954,21.461142],[-157.980946,21.461143],[-157.980925,21.461146],[-157.980911,21.461148],[-157.9809,21.461151],[-157.980877,21.461149],[-157.980864,21.461153],[-157.980856,21.461155],[-157.980847,21.461155],[-157.980841,21.461157],[-157.980836,21.461158],[-157.980827,21.461162],[-157.980816,21.461166],[-157.980809,21.461167],[-157.980802,21.461169],[-157.980795,21.46117],[-157.980789,21.461172],[-157.980778,21.461176],[-157.980772,21.461178],[-157.980759,21.461178],[-157.98075,21.461177],[-157.980745,21.461177],[-157.980736,21.461176],[-157.980724,21.461176],[-157.980716,21.461176],[-157.980702,21.46118],[-157.980695,21.461178],[-157.980685,21.461175],[-157.980676,21.461175],[-157.980666,21.461174],[-157.980655,21.461174],[-157.980644,21.461171],[-157.980638,21.461169],[-157.98063,21.461167],[-157.980622,21.461166],[-157.980614,21.461163],[-157.9806,21.461159],[-157.980589,21.461157],[-157.980579,21.461155],[-157.980563,21.461152],[-157.980549,21.461147],[-157.980528,21.461141],[-157.980519,21.461137],[-157.98051,21.461132],[-157.980502,21.461127],[-157.980496,21.461122],[-157.980487,21.461113],[-157.980472,21.461093],[-157.980465,21.461085],[-157.980461,21.46108],[-157.980455,21.461073],[-157.980452,21.461069],[-157.980442,21.461064],[-157.980433,21.461059],[-157.980418,21.461049],[-157.980408,21.461044],[-157.980391,21.461033],[-157.980382,21.461029],[-157.980371,21.461027],[-157.980363,21.461021],[-157.980356,21.461014],[-157.980351,21.461011],[-157.980342,21.461004],[-157.980335,21.460997],[-157.980332,21.460995],[-157.980322,21.460989],[-157.980315,21.460985],[-157.980302,21.46098],[-157.980296,21.460979],[-157.980282,21.460975],[-157.980274,21.460976],[-157.980263,21.460978],[-157.980251,21.46098],[-157.98024,21.460983],[-157.980237,21.460986],[-157.980215,21.460999],[-157.980202,21.461007],[-157.980186,21.461014],[-157.980176,21.461018],[-157.980166,21.46102],[-157.980155,21.461022],[-157.980145,21.461024],[-157.980131,21.461024],[-157.98012,21.461025],[-157.980101,21.461023],[-157.980089,21.46102],[-157.980078,21.461017],[-157.980067,21.461012],[-157.980058,21.461006],[-157.98005,21.461],[-157.980038,21.460992],[-157.980031,21.460987],[-157.98002,21.460981],[-157.980008,21.460975],[-157.979997,21.460969],[-157.979986,21.460963],[-157.979975,21.460959],[-157.979968,21.460957],[-157.97996,21.460956],[-157.979946,21.460951],[-157.979934,21.460945],[-157.979925,21.46094],[-157.979914,21.460936],[-157.979898,21.460929],[-157.979888,21.460926],[-157.979866,21.460919],[-157.979849,21.460911],[-157.979837,21.460905],[-157.979824,21.460901],[-157.979816,21.460899],[-157.9798,21.460893],[-157.979789,21.460889],[-157.979775,21.460884],[-157.979763,21.46088],[-157.979756,21.460879],[-157.979746,21.460877],[-157.979733,21.460873],[-157.979721,21.460871],[-157.979711,21.460869],[-157.979701,21.460866],[-157.979689,21.460861],[-157.97968,21.460857],[-157.979668,21.460852],[-157.979656,21.460848],[-157.979647,21.460844],[-157.979639,21.46084],[-157.979624,21.460834],[-157.979602,21.460823],[-157.979589,21.460816],[-157.97958,21.460811],[-157.97957,21.460805],[-157.979557,21.460799],[-157.97955,21.460798],[-157.979538,21.460794],[-157.979528,21.460788],[-157.979515,21.460784],[-157.979499,21.460774],[-157.979485,21.460766],[-157.979474,21.460758],[-157.979461,21.460748],[-157.97945,21.46074],[-157.979433,21.46073],[-157.979424,21.460725],[-157.979403,21.460707],[-157.97939,21.460696],[-157.979378,21.46069],[-157.97937,21.460685],[-157.979363,21.460679],[-157.979356,21.460673],[-157.979345,21.460665],[-157.979318,21.460649],[-157.979309,21.460642],[-157.979287,21.460624],[-157.979281,21.460617],[-157.979274,21.460612],[-157.979263,21.460604],[-157.979254,21.460597],[-157.979245,21.460592],[-157.979237,21.460587],[-157.979221,21.460576],[-157.979214,21.46057],[-157.979208,21.460566],[-157.979197,21.460556],[-157.979184,21.460543],[-157.979172,21.460531],[-157.979166,21.460525],[-157.979158,21.460516],[-157.979147,21.460509],[-157.979136,21.460502],[-157.979124,21.460494],[-157.979115,21.460491],[-157.979104,21.460482],[-157.979093,21.460475],[-157.979084,21.460469],[-157.979052,21.460451],[-157.979041,21.460448],[-157.979032,21.460447],[-157.979017,21.460443],[-157.979009,21.46044],[-157.979,21.460438],[-157.978981,21.460428],[-157.978952,21.460406],[-157.978937,21.460388],[-157.978927,21.460381],[-157.978911,21.460386],[-157.978903,21.460385],[-157.978889,21.460385],[-157.978883,21.460386],[-157.978862,21.460385],[-157.978847,21.460385],[-157.978827,21.460385],[-157.978816,21.460383],[-157.978801,21.460382],[-157.978787,21.46038],[-157.978772,21.460377],[-157.978762,21.460376],[-157.978746,21.460375],[-157.978736,21.460372],[-157.97872,21.460368],[-157.978707,21.460364],[-157.978694,21.460359],[-157.978683,21.460358],[-157.978672,21.460355],[-157.978659,21.460354],[-157.978649,21.46035],[-157.978634,21.460344],[-157.97862,21.460339],[-157.978611,21.460334],[-157.978595,21.460325],[-157.978579,21.46031],[-157.978571,21.460302],[-157.978566,21.460296],[-157.978555,21.460286],[-157.978541,21.460274],[-157.978528,21.460259],[-157.978516,21.46025],[-157.978508,21.460243],[-157.9785,21.460237],[-157.978488,21.460227],[-157.978479,21.460216],[-157.978463,21.460205],[-157.978446,21.4602],[-157.978431,21.460204],[-157.978407,21.460208],[-157.978398,21.460211],[-157.978332,21.460249],[-157.978313,21.46026],[-157.9783,21.460263],[-157.978294,21.460268],[-157.978287,21.460274],[-157.978279,21.46028],[-157.978266,21.460292],[-157.97809,21.460414],[-157.978078,21.460425],[-157.978063,21.46043],[-157.978047,21.460437],[-157.978031,21.460447],[-157.978013,21.460458],[-157.978002,21.460464],[-157.977984,21.460472],[-157.977975,21.460477],[-157.97796,21.460482],[-157.977952,21.460486],[-157.977938,21.460488],[-157.977929,21.460491],[-157.977918,21.460493],[-157.977905,21.460495],[-157.977893,21.460497],[-157.977883,21.460496],[-157.977877,21.460497],[-157.977868,21.460498],[-157.977855,21.460497],[-157.977836,21.460496],[-157.977818,21.460496],[-157.977777,21.460491],[-157.977766,21.460489],[-157.977737,21.460482],[-157.977721,21.460478],[-157.977712,21.460477],[-157.97769,21.460471],[-157.977683,21.46047],[-157.977666,21.460466],[-157.97765,21.460463],[-157.977638,21.46046],[-157.977623,21.460458],[-157.977595,21.460451],[-157.977578,21.460446],[-157.977564,21.46044],[-157.977553,21.460434],[-157.977532,21.460427],[-157.977515,21.460416],[-157.977501,21.460404],[-157.977494,21.460401],[-157.977489,21.460396],[-157.977309,21.460339],[-157.977235,21.460316],[-157.977232,21.460309],[-157.977218,21.460311],[-157.977212,21.46031],[-157.977199,21.460308],[-157.977184,21.460306],[-157.977179,21.460307],[-157.97717,21.460307],[-157.977167,21.460307],[-157.977153,21.460307],[-157.97714,21.460307],[-157.977131,21.460307],[-157.977012,21.460312],[-157.976975,21.460314],[-157.97696,21.460314],[-157.976946,21.460315],[-157.976939,21.460315],[-157.976931,21.460316],[-157.976917,21.460318],[-157.976907,21.460318],[-157.976902,21.460318],[-157.976893,21.46032],[-157.976879,21.460322],[-157.976856,21.460324],[-157.976843,21.460325],[-157.976825,21.460326],[-157.976817,21.460327],[-157.976807,21.460328],[-157.976803,21.460328],[-157.976791,21.460329],[-157.976778,21.460331],[-157.976774,21.46033],[-157.976765,21.46033],[-157.976751,21.46033],[-157.976743,21.46033],[-157.976731,21.460334],[-157.976722,21.460333],[-157.976711,21.460333],[-157.976693,21.460333],[-157.976683,21.460333],[-157.97652,21.460352],[-157.976378,21.46036],[-157.976271,21.460365],[-157.976233,21.460361],[-157.976218,21.460362],[-157.976205,21.460362],[-157.976183,21.46036],[-157.976167,21.460358],[-157.97616,21.460357],[-157.976144,21.460352],[-157.976128,21.460348],[-157.976093,21.460342],[-157.976088,21.460342],[-157.976074,21.460339],[-157.97606,21.460337],[-157.97605,21.460335],[-157.976033,21.460334],[-157.976024,21.460333],[-157.976009,21.460333],[-157.975994,21.460333],[-157.975983,21.460335],[-157.975975,21.460337],[-157.975968,21.460341],[-157.975944,21.460375],[-157.975934,21.460386],[-157.97592,21.460399],[-157.975911,21.460406],[-157.9759,21.460415],[-157.975885,21.460428],[-157.975874,21.460441],[-157.975863,21.460452],[-157.975863,21.460443],[-157.975853,21.46045],[-157.975846,21.460456],[-157.97583,21.460464],[-157.97582,21.460473],[-157.975805,21.460486],[-157.975796,21.460491],[-157.975785,21.460499],[-157.975776,21.460505],[-157.975771,21.460506],[-157.975764,21.460509],[-157.975753,21.460515],[-157.975737,21.460525],[-157.975725,21.460529],[-157.975706,21.460533],[-157.975699,21.460537],[-157.975692,21.460541],[-157.975688,21.460542],[-157.975677,21.460543],[-157.975667,21.460546],[-157.975662,21.460547],[-157.975648,21.460547],[-157.975638,21.460548],[-157.975621,21.460548],[-157.975611,21.460549],[-157.975605,21.460551],[-157.975591,21.460552],[-157.975582,21.460552],[-157.975573,21.460551],[-157.975566,21.460551],[-157.975556,21.460552],[-157.975545,21.460553],[-157.975538,21.460553],[-157.975522,21.460552],[-157.975498,21.460551],[-157.975488,21.46055],[-157.975477,21.460548],[-157.975459,21.460548],[-157.975452,21.460546],[-157.975439,21.460543],[-157.975427,21.460541],[-157.975421,21.460541],[-157.975399,21.460539],[-157.975376,21.460538],[-157.975364,21.460539],[-157.97535,21.460538],[-157.975338,21.460538],[-157.975331,21.460538],[-157.975301,21.460538],[-157.975293,21.460541],[-157.975289,21.460543],[-157.975278,21.460543],[-157.975266,21.460546],[-157.975256,21.460548],[-157.975246,21.46055],[-157.975239,21.460552],[-157.975224,21.460556],[-157.975203,21.460562],[-157.975184,21.460566],[-157.975173,21.460572],[-157.975164,21.460576],[-157.975153,21.46058],[-157.97514,21.460585],[-157.975125,21.46059],[-157.975106,21.460598],[-157.975091,21.460603],[-157.975078,21.460606],[-157.975067,21.460611],[-157.975055,21.460616],[-157.975045,21.46062],[-157.97504,21.460623],[-157.975031,21.460631],[-157.975025,21.460637],[-157.975017,21.460642],[-157.975007,21.460648],[-157.974982,21.460661],[-157.974967,21.460669],[-157.974957,21.460675],[-157.974952,21.460679],[-157.974942,21.460687],[-157.97493,21.460698],[-157.97492,21.460704],[-157.974894,21.460723],[-157.974886,21.460729],[-157.974872,21.460742],[-157.974864,21.460748],[-157.974851,21.460756],[-157.974845,21.46076],[-157.97482,21.460771],[-157.974816,21.460773],[-157.974788,21.460785],[-157.974784,21.460787],[-157.974729,21.460813],[-157.974694,21.460831],[-157.974683,21.460835],[-157.974672,21.460838],[-157.974661,21.460843],[-157.974656,21.460846],[-157.974643,21.460849],[-157.974633,21.460852],[-157.974617,21.460857],[-157.974598,21.460865],[-157.97459,21.46087],[-157.97458,21.460877],[-157.974576,21.46088],[-157.974564,21.460887],[-157.974554,21.460893],[-157.974539,21.460902],[-157.974528,21.460911],[-157.974525,21.460917],[-157.974517,21.460931],[-157.974506,21.460944],[-157.974495,21.460953],[-157.974491,21.460958],[-157.974484,21.460964],[-157.974474,21.460977],[-157.974466,21.460986],[-157.974464,21.460989],[-157.974461,21.460993],[-157.974458,21.460998],[-157.974454,21.461002],[-157.974456,21.461019],[-157.974453,21.461029],[-157.974453,21.461034],[-157.974457,21.461042],[-157.97446,21.461053],[-157.974462,21.46106],[-157.974464,21.461073],[-157.974467,21.461081],[-157.974469,21.46109],[-157.974471,21.461094],[-157.974475,21.461101],[-157.974485,21.461113],[-157.974495,21.461125],[-157.974502,21.461135],[-157.974508,21.461142],[-157.974512,21.461147],[-157.974518,21.461154],[-157.974527,21.46116],[-157.974534,21.461165],[-157.974546,21.461173],[-157.974564,21.461182],[-157.97457,21.461185],[-157.974581,21.46119],[-157.974591,21.461194],[-157.974604,21.461203],[-157.974611,21.461207],[-157.974618,21.461212],[-157.974626,21.461218],[-157.974638,21.461227],[-157.974655,21.461237],[-157.974667,21.461242],[-157.974696,21.46126],[-157.974708,21.461265],[-157.974721,21.461269],[-157.974735,21.461274],[-157.974754,21.461282],[-157.974766,21.461289],[-157.974784,21.461298],[-157.974796,21.461303],[-157.974817,21.461312],[-157.974828,21.461317],[-157.974847,21.461324],[-157.974866,21.46133],[-157.974878,21.461335],[-157.974896,21.461338],[-157.974906,21.461341],[-157.974917,21.461342],[-157.974926,21.461343],[-157.974941,21.461345],[-157.974954,21.461347],[-157.974969,21.461348],[-157.974981,21.461349],[-157.974991,21.461351],[-157.975005,21.461353],[-157.975015,21.461355],[-157.975023,21.461357],[-157.975033,21.461358],[-157.975043,21.461361],[-157.975059,21.461364],[-157.975073,21.461366],[-157.975083,21.461368],[-157.975089,21.461369],[-157.975111,21.461376],[-157.975122,21.461379],[-157.975138,21.461383],[-157.975158,21.461386],[-157.975178,21.461388],[-157.975194,21.461392],[-157.975207,21.461394],[-157.975225,21.461399],[-157.975245,21.461403],[-157.975249,21.461404],[-157.975261,21.461407],[-157.975274,21.461409],[-157.975287,21.461413],[-157.975295,21.461413],[-157.975316,21.461416],[-157.97533,21.461421],[-157.975341,21.461425],[-157.975359,21.461431],[-157.975384,21.461445],[-157.975402,21.461454],[-157.975418,21.461462],[-157.975425,21.461466],[-157.975458,21.461477],[-157.975468,21.461479],[-157.975495,21.461493],[-157.975511,21.461504],[-157.975524,21.461515],[-157.975535,21.461526],[-157.975545,21.461535],[-157.975551,21.461543],[-157.975578,21.461567],[-157.975588,21.461576],[-157.975607,21.461591],[-157.975621,21.461601],[-157.97563,21.461608],[-157.975647,21.461623],[-157.975665,21.461634],[-157.975675,21.46164],[-157.975682,21.461644],[-157.975694,21.461656],[-157.975709,21.461659],[-157.975724,21.461668],[-157.975732,21.461675],[-157.975765,21.461699],[-157.975778,21.461708],[-157.975784,21.461713],[-157.975797,21.46172],[-157.975812,21.461731],[-157.975826,21.46174],[-157.975841,21.461747],[-157.975861,21.461755],[-157.975882,21.461763],[-157.975898,21.46177],[-157.975917,21.461777],[-157.975933,21.461783],[-157.975946,21.461785],[-157.975963,21.461787],[-157.975985,21.461791],[-157.976005,21.461794],[-157.976014,21.461795],[-157.976039,21.461794],[-157.976063,21.461793],[-157.976085,21.461791],[-157.976094,21.461789],[-157.976108,21.461788],[-157.976122,21.461789],[-157.976143,21.46179],[-157.976158,21.461787],[-157.976179,21.461783],[-157.976201,21.46178],[-157.976206,21.461779],[-157.976222,21.461776],[-157.976238,21.461775],[-157.976249,21.461774],[-157.976256,21.461767],[-157.976273,21.461769],[-157.976286,21.461771],[-157.976302,21.461771],[-157.976311,21.461771],[-157.976325,21.461772],[-157.976336,21.461772],[-157.976346,21.461771],[-157.976357,21.461771],[-157.976372,21.46177],[-157.976384,21.461768],[-157.976399,21.46177],[-157.976412,21.461769],[-157.976422,21.461768],[-157.976432,21.461767],[-157.976448,21.461766],[-157.976461,21.461769],[-157.976471,21.461772],[-157.976486,21.461773],[-157.976499,21.461774],[-157.976526,21.461775],[-157.976538,21.461776],[-157.976548,21.461777],[-157.976576,21.46178],[-157.97659,21.461783],[-157.976605,21.461787],[-157.976616,21.46179],[-157.976624,21.461792],[-157.97664,21.461795],[-157.976654,21.461798],[-157.976666,21.461804],[-157.976682,21.461808],[-157.976714,21.461822],[-157.976731,21.46183],[-157.976748,21.461837],[-157.976767,21.461846],[-157.976782,21.461853],[-157.976803,21.46186],[-157.976822,21.461868],[-157.976839,21.461875],[-157.976852,21.461882],[-157.976867,21.461889],[-157.976885,21.461897],[-157.97691,21.461902],[-157.976923,21.461906],[-157.976938,21.461911],[-157.976957,21.461913],[-157.976985,21.461921],[-157.977002,21.461924],[-157.977017,21.461928],[-157.977057,21.461935],[-157.977077,21.461939],[-157.977104,21.46194],[-157.977123,21.461943],[-157.977142,21.461943],[-157.977189,21.461948],[-157.977203,21.46195],[-157.977238,21.461951],[-157.97725,21.461952],[-157.977263,21.461956],[-157.977283,21.461959],[-157.9773,21.461961],[-157.977316,21.461962],[-157.977328,21.461964],[-157.97734,21.461965],[-157.977351,21.461963],[-157.977362,21.461961],[-157.977377,21.46196],[-157.977389,21.461959],[-157.977408,21.461961],[-157.977432,21.461965],[-157.977445,21.461967],[-157.977461,21.461969],[-157.977471,21.461969],[-157.977491,21.461963],[-157.97751,21.461962],[-157.977523,21.461963],[-157.977542,21.461965],[-157.977553,21.461967],[-157.977561,21.46197],[-157.977589,21.46197],[-157.97761,21.461967],[-157.977627,21.461966],[-157.977654,21.461966],[-157.977675,21.461967],[-157.977702,21.461971],[-157.977727,21.461976],[-157.977741,21.46198],[-157.977761,21.461988],[-157.977768,21.461992],[-157.977777,21.462002],[-157.977782,21.462018],[-157.977788,21.46203],[-157.977789,21.462039],[-157.977792,21.462048],[-157.977793,21.462059],[-157.977793,21.462072],[-157.977792,21.462081],[-157.977798,21.462115],[-157.977801,21.462125],[-157.977799,21.462141],[-157.977799,21.462156],[-157.977798,21.462167],[-157.977797,21.462178],[-157.977796,21.462189],[-157.977792,21.462199],[-157.977789,21.462205],[-157.977781,21.462225],[-157.977774,21.462236],[-157.97777,21.462243],[-157.97776,21.462255],[-157.977755,21.462263],[-157.977747,21.462273],[-157.977742,21.462282],[-157.977734,21.462294],[-157.97772,21.462314],[-157.97771,21.462329],[-157.977704,21.462337],[-157.977686,21.462354],[-157.977668,21.462371],[-157.977661,21.462377],[-157.977659,21.462379],[-157.977656,21.462386],[-157.977654,21.462403],[-157.977652,21.462413],[-157.977653,21.462432],[-157.977657,21.462446],[-157.977658,21.462453],[-157.977657,21.462464],[-157.977657,21.462469],[-157.977657,21.462476],[-157.977656,21.462498],[-157.977655,21.462508],[-157.977656,21.462524],[-157.977657,21.46253],[-157.977663,21.462554],[-157.977662,21.462564],[-157.977659,21.462572],[-157.977655,21.46258],[-157.977651,21.46259],[-157.977649,21.462596],[-157.977647,21.462601],[-157.977646,21.462606],[-157.977638,21.462627],[-157.977629,21.462645],[-157.977623,21.46265],[-157.977615,21.462654],[-157.977608,21.46266],[-157.977596,21.462667],[-157.977582,21.46268],[-157.977567,21.462697],[-157.977542,21.462727],[-157.977529,21.462738],[-157.97752,21.462748],[-157.977515,21.462751],[-157.977512,21.462753],[-157.977507,21.462756],[-157.977499,21.462761],[-157.977483,21.462771],[-157.977473,21.462775],[-157.977462,21.462781],[-157.977453,21.462784],[-157.977442,21.462787],[-157.977436,21.462788],[-157.977428,21.46279],[-157.977421,21.462792],[-157.977412,21.462793],[-157.977403,21.462796],[-157.977395,21.462798],[-157.977387,21.462801],[-157.977373,21.462806],[-157.977362,21.462809],[-157.977353,21.462812],[-157.977344,21.462817],[-157.977335,21.462822],[-157.977324,21.462827],[-157.977309,21.462832],[-157.97729,21.462837],[-157.977283,21.462838],[-157.977267,21.462843],[-157.977259,21.462845],[-157.977253,21.462847],[-157.977234,21.462855],[-157.977226,21.462857],[-157.97722,21.462859],[-157.977212,21.462861],[-157.977205,21.462862],[-157.977194,21.462864],[-157.977185,21.462865],[-157.977176,21.462865],[-157.977165,21.462865],[-157.977153,21.462865],[-157.977132,21.462868],[-157.977114,21.462872],[-157.977099,21.462874],[-157.977076,21.462874],[-157.977064,21.462874],[-157.97705,21.462874],[-157.977038,21.462874],[-157.977016,21.462876],[-157.977003,21.462877],[-157.97699,21.46288],[-157.976978,21.462881],[-157.97696,21.462882],[-157.976943,21.462882],[-157.976925,21.462881],[-157.976913,21.462881],[-157.976904,21.462881],[-157.976887,21.462882],[-157.976878,21.462887],[-157.976865,21.462894],[-157.97685,21.462902],[-157.976838,21.46291],[-157.976827,21.462915],[-157.976813,21.462925],[-157.976803,21.462936],[-157.976789,21.462947],[-157.976782,21.462953],[-157.976773,21.462961],[-157.976762,21.462969],[-157.976755,21.462979],[-157.976742,21.462993],[-157.976736,21.462998],[-157.976728,21.463004],[-157.976718,21.463011],[-157.976704,21.463022],[-157.976687,21.463028],[-157.976676,21.463033],[-157.976664,21.463037],[-157.976643,21.463043],[-157.976629,21.463047],[-157.976615,21.463051],[-157.9766,21.463053],[-157.976588,21.463056],[-157.976568,21.46306],[-157.976546,21.463064],[-157.976531,21.463067],[-157.976522,21.463067],[-157.97651,21.463064],[-157.976488,21.463056],[-157.976469,21.463049],[-157.976455,21.463045],[-157.976437,21.463041],[-157.976425,21.463037],[-157.976412,21.463031],[-157.976402,21.463027],[-157.976385,21.463022],[-157.976373,21.463017],[-157.976366,21.463014],[-157.976351,21.46301],[-157.976337,21.463006],[-157.976324,21.463002],[-157.976308,21.463001],[-157.976297,21.463],[-157.97629,21.462999],[-157.976284,21.462997],[-157.976273,21.462995],[-157.976258,21.462993],[-157.976245,21.462987],[-157.976231,21.462982],[-157.97621,21.462974],[-157.976194,21.462966],[-157.976177,21.462959],[-157.976169,21.462953],[-157.97615,21.462941],[-157.976129,21.46293],[-157.976115,21.462921],[-157.976105,21.462909],[-157.976092,21.4629],[-157.976075,21.462891]]],[[[-157.990099,21.448526],[-157.990455,21.448503],[-157.990389,21.448877],[-157.990265,21.44953],[-157.99026,21.449527],[-157.990253,21.449521],[-157.990246,21.449515],[-157.990241,21.449511],[-157.990232,21.449506],[-157.990221,21.449501],[-157.990208,21.449496],[-157.990202,21.449493],[-157.990198,21.449491],[-157.990192,21.449487],[-157.990186,21.449483],[-157.990176,21.449475],[-157.990171,21.449471],[-157.990165,21.449465],[-157.990159,21.44946],[-157.990152,21.449454],[-157.990145,21.449446],[-157.99014,21.449441],[-157.990135,21.449435],[-157.990127,21.449425],[-157.990123,21.449421],[-157.990118,21.449416],[-157.990105,21.449405],[-157.990099,21.4494],[-157.990092,21.449393],[-157.990085,21.449387],[-157.99008,21.44938],[-157.990073,21.449371],[-157.990064,21.449359],[-157.990058,21.449347],[-157.990054,21.44934],[-157.990048,21.449333],[-157.990043,21.449323],[-157.99003,21.449309],[-157.990029,21.449305],[-157.990025,21.449298],[-157.990023,21.449293],[-157.990018,21.449287],[-157.990011,21.44928],[-157.990002,21.449267],[-157.989996,21.449258],[-157.989991,21.449247],[-157.989987,21.449241],[-157.989979,21.449231],[-157.989975,21.449223],[-157.989971,21.449213],[-157.989968,21.449207],[-157.989965,21.449202],[-157.989962,21.449197],[-157.989958,21.44919],[-157.989954,21.449184],[-157.989949,21.449178],[-157.989946,21.44917],[-157.98994,21.449159],[-157.989937,21.449153],[-157.989932,21.449143],[-157.989927,21.449133],[-157.989924,21.449127],[-157.989921,21.449119],[-157.989916,21.449111],[-157.989912,21.449099],[-157.989907,21.449089],[-157.9899,21.449071],[-157.989897,21.449057],[-157.989894,21.449051],[-157.989893,21.449045],[-157.989891,21.449041],[-157.989889,21.449036],[-157.989886,21.449028],[-157.989883,21.449022],[-157.98988,21.449016],[-157.989877,21.449008],[-157.989873,21.448997],[-157.989872,21.448993],[-157.98987,21.448986],[-157.989866,21.448975],[-157.989856,21.448951],[-157.989853,21.448942],[-157.989851,21.44893],[-157.989848,21.44892],[-157.989845,21.448914],[-157.989841,21.448906],[-157.989841,21.448899],[-157.98984,21.448893],[-157.989839,21.448885],[-157.989838,21.448878],[-157.989837,21.448871],[-157.989836,21.448864],[-157.989837,21.448858],[-157.989838,21.448853],[-157.989838,21.448848],[-157.989835,21.44884],[-157.98983,21.44883],[-157.989827,21.448823],[-157.989948,21.448623],[-157.990099,21.448526]]]]},"properties":{}},{"type":"Feature","geometry":{"type":"Polygon","coordinates":[[[-158.022856,21.434041],[-158.022848,21.434036],[-158.022843,21.434033],[-158.022831,21.434026],[-158.022832,21.434026],[-158.022834,21.434027],[-158.022834,21.434027],[-158.022835,21.434028],[-158.022835,21.434028],[-158.022836,21.434029],[-158.022847,21.434033],[-158.022859,21.434036],[-158.022872,21.434038],[-158.022884,21.434038],[-158.022896,21.434036],[-158.022908,21.434033],[-158.022919,21.434028],[-158.02293,21.434022],[-158.022939,21.434015],[-158.022947,21.434006],[-158.022951,21.434001],[-158.022954,21.433997],[-158.022983,21.433955],[-158.023022,21.433896],[-158.023024,21.433893],[-158.023028,21.433887],[-158.023049,21.433853],[-158.023064,21.43383],[-158.023079,21.433807],[-158.023093,21.433784],[-158.023098,21.433776],[-158.023104,21.433765],[-158.023107,21.433761],[-158.02312,21.433738],[-158.023133,21.433714],[-158.023145,21.43369],[-158.023151,21.433678],[-158.023157,21.433666],[-158.023168,21.433642],[-158.023179,21.433618],[-158.023183,21.43361],[-158.02319,21.433593],[-158.0232,21.433568],[-158.02321,21.433544],[-158.023219,21.433518],[-158.023228,21.433493],[-158.023236,21.433468],[-158.023241,21.433453],[-158.023243,21.433446],[-158.023244,21.433442],[-158.023251,21.433417],[-158.023258,21.433391],[-158.023264,21.433365],[-158.02327,21.433339],[-158.023275,21.433313],[-158.02328,21.433289],[-158.023284,21.433261],[-158.023288,21.433235],[-158.02329,21.43322],[-158.023292,21.433209],[-158.023295,21.433182],[-158.023297,21.433156],[-158.023299,21.433129],[-158.023299,21.433125],[-158.0233,21.433106],[-158.0233,21.433103],[-158.023301,21.433076],[-158.023302,21.43305],[-158.023302,21.433023],[-158.023301,21.432997],[-158.023301,21.432991],[-158.0233,21.43297],[-158.023299,21.432944],[-158.023295,21.432918],[-158.023294,21.432891],[-158.023292,21.432878],[-158.023291,21.432865],[-158.02329,21.432859],[-158.023287,21.432839],[-158.023284,21.432812],[-158.023279,21.432786],[-158.023274,21.43276],[-158.023271,21.432743],[-158.023269,21.432734],[-158.023263,21.432708],[-158.023255,21.432683],[-158.023248,21.432657],[-158.023244,21.432638],[-158.023242,21.432631],[-158.023234,21.432606],[-158.023226,21.43258],[-158.023217,21.432554],[-158.023208,21.432531],[-158.023198,21.432505],[-158.023188,21.432481],[-158.023177,21.432454],[-158.023166,21.432431],[-158.023155,21.432407],[-158.023141,21.432384],[-158.023129,21.43236],[-158.023116,21.432336],[-158.023103,21.432313],[-158.02309,21.432289],[-158.023084,21.432279],[-158.023076,21.432266],[-158.023065,21.43225],[-158.023062,21.432244],[-158.023047,21.432221],[-158.02303,21.4322],[-158.023014,21.432178],[-158.022999,21.432156],[-158.022992,21.432147],[-158.022982,21.432134],[-158.022963,21.43211],[-158.022881,21.432019],[-158.022755,21.431869],[-158.022752,21.431865],[-158.022688,21.431789],[-158.022471,21.431531],[-158.022287,21.431311],[-158.02225,21.431268],[-158.022188,21.431195],[-158.022072,21.431056],[-158.02207,21.431053],[-158.02189,21.43084],[-158.021676,21.430587],[-158.021575,21.430466],[-158.021495,21.430371],[-158.021287,21.430124],[-158.021282,21.430119],[-158.021156,21.429968],[-158.021128,21.429936],[-158.021095,21.429901],[-158.020834,21.429588],[-158.020651,21.429371],[-158.020561,21.429264],[-158.020464,21.429148],[-158.020313,21.428958],[-158.020336,21.428941],[-158.019971,21.428509],[-158.01994,21.428475],[-158.019909,21.428442],[-158.019875,21.428411],[-158.019841,21.428381],[-158.019804,21.428352],[-158.018331,21.427233],[-158.018295,21.427207],[-158.018258,21.427182],[-158.018219,21.427159],[-158.01818,21.427137],[-158.018139,21.427117],[-158.018113,21.427166],[-158.01752,21.426885],[-158.017439,21.426654],[-158.016096,21.426539],[-158.016083,21.426539],[-158.014367,21.426529],[-158.013778,21.426585],[-158.012903,21.426669],[-158.013018,21.426044],[-158.012068,21.424208],[-158.013241,21.42374],[-158.013174,21.424472],[-158.015135,21.42537],[-158.018012,21.425907],[-158.018012,21.424802],[-158.018011,21.422765],[-158.018011,21.419817],[-158.018011,21.418421],[-158.01801,21.416224],[-158.014251,21.416224],[-158.014177,21.416224],[-158.014131,21.416224],[-158.014131,21.416224],[-158.014128,21.416215],[-158.013901,21.415425],[-158.013969,21.415256],[-158.014447,21.415055],[-158.014475,21.414879],[-158.014603,21.414073],[-158.014538,21.413463],[-158.014529,21.412687],[-158.014561,21.41213],[-158.014379,21.411609],[-158.01451,21.411333],[-158.014889,21.41077],[-158.015422,21.410308],[-158.015835,21.409644],[-158.015953,21.408768],[-158.017337,21.412854],[-158.019149,21.416667],[-158.020924,21.419484],[-158.02166,21.421268],[-158.021439,21.421268],[-158.021408,21.421268],[-158.018132,21.421268],[-158.018132,21.424711],[-158.018133,21.424742],[-158.018136,21.424772],[-158.018141,21.424803],[-158.018148,21.424833],[-158.018157,21.424863],[-158.018168,21.424892],[-158.018181,21.42492],[-158.018196,21.424948],[-158.018213,21.424974],[-158.018231,21.425],[-158.018251,21.425024],[-158.018273,21.425048],[-158.018296,21.42507],[-158.018321,21.42509],[-158.01833,21.425097],[-158.01833,21.425097],[-158.018422,21.425108],[-158.022507,21.423321],[-158.024816,21.428911],[-158.025778,21.431468],[-158.02572,21.43143],[-158.025624,21.43137],[-158.025599,21.431355],[-158.025544,21.431321],[-158.025459,21.431268],[-158.025415,21.431241],[-158.025384,21.431222],[-158.025286,21.431162],[-158.025197,21.431106],[-158.025168,21.431087],[-158.025125,21.431061],[-158.025044,21.43101],[-158.024987,21.430975],[-158.024969,21.430964],[-158.024916,21.43093],[-158.024788,21.430851],[-158.024669,21.430778],[-158.024663,21.430774],[-158.024657,21.43077],[-158.024539,21.430698],[-158.024413,21.430619],[-158.02429,21.430542],[-158.024167,21.430466],[-158.024158,21.43046],[-158.024046,21.43039],[-158.023811,21.430245],[-158.0238,21.430237],[-158.023617,21.430123],[-158.023546,21.43008],[-158.02349,21.430046],[-158.023479,21.430039],[-158.02325,21.429897],[-158.023317,21.430124],[-158.023371,21.430305],[-158.023388,21.430362],[-158.023487,21.430696],[-158.023537,21.430864],[-158.023556,21.430928],[-158.023647,21.431225],[-158.023686,21.431352],[-158.023717,21.431458],[-158.023733,21.431515],[-158.023734,21.431519],[-158.023746,21.431563],[-158.02376,21.431617],[-158.023772,21.431671],[-158.023776,21.431689],[-158.02378,21.431712],[-158.023783,21.431726],[-158.023792,21.43178],[-158.023803,21.431835],[-158.023812,21.43189],[-158.023816,21.431919],[-158.023819,21.431945],[-158.023825,21.431993],[-158.023825,21.431996],[-158.023825,21.432],[-158.023826,21.432008],[-158.023829,21.432044],[-158.02383,21.432055],[-158.023835,21.43211],[-158.023838,21.432166],[-158.02384,21.432221],[-158.023841,21.432276],[-158.023842,21.432332],[-158.023841,21.432387],[-158.023841,21.432391],[-158.023839,21.432443],[-158.023836,21.432498],[-158.023832,21.432553],[-158.023827,21.432608],[-158.023821,21.432663],[-158.023814,21.432718],[-158.023813,21.432728],[-158.023806,21.432773],[-158.023797,21.432828],[-158.023787,21.432883],[-158.023778,21.432927],[-158.023777,21.432932],[-158.023775,21.432937],[-158.023764,21.432991],[-158.02375,21.433045],[-158.023737,21.433099],[-158.023734,21.43311],[-158.023721,21.433153],[-158.023705,21.433206],[-158.023688,21.433259],[-158.023685,21.433272],[-158.02367,21.433312],[-158.02365,21.433364],[-158.023632,21.433417],[-158.02363,21.433424],[-158.023609,21.433468],[-158.023603,21.433483],[-158.023587,21.43352],[-158.023564,21.433571],[-158.02354,21.433621],[-158.023534,21.433634],[-158.023529,21.433645],[-158.023524,21.433654],[-158.023515,21.433672],[-158.02349,21.433721],[-158.023463,21.433771],[-158.023435,21.43382],[-158.02342,21.433845],[-158.023406,21.433868],[-158.023377,21.433916],[-158.023347,21.433964],[-158.023333,21.433985],[-158.02332,21.434004],[-158.023315,21.434011],[-158.023182,21.434207],[-158.023168,21.434227],[-158.023,21.434127],[-158.022975,21.434112],[-158.022858,21.434042],[-158.022856,21.434041]]]},"properties":{}},{"type":"Feature","geometry":{"type":"MultiPolygon","coordinates":[[[[-158.198032,21.460919],[-158.19813,21.460605],[-158.198249,21.460635],[-158.198304,21.460479],[-158.198717,21.460592],[-158.198712,21.46062],[-158.199079,21.46074],[-158.199047,21.460828],[-158.199067,21.460863],[-158.199086,21.460898],[-158.199103,21.460934],[-158.199118,21.460971],[-158.199131,21.461008],[-158.199143,21.461046],[-158.199153,21.461085],[-158.199161,21.461123],[-158.199244,21.461578],[-158.19913,21.461655],[-158.199114,21.461665],[-158.199189,21.46207],[-158.198665,21.46186],[-158.198978,21.461014],[-158.198032,21.460919]]],[[[-158.185533,21.462087],[-158.185601,21.459348],[-158.185624,21.458395],[-158.188003,21.457998],[-158.188145,21.457363],[-158.186888,21.455839],[-158.185829,21.455589],[-158.185031,21.454059],[-158.185326,21.453569],[-158.186317,21.451931],[-158.187079,21.452511],[-158.18771,21.451756],[-158.187726,21.451769],[-158.1879,21.451901],[-158.190009,21.453508],[-158.190735,21.454061],[-158.191054,21.454305],[-158.191063,21.454311],[-158.19259,21.455475],[-158.19259,21.455475],[-158.19259,21.455475],[-158.194147,21.456662],[-158.194148,21.456662],[-158.19441,21.456862],[-158.194387,21.457793],[-158.195361,21.457829],[-158.195363,21.457953],[-158.197844,21.458023],[-158.197849,21.458024],[-158.197865,21.458025],[-158.19788,21.458027],[-158.197894,21.458032],[-158.197908,21.458037],[-158.197919,21.458043],[-158.19793,21.458049],[-158.19794,21.458056],[-158.198041,21.458137],[-158.198023,21.458278],[-158.19802,21.458296],[-158.19802,21.458299],[-158.197834,21.459501],[-158.19783,21.459537],[-158.197828,21.459573],[-158.197828,21.459609],[-158.19783,21.459645],[-158.197834,21.459681],[-158.197841,21.459716],[-158.19785,21.459751],[-158.197861,21.459786],[-158.197874,21.45982],[-158.197889,21.459853],[-158.197906,21.459885],[-158.197925,21.459917],[-158.197946,21.459947],[-158.197969,21.459976],[-158.197994,21.460004],[-158.19802,21.460031],[-158.198048,21.460056],[-158.198077,21.460079],[-158.19783,21.460002],[-158.197852,21.460033],[-158.197877,21.460062],[-158.197902,21.46009],[-158.19793,21.460118],[-158.197958,21.460143],[-158.197669,21.461616],[-158.197472,21.461647],[-158.196897,21.461831],[-158.196534,21.461793],[-158.195057,21.46144],[-158.194297,21.460981],[-158.19236,21.460409],[-158.191499,21.460313],[-158.19143,21.460312],[-158.190044,21.460277],[-158.189266,21.460387],[-158.187617,21.460898],[-158.185533,21.462087]],[[-158.19695,21.46167],[-158.197196,21.461674],[-158.197247,21.461637],[-158.197397,21.461531],[-158.197247,21.461338],[-158.19724,21.461329],[-158.197038,21.461199],[-158.196931,21.461488],[-158.19695,21.46167]]]]},"properties":{}},{"type":"Feature","geometry":{"type":"Polygon","coordinates":[[[-158.014255,21.341234],[-158.012473,21.341399],[-158.011506,21.341307],[-158.009893,21.341952],[-158.008972,21.340201],[-158.008373,21.338957],[-158.007359,21.338266],[-158.005701,21.337529],[-158.004042,21.337529],[-158.001923,21.338082],[-158.00091,21.336746],[-157.999853,21.335614],[-157.999482,21.335917],[-157.999482,21.336424],[-157.99833,21.337069],[-157.997252,21.337632],[-157.994845,21.335889],[-157.997204,21.333358],[-157.992303,21.331621],[-157.996211,21.327532],[-157.998975,21.328454],[-158.001095,21.329181],[-158.003338,21.330352],[-158.003403,21.332094],[-158.006473,21.333032],[-158.008825,21.333896],[-158.010583,21.334749],[-158.013397,21.336558],[-158.015167,21.338056],[-158.015977,21.338864],[-158.016227,21.339132],[-158.014255,21.341234]]]},"properties":{}}]}