{"type":"FeatureCollection","features":[{"type":"Feature","geometry":{"type":"Polygon","coordinates":[[[-159.452271,22.224893],[-159.452272,22.224909],[-159.45202,22.224914],[-159.451811,22.22493],[-159.451577,22.224924],[-159.451363,22.224893],[-159.451198,22.224864],[-159.450794,22.224865],[-159.450432,22.224913],[-159.45005,22.224984],[-159.449681,22.225079],[-159.449477,22.224967],[-159.449397,22.224866],[-159.449157,22.224641],[-159.449004,22.224513],[-159.4488,22.224414],[-159.448599,22.224351],[-159.448288,22.224214],[-159.447863,22.224096],[-159.447396,22.22397],[-159.447219,22.223962],[-159.447006,22.223908],[-159.447001,22.223951],[-159.446839,22.223929],[-159.446704,22.223904],[-159.446753,22.223444],[-159.447312,22.223535],[-159.449322,22.223853],[-159.451184,22.224151],[-159.451955,22.224278],[-159.452499,22.22436],[-159.452223,22.224776],[-159.452271,22.224893]]]},"properties":{}},{"type":"Feature","geometry":{"type":"Polygon","coordinates":[[[-159.583588,22.220577],[-159.58329,22.220937],[-159.582551,22.222184],[-159.582213,22.222573],[-159.581841,22.222935],[-159.581557,22.22313],[-159.580924,22.223444],[-159.580602,22.223553],[-159.580145,22.221457],[-159.57963,22.221524],[-159.579615,22.220847],[-159.579852,22.220786],[-159.58,22.220702],[-159.580313,22.220514],[-159.58039,22.220502],[-159.581107,22.220527],[-159.581616,22.220516],[-159.582309,22.220464],[-159.582925,22.220356],[-159.582996,22.220433],[-159.583588,22.220577]]]},"properties":{}},{"type":"Feature","geometry":{"type":"Polygon","coordinates":[[[-159.56802,22.220941],[-159.567861,22.221142],[-159.56779,22.221034],[-159.567699,22.220915],[-159.567598,22.220802],[-159.567413,22.2206],[-159.567271,22.220508],[-159.567144,22.220445],[-159.566988,22.220411],[-159.566838,22.220383],[-159.566543,22.220314],[-159.566421,22.22028],[-159.566229,22.22026],[-159.565939,22.220257],[-159.565855,22.220293],[-159.565718,22.220373],[-159.565586,22.220174],[-159.56548,22.219954],[-159.565365,22.219765],[-159.565333,22.219636],[-159.565332,22.219508],[-159.565297,22.219454],[-159.565214,22.219355],[-159.565175,22.219316],[-159.565297,22.219255],[-159.565424,22.219214],[-159.565588,22.2192],[-159.565757,22.219222],[-159.566247,22.219354],[-159.566633,22.219465],[-159.566849,22.219525],[-159.566987,22.219611],[-159.567115,22.219712],[-159.56731,22.219912],[-159.567389,22.219997],[-159.56747,22.220169],[-159.567534,22.220313],[-159.56765,22.220502],[-159.567786,22.220689],[-159.567889,22.220821],[-159.567991,22.220918],[-159.56802,22.220941]]]},"properties":{}},{"type":"Feature","geometry":{"type":"Polygon","coordinates":[[[-159.585155,22.219943],[-159.585045,22.219255],[-159.584715,22.219349],[-159.58476,22.219967],[-159.585155,22.219943],[-159.584975,22.220131],[-159.584779,22.220226],[-159.584488,22.220293],[-159.583961,22.220096],[-159.583523,22.22019],[-159.583342,22.220294],[-159.58304,22.220297],[-159.583039,22.220225],[-159.582831,22.220224],[-159.581557,22.220451],[-159.581512,22.220458],[-159.58142,22.22046],[-159.58133,22.220447],[-159.580964,22.22036],[-159.580874,22.220345],[-159.580783,22.220341],[-159.580691,22.22035],[-159.580603,22.220371],[-159.580526,22.220398],[-159.579813,22.220711],[-159.579727,22.220741],[-159.579637,22.220757],[-159.579591,22.22076],[-159.579499,22.220753],[-159.578177,22.220466],[-159.578042,22.220442],[-159.577905,22.220429],[-159.577019,22.220375],[-159.576929,22.220362],[-159.576885,22.220349],[-159.576803,22.220311],[-159.576626,22.220207],[-159.576502,22.220154],[-159.576122,22.220058],[-159.57631,22.219945],[-159.576678,22.219747],[-159.576885,22.219656],[-159.576999,22.219548],[-159.577036,22.219349],[-159.57701,22.21913],[-159.577187,22.219141],[-159.577175,22.219306],[-159.577596,22.219652],[-159.578118,22.219912],[-159.578578,22.219694],[-159.580002,22.218223],[-159.580012,22.218218],[-159.581382,22.217729],[-159.584025,22.214418],[-159.583664,22.212845],[-159.584273,22.212017],[-159.586594,22.212256],[-159.592313,22.211389],[-159.595475,22.211803],[-159.595594,22.21182],[-159.595564,22.211874],[-159.595399,22.211965],[-159.595209,22.212002],[-159.594795,22.212035],[-159.59457,22.212216],[-159.594145,22.21242],[-159.59392,22.212561],[-159.593465,22.213041],[-159.593056,22.213254],[-159.592967,22.213358],[-159.592737,22.213747],[-159.592536,22.213933],[-159.59234,22.214055],[-159.592086,22.214151],[-159.590933,22.21442],[-159.590738,22.214534],[-159.590631,22.214751],[-159.590584,22.214936],[-159.590489,22.215004],[-159.589992,22.215195],[-159.589685,22.215354],[-159.589501,22.215521],[-159.589164,22.216019],[-159.588803,22.216245],[-159.588715,22.216422],[-159.588602,22.216575],[-159.588478,22.216901],[-159.588301,22.217167],[-159.588147,22.217317],[-159.588058,22.217371],[-159.587715,22.217454],[-159.587615,22.217544],[-159.587449,22.217748],[-159.587265,22.218213],[-159.587153,22.21838],[-159.58697,22.218557],[-159.586804,22.218661],[-159.58636,22.21901],[-159.586058,22.219133],[-159.58589,22.219183],[-159.585495,22.219062],[-159.585472,22.21948],[-159.585155,22.219943]]]},"properties":{}},{"type":"Feature","geometry":{"type":"Polygon","coordinates":[[[-159.585155,22.219943],[-159.58476,22.219967],[-159.584715,22.219349],[-159.585045,22.219255],[-159.585155,22.219943]]]},"properties":{}},{"type":"Feature","geometry":{"type":"Polygon","coordinates":[[[-159.496354,22.212851],[-159.497067,22.212752],[-159.497095,22.212903],[-159.497101,22.213122],[-159.497086,22.213393],[-159.497057,22.213654],[-159.497083,22.213941],[-159.49705,22.213934],[-159.496926,22.213878],[-159.496733,22.213784],[-159.496399,22.213615],[-159.496075,22.213463],[-159.495965,22.213391],[-159.496165,22.212878],[-159.496354,22.212851]]]},"properties":{}},{"type":"Feature","geometry":{"type":"Polygon","coordinates":[[[-159.405955,22.213086],[-159.405619,22.212908],[-159.405034,22.212591],[-159.404894,22.212513],[-159.404907,22.212494],[-159.404945,22.212485],[-159.404975,22.212494],[-159.405042,22.212402],[-159.405012,22.212352],[-159.405039,22.212298],[-159.405302,22.211941],[-159.405538,22.211614],[-159.405581,22.211589],[-159.405622,22.211598],[-159.405703,22.211649],[-159.405785,22.211672],[-159.405874,22.211658],[-159.405948,22.21162],[-159.406028,22.211523],[-159.406132,22.21138],[-159.406203,22.211274],[-159.406238,22.211238],[-159.406276,22.21122],[-159.406311,22.211227],[-159.406348,22.211247],[-159.406596,22.211406],[-159.406267,22.211885],[-159.406613,22.212083],[-159.406579,22.21213],[-159.406344,22.212494],[-159.406105,22.212853],[-159.405955,22.213086]]]},"properties":{}},{"type":"Feature","geometry":{"type":"Polygon","coordinates":[[[-159.628106,22.148387],[-159.628242,22.148409],[-159.628484,22.148481],[-159.62868,22.148516],[-159.628828,22.14852],[-159.629271,22.148356],[-159.629578,22.148301],[-159.629856,22.148232],[-159.630619,22.147963],[-159.630678,22.147891],[-159.630897,22.147745],[-159.631027,22.147718],[-159.63163,22.147576],[-159.63215,22.147317],[-159.632357,22.147352],[-159.632587,22.147514],[-159.632765,22.147712],[-159.633025,22.147887],[-159.633362,22.147935],[-159.633539,22.148002],[-159.63374,22.148141],[-159.63406,22.148456],[-159.634426,22.148654],[-159.634728,22.148905],[-159.635171,22.149373],[-159.635402,22.149584],[-159.635555,22.149688],[-159.635674,22.149732],[-159.635804,22.149691],[-159.635893,22.149583],[-159.635999,22.149284],[-159.63604,22.149077],[-159.636093,22.149022],[-159.636212,22.149008],[-159.636324,22.149139],[-159.636637,22.150338],[-159.636596,22.150677],[-159.636579,22.151047],[-159.636603,22.151227],[-159.636661,22.151331],[-159.636833,22.15138],[-159.63717,22.151424],[-159.637323,22.151387],[-159.637453,22.151324],[-159.637566,22.151287],[-159.637879,22.151376],[-159.638287,22.151564],[-159.638613,22.15168],[-159.638808,22.151905],[-159.639192,22.152152],[-159.639576,22.152878],[-159.639772,22.153193],[-159.639896,22.153486],[-159.639973,22.153756],[-159.640032,22.153846],[-159.640198,22.153895],[-159.640511,22.153754],[-159.641208,22.153174],[-159.641397,22.152916],[-159.641474,22.152681],[-159.641551,22.152193],[-159.641622,22.15208],[-159.641781,22.151895],[-159.641858,22.151777],[-159.641964,22.151501],[-159.642036,22.151393],[-159.642337,22.151387],[-159.642774,22.151228],[-159.643265,22.151185],[-159.644134,22.15102],[-159.644832,22.151049],[-159.645098,22.151337],[-159.645252,22.151408],[-159.645399,22.151444],[-159.645654,22.151484],[-159.646079,22.151608],[-159.646292,22.151752],[-159.646552,22.152035],[-159.64673,22.152355],[-159.646825,22.152576],[-159.646825,22.152878],[-159.647132,22.15322],[-159.647233,22.153459],[-159.647635,22.153891],[-159.647807,22.154233],[-159.647978,22.154382],[-159.64825,22.154516],[-159.648345,22.154583],[-159.648463,22.15475],[-159.648599,22.154894],[-159.648901,22.155109],[-159.649256,22.155279],[-159.6498,22.155472],[-159.649894,22.155543],[-159.649911,22.155692],[-159.649959,22.155778],[-159.650302,22.155844],[-159.650456,22.155961],[-159.650627,22.156281],[-159.650698,22.156366],[-159.65084,22.156397],[-159.651591,22.156372],[-159.652212,22.156304],[-159.652389,22.156342],[-159.652632,22.156725],[-159.652791,22.156837],[-159.653205,22.156957],[-159.653773,22.157221],[-159.653951,22.157329],[-159.654169,22.157572],[-159.654388,22.158081],[-159.654519,22.158392],[-159.65472,22.158752],[-159.654891,22.15909],[-159.65498,22.159203],[-159.655015,22.159365],[-159.655004,22.159473],[-159.655154,22.159482],[-159.655555,22.15958],[-159.655827,22.159664],[-159.656265,22.159857],[-159.656797,22.160126],[-159.657583,22.160475],[-159.657855,22.160573],[-159.658245,22.160752],[-159.658808,22.161061],[-159.659186,22.161331],[-159.659718,22.16164],[-159.660074,22.162018],[-159.660388,22.16236],[-159.661045,22.162881],[-159.661489,22.163168],[-159.66198,22.163509],[-159.662441,22.163652],[-159.66302,22.163907],[-159.663505,22.164239],[-159.664144,22.164539],[-159.664493,22.164826],[-159.664913,22.165073],[-159.665038,22.165199],[-159.665624,22.16581],[-159.66566,22.165756],[-159.665748,22.165679],[-159.665837,22.165742],[-159.665972,22.165759],[-159.666156,22.165763],[-159.666291,22.165699],[-159.666403,22.16569],[-159.666463,22.165744],[-159.666516,22.165875],[-159.666564,22.166046],[-159.666682,22.165996],[-159.66687,22.165873],[-159.666982,22.165755],[-159.666893,22.165638],[-159.666651,22.165522],[-159.666391,22.165351],[-159.666212,22.165059],[-159.665862,22.164676],[-159.665513,22.16443],[-159.665342,22.164376],[-159.665289,22.164187],[-159.665211,22.164079],[-159.665087,22.164012],[-159.665045,22.163827],[-159.66495,22.163696],[-159.664802,22.16362],[-159.664814,22.163579],[-159.664867,22.163448],[-159.664825,22.163322],[-159.664701,22.163273],[-159.664524,22.163269],[-159.6645,22.163188],[-159.664553,22.163111],[-159.66457,22.162935],[-159.664504,22.162822],[-159.664333,22.162728],[-159.664339,22.16266],[-159.664616,22.162583],[-159.664811,22.162582],[-159.664876,22.162505],[-159.664846,22.162437],[-159.664798,22.16237],[-159.664609,22.162244],[-159.664408,22.162137],[-159.664354,22.16197],[-159.664289,22.161898],[-159.663846,22.161764],[-159.663604,22.161747],[-159.663633,22.161643],[-159.663603,22.161472],[-159.663496,22.161391],[-159.663342,22.16131],[-159.663148,22.161257],[-159.66287,22.161177],[-159.662893,22.161041],[-159.662922,22.160973],[-159.662969,22.160838],[-159.662886,22.160716],[-159.662715,22.160744],[-159.662767,22.160586],[-159.662808,22.160486],[-159.662673,22.160424],[-159.662537,22.160375],[-159.662453,22.160339],[-159.662406,22.160149],[-159.662329,22.160082],[-159.66211,22.159938],[-159.662109,22.159749],[-159.66215,22.159649],[-159.662091,22.159618],[-159.662079,22.159564],[-159.662049,22.159474],[-159.661925,22.159416],[-159.661819,22.15938],[-159.661754,22.159218],[-159.661593,22.159002],[-159.661469,22.158894],[-159.661244,22.158795],[-159.661173,22.158746],[-159.66102,22.158593],[-159.660865,22.158531],[-159.660748,22.158517],[-159.660623,22.158432],[-159.660493,22.158329],[-159.660481,22.158275],[-159.660569,22.15822],[-159.660735,22.158193],[-159.660947,22.158169],[-159.661071,22.158119],[-159.661106,22.158087],[-159.661047,22.157898],[-159.660905,22.157736],[-159.660733,22.15752],[-159.660477,22.157241],[-159.660158,22.15699],[-159.659998,22.156868],[-159.659673,22.156685],[-159.659413,22.156528],[-159.659253,22.156334],[-159.659022,22.156195],[-159.658868,22.156137],[-159.658874,22.156078],[-159.658867,22.155934],[-159.658797,22.155848],[-159.658714,22.155736],[-159.658766,22.155704],[-159.658938,22.155798],[-159.659263,22.155941],[-159.659441,22.156049],[-159.659606,22.15613],[-159.659813,22.156219],[-159.659996,22.156268],[-159.660303,22.156272],[-159.660469,22.15642],[-159.660824,22.156671],[-159.661055,22.156765],[-159.661362,22.156777],[-159.661734,22.156785],[-159.661811,22.156898],[-159.661912,22.157015],[-159.662125,22.157154],[-159.662161,22.157361],[-159.662226,22.157465],[-159.662327,22.157577],[-159.662498,22.157595],[-159.662504,22.157694],[-159.66254,22.157788],[-159.662641,22.15791],[-159.662765,22.158018],[-159.662889,22.158049],[-159.663054,22.158044],[-159.663243,22.158043],[-159.663314,22.157989],[-159.663409,22.15797],[-159.663415,22.158079],[-159.663474,22.158227],[-159.663539,22.158326],[-159.663622,22.158281],[-159.663723,22.158348],[-159.663888,22.158375],[-159.664,22.158374],[-159.664207,22.158297],[-159.664254,22.158206],[-159.66437,22.157912],[-159.664471,22.157867],[-159.664559,22.157912],[-159.664761,22.158028],[-159.664914,22.158055],[-159.665085,22.158045],[-159.665244,22.158022],[-159.665292,22.157954],[-159.66541,22.157985],[-159.665516,22.157998],[-159.665599,22.157953],[-159.66574,22.157943],[-159.665924,22.157961],[-159.665971,22.157978],[-159.666006,22.158014],[-159.666024,22.158123],[-159.666072,22.158231],[-159.666172,22.158294],[-159.666267,22.158266],[-159.666314,22.158212],[-159.666378,22.158099],[-159.666467,22.158139],[-159.666485,22.158193],[-159.666509,22.158292],[-159.666574,22.158342],[-159.666663,22.158364],[-159.666657,22.158468],[-159.666711,22.158594],[-159.666799,22.158725],[-159.666918,22.15876],[-159.667013,22.158782],[-159.667313,22.15884],[-159.667355,22.158889],[-159.667474,22.159002],[-159.667556,22.159056],[-159.667681,22.159087],[-159.667893,22.159077],[-159.667993,22.158973],[-159.668035,22.15909],[-159.667929,22.159181],[-159.66793,22.159429],[-159.667977,22.159587],[-159.668131,22.159654],[-159.668403,22.159689],[-159.668479,22.159571],[-159.668585,22.159431],[-159.66868,22.159471],[-159.66878,22.15962],[-159.668792,22.159719],[-159.668922,22.159768],[-159.669028,22.159632],[-159.669134,22.159492],[-159.669234,22.159352],[-159.669305,22.159225],[-159.669381,22.159188],[-159.669422,22.159252],[-159.669512,22.159409],[-159.669606,22.159409],[-159.669741,22.159241],[-159.669801,22.159291],[-159.66983,22.159363],[-159.669861,22.159494],[-159.66989,22.159606],[-159.669938,22.159723],[-159.670015,22.159786],[-159.670151,22.15979],[-159.67021,22.15974],[-159.670227,22.159646],[-159.670179,22.159555],[-159.670079,22.159479],[-159.670096,22.159389],[-159.670214,22.159361],[-159.670315,22.159379],[-159.670438,22.159383],[-159.670468,22.159329],[-159.670503,22.159225],[-159.670567,22.159076],[-159.670627,22.159125],[-159.670662,22.159206],[-159.670651,22.159333],[-159.670646,22.159481],[-159.670735,22.159617],[-159.670646,22.159716],[-159.670547,22.159933],[-159.67053,22.160087],[-159.670619,22.160213],[-159.67079,22.160244],[-159.67089,22.160243],[-159.670773,22.160316],[-159.670655,22.160366],[-159.670542,22.160493],[-159.670543,22.160619],[-159.670661,22.160641],[-159.670779,22.160582],[-159.67085,22.160532],[-159.67098,22.160541],[-159.671104,22.16045],[-159.671245,22.16044],[-159.671163,22.160594],[-159.671134,22.160639],[-159.671099,22.160793],[-159.671117,22.160933],[-159.671058,22.161123],[-159.671035,22.161186],[-159.671059,22.161321],[-159.671136,22.161344],[-159.671289,22.161298],[-159.671384,22.16123],[-159.671513,22.161143],[-159.671708,22.161057],[-159.67169,22.161129],[-159.671614,22.161378],[-159.671579,22.161464],[-159.671579,22.161567],[-159.671651,22.161662],[-159.671739,22.161671],[-159.671963,22.161638],[-159.67184,22.161779],[-159.671793,22.161878],[-159.671717,22.162054],[-159.671682,22.162276],[-159.671677,22.162447],[-159.671783,22.162532],[-159.671913,22.162564],[-159.672025,22.162495],[-159.67209,22.162405],[-159.672196,22.162391],[-159.672197,22.162517],[-159.672168,22.162635],[-159.672115,22.162766],[-159.672097,22.162901],[-159.672086,22.163145],[-159.672222,22.163176],[-159.672317,22.163113],[-159.672382,22.163198],[-159.6724,22.163266],[-159.67237,22.16337],[-159.672548,22.163419],[-159.672643,22.163468],[-159.672761,22.163499],[-159.672808,22.163463],[-159.672861,22.163345],[-159.67286,22.163183],[-159.672895,22.163011],[-159.672883,22.162853],[-159.672918,22.162812],[-159.673001,22.162817],[-159.67306,22.162879],[-159.673131,22.162987],[-159.673232,22.163037],[-159.673291,22.162987],[-159.673361,22.162919],[-159.673407,22.162652],[-159.673395,22.162458],[-159.67359,22.162575],[-159.673738,22.162651],[-159.673856,22.162696],[-159.67391,22.162727],[-159.674052,22.162745],[-159.674164,22.162713],[-159.674222,22.162658],[-159.674258,22.162595],[-159.674222,22.16246],[-159.674174,22.162347],[-159.674079,22.162212],[-159.674055,22.162086],[-159.674043,22.161923],[-159.674119,22.161833],[-159.674243,22.16181],[-159.674326,22.161742],[-159.674408,22.161782],[-159.674574,22.161908],[-159.674728,22.161907],[-159.674792,22.161866],[-159.674833,22.161812],[-159.674886,22.161721],[-159.674981,22.161685],[-159.675063,22.161648],[-159.675116,22.161607],[-159.675145,22.161472],[-159.675127,22.161323],[-159.675192,22.161233],[-159.675239,22.161138],[-159.675315,22.161024],[-159.675351,22.161155],[-159.675416,22.161376],[-159.675476,22.161493],[-159.675547,22.161565],[-159.675677,22.16165],[-159.675719,22.16174],[-159.675743,22.161871],[-159.675762,22.162097],[-159.675833,22.162372],[-159.675969,22.162547],[-159.67607,22.162615],[-159.676165,22.162632],[-159.676253,22.162569],[-159.676293,22.162415],[-159.676281,22.162239],[-159.676393,22.162194],[-159.676505,22.162107],[-159.67654,22.161936],[-159.676486,22.16167],[-159.676444,22.161367],[-159.676318,22.160862],[-159.676389,22.160799],[-159.676477,22.160803],[-159.676507,22.160947],[-159.676537,22.161051],[-159.676579,22.161177],[-159.676656,22.161335],[-159.676822,22.161506],[-159.676899,22.161528],[-159.676946,22.161487],[-159.677017,22.161388],[-159.677046,22.161275],[-159.677252,22.161382],[-159.677247,22.161572],[-159.67723,22.161712],[-159.677154,22.161852],[-159.677066,22.161979],[-159.677013,22.162119],[-159.677019,22.162227],[-159.677049,22.162335],[-159.677114,22.162452],[-159.677209,22.162529],[-159.677322,22.162555],[-159.677439,22.162577],[-159.677646,22.162572],[-159.677806,22.162657],[-159.677889,22.162612],[-159.678042,22.162561],[-159.678172,22.162696],[-159.678261,22.162723],[-159.678337,22.162592],[-159.678401,22.162226],[-159.678436,22.162063],[-159.67863,22.162022],[-159.678772,22.162008],[-159.678825,22.161963],[-159.678842,22.161746],[-159.678753,22.161466],[-159.678693,22.161236],[-159.678817,22.161164],[-159.678834,22.161051],[-159.678792,22.160862],[-159.678708,22.160582],[-159.678898,22.16078],[-159.678975,22.160933],[-159.679076,22.161163],[-159.67926,22.161424],[-159.679515,22.161775],[-159.679634,22.161932],[-159.679758,22.162004],[-159.679799,22.161981],[-159.679829,22.161868],[-159.679811,22.161783],[-159.679745,22.161656],[-159.679674,22.161562],[-159.679638,22.161409],[-159.679638,22.161224],[-159.679672,22.161156],[-159.67972,22.161147],[-159.679802,22.161196],[-159.679844,22.161295],[-159.679922,22.161417],[-159.679998,22.16152],[-159.680094,22.161614],[-159.680194,22.161655],[-159.680253,22.161591],[-159.680252,22.161442],[-159.680269,22.161302],[-159.680221,22.161104],[-159.680186,22.160969],[-159.680096,22.160838],[-159.680037,22.160739],[-159.680054,22.160635],[-159.68009,22.160576],[-159.680137,22.160518],[-159.68013,22.160463],[-159.680154,22.160396],[-159.680214,22.160486],[-159.680267,22.160544],[-159.680396,22.160571],[-159.680438,22.160692],[-159.680463,22.160837],[-159.680599,22.16099],[-159.680706,22.161143],[-159.680896,22.161381],[-159.681126,22.161588],[-159.681464,22.161835],[-159.6816,22.161866],[-159.681641,22.161753],[-159.681581,22.161649],[-159.681516,22.161473],[-159.68145,22.161261],[-159.681426,22.16109],[-159.681384,22.160887],[-159.681324,22.160689],[-159.6813,22.160571],[-159.681365,22.160558],[-159.681471,22.160544],[-159.68153,22.160516],[-159.68153,22.160417],[-159.6815,22.160354],[-159.681388,22.160251],[-159.681346,22.160075],[-159.681428,22.160075],[-159.681558,22.160042],[-159.681617,22.159988],[-159.681646,22.159893],[-159.681734,22.159848],[-159.681806,22.159902],[-159.681865,22.160001],[-159.681919,22.16019],[-159.68202,22.160447],[-159.68218,22.160789],[-159.682299,22.160978],[-159.682424,22.161127],[-159.682613,22.161221],[-159.682772,22.161238],[-159.682796,22.161184],[-159.68276,22.161067],[-159.682618,22.1609],[-159.68244,22.160702],[-159.682274,22.160513],[-159.682179,22.160378],[-159.682143,22.160212],[-159.682184,22.160117],[-159.682207,22.159819],[-159.682152,22.15953],[-159.682181,22.159345],[-159.68227,22.159187],[-159.682352,22.159164],[-159.682607,22.159357],[-159.682772,22.159451],[-159.683204,22.159661],[-159.683719,22.159984],[-159.683867,22.160069],[-159.683925,22.160037],[-159.683979,22.159978],[-159.683954,22.15987],[-159.683871,22.159667],[-159.683806,22.15946],[-159.683728,22.159271],[-159.683533,22.159145],[-159.683213,22.158876],[-159.683095,22.158745],[-159.683088,22.158669],[-159.683177,22.158619],[-159.683419,22.158613],[-159.683661,22.158621],[-159.683868,22.158661],[-159.683974,22.158728],[-159.684069,22.158841],[-159.68414,22.158917],[-159.684246,22.158966],[-159.684341,22.15897],[-159.6844,22.159042],[-159.684424,22.159106],[-159.684513,22.159182],[-159.684631,22.159227],[-159.684838,22.159343],[-159.684862,22.159406],[-159.684886,22.159492],[-159.684957,22.159649],[-159.685011,22.159699],[-159.68507,22.159775],[-159.685094,22.159875],[-159.68513,22.159951],[-159.685271,22.159914],[-159.685413,22.159837],[-159.685518,22.159755],[-159.685601,22.15966],[-159.685606,22.15952],[-159.685535,22.159444],[-159.685369,22.159278],[-159.685251,22.159147],[-159.685126,22.158972],[-159.685073,22.158819],[-159.684995,22.158634],[-159.684835,22.158535],[-159.684729,22.158527],[-159.684629,22.158396],[-159.684534,22.158284],[-159.684421,22.158108],[-159.684243,22.15791],[-159.684124,22.157789],[-159.683929,22.15765],[-159.683752,22.157538],[-159.683527,22.157399],[-159.683355,22.157205],[-159.683225,22.157016],[-159.683,22.156841],[-159.682787,22.156666],[-159.682568,22.156496],[-159.682343,22.156379],[-159.682106,22.15619],[-159.68194,22.156074],[-159.681686,22.155935],[-159.681372,22.155697],[-159.681129,22.155567],[-159.680946,22.155405],[-159.68081,22.155293],[-159.680692,22.155131],[-159.680756,22.155104],[-159.680922,22.155094],[-159.681429,22.155115],[-159.681677,22.155141],[-159.681937,22.155189],[-159.682232,22.155256],[-159.682558,22.155354],[-159.68306,22.155519],[-159.683373,22.155644],[-159.683716,22.155796],[-159.684136,22.15597],[-159.684396,22.156064],[-159.684674,22.156144],[-159.684804,22.156229],[-159.684999,22.156337],[-159.685147,22.156467],[-159.685277,22.156575],[-159.685485,22.156723],[-159.685751,22.156826],[-159.685987,22.156946],[-159.686229,22.157004],[-159.686543,22.157156],[-159.686608,22.157282],[-159.686662,22.157377],[-159.686733,22.157476],[-159.686917,22.157565],[-159.687035,22.157651],[-159.687041,22.157727],[-159.687071,22.157827],[-159.68713,22.157944],[-159.687219,22.158065],[-159.687367,22.1582],[-159.687492,22.158344],[-159.687504,22.158448],[-159.687516,22.158596],[-159.68754,22.15875],[-159.687612,22.15893],[-159.68773,22.159083],[-159.68786,22.159177],[-159.688032,22.159208],[-159.688209,22.159225],[-159.688356,22.159216],[-159.688481,22.159342],[-159.688529,22.159472],[-159.688612,22.159625],[-159.688707,22.159815],[-159.688814,22.159941],[-159.688891,22.160039],[-159.68898,22.160093],[-159.689083,22.160084],[-159.689121,22.160048],[-159.689174,22.159966],[-159.689209,22.159849],[-159.689226,22.159722],[-159.689236,22.159194],[-159.689188,22.158842],[-159.689193,22.158635],[-159.689122,22.158504],[-159.689109,22.158387],[-159.68915,22.158351],[-159.689221,22.158337],[-159.689387,22.158372],[-159.689564,22.158403],[-159.689683,22.158448],[-159.689795,22.158447],[-159.689842,22.158406],[-159.689877,22.158357],[-159.689912,22.158198],[-159.68997,22.158063],[-159.690029,22.158036],[-159.690171,22.157999],[-159.690348,22.157976],[-159.690466,22.157916],[-159.690613,22.157803],[-159.690696,22.157717],[-159.690837,22.157716],[-159.690961,22.157752],[-159.691115,22.157738],[-159.691209,22.157674],[-159.691238,22.15762],[-159.691262,22.157552],[-159.691297,22.157475],[-159.691521,22.157483],[-159.691521,22.15761],[-159.691699,22.157704],[-159.691817,22.157753],[-159.692089,22.15777],[-159.692242,22.157751],[-159.692325,22.157864],[-159.692373,22.157918],[-159.692491,22.157985],[-159.69258,22.158039],[-159.692704,22.158061],[-159.692822,22.158047],[-159.692893,22.158019],[-159.692987,22.157992],[-159.693075,22.157946],[-159.69317,22.157964],[-159.693247,22.15795],[-159.69327,22.157914],[-159.693252,22.157837],[-159.693222,22.157779],[-159.693187,22.157693],[-159.693204,22.157607],[-159.693257,22.157548],[-159.693298,22.157453],[-159.69328,22.157363],[-159.69322,22.157246],[-159.693249,22.157097],[-159.693237,22.156912],[-159.693201,22.156808],[-159.693065,22.156687],[-159.692799,22.156571],[-159.692598,22.156522],[-159.692474,22.156505],[-159.692427,22.156491],[-159.69242,22.156238],[-159.692313,22.156108],[-159.6921,22.156023],[-159.691735,22.156002],[-159.691468,22.155981],[-159.69125,22.155918],[-159.691049,22.155847],[-159.690878,22.155816],[-159.690636,22.155876],[-159.690506,22.15598],[-159.690388,22.156021],[-159.690294,22.156004],[-159.690305,22.155909],[-159.69034,22.155818],[-159.690375,22.155683],[-159.690458,22.155529],[-159.69051,22.155348],[-159.690521,22.155145],[-159.690462,22.155042],[-159.690349,22.154997],[-159.690178,22.155029],[-159.69009,22.15507],[-159.68993,22.155057],[-159.689859,22.15503],[-159.689747,22.155035],[-159.689636,22.155158],[-159.689553,22.155348],[-159.68943,22.155574],[-159.689236,22.155796],[-159.689142,22.155909],[-159.689024,22.155905],[-159.688948,22.155973],[-159.688895,22.156027],[-159.688753,22.155974],[-159.688605,22.155929],[-159.688475,22.155966],[-159.688417,22.156007],[-159.688351,22.155975],[-159.688245,22.155831],[-159.688014,22.155756],[-159.687884,22.155756],[-159.68776,22.155653],[-159.687612,22.155554],[-159.687476,22.155501],[-159.687299,22.155461],[-159.687163,22.155484],[-159.687086,22.155425],[-159.687021,22.155385],[-159.686897,22.155386],[-159.686832,22.155431],[-159.68656,22.15531],[-159.686223,22.155149],[-159.685874,22.155042],[-159.685679,22.154863],[-159.685419,22.154701],[-159.685023,22.154545],[-159.684827,22.154225],[-159.684572,22.154046],[-159.684229,22.153844],[-159.684188,22.153709],[-159.684051,22.153551],[-159.683891,22.153394],[-159.683719,22.15321],[-159.683483,22.153048],[-159.683257,22.152887],[-159.683198,22.152621],[-159.683149,22.152337],[-159.683019,22.15212],[-159.682853,22.151954],[-159.68267,22.151824],[-159.682569,22.151599],[-159.682503,22.1515],[-159.682296,22.151356],[-159.682095,22.151231],[-159.681776,22.151124],[-159.681711,22.151079],[-159.681687,22.151016],[-159.681734,22.150979],[-159.681816,22.150925],[-159.682075,22.15073],[-159.682352,22.150363],[-159.682535,22.150453],[-159.682642,22.150497],[-159.682789,22.150551],[-159.682979,22.150645],[-159.683144,22.150698],[-159.683422,22.150733],[-159.683664,22.15075],[-159.683941,22.150709],[-159.6841,22.150649],[-159.684349,22.150743],[-159.684614,22.150823],[-159.684875,22.15084],[-159.685181,22.150776],[-159.685234,22.150726],[-159.685447,22.150978],[-159.685607,22.151113],[-159.685915,22.151265],[-159.686051,22.151237],[-159.68618,22.151146],[-159.686333,22.151055],[-159.686581,22.150991],[-159.686687,22.150896],[-159.686769,22.150684],[-159.686816,22.150534],[-159.686827,22.150345],[-159.687057,22.150452],[-159.687282,22.150587],[-159.687513,22.150685],[-159.687766,22.150684],[-159.687949,22.150588],[-159.688073,22.150466],[-159.688184,22.15024],[-159.688248,22.150005],[-159.688247,22.14968],[-159.688306,22.149553],[-159.688525,22.149747],[-159.688732,22.149949],[-159.688804,22.150183],[-159.688911,22.15035],[-159.689054,22.150652],[-159.689367,22.150768],[-159.689668,22.150843],[-159.689851,22.150829],[-159.690075,22.150742],[-159.690204,22.150543],[-159.690251,22.15034],[-159.690227,22.150259],[-159.690416,22.150186],[-159.690504,22.15014],[-159.690551,22.150086],[-159.690627,22.149959],[-159.690669,22.150058],[-159.690758,22.150184],[-159.690883,22.150337],[-159.690954,22.150508],[-159.691096,22.150535],[-159.69119,22.150462],[-159.691243,22.150372],[-159.691283,22.15025],[-159.691342,22.150028],[-159.6914,22.149857],[-159.691453,22.149924],[-159.69149,22.150046],[-159.691508,22.15019],[-159.691614,22.150208],[-159.691791,22.150148],[-159.691744,22.150307],[-159.691757,22.150433],[-159.691727,22.150564],[-159.691716,22.150681],[-159.691734,22.150771],[-159.691799,22.150816],[-159.6919,22.150843],[-159.691982,22.150825],[-159.6921,22.150765],[-159.692301,22.150643],[-159.692471,22.150556],[-159.692454,22.150642],[-159.692401,22.150814],[-159.692355,22.150904],[-159.692331,22.15094],[-159.692255,22.151099],[-159.692214,22.151207],[-159.692173,22.151298],[-159.692161,22.151411],[-159.692185,22.151469],[-159.692262,22.151527],[-159.692416,22.151518],[-159.692539,22.151468],[-159.692717,22.151399],[-159.692911,22.151349],[-159.693147,22.151307],[-159.693324,22.151221],[-159.693477,22.151107],[-159.693536,22.151139],[-159.69353,22.151233],[-159.693495,22.151387],[-159.69346,22.151563],[-159.693438,22.151861],[-159.693462,22.151996],[-159.693486,22.1521],[-159.693528,22.152177],[-159.693616,22.152212],[-159.693722,22.152207],[-159.693799,22.15218],[-159.693905,22.152134],[-159.693999,22.15208],[-159.694094,22.152012],[-159.694206,22.151917],[-159.694282,22.151849],[-159.694388,22.151798],[-159.694453,22.151803],[-159.694495,22.151875],[-159.694507,22.151929],[-159.694507,22.152001],[-159.694495,22.152105],[-159.694579,22.152231],[-159.694727,22.152298],[-159.69485,22.15232],[-159.695158,22.152368],[-159.695235,22.152395],[-159.695288,22.152567],[-159.695395,22.15262],[-159.695312,22.152702],[-159.69523,22.152797],[-159.695165,22.152878],[-159.695125,22.15296],[-159.695125,22.153046],[-159.695172,22.153109],[-159.695237,22.153131],[-159.695397,22.153202],[-159.695586,22.153251],[-159.69571,22.153255],[-159.695852,22.153318],[-159.695988,22.153394],[-159.696142,22.153466],[-159.696343,22.153505],[-159.696549,22.153554],[-159.696714,22.153572],[-159.696774,22.153567],[-159.696863,22.153621],[-159.696986,22.153661],[-159.696881,22.153742],[-159.696704,22.15386],[-159.696551,22.153938],[-159.696374,22.154006],[-159.696209,22.154052],[-159.696032,22.154152],[-159.69592,22.154234],[-159.695832,22.154333],[-159.695767,22.15446],[-159.695738,22.154568],[-159.695745,22.154663],[-159.695798,22.154726],[-159.695857,22.154757],[-159.695969,22.154793],[-159.696058,22.154802],[-159.69617,22.154801],[-159.696288,22.154909],[-159.696454,22.154963],[-159.696655,22.155034],[-159.696862,22.15506],[-159.697074,22.155122],[-159.697092,22.155168],[-159.697182,22.155357],[-159.697134,22.155407],[-159.696957,22.155529],[-159.696893,22.155597],[-159.696817,22.15571],[-159.696764,22.155837],[-159.696682,22.156009],[-159.696623,22.156135],[-159.696636,22.15632],[-159.696659,22.156433],[-159.69679,22.156518],[-159.697056,22.156662],[-159.69721,22.156742],[-159.697322,22.156841],[-159.697252,22.157035],[-159.697206,22.157153],[-159.697135,22.15727],[-159.697106,22.157383],[-159.697082,22.15751],[-159.697077,22.157686],[-159.697131,22.157794],[-159.697178,22.157911],[-159.697108,22.157993],[-159.697078,22.158069],[-159.69702,22.158146],[-159.69695,22.158232],[-159.696908,22.15835],[-159.696879,22.158454],[-159.696856,22.158567],[-159.696886,22.158652],[-159.696963,22.158724],[-159.697075,22.158728],[-159.697152,22.158683],[-159.697234,22.158606],[-159.697269,22.158543],[-159.697405,22.158425],[-159.697528,22.158361],[-159.697688,22.15832],[-159.698141,22.158133],[-159.698401,22.15801],[-159.698666,22.157869],[-159.69892,22.157719],[-159.699149,22.157519],[-159.699355,22.157342],[-159.699502,22.15717],[-159.699543,22.157034],[-159.699584,22.156912],[-159.699548,22.156786],[-159.699642,22.15675],[-159.699825,22.156641],[-159.699943,22.156577],[-159.700054,22.156509],[-159.700095,22.156333],[-159.70003,22.156193],[-159.699923,22.156121],[-159.69974,22.156023],[-159.699592,22.155974],[-159.699503,22.15592],[-159.699456,22.155839],[-159.699444,22.155713],[-159.69942,22.155523],[-159.699354,22.155379],[-159.699289,22.155271],[-159.699318,22.155203],[-159.699395,22.155117],[-159.699459,22.155067],[-159.699518,22.15495],[-159.699524,22.154823],[-159.699446,22.15467],[-159.699487,22.154571],[-159.699522,22.154516],[-159.699534,22.154435],[-159.699569,22.154372],[-159.699687,22.154376],[-159.699894,22.154433],[-159.700112,22.154491],[-159.700319,22.154504],[-159.700449,22.154625],[-159.700627,22.154728],[-159.700834,22.154813],[-159.701082,22.154826],[-159.70146,22.154855],[-159.701572,22.154959],[-159.701738,22.155053],[-159.701945,22.155165],[-159.702353,22.155271],[-159.702619,22.155311],[-159.702896,22.155341],[-159.703002,22.155255],[-159.703126,22.155304],[-159.703363,22.155366],[-159.703735,22.155374],[-159.703935,22.155283],[-159.704101,22.155368],[-159.70429,22.155403],[-159.704514,22.155501],[-159.704857,22.155613],[-159.705282,22.155597],[-159.705353,22.155511],[-159.705453,22.155402],[-159.705612,22.155293],[-159.705783,22.155225],[-159.705912,22.155084],[-159.706007,22.155134],[-159.706095,22.155133],[-159.706112,22.155052],[-159.706118,22.154966],[-159.7061,22.154808],[-159.70614,22.154583],[-159.706223,22.154429],[-159.706299,22.154325],[-159.706493,22.154288],[-159.706665,22.154273],[-159.706753,22.154214],[-159.706888,22.15411],[-159.706971,22.153943],[-159.707047,22.153748],[-159.707123,22.153581],[-159.7073,22.153472],[-159.707506,22.153327],[-159.707623,22.153128],[-159.707722,22.152901],[-159.707746,22.152825],[-159.707846,22.152761],[-159.707946,22.152684],[-159.707975,22.152571],[-159.708023,22.152562],[-159.708453,22.152366],[-159.708654,22.152288],[-159.708895,22.152161],[-159.709095,22.152006],[-159.709325,22.15182],[-159.709495,22.151675],[-159.709637,22.151684],[-159.709749,22.151674],[-159.709891,22.151592],[-159.710073,22.151519],[-159.710315,22.151478],[-159.710528,22.151409],[-159.710698,22.151336],[-159.710792,22.151291],[-159.710887,22.151168],[-159.711075,22.15114],[-159.711247,22.151086],[-159.711406,22.150986],[-159.71157,22.150863],[-159.711723,22.150682],[-159.71203,22.150667],[-159.712148,22.15063],[-159.712254,22.150562],[-159.712484,22.150629],[-159.712626,22.150628],[-159.712868,22.150623],[-159.713169,22.150567],[-159.71344,22.150535],[-159.713812,22.150479],[-159.714137,22.150437],[-159.71442,22.150363],[-159.714485,22.150363],[-159.714827,22.150267],[-159.715175,22.150121],[-159.715582,22.149988],[-159.715924,22.149878],[-159.715994,22.149774],[-159.716012,22.149657],[-159.715993,22.149499],[-159.7162,22.149458],[-159.716535,22.149348],[-159.716937,22.149278],[-159.717255,22.149169],[-159.717509,22.149059],[-159.717839,22.148904],[-159.718116,22.148727],[-159.718239,22.14856],[-159.71828,22.148456],[-159.718462,22.148396],[-159.718563,22.148355],[-159.718598,22.148305],[-159.718592,22.148229],[-159.71845,22.14822],[-159.717581,22.148314],[-159.717227,22.148307],[-159.716783,22.148219],[-159.716174,22.148014],[-159.715831,22.147848],[-159.715601,22.147651],[-159.715512,22.147457],[-159.715435,22.146807],[-159.715429,22.146564],[-159.715335,22.146316],[-159.714975,22.146078],[-159.714637,22.145985],[-159.714106,22.145865],[-159.713561,22.145669],[-159.713284,22.14553],[-159.712971,22.145441],[-159.712308,22.145349],[-159.712278,22.144983],[-159.712172,22.14469],[-159.712113,22.144424],[-159.712208,22.144306],[-159.712575,22.144314],[-159.712947,22.144114],[-159.713751,22.143555],[-159.713946,22.143441],[-159.714123,22.143287],[-159.714206,22.143318],[-159.71433,22.143466],[-159.714378,22.143678],[-159.714342,22.14385],[-159.714484,22.143962],[-159.714732,22.143948],[-159.715311,22.143859],[-159.716328,22.143769],[-159.716659,22.143822],[-159.71699,22.143739],[-159.71712,22.143721],[-159.717277,22.143779],[-159.717466,22.143778],[-159.717643,22.143763],[-159.717755,22.143745],[-159.717849,22.14369],[-159.717932,22.14378],[-159.71811,22.143897],[-159.718252,22.143987],[-159.718494,22.143999],[-159.71863,22.143967],[-159.718754,22.14393],[-159.718972,22.143952],[-159.719031,22.143929],[-159.719049,22.143852],[-159.719013,22.14373],[-159.719006,22.143667],[-159.719219,22.143707],[-159.719491,22.143688],[-159.719679,22.143678],[-159.71988,22.143614],[-159.719998,22.143672],[-159.720152,22.143721],[-159.720287,22.143725],[-159.720447,22.143702],[-159.720541,22.143715],[-159.720678,22.143836],[-159.720754,22.143908],[-159.720932,22.143961],[-159.720968,22.14402],[-159.721057,22.144241],[-159.72114,22.144426],[-159.721224,22.144619],[-159.721219,22.144827],[-159.72123,22.144913],[-159.72126,22.145053],[-159.721308,22.145161],[-159.721422,22.145639],[-159.721505,22.145729],[-159.721541,22.145864],[-159.721524,22.14618],[-159.721543,22.146325],[-159.721549,22.146456],[-159.721609,22.146699],[-159.721609,22.146853],[-159.721592,22.147087],[-159.721635,22.147304],[-159.721653,22.147502],[-159.721719,22.147651],[-159.721837,22.147772],[-159.721908,22.147835],[-159.722015,22.147961],[-159.72247,22.148184],[-159.722636,22.148202],[-159.722736,22.148152],[-159.722818,22.148102],[-159.722918,22.147988],[-159.722971,22.147862],[-159.723047,22.14769],[-159.723094,22.147536],[-159.723122,22.147356],[-159.723122,22.147198],[-159.723204,22.147102],[-159.723316,22.147021],[-159.723446,22.14688],[-159.723563,22.146708],[-159.723621,22.146482],[-159.723709,22.146202],[-159.723991,22.145974],[-159.724103,22.145861],[-159.724161,22.145721],[-159.724173,22.145621],[-159.724149,22.14554],[-159.72429,22.145314],[-159.724537,22.145051],[-159.724643,22.144928],[-159.724831,22.14472],[-159.724878,22.144634],[-159.72489,22.144548],[-159.724871,22.14448],[-159.724895,22.144444],[-159.724977,22.144344],[-159.725012,22.144263],[-159.725089,22.144118],[-159.725152,22.143919],[-159.725176,22.143711],[-159.725151,22.143535],[-159.725157,22.143463],[-159.72521,22.143408],[-159.725269,22.143413],[-159.725375,22.143362],[-159.725463,22.143317],[-159.725563,22.14324],[-159.725658,22.143189],[-159.725752,22.143103],[-159.725793,22.143004],[-159.725798,22.142873],[-159.725833,22.142791],[-159.72588,22.142768],[-159.726004,22.142718],[-159.726116,22.142663],[-159.726157,22.142618],[-159.726234,22.142568],[-159.726352,22.142468],[-159.726404,22.142414],[-159.726534,22.142314],[-159.726634,22.142205],[-159.726716,22.14211],[-159.726798,22.142005],[-159.726886,22.141901],[-159.726898,22.141757],[-159.727033,22.141652],[-159.72708,22.141571],[-159.72715,22.141498],[-159.727209,22.14143],[-159.727321,22.141344],[-159.727398,22.141271],[-159.727509,22.141149],[-159.727574,22.141026],[-159.727739,22.140822],[-159.727933,22.140772],[-159.727998,22.140717],[-159.728045,22.140658],[-159.72811,22.140613],[-159.72818,22.140536],[-159.728221,22.14045],[-159.728298,22.140454],[-159.728416,22.140471],[-159.728499,22.140471],[-159.728563,22.140453],[-159.72864,22.140421],[-159.728776,22.14037],[-159.728864,22.140329],[-159.729012,22.140288],[-159.729135,22.140201],[-159.729218,22.140169],[-159.729294,22.140083],[-159.729388,22.139965],[-159.729458,22.139834],[-159.729499,22.139631],[-159.729457,22.139482],[-159.729332,22.139266],[-159.729055,22.139096],[-159.72893,22.138979],[-159.72877,22.138867],[-159.728552,22.138796],[-159.728274,22.138684],[-159.727753,22.138519],[-159.727399,22.138481],[-159.727328,22.138481],[-159.727269,22.138427],[-159.72721,22.13826],[-159.727174,22.138084],[-159.72715,22.138008],[-159.727202,22.137931],[-159.727315,22.137975],[-159.72738,22.138043],[-159.727463,22.138078],[-159.727575,22.138105],[-159.727711,22.138104],[-159.727799,22.138095],[-159.727947,22.138067],[-159.728,22.138035],[-159.728124,22.138084],[-159.728349,22.138169],[-159.728514,22.138186],[-159.728839,22.138279],[-159.729011,22.13845],[-159.729206,22.138512],[-159.729465,22.138502],[-159.729873,22.138527],[-159.730097,22.138476],[-159.730433,22.13847],[-159.730557,22.138425],[-159.730712,22.138379],[-159.730853,22.138378],[-159.731149,22.138422],[-159.730859,22.139173],[-159.730593,22.139774],[-159.730109,22.140395],[-159.729092,22.141019],[-159.728536,22.14132],[-159.72814,22.1418],[-159.727543,22.142589],[-159.727158,22.143024],[-159.726904,22.143251],[-159.726095,22.14433],[-159.725799,22.144977],[-159.725485,22.145507],[-159.724746,22.146562],[-159.724156,22.147517],[-159.723517,22.148513],[-159.723127,22.149382],[-159.723091,22.149458],[-159.722973,22.149658],[-159.722506,22.15008],[-159.721578,22.150616],[-159.721181,22.150744],[-159.720614,22.150842],[-159.720064,22.150898],[-159.719449,22.151009],[-159.718657,22.151207],[-159.718196,22.151403],[-159.717699,22.151676],[-159.717285,22.151935],[-159.716859,22.15227],[-159.716375,22.152539],[-159.715931,22.152816],[-159.715193,22.153225],[-159.714643,22.153566],[-159.71388,22.15421],[-159.713141,22.154669],[-159.71281,22.154802],[-159.711988,22.155035],[-159.710947,22.155207],[-159.710226,22.15535],[-159.709617,22.15556],[-159.708712,22.156065],[-159.707683,22.15671],[-159.707464,22.156815],[-159.707412,22.156933],[-159.707483,22.157402],[-159.707524,22.1576],[-159.707636,22.158015],[-159.707659,22.158227],[-159.707636,22.158344],[-159.707541,22.158507],[-159.707293,22.158662],[-159.70695,22.158984],[-159.706743,22.159057],[-159.706595,22.159053],[-159.706442,22.158977],[-159.706365,22.158855],[-159.706253,22.158838],[-159.706175,22.158897],[-159.70601,22.159263],[-159.705903,22.159327],[-159.705566,22.159283],[-159.70546,22.159225],[-159.705353,22.159049],[-159.705253,22.158702],[-159.705082,22.158297],[-159.704993,22.157832],[-159.704881,22.157774],[-159.704615,22.157712],[-159.703982,22.157634],[-159.703675,22.157612],[-159.703479,22.157645],[-159.70303,22.15803],[-159.702669,22.158343],[-159.702333,22.158552],[-159.701776,22.158821],[-159.700772,22.159105],[-159.700411,22.15931],[-159.699997,22.159618],[-159.699157,22.160421],[-159.69853,22.160934],[-159.698105,22.161166],[-159.697407,22.161439],[-159.697093,22.161553],[-159.697022,22.161694],[-159.697076,22.161829],[-159.697176,22.162063],[-159.697217,22.162248],[-159.697194,22.162374],[-159.696544,22.16258],[-159.696342,22.162549],[-159.696153,22.162573],[-159.695917,22.162678],[-159.695609,22.162783],[-159.69532,22.162793],[-159.694988,22.162722],[-159.694734,22.162588],[-159.694486,22.162386],[-159.694427,22.162381],[-159.694249,22.162518],[-159.694131,22.162699],[-159.693995,22.162826],[-159.693794,22.162876],[-159.693457,22.162787],[-159.693238,22.162847],[-159.692996,22.162961],[-159.692706,22.163029],[-159.692387,22.163062],[-159.691724,22.163088],[-159.69124,22.163035],[-159.690944,22.163122],[-159.690607,22.163268],[-159.690465,22.163273],[-159.690353,22.163166],[-159.690294,22.163076],[-159.690217,22.163053],[-159.69017,22.163139],[-159.68998,22.163348],[-159.689442,22.16367],[-159.689164,22.163775],[-159.688815,22.163813],[-159.688662,22.163782],[-159.688508,22.163715],[-159.688271,22.163413],[-159.687911,22.163126],[-159.687775,22.163077],[-159.687509,22.163069],[-159.686699,22.163172],[-159.685984,22.163305],[-159.685664,22.163451],[-159.685504,22.163628],[-159.68538,22.163809],[-159.685279,22.163868],[-159.685032,22.163873],[-159.684824,22.164001],[-159.684682,22.164236],[-159.68454,22.164417],[-159.684375,22.164512],[-159.683819,22.164461],[-159.683394,22.164368],[-159.683328,22.164377],[-159.683257,22.164472],[-159.683151,22.164707],[-159.682985,22.164911],[-159.682719,22.165061],[-159.682465,22.165066],[-159.68201,22.165032],[-159.681897,22.165073],[-159.681672,22.165304],[-159.681211,22.165523],[-159.681028,22.165573],[-159.680614,22.165611],[-159.680472,22.165837],[-159.680371,22.165937],[-159.680212,22.166023],[-159.679798,22.16612],[-159.679266,22.166221],[-159.679083,22.166335],[-159.67884,22.166539],[-159.678674,22.166648],[-159.678432,22.16673],[-159.678172,22.166754],[-159.677906,22.166705],[-159.677782,22.166606],[-159.677734,22.166494],[-159.677734,22.166381],[-159.677421,22.166224],[-159.677368,22.166229],[-159.677273,22.166306],[-159.677125,22.166356],[-159.676954,22.166592],[-159.676777,22.166696],[-159.676617,22.166963],[-159.67651,22.167004],[-159.675942,22.167101],[-159.675664,22.16712],[-159.675392,22.167198],[-159.674991,22.167191],[-159.674689,22.167233],[-159.674446,22.167243],[-159.674233,22.167194],[-159.673968,22.167041],[-159.67369,22.166713],[-159.673454,22.166037],[-159.673365,22.165834],[-159.673241,22.165704],[-159.673034,22.165619],[-159.672892,22.165602],[-159.672709,22.165706],[-159.672413,22.16578],[-159.672277,22.16587],[-159.671721,22.166586],[-159.671686,22.166717],[-159.671792,22.166861],[-159.672099,22.167433],[-159.672141,22.167672],[-159.672111,22.167852],[-159.672004,22.168137],[-159.671898,22.168246],[-159.671738,22.168359],[-159.671632,22.168396],[-159.671365,22.168433],[-159.671105,22.168407],[-159.670899,22.168331],[-159.670674,22.168169],[-159.670526,22.167967],[-159.670367,22.167521],[-159.670302,22.167164],[-159.670201,22.16702],[-159.670077,22.166903],[-159.669917,22.166827],[-159.669646,22.166801],[-159.669462,22.166834],[-159.668297,22.167213],[-159.667333,22.167618],[-159.667038,22.167727],[-159.666801,22.167886],[-159.6666,22.168054],[-159.666482,22.168185],[-159.666417,22.168303],[-159.666428,22.168416],[-159.666753,22.169082],[-159.666783,22.169249],[-159.666718,22.169412],[-159.666428,22.169431],[-159.666257,22.169468],[-159.665866,22.169393],[-159.665742,22.16942],[-159.665547,22.169543],[-159.665423,22.169665],[-159.665286,22.169905],[-159.665221,22.170406],[-159.66518,22.170492],[-159.665055,22.170551],[-159.664701,22.170589],[-159.664311,22.170721],[-159.663926,22.170808],[-159.663753,22.170841],[-159.663498,22.170896],[-159.663221,22.170983],[-159.662777,22.171052],[-159.662558,22.171071],[-159.662304,22.171153],[-159.661341,22.171694],[-159.661122,22.171853],[-159.66101,22.172011],[-159.66072,22.172102],[-159.660348,22.172293],[-159.659236,22.172753],[-159.658722,22.173017],[-159.658095,22.173191],[-159.657457,22.173333],[-159.657202,22.17342],[-159.657013,22.173596],[-159.656801,22.173886],[-159.656487,22.17423],[-159.655979,22.174579],[-159.654826,22.17531],[-159.654666,22.175473],[-159.654519,22.175825],[-159.654282,22.176192],[-159.65404,22.176481],[-159.653692,22.176812],[-159.653278,22.177242],[-159.65271,22.177894],[-159.652284,22.178248],[-159.651587,22.17853],[-159.65096,22.178835],[-159.64986,22.179236],[-159.649169,22.179433],[-159.648814,22.179605],[-159.648459,22.179719],[-159.647306,22.17994],[-159.646396,22.180246],[-159.646077,22.18027],[-159.645769,22.180257],[-159.645521,22.180276],[-159.644958,22.180251],[-159.644468,22.180415],[-159.644054,22.180638],[-159.643747,22.180829],[-159.643363,22.181011],[-159.64273,22.181451],[-159.642416,22.181731],[-159.641754,22.182041],[-159.641033,22.182445],[-159.640944,22.182635],[-159.640779,22.182816],[-159.640258,22.183106],[-159.639797,22.183271],[-159.639708,22.183343],[-159.639585,22.183601],[-159.639514,22.183845],[-159.639283,22.184085],[-159.639011,22.184234],[-159.638467,22.184494],[-159.63829,22.184634],[-159.637994,22.18496],[-159.637521,22.185174],[-159.637296,22.185319],[-159.637149,22.185477],[-159.636965,22.185835],[-159.636989,22.186367],[-159.636912,22.186579],[-159.636771,22.186787],[-159.636605,22.186919],[-159.635747,22.187233],[-159.635676,22.18736],[-159.635541,22.187523],[-159.634955,22.188066],[-159.63434,22.188438],[-159.634222,22.188565],[-159.634033,22.188828],[-159.633867,22.189112],[-159.633826,22.189289],[-159.633832,22.189532],[-159.633773,22.189713],[-159.633566,22.189921],[-159.632786,22.19052],[-159.632437,22.190877],[-159.632135,22.191221],[-159.631993,22.19142],[-159.631816,22.191624],[-159.631615,22.191805],[-159.63142,22.192022],[-159.631201,22.192321],[-159.631,22.192398],[-159.63058,22.19268],[-159.629658,22.193202],[-159.629445,22.193234],[-159.62925,22.193325],[-159.629049,22.193502],[-159.628191,22.193884],[-159.62773,22.193971],[-159.62757,22.194053],[-159.627109,22.194425],[-159.626879,22.194669],[-159.626725,22.195049],[-159.626459,22.195352],[-159.626081,22.195692],[-159.625927,22.195751],[-159.62553,22.195879],[-159.625282,22.195825],[-159.625063,22.195605],[-159.62498,22.195466],[-159.624868,22.19538],[-159.624596,22.195314],[-159.624288,22.195148],[-159.624017,22.195266],[-159.623821,22.195294],[-159.62375,22.19538],[-159.623538,22.195967],[-159.623425,22.1965],[-159.623366,22.196721],[-159.623301,22.196852],[-159.623224,22.19692],[-159.623011,22.197002],[-159.622798,22.197016],[-159.622562,22.196959],[-159.622219,22.196802],[-159.622024,22.19678],[-159.621503,22.196773],[-159.621255,22.19681],[-159.620297,22.197088],[-159.619972,22.19722],[-159.619705,22.197393],[-159.61945,22.197578],[-159.618873,22.196958],[-159.618733,22.196801],[-159.61854,22.196652],[-159.618325,22.196346],[-159.618146,22.196058],[-159.617919,22.19577],[-159.617769,22.195486],[-159.617734,22.195432],[-159.617843,22.195242],[-159.617863,22.19508],[-159.617812,22.194904],[-159.617778,22.194801],[-159.617702,22.194706],[-159.617567,22.194607],[-159.617379,22.194536],[-159.617133,22.194365],[-159.616963,22.194307],[-159.616804,22.194186],[-159.61674,22.194127],[-159.616613,22.193934],[-159.616315,22.193641],[-159.616106,22.193335],[-159.615996,22.193227],[-159.616061,22.19316],[-159.616204,22.193078],[-159.616294,22.192929],[-159.616373,22.19277],[-159.616406,22.192567],[-159.616278,22.192374],[-159.616167,22.192284],[-159.616181,22.192121],[-159.616153,22.192009],[-159.616008,22.19182],[-159.615838,22.19168],[-159.615939,22.191581],[-159.616095,22.191449],[-159.616268,22.191354],[-159.616436,22.191141],[-159.616502,22.190988],[-159.616527,22.190915],[-159.616481,22.190843],[-159.616392,22.190803],[-159.61624,22.190691],[-159.616106,22.190574],[-159.61612,22.19042],[-159.616027,22.190254],[-159.615963,22.190204],[-159.615781,22.190115],[-159.615641,22.189971],[-159.615695,22.189853],[-159.615739,22.189686],[-159.61573,22.189497],[-159.615636,22.189398],[-159.615379,22.189155],[-159.615323,22.188943],[-159.61526,22.188795],[-159.615076,22.18838],[-159.614927,22.188065],[-159.614752,22.187835],[-159.614579,22.187556],[-159.614404,22.187358],[-159.614212,22.187106],[-159.614102,22.186949],[-159.614085,22.186849],[-159.614099,22.186714],[-159.614024,22.186525],[-159.614061,22.186452],[-159.614379,22.186465],[-159.614588,22.186392],[-159.614795,22.186292],[-159.614939,22.18621],[-159.614997,22.186237],[-159.615191,22.186291],[-159.615351,22.186281],[-159.615505,22.186217],[-159.615586,22.186379],[-159.615779,22.186492],[-159.615927,22.186568],[-159.616162,22.186572],[-159.616471,22.18648],[-159.616672,22.186443],[-159.616813,22.186551],[-159.617013,22.186627],[-159.61719,22.186609],[-159.617416,22.186518],[-159.617515,22.186607],[-159.617662,22.186693],[-159.61778,22.186742],[-159.618028,22.186714],[-159.61837,22.186708],[-159.61865,22.18659],[-159.61879,22.186707],[-159.618896,22.18677],[-159.619119,22.186846],[-159.619273,22.186822],[-159.619393,22.186723],[-159.619449,22.186488],[-159.619528,22.186258],[-159.619521,22.185928],[-159.619542,22.18563],[-159.619685,22.185589],[-159.619927,22.185543],[-159.620029,22.185439],[-159.620114,22.18524],[-159.620176,22.185073],[-159.620165,22.184974],[-159.62023,22.184983],[-159.620378,22.184942],[-159.620467,22.184865],[-159.620588,22.184684],[-159.62068,22.184458],[-159.620533,22.183894],[-159.620688,22.183803],[-159.62085,22.183595],[-159.620959,22.183392],[-159.621105,22.183044],[-159.621247,22.183048],[-159.621388,22.183079],[-159.621572,22.183015],[-159.621615,22.182961],[-159.621673,22.183042],[-159.621836,22.183204],[-159.621975,22.183384],[-159.622092,22.183469],[-159.622192,22.1835],[-159.622328,22.183563],[-159.622505,22.183576],[-159.622504,22.183648],[-159.622487,22.184027],[-159.622545,22.184176],[-159.622537,22.184302],[-159.622517,22.184492],[-159.62249,22.184686],[-159.622516,22.184997],[-159.622591,22.185182],[-159.622588,22.18543],[-159.622555,22.185656],[-159.622558,22.185886],[-159.622614,22.18613],[-159.622748,22.18631],[-159.622716,22.186508],[-159.622725,22.186729],[-159.622781,22.186982],[-159.622879,22.187184],[-159.622711,22.187356],[-159.622638,22.187497],[-159.622624,22.18765],[-159.622617,22.187781],[-159.622686,22.187871],[-159.622798,22.187961],[-159.622915,22.188051],[-159.623014,22.18815],[-159.623136,22.188293],[-159.623182,22.188406],[-159.623239,22.188573],[-159.623261,22.18869],[-159.623324,22.188861],[-159.623373,22.189172],[-159.623395,22.189344],[-159.623421,22.189601],[-159.623477,22.189844],[-159.623562,22.190133],[-159.623679,22.190259],[-159.623801,22.190349],[-159.623921,22.190411],[-159.623814,22.190285],[-159.623714,22.19002],[-159.623684,22.189356],[-159.623578,22.188869],[-159.623536,22.188549],[-159.623471,22.186812],[-159.6235,22.186176],[-159.623483,22.185048],[-159.623506,22.184655],[-159.6236,22.184263],[-159.623967,22.183404],[-159.624086,22.182948],[-159.624907,22.181059],[-159.624961,22.180874],[-159.625043,22.180404],[-159.624978,22.179682],[-159.624848,22.178956],[-159.624824,22.178623],[-159.624877,22.178374],[-159.624936,22.177905],[-159.625066,22.177485],[-159.62519,22.177223],[-159.62558,22.176571],[-159.625947,22.175902],[-159.626089,22.175564],[-159.626148,22.17536],[-159.626231,22.174462],[-159.62613,22.174142],[-159.625964,22.173876],[-159.625781,22.173552],[-159.625521,22.173174],[-159.625202,22.172886],[-159.624965,22.172716],[-159.62474,22.172626],[-159.624444,22.172591],[-159.624167,22.172592],[-159.623983,22.172543],[-159.623782,22.172273],[-159.623551,22.172058],[-159.623321,22.171679],[-159.623078,22.171315],[-159.622936,22.171193],[-159.622706,22.171063],[-159.622457,22.170978],[-159.621955,22.170854],[-159.621748,22.170832],[-159.621583,22.170855],[-159.621387,22.17081],[-159.621299,22.170684],[-159.62124,22.170482],[-159.621169,22.170324],[-159.621092,22.170089],[-159.621079,22.169494],[-159.620955,22.169295],[-159.620536,22.169058],[-159.620352,22.168878],[-159.620252,22.168702],[-159.620186,22.168526],[-159.619803,22.168081],[-159.619873,22.167905],[-159.620027,22.167462],[-159.620074,22.167227],[-159.620104,22.166852],[-159.620133,22.166721],[-159.620051,22.166582],[-159.619814,22.166384],[-159.619796,22.166285],[-159.61979,22.166104],[-159.619707,22.165987],[-159.619453,22.165726],[-159.619246,22.16542],[-159.619205,22.165312],[-159.619181,22.164982],[-159.619146,22.164861],[-159.619004,22.164762],[-159.61885,22.164762],[-159.61885,22.164591],[-159.618921,22.164284],[-159.61901,22.164067],[-159.618998,22.163936],[-159.618944,22.163792],[-159.61885,22.163639],[-159.618377,22.163135],[-159.618081,22.162896],[-159.618057,22.162797],[-159.618087,22.162648],[-159.618347,22.1623],[-159.618518,22.162037],[-159.618548,22.161866],[-159.618466,22.161469],[-159.618371,22.161316],[-159.618359,22.161171],[-159.618395,22.161045],[-159.618382,22.160864],[-159.618258,22.160486],[-159.618347,22.160174],[-159.618448,22.159871],[-159.618583,22.159595],[-159.618678,22.159315],[-159.61869,22.159053],[-159.618571,22.15863],[-159.618601,22.158445],[-159.618678,22.158219],[-159.618683,22.157645],[-159.618648,22.157185],[-159.61866,22.156887],[-159.618601,22.156757],[-159.61824,22.156397],[-159.618163,22.156275],[-159.618074,22.156045],[-159.617696,22.1555],[-159.617453,22.15486],[-159.617826,22.154412],[-159.618335,22.15414],[-159.618636,22.154075],[-159.618991,22.154047],[-159.619251,22.153983],[-159.619392,22.15387],[-159.619469,22.153743],[-159.619682,22.153106],[-159.61986,22.152798],[-159.619966,22.152672],[-159.620126,22.152558],[-159.620522,22.152331],[-159.620676,22.152218],[-159.620805,22.152078],[-159.620876,22.151937],[-159.621013,22.151761],[-159.621669,22.151127],[-159.621887,22.150982],[-159.622212,22.15071],[-159.622384,22.150515],[-159.62265,22.150121],[-159.622963,22.149791],[-159.623436,22.149514],[-159.623938,22.149169],[-159.624577,22.148806],[-159.624784,22.148737],[-159.625168,22.148795],[-159.625511,22.148721],[-159.625825,22.148589],[-159.626315,22.148421],[-159.626587,22.148307],[-159.626805,22.148184],[-159.627131,22.148138],[-159.627276,22.148178],[-159.627539,22.148348],[-159.627763,22.148388],[-159.627976,22.148397],[-159.628106,22.148387]]]},"properties":{}},{"type":"Feature","geometry":{"type":"Polygon","coordinates":[[[-159.628106,22.148387],[-159.627609,22.142073],[-159.626803,22.131719],[-159.633168,22.122694],[-159.633345,22.122495],[-159.63341,22.122472],[-159.633517,22.122526],[-159.633788,22.122574],[-159.633912,22.122551],[-159.633942,22.122425],[-159.63386,22.122127],[-159.633889,22.122019],[-159.633954,22.121946],[-159.634302,22.121801],[-159.634539,22.121759],[-159.634782,22.121776],[-159.634964,22.121848],[-159.635101,22.121843],[-159.635378,22.121598],[-159.63552,22.121543],[-159.635615,22.121579],[-159.635745,22.121655],[-159.635845,22.121768],[-159.635916,22.121768],[-159.636041,22.121713],[-159.63607,22.121659],[-159.636206,22.12155],[-159.636348,22.121527],[-159.63643,22.121553],[-159.636507,22.121549],[-159.636549,22.121521],[-159.636714,22.121169],[-159.636702,22.121047],[-159.636649,22.120961],[-159.636519,22.120907],[-159.636377,22.120962],[-159.636035,22.121031],[-159.635963,22.120986],[-159.635898,22.120896],[-159.635863,22.120738],[-159.635739,22.120553],[-159.635396,22.120415],[-159.635295,22.120392],[-159.635106,22.12047],[-159.634958,22.120656],[-159.634828,22.120724],[-159.634521,22.120702],[-159.634433,22.120689],[-159.634273,22.120721],[-159.634172,22.120767],[-159.633995,22.120948],[-159.63393,22.120948],[-159.633924,22.120885],[-159.634019,22.1207],[-159.634036,22.120162],[-159.633989,22.119964],[-159.633877,22.119792],[-159.63367,22.119694],[-159.633469,22.119654],[-159.633215,22.119659],[-159.632919,22.119683],[-159.632831,22.119656],[-159.632801,22.119557],[-159.632813,22.119426],[-159.63286,22.119335],[-159.632984,22.119285],[-159.634131,22.119164],[-159.634296,22.1191],[-159.634355,22.118951],[-159.634296,22.11882],[-159.634089,22.118581],[-159.633711,22.118357],[-159.633658,22.118294],[-159.633681,22.118208],[-159.634077,22.118053],[-159.634373,22.117993],[-159.634544,22.117902],[-159.634739,22.117585],[-159.634839,22.117328],[-159.635041,22.117236],[-159.635141,22.117349],[-159.635306,22.117827],[-159.63539,22.118111],[-159.635703,22.11863],[-159.635933,22.118836],[-159.636241,22.11926],[-159.636383,22.119363],[-159.636678,22.119466],[-159.636885,22.119519],[-159.637009,22.119492],[-159.637199,22.119401],[-159.637322,22.119265],[-159.637388,22.119084],[-159.637305,22.118908],[-159.63698,22.118494],[-159.636944,22.118322],[-159.636956,22.118228],[-159.637015,22.118101],[-159.637127,22.118019],[-159.637281,22.117946],[-159.637565,22.117991],[-159.637653,22.118081],[-159.637707,22.118225],[-159.637683,22.118374],[-159.637754,22.118559],[-159.637854,22.118699],[-159.637955,22.118793],[-159.638138,22.118878],[-159.638362,22.118886],[-159.638487,22.118868],[-159.638823,22.118736],[-159.638995,22.118699],[-159.63916,22.118599],[-159.639237,22.118481],[-159.639184,22.11835],[-159.639054,22.118256],[-159.638871,22.118175],[-159.638381,22.118069],[-159.638197,22.118011],[-159.638037,22.117867],[-159.637901,22.1177],[-159.63773,22.11757],[-159.637535,22.117503],[-159.637299,22.117468],[-159.63679,22.11751],[-159.636672,22.117429],[-159.636636,22.117348],[-159.636619,22.117244],[-159.636483,22.117154],[-159.63643,22.117078],[-159.636459,22.116902],[-159.63666,22.116698],[-159.63676,22.116512],[-159.636908,22.116385],[-159.637032,22.116353],[-159.63718,22.116402],[-159.637387,22.11651],[-159.6377,22.11659],[-159.638138,22.116503],[-159.638309,22.116516],[-159.638504,22.11661],[-159.638865,22.116943],[-159.639066,22.117294],[-159.639214,22.117637],[-159.639332,22.117727],[-159.639551,22.117798],[-159.639633,22.117807],[-159.639799,22.117752],[-159.639923,22.117675],[-159.639988,22.117589],[-159.639911,22.11744],[-159.639775,22.117251],[-159.63971,22.117084],[-159.639586,22.116854],[-159.639178,22.116386],[-159.638114,22.115554],[-159.63796,22.11537],[-159.63793,22.115261],[-159.637936,22.11504],[-159.638078,22.114963],[-159.638391,22.115016],[-159.638545,22.115133],[-159.638657,22.115299],[-159.63887,22.115461],[-159.639089,22.115515],[-159.639402,22.115513],[-159.63984,22.115643],[-159.640023,22.115629],[-159.6402,22.115524],[-159.640354,22.115532],[-159.64046,22.115591],[-159.640449,22.116295],[-159.640466,22.116544],[-159.640638,22.116787],[-159.640845,22.116967],[-159.640981,22.116912],[-159.641069,22.116781],[-159.641135,22.116523],[-159.641182,22.116473],[-159.641294,22.116496],[-159.641377,22.116662],[-159.641507,22.116779],[-159.641613,22.116824],[-159.64195,22.116832],[-159.642109,22.116867],[-159.642275,22.116826],[-159.642547,22.116599],[-159.64276,22.116553],[-159.642943,22.116611],[-159.643073,22.116611],[-159.643286,22.116466],[-159.643321,22.116298],[-159.643262,22.116136],[-159.642925,22.115753],[-159.642653,22.11561],[-159.642488,22.115561],[-159.642346,22.115489],[-159.642286,22.115263],[-159.642298,22.115105],[-159.642257,22.11474],[-159.642204,22.114654],[-159.642038,22.114573],[-159.641618,22.11453],[-159.641359,22.114481],[-159.641199,22.114409],[-159.641086,22.114288],[-159.641069,22.114107],[-159.641204,22.113994],[-159.641329,22.113989],[-159.641589,22.114038],[-159.641807,22.1141],[-159.641979,22.114117],[-159.642127,22.114063],[-159.642215,22.113922],[-159.642145,22.113588],[-159.642117,22.113464],[-159.642122,22.113421],[-159.642216,22.113331],[-159.642341,22.113249],[-159.642506,22.113212],[-159.642654,22.113216],[-159.642855,22.113238],[-159.642955,22.113192],[-159.643133,22.113065],[-159.643251,22.11302],[-159.643334,22.113006],[-159.643446,22.112974],[-159.643588,22.11291],[-159.643629,22.112847],[-159.6437,22.11277],[-159.643748,22.112742],[-159.643807,22.11267],[-159.64383,22.112634],[-159.64383,22.112593],[-159.643794,22.112521],[-159.643682,22.112259],[-159.643653,22.112124],[-159.643593,22.11202],[-159.643499,22.111944],[-159.643428,22.111849],[-159.64338,22.111682],[-159.643381,22.111606],[-159.643422,22.111533],[-159.643599,22.111478],[-159.643741,22.111518],[-159.643777,22.11155],[-159.643871,22.111699],[-159.643918,22.111802],[-159.644007,22.11191],[-159.64409,22.112032],[-159.644125,22.112163],[-159.644137,22.112226],[-159.644143,22.112294],[-159.644167,22.112325],[-159.644214,22.112366],[-159.644285,22.112366],[-159.644492,22.112315],[-159.644811,22.112228],[-159.644976,22.112205],[-159.645054,22.112227],[-159.645113,22.112281],[-159.645183,22.112425],[-159.645195,22.11248],[-159.645219,22.112552],[-159.645219,22.112656],[-159.645237,22.112787],[-159.645261,22.112881],[-159.645284,22.112917],[-159.645361,22.112962],[-159.645426,22.112948],[-159.645479,22.112912],[-159.645532,22.112867],[-159.645597,22.112799],[-159.645674,22.112731],[-159.645763,22.11269],[-159.645987,22.112621],[-159.646271,22.112516],[-159.646525,22.112547],[-159.646808,22.112645],[-159.647081,22.112725],[-159.647205,22.112779],[-159.647258,22.112824],[-159.647341,22.112883],[-159.647411,22.112918],[-159.647465,22.112905],[-159.647654,22.112899],[-159.647731,22.112917],[-159.647796,22.112903],[-159.647849,22.112863],[-159.647873,22.112817],[-159.647873,22.112727],[-159.647855,22.112659],[-159.647678,22.112466],[-159.647417,22.112232],[-159.647187,22.112111],[-159.647063,22.112021],[-159.647003,22.111935],[-159.646944,22.111881],[-159.646891,22.1118],[-159.646815,22.111751],[-159.646708,22.11172],[-159.646578,22.111639],[-159.646466,22.1114],[-159.646359,22.111184],[-159.646282,22.111093],[-159.64617,22.11099],[-159.646082,22.110945],[-159.645709,22.110811],[-159.645615,22.110771],[-159.645508,22.110735],[-159.645407,22.110717],[-159.645236,22.110709],[-159.645136,22.110669],[-159.645023,22.110619],[-159.644917,22.110498],[-159.644686,22.110223],[-159.64461,22.110151],[-159.644603,22.110102],[-159.644627,22.110002],[-159.644651,22.109952],[-159.644698,22.109875],[-159.64474,22.109821],[-159.644792,22.109821],[-159.64487,22.10987],[-159.644935,22.109933],[-159.645047,22.110068],[-159.645065,22.110104],[-159.645159,22.110109],[-159.645212,22.109959],[-159.645265,22.109842],[-159.645289,22.109729],[-159.645313,22.109656],[-159.645348,22.109629],[-159.645401,22.109611],[-159.645484,22.109556],[-159.645585,22.109457],[-159.645756,22.109339],[-159.645839,22.109261],[-159.64588,22.109185],[-159.645904,22.109108],[-159.645904,22.109022],[-159.645897,22.108923],[-159.645898,22.108841],[-159.645915,22.10871],[-159.645933,22.108678],[-159.645998,22.108651],[-159.646063,22.108655],[-159.646128,22.108678],[-159.646181,22.108682],[-159.64624,22.108641],[-159.646317,22.108609],[-159.646382,22.108605],[-159.646465,22.108627],[-159.646612,22.108699],[-159.646772,22.10882],[-159.646926,22.108919],[-159.647074,22.109031],[-159.647305,22.109256],[-159.647641,22.109589],[-159.647695,22.109611],[-159.647754,22.109652],[-159.647824,22.109647],[-159.647878,22.109606],[-159.647913,22.109556],[-159.647925,22.10952],[-159.647961,22.109448],[-159.647996,22.109393],[-159.648096,22.109298],[-159.648167,22.109244],[-159.648214,22.109167],[-159.648238,22.109108],[-159.648208,22.108896],[-159.648073,22.108639],[-159.648002,22.10854],[-159.647978,22.108454],[-159.647972,22.108413],[-159.648031,22.108336],[-159.648102,22.108313],[-159.64819,22.108295],[-159.648326,22.10834],[-159.648563,22.108425],[-159.648687,22.108456],[-159.648793,22.108455],[-159.648864,22.108446],[-159.648941,22.108401],[-159.648983,22.108333],[-159.649018,22.108265],[-159.649012,22.108188],[-159.649,22.108116],[-159.648911,22.107832],[-159.648858,22.107728],[-159.648823,22.107633],[-159.648763,22.107557],[-159.648687,22.107485],[-159.648569,22.107381],[-159.64848,22.10735],[-159.648332,22.107287],[-159.648238,22.107238],[-159.648196,22.107175],[-159.648184,22.107107],[-159.648179,22.10704],[-159.64819,22.106976],[-159.648267,22.106931],[-159.648374,22.106881],[-159.648426,22.106885],[-159.648527,22.106916],[-159.648834,22.107055],[-159.64897,22.107091],[-159.649124,22.107108],[-159.649307,22.107094],[-159.649396,22.107035],[-159.649467,22.106922],[-159.649556,22.106836],[-159.649644,22.106799],[-159.649709,22.106754],[-159.649715,22.106668],[-159.649691,22.106573],[-159.649644,22.106451],[-159.649721,22.106401],[-159.649809,22.106387],[-159.649963,22.106391],[-159.650046,22.10645],[-159.650123,22.106517],[-159.650164,22.106562],[-159.650194,22.106567],[-159.650306,22.106544],[-159.650406,22.10653],[-159.650472,22.106525],[-159.650554,22.106547],[-159.650637,22.106587],[-159.650667,22.106655],[-159.650673,22.106732],[-159.650619,22.106863],[-159.650519,22.107031],[-159.650389,22.107234],[-159.650347,22.107325],[-159.650324,22.107465],[-159.650271,22.107619],[-159.650229,22.107768],[-159.650224,22.107867],[-159.650235,22.108147],[-159.650247,22.108201],[-159.650294,22.108314],[-159.650354,22.108368],[-159.650489,22.108435],[-159.650579,22.108458],[-159.65072,22.10852],[-159.650768,22.108565],[-159.650827,22.108637],[-159.650892,22.108682],[-159.650992,22.108736],[-159.651081,22.10874],[-159.651158,22.108731],[-159.651235,22.108703],[-159.651317,22.108653],[-159.651412,22.108626],[-159.651512,22.108571],[-159.651642,22.108539],[-159.65179,22.108498],[-159.651902,22.108471],[-159.652062,22.108479],[-159.652198,22.108465],[-159.652357,22.108478],[-159.652398,22.1085],[-159.652517,22.108531],[-159.65257,22.108495],[-159.652599,22.108445],[-159.652611,22.108355],[-159.652671,22.107966],[-159.652688,22.107867],[-159.652777,22.10774],[-159.652836,22.107663],[-159.652889,22.107586],[-159.652907,22.107509],[-159.652907,22.107405],[-159.652925,22.107184],[-159.652942,22.10713],[-159.652989,22.107026],[-159.653048,22.106935],[-159.653066,22.106827],[-159.65303,22.106709],[-159.652965,22.106601],[-159.652918,22.106506],[-159.6529,22.106376],[-159.652948,22.106299],[-159.653013,22.106249],[-159.653119,22.106185],[-159.653391,22.106044],[-159.653609,22.105989],[-159.653899,22.105852],[-159.654011,22.105807],[-159.654094,22.105748],[-159.654147,22.10568],[-159.654224,22.105598],[-159.654295,22.105471],[-159.654348,22.105394],[-159.654413,22.105317],[-159.654514,22.105254],[-159.654614,22.105226],[-159.654679,22.105212],[-159.654756,22.105221],[-159.654868,22.105266],[-159.654957,22.105293],[-159.655028,22.105252],[-159.655122,22.105152],[-159.655223,22.104984],[-159.655341,22.104826],[-159.655376,22.104731],[-159.655376,22.104573],[-159.655394,22.104406],[-159.655453,22.104279],[-159.655506,22.104202],[-159.6555,22.104062],[-159.655488,22.103972],[-159.655512,22.103868],[-159.655583,22.103723],[-159.655683,22.103546],[-159.655795,22.103325],[-159.655905,22.103168],[-159.65596,22.103137],[-159.655999,22.103125],[-159.656217,22.103047],[-159.656376,22.102988],[-159.656587,22.102854],[-159.661246,22.104019],[-159.666157,22.106301],[-159.671193,22.10618],[-159.668733,22.109069],[-159.67005,22.111747],[-159.670617,22.111747],[-159.670792,22.111746],[-159.687776,22.111746],[-159.672796,22.127801],[-159.672308,22.127365],[-159.672093,22.12714],[-159.671904,22.1271],[-159.671674,22.127146],[-159.671314,22.127206],[-159.671001,22.127239],[-159.670837,22.127149],[-159.670697,22.127014],[-159.670522,22.126925],[-159.670181,22.126831],[-159.669817,22.126724],[-159.669342,22.126478],[-159.669086,22.126244],[-159.668864,22.126105],[-159.668694,22.125993],[-159.668383,22.125858],[-159.6679,22.12577],[-159.667299,22.125691],[-159.666896,22.125738],[-159.666319,22.125699],[-159.665787,22.125697],[-159.665533,22.126985],[-159.665014,22.126923],[-159.664941,22.127511],[-159.66477,22.127538],[-159.664346,22.12782],[-159.663899,22.128205],[-159.663816,22.128291],[-159.66372,22.128337],[-159.663573,22.128446],[-159.663454,22.12855],[-159.663279,22.128677],[-159.663146,22.128791],[-159.662933,22.128913],[-159.662773,22.129036],[-159.662523,22.12929],[-159.662434,22.129416],[-159.662344,22.129557],[-159.662231,22.129697],[-159.662166,22.129788],[-159.662123,22.129919],[-159.662111,22.130041],[-159.662092,22.130154],[-159.662092,22.130262],[-159.662079,22.130393],[-159.662025,22.130556],[-159.661965,22.13066],[-159.661864,22.130737],[-159.661752,22.130796],[-159.661615,22.130873],[-159.661319,22.131033],[-159.661064,22.131277],[-159.660903,22.131395],[-159.660791,22.131495],[-159.660684,22.131545],[-159.660595,22.131582],[-159.660485,22.131607],[-159.660008,22.13222],[-159.659703,22.132678],[-159.659337,22.133309],[-159.658376,22.135782],[-159.658511,22.135847],[-159.658634,22.135896],[-159.658757,22.135986],[-159.65888,22.136058],[-159.659009,22.136121],[-159.659108,22.136184],[-159.65926,22.13626],[-159.659418,22.136367],[-159.659534,22.136453],[-159.659633,22.136543],[-159.65968,22.136624],[-159.659674,22.136904],[-159.659748,22.137129],[-159.659782,22.137197],[-159.65984,22.137273],[-159.65991,22.137323],[-159.659992,22.137372],[-159.660074,22.137412],[-159.660192,22.137439],[-159.660297,22.137497],[-159.660414,22.137574],[-159.660461,22.137592],[-159.660531,22.137664],[-159.660613,22.137754],[-159.660665,22.13783],[-159.660693,22.137889],[-159.660716,22.138001],[-159.660726,22.138123],[-159.660743,22.138218],[-159.660736,22.138326],[-159.660758,22.138417],[-159.660764,22.138484],[-159.660797,22.138692],[-159.660843,22.138823],[-159.660907,22.139078],[-159.653341,22.146118],[-159.651489,22.155889],[-159.651773,22.156209],[-159.652054,22.156266],[-159.652212,22.156304],[-159.651591,22.156372],[-159.65084,22.156397],[-159.650698,22.156366],[-159.650627,22.156281],[-159.650456,22.155961],[-159.650302,22.155844],[-159.649959,22.155778],[-159.649911,22.155692],[-159.649894,22.155543],[-159.6498,22.155472],[-159.649256,22.155279],[-159.648901,22.155109],[-159.648599,22.154894],[-159.648463,22.15475],[-159.648345,22.154583],[-159.64825,22.154516],[-159.647978,22.154382],[-159.647807,22.154233],[-159.647635,22.153891],[-159.647233,22.153459],[-159.647132,22.15322],[-159.646825,22.152878],[-159.646825,22.152576],[-159.64673,22.152355],[-159.646552,22.152035],[-159.646292,22.151752],[-159.646079,22.151608],[-159.645654,22.151484],[-159.645399,22.151444],[-159.645252,22.151408],[-159.645098,22.151337],[-159.644832,22.151049],[-159.644134,22.15102],[-159.643265,22.151185],[-159.642774,22.151228],[-159.642337,22.151387],[-159.642036,22.151393],[-159.641964,22.151501],[-159.641858,22.151777],[-159.641781,22.151895],[-159.641622,22.15208],[-159.641551,22.152193],[-159.641474,22.152681],[-159.641397,22.152916],[-159.641208,22.153174],[-159.640511,22.153754],[-159.640198,22.153895],[-159.640032,22.153846],[-159.639973,22.153756],[-159.639896,22.153486],[-159.639772,22.153193],[-159.639576,22.152878],[-159.639192,22.152152],[-159.638808,22.151905],[-159.638613,22.15168],[-159.638287,22.151564],[-159.637879,22.151376],[-159.637566,22.151287],[-159.637453,22.151324],[-159.637323,22.151387],[-159.63717,22.151424],[-159.636833,22.15138],[-159.636661,22.151331],[-159.636603,22.151227],[-159.636579,22.151047],[-159.636596,22.150677],[-159.636637,22.150338],[-159.636324,22.149139],[-159.636212,22.149008],[-159.636093,22.149022],[-159.63604,22.149077],[-159.635999,22.149284],[-159.635893,22.149583],[-159.635804,22.149691],[-159.635674,22.149732],[-159.635555,22.149688],[-159.635402,22.149584],[-159.635171,22.149373],[-159.634728,22.148905],[-159.634426,22.148654],[-159.63406,22.148456],[-159.63374,22.148141],[-159.633539,22.148002],[-159.633362,22.147935],[-159.633025,22.147887],[-159.632765,22.147712],[-159.632587,22.147514],[-159.632357,22.147352],[-159.63215,22.147317],[-159.63163,22.147576],[-159.631027,22.147718],[-159.630897,22.147745],[-159.630678,22.147891],[-159.630619,22.147963],[-159.629856,22.148232],[-159.629578,22.148301],[-159.629271,22.148356],[-159.628828,22.14852],[-159.62868,22.148516],[-159.628484,22.148481],[-159.628242,22.148409],[-159.628106,22.148387]]]},"properties":{}},{"type":"Feature","geometry":{"type":"Polygon","coordinates":[[[-159.297978,22.146008],[-159.298632,22.145908],[-159.299525,22.145758],[-159.300386,22.145631],[-159.300409,22.145627],[-159.300416,22.145963],[-159.300161,22.14597],[-159.299817,22.145986],[-159.299514,22.146013],[-159.299298,22.146059],[-159.299139,22.146088],[-159.298923,22.146084],[-159.298668,22.146075],[-159.298416,22.146069],[-159.29818,22.146055],[-159.298027,22.146064],[-159.297917,22.146085],[-159.297978,22.146008]]]},"properties":{}},{"type":"Feature","geometry":{"type":"Polygon","coordinates":[[[-159.306697,22.137314],[-159.306596,22.137204],[-159.30631,22.13687],[-159.306013,22.136516],[-159.305861,22.136304],[-159.305674,22.136018],[-159.306528,22.135562],[-159.306569,22.135543],[-159.306602,22.135543],[-159.306642,22.135579],[-159.306743,22.135744],[-159.306877,22.135936],[-159.30701,22.136098],[-159.30715,22.136251],[-159.307263,22.136391],[-159.307373,22.136522],[-159.307528,22.136716],[-159.307667,22.136928],[-159.307585,22.136952],[-159.307017,22.137149],[-159.306793,22.13726],[-159.306697,22.137314]]]},"properties":{}},{"type":"Feature","geometry":{"type":"Polygon","coordinates":[[[-159.687776,22.111746],[-159.670792,22.111746],[-159.670617,22.111747],[-159.67005,22.111747],[-159.668733,22.109069],[-159.671193,22.10618],[-159.673563,22.104189],[-159.676682,22.102711],[-159.676736,22.102686],[-159.67564,22.098767],[-159.675329,22.096783],[-159.672046,22.093921],[-159.672259,22.093616],[-159.672397,22.093464],[-159.672705,22.093198],[-159.672805,22.093017],[-159.672906,22.092371],[-159.672912,22.091964],[-159.672847,22.091838],[-159.672658,22.091631],[-159.67244,22.091311],[-159.672174,22.090671],[-159.672074,22.090314],[-159.672039,22.090079],[-159.671973,22.08989],[-159.671891,22.089741],[-159.671773,22.089602],[-159.671383,22.08921],[-159.671046,22.088841],[-159.670957,22.088697],[-159.670923,22.088395],[-159.670863,22.0883],[-159.670391,22.08785],[-159.670261,22.087765],[-159.669888,22.087608],[-159.669782,22.087523],[-159.669705,22.087442],[-159.66964,22.087298],[-159.669641,22.087121],[-159.66967,22.086945],[-159.669723,22.086778],[-159.669706,22.086611],[-159.669653,22.08653],[-159.669541,22.086408],[-159.669381,22.086296],[-159.669109,22.086058],[-159.668855,22.08576],[-159.66869,22.08554],[-159.668572,22.08545],[-159.668371,22.085365],[-159.668306,22.08527],[-159.668276,22.08504],[-159.668206,22.084765],[-159.668041,22.084467],[-159.667975,22.084273],[-159.667987,22.084097],[-159.667946,22.083944],[-159.667811,22.083614],[-159.667704,22.08347],[-159.66758,22.083381],[-159.667479,22.083273],[-159.66748,22.083047],[-159.667633,22.082789],[-159.667658,22.082621],[-159.667593,22.082468],[-159.667226,22.081833],[-159.667026,22.081671],[-159.666807,22.081608],[-159.666411,22.08156],[-159.666163,22.081471],[-159.666086,22.081376],[-159.665986,22.081174],[-159.665862,22.080957],[-159.665809,22.080831],[-159.665785,22.080687],[-159.665785,22.080583],[-159.665809,22.080248],[-159.665939,22.079954],[-159.665998,22.079394],[-159.665934,22.079141],[-159.66594,22.079046],[-159.666046,22.078766],[-159.666105,22.078467],[-159.666111,22.07821],[-159.66607,22.078011],[-159.665946,22.077781],[-159.665315,22.076799],[-159.665049,22.076556],[-159.664688,22.076287],[-159.664623,22.076179],[-159.664599,22.075966],[-159.664464,22.075669],[-159.664216,22.075485],[-159.664039,22.075323],[-159.663974,22.075138],[-159.664045,22.074257],[-159.664057,22.073859],[-159.664016,22.073683],[-159.663913,22.073494],[-159.663824,22.073352],[-159.663761,22.073153],[-159.663745,22.073115],[-159.663692,22.073048],[-159.663579,22.072931],[-159.663515,22.072872],[-159.663331,22.072728],[-159.663177,22.072598],[-159.663142,22.072571],[-159.662959,22.07245],[-159.66277,22.072365],[-159.662581,22.072334],[-159.66241,22.072312],[-159.662238,22.072313],[-159.662043,22.072295],[-159.661919,22.072255],[-159.661872,22.072188],[-159.661688,22.072048],[-159.661511,22.071941],[-159.661476,22.071927],[-159.661423,22.071756],[-159.661452,22.071589],[-159.661517,22.071493],[-159.661553,22.071412],[-159.661523,22.071249],[-159.661511,22.071209],[-159.661481,22.071064],[-159.661493,22.070902],[-159.661504,22.070848],[-159.661694,22.070571],[-159.661782,22.07039],[-159.661794,22.070214],[-159.661753,22.070047],[-159.661735,22.069889],[-159.66167,22.069767],[-159.661628,22.069718],[-159.66154,22.069542],[-159.66154,22.069379],[-159.661551,22.069212],[-159.661545,22.069041],[-159.661504,22.068874],[-159.661492,22.068815],[-159.661433,22.068698],[-159.661368,22.068522],[-159.661345,22.068355],[-159.661309,22.068192],[-159.661232,22.068025],[-159.661078,22.067854],[-159.661084,22.067683],[-159.661131,22.067624],[-159.661202,22.067511],[-159.661321,22.067343],[-159.661491,22.067058],[-159.661503,22.067008],[-159.661603,22.066827],[-159.661669,22.066691],[-159.661675,22.066655],[-159.661651,22.066497],[-159.661604,22.06633],[-159.661633,22.066158],[-159.661668,22.06605],[-159.661686,22.065982],[-159.661722,22.06581],[-159.661733,22.065643],[-159.661692,22.06548],[-159.661662,22.065309],[-159.661639,22.065133],[-159.661645,22.06497],[-159.661668,22.064857],[-159.661686,22.064803],[-159.661804,22.064635],[-159.661845,22.064585],[-159.661928,22.064468],[-159.662028,22.064359],[-159.662075,22.064291],[-159.662128,22.06411],[-159.662123,22.063952],[-159.662129,22.06378],[-159.662199,22.063622],[-159.662264,22.063436],[-159.662323,22.063102],[-159.662388,22.062953],[-159.662495,22.062753],[-159.662542,22.062591],[-159.662512,22.062415],[-159.66247,22.062252],[-159.662405,22.062085],[-159.66237,22.061977],[-159.662358,22.061914],[-159.662388,22.061765],[-159.662417,22.06157],[-159.662553,22.061208],[-159.662618,22.061064],[-159.662736,22.060828],[-159.662813,22.060724],[-159.662889,22.060557],[-159.662925,22.060493],[-159.662966,22.060389],[-159.663037,22.060041],[-159.663096,22.059788],[-159.663084,22.059716],[-159.662978,22.059544],[-159.662901,22.059468],[-159.662729,22.059369],[-159.66254,22.059284],[-159.662487,22.059208],[-159.662511,22.059027],[-159.662546,22.05895],[-159.662617,22.058868],[-159.662652,22.058692],[-159.66267,22.058516],[-159.662599,22.058362],[-159.662534,22.058205],[-159.662404,22.058015],[-159.662356,22.057898],[-159.662345,22.057839],[-159.662321,22.057672],[-159.662215,22.057348],[-159.662144,22.057176],[-159.66212,22.057005],[-159.662026,22.056829],[-159.662002,22.056666],[-159.661984,22.056626],[-159.661877,22.056486],[-159.661789,22.056378],[-159.661753,22.056329],[-159.6617,22.056162],[-159.661659,22.055981],[-159.661623,22.055647],[-159.661617,22.055475],[-159.661451,22.055133],[-159.661428,22.055029],[-159.661363,22.054971],[-159.661245,22.054858],[-159.661209,22.054799],[-159.661073,22.054637],[-159.660872,22.054584],[-159.660701,22.054544],[-159.660577,22.054463],[-159.660512,22.054378],[-159.660459,22.054292],[-159.660335,22.054125],[-159.660152,22.053973],[-159.659968,22.053924],[-159.659773,22.053879],[-159.659602,22.053875],[-159.659519,22.05379],[-159.659448,22.053628],[-159.659442,22.053456],[-159.659448,22.053275],[-159.659448,22.053113],[-159.659442,22.05295],[-159.659401,22.052882],[-159.659259,22.052788],[-159.659224,22.052757],[-159.659135,22.052617],[-159.659052,22.05255],[-159.658993,22.052437],[-159.658981,22.052098],[-159.658874,22.051932],[-159.658792,22.051751],[-159.658673,22.051666],[-159.658508,22.051626],[-159.658437,22.051599],[-159.658331,22.051414],[-159.658319,22.051347],[-159.658278,22.051243],[-159.658189,22.051085],[-159.658071,22.050923],[-159.657959,22.050747],[-159.65784,22.050581],[-159.657769,22.05045],[-159.657757,22.050414],[-159.657627,22.050252],[-159.657574,22.050211],[-159.657314,22.050072],[-159.657225,22.050014],[-159.657036,22.049838],[-159.657013,22.049694],[-159.657131,22.049517],[-159.657231,22.049422],[-159.657255,22.049404],[-159.657326,22.049218],[-159.657296,22.049042],[-159.657225,22.04888],[-159.657142,22.048709],[-159.657036,22.048379],[-159.656977,22.048213],[-159.656841,22.04806],[-159.656806,22.048037],[-159.656664,22.048001],[-159.656474,22.047925],[-159.656427,22.04788],[-159.656498,22.047763],[-159.656682,22.04778],[-159.65687,22.047883],[-159.657054,22.048004],[-159.657237,22.047959],[-159.657408,22.047872],[-159.657603,22.047826],[-159.657774,22.047839],[-159.657945,22.047874],[-159.657999,22.047879],[-159.658123,22.047869],[-159.658329,22.04771],[-159.658477,22.047524],[-159.658495,22.047493],[-159.658548,22.047357],[-159.658607,22.047194],[-159.658666,22.047013],[-159.658672,22.046977],[-159.658708,22.046837],[-159.658766,22.046674],[-159.658837,22.046507],[-159.658855,22.046457],[-159.658891,22.04633],[-159.65892,22.046177],[-159.658896,22.045833],[-159.658866,22.045662],[-159.658843,22.045576],[-159.658831,22.045499],[-159.658843,22.045413],[-159.659038,22.045363],[-159.659102,22.045512],[-159.65905,22.045684],[-159.65918,22.04585],[-159.659215,22.045909],[-159.659221,22.046022],[-159.659245,22.04618],[-159.659333,22.046356],[-159.659398,22.046527],[-159.659516,22.046499],[-159.659593,22.046467],[-159.659771,22.046476],[-159.659818,22.046525],[-159.659859,22.046679],[-159.659948,22.046841],[-159.660125,22.047007],[-159.660403,22.047191],[-159.660491,22.047232],[-159.660669,22.047236],[-159.660739,22.047186],[-159.660728,22.047018],[-159.660698,22.046833],[-159.660663,22.046684],[-159.660645,22.046499],[-159.660621,22.046323],[-159.660609,22.046156],[-159.660669,22.045989],[-159.660775,22.045821],[-159.660822,22.045654],[-159.660852,22.045609],[-159.661206,22.045354],[-159.661336,22.045132],[-159.661401,22.045037],[-159.661483,22.04496],[-159.66153,22.044797],[-159.661483,22.044626],[-159.661525,22.044459],[-159.661566,22.044422],[-159.661654,22.0443],[-159.661749,22.044268],[-159.661938,22.044231],[-159.662109,22.044176],[-159.662144,22.044113],[-159.662204,22.043963],[-159.66231,22.043859],[-159.662351,22.043782],[-159.662357,22.04362],[-159.662286,22.043435],[-159.66215,22.043273],[-159.662085,22.043223],[-159.661908,22.043106],[-159.661731,22.043039],[-159.661542,22.043058],[-159.66137,22.043009],[-159.661341,22.042942],[-159.661287,22.042766],[-159.661175,22.042603],[-159.66101,22.042554],[-159.660821,22.042533],[-159.660649,22.04261],[-159.660443,22.042746],[-159.660366,22.042792],[-159.660277,22.042833],[-159.6601,22.042852],[-159.659964,22.042766],[-159.659923,22.04273],[-159.659728,22.0426],[-159.659551,22.042502],[-159.659533,22.042438],[-159.659562,22.042389],[-159.659598,22.042257],[-159.659556,22.042095],[-159.659355,22.041929],[-159.659261,22.041766],[-159.659391,22.041685],[-159.65958,22.041765],[-159.659739,22.041873],[-159.659934,22.041967],[-159.660106,22.042021],[-159.660289,22.041979],[-159.660342,22.041934],[-159.660425,22.041762],[-159.660448,22.04159],[-159.66046,22.041554],[-159.66046,22.041436],[-159.660466,22.041305],[-159.660489,22.041238],[-159.660572,22.041075],[-159.660614,22.040903],[-159.660625,22.04074],[-159.660642,22.040595],[-159.660802,22.040396],[-159.660885,22.040224],[-159.660926,22.040066],[-159.660967,22.039894],[-159.660973,22.039727],[-159.660861,22.03956],[-159.660814,22.039484],[-159.660773,22.039384],[-159.660619,22.039268],[-159.660506,22.039209],[-159.660441,22.039124],[-159.660406,22.039043],[-159.660317,22.038871],[-159.660252,22.038799],[-159.660211,22.038696],[-159.660282,22.03856],[-159.660305,22.038528],[-159.660459,22.038414],[-159.660583,22.038378],[-159.660642,22.038355],[-159.661002,22.038313],[-159.661179,22.038267],[-159.661298,22.038194],[-159.661374,22.038113],[-159.66154,22.037895],[-159.661711,22.037682],[-159.6619,22.037627],[-159.662089,22.037518],[-159.662266,22.037382],[-159.662289,22.03735],[-159.662455,22.037273],[-159.662638,22.037231],[-159.66281,22.037244],[-159.663004,22.037288],[-159.663223,22.037351],[-159.663371,22.037377],[-159.663719,22.037412],[-159.663884,22.03742],[-159.663933,22.037407],[-159.664252,22.037342],[-159.664559,22.03721],[-159.66502,22.036833],[-159.665163,22.036539],[-159.66521,22.036286],[-159.665163,22.035925],[-159.665015,22.035505],[-159.664986,22.035343],[-159.665003,22.035202],[-159.665151,22.035017],[-159.665287,22.034935],[-159.665382,22.034858],[-159.665707,22.03473],[-159.666114,22.034566],[-159.666434,22.034524],[-159.667013,22.034521],[-159.667438,22.034492],[-159.667638,22.034437],[-159.667833,22.034319],[-159.668028,22.034124],[-159.668212,22.03383],[-159.668336,22.033527],[-159.668596,22.033119],[-159.668791,22.032924],[-159.669293,22.032637],[-159.669612,22.032401],[-159.669772,22.032206],[-159.669902,22.032102],[-159.670002,22.031898],[-159.670014,22.031803],[-159.670109,22.031622],[-159.670121,22.031419],[-159.670127,22.031071],[-159.670003,22.030267],[-159.67005,22.029947],[-159.670015,22.029798],[-159.670039,22.029409],[-159.670075,22.029309],[-159.670175,22.029115],[-159.670388,22.028893],[-159.670671,22.02877],[-159.670872,22.028818],[-159.671486,22.028938],[-159.672603,22.029227],[-159.67285,22.029253],[-159.672916,22.029244],[-159.672998,22.029401],[-159.673093,22.02955],[-159.673553,22.029937],[-159.673695,22.029999],[-159.673784,22.030003],[-159.673866,22.030035],[-159.674109,22.030079],[-159.674233,22.030173],[-159.674268,22.030304],[-159.674209,22.030476],[-159.674108,22.03058],[-159.673872,22.030992],[-159.673759,22.031169],[-159.673571,22.031341],[-159.673387,22.031451],[-159.673228,22.031569],[-159.673139,22.031682],[-159.673121,22.031958],[-159.673045,22.03217],[-159.672944,22.032333],[-159.672867,22.032388],[-159.672678,22.032461],[-159.672513,22.032502],[-159.672389,22.03257],[-159.672318,22.03267],[-159.6723,22.032797],[-159.672312,22.032887],[-159.672282,22.032986],[-159.671886,22.033435],[-159.671715,22.033757],[-159.671667,22.03405],[-159.671543,22.034313],[-159.671395,22.034485],[-159.671352,22.034555],[-159.671302,22.034709],[-159.671285,22.034879],[-159.671108,22.035638],[-159.670914,22.03647],[-159.664441,22.054723],[-159.668314,22.064821],[-159.667889,22.071876],[-159.675561,22.07702],[-159.676237,22.081536],[-159.686474,22.108337],[-159.687776,22.111746]]]},"properties":{}},{"type":"Feature","geometry":{"type":"Polygon","coordinates":[[[-159.34708,22.099822],[-159.34697,22.099612],[-159.346559,22.09866],[-159.347737,22.098214],[-159.347769,22.098286],[-159.34817,22.099172],[-159.348045,22.099218],[-159.347554,22.0995],[-159.34708,22.099822]]]},"properties":{}},{"type":"Feature","geometry":{"type":"Polygon","coordinates":[[[-159.33204,21.992809],[-159.331922,21.993056],[-159.33191,21.993133],[-159.332057,21.99339],[-159.332423,21.993845],[-159.332453,21.993886],[-159.332417,21.993927],[-159.332359,21.993927],[-159.332169,21.993751],[-159.331898,21.993449],[-159.331697,21.99325],[-159.331361,21.993102],[-159.33126,21.993007],[-159.331208,21.992797],[-159.33204,21.992809]]]},"properties":{}},{"type":"Feature","geometry":{"type":"Polygon","coordinates":[[[-159.584273,22.212017],[-159.584208,22.21179],[-159.58422,22.211641],[-159.584297,22.211271],[-159.584362,22.210634],[-159.584404,22.210409],[-159.584421,22.210124],[-159.584238,22.209656],[-159.584202,22.20943],[-159.584232,22.209209],[-159.584321,22.208965],[-159.584551,22.208644],[-159.58464,22.208464],[-159.584706,22.208066],[-159.584693,22.207764],[-159.584534,22.207453],[-159.584534,22.2073],[-159.584646,22.206664],[-159.584717,22.206456],[-159.584818,22.206262],[-159.585179,22.205954],[-159.585339,22.205601],[-159.585522,22.205429],[-159.585622,22.205262],[-159.585694,22.205063],[-159.58577,22.204729],[-159.58583,22.203935],[-159.585752,22.203629],[-159.585616,22.203426],[-159.585416,22.202966],[-159.585339,22.202367],[-159.585434,22.202087],[-159.585445,22.201906],[-159.585309,22.201244],[-159.58525,22.200729],[-159.585114,22.2005],[-159.584866,22.200194],[-159.584789,22.200036],[-159.584801,22.199887],[-159.584919,22.199576],[-159.584949,22.199391],[-159.584908,22.198755],[-159.584913,22.198073],[-159.584866,22.197726],[-159.58489,22.197261],[-159.584854,22.196603],[-159.584807,22.196328],[-159.584671,22.195882],[-159.584665,22.195755],[-159.584689,22.195629],[-159.584754,22.19548],[-159.584837,22.19538],[-159.584967,22.195095],[-159.58505,22.194847],[-159.585085,22.194436],[-159.58508,22.194188],[-159.585133,22.19394],[-159.585239,22.193705],[-159.585576,22.193189],[-159.585665,22.193004],[-159.585795,22.192593],[-159.585807,22.192394],[-159.585783,22.192237],[-159.585831,22.191835],[-159.585896,22.191659],[-159.585902,22.191325],[-159.585849,22.19105],[-159.585819,22.190436],[-159.585837,22.190301],[-159.58592,22.190048],[-159.586127,22.189627],[-159.586157,22.189424],[-159.586115,22.189005],[-159.586044,22.18845],[-159.586056,22.188242],[-159.586103,22.187967],[-159.586269,22.187682],[-159.586405,22.187343],[-159.586447,22.187122],[-159.58644,22.186806],[-159.586393,22.186685],[-159.586363,22.1865],[-159.5865,22.186192],[-159.586642,22.185971],[-159.586736,22.185713],[-159.586849,22.185262],[-159.586914,22.184819],[-159.58691,22.184738],[-159.587026,22.184688],[-159.587163,22.184602],[-159.587391,22.184322],[-159.587642,22.1841],[-159.587793,22.183864],[-159.587967,22.183643],[-159.588176,22.18352],[-159.588401,22.183393],[-159.588556,22.183321],[-159.588742,22.183135],[-159.588803,22.182999],[-159.588969,22.1829],[-159.589095,22.182836],[-159.589285,22.182745],[-159.589415,22.182691],[-159.589857,22.182852],[-159.590121,22.182973],[-159.590291,22.183031],[-159.590421,22.183066],[-159.590614,22.183174],[-159.591207,22.183479],[-159.591364,22.183654],[-159.591493,22.183762],[-159.59171,22.183861],[-159.59187,22.183874],[-159.592094,22.1839],[-159.592416,22.184102],[-159.592603,22.184296],[-159.592724,22.184458],[-159.592888,22.184588],[-159.593011,22.184642],[-159.593204,22.184826],[-159.59355,22.185041],[-159.593825,22.185248],[-159.594066,22.185369],[-159.594166,22.185373],[-159.59429,22.185364],[-159.594509,22.185314],[-159.594658,22.185268],[-159.594764,22.185259],[-159.594847,22.185285],[-159.594928,22.185348],[-159.595017,22.185393],[-159.595152,22.185483],[-159.595286,22.185595],[-159.595432,22.185685],[-159.595573,22.185748],[-159.595773,22.18586],[-159.595859,22.18604],[-159.59595,22.186288],[-159.596147,22.186617],[-159.596269,22.18672],[-159.596381,22.186778],[-159.596498,22.186873],[-159.596592,22.18694],[-159.596594,22.187256],[-159.596591,22.187482],[-159.596547,22.187662],[-159.596468,22.18787],[-159.596475,22.188177],[-159.596456,22.188249],[-159.596537,22.188452],[-159.596618,22.188551],[-159.597042,22.188689],[-159.597212,22.188734],[-159.59749,22.188751],[-159.597643,22.188778],[-159.597654,22.188877],[-159.597575,22.188994],[-159.597456,22.189112],[-159.597389,22.189234],[-159.597375,22.189352],[-159.597404,22.189419],[-159.597492,22.189482],[-159.597716,22.18954],[-159.597974,22.189647],[-159.598121,22.189724],[-159.598191,22.189805],[-159.598178,22.189922],[-159.598075,22.19008],[-159.597967,22.190229],[-159.597799,22.19041],[-159.597662,22.190524],[-159.597578,22.190601],[-159.597571,22.190682],[-159.597629,22.19074],[-159.59786,22.190731],[-159.598156,22.190734],[-159.598475,22.190692],[-159.59861,22.190715],[-159.598716,22.190755],[-159.598762,22.190849],[-159.598754,22.190994],[-159.598676,22.191152],[-159.598591,22.191292],[-159.598524,22.191437],[-159.598481,22.191577],[-159.598628,22.191667],[-159.598893,22.191697],[-159.599134,22.19176],[-159.599217,22.1918],[-159.599096,22.192012],[-159.599212,22.192156],[-159.599022,22.192261],[-159.598719,22.192321],[-159.598754,22.192384],[-159.598694,22.192492],[-159.598545,22.192565],[-159.598255,22.192638],[-159.598024,22.192652],[-159.597886,22.192766],[-159.597879,22.192905],[-159.597895,22.193032],[-159.597893,22.193158],[-159.597804,22.193249],[-159.597696,22.193294],[-159.597534,22.193502],[-159.597414,22.193652],[-159.597335,22.193814],[-159.597339,22.193986],[-159.597367,22.194094],[-159.597462,22.194103],[-159.597751,22.194093],[-159.597868,22.1942],[-159.598008,22.194313],[-159.598357,22.194298],[-159.59861,22.194347],[-159.598769,22.19441],[-159.598797,22.194563],[-159.598819,22.194707],[-159.598813,22.19514],[-159.598869,22.195334],[-159.599093,22.195433],[-159.599476,22.195477],[-159.599696,22.195399],[-159.599904,22.195313],[-159.600242,22.195194],[-159.600432,22.195148],[-159.600651,22.195076],[-159.600683,22.195337],[-159.600543,22.195703],[-159.600422,22.195884],[-159.600277,22.196137],[-159.600198,22.1963],[-159.600249,22.196489],[-159.600336,22.196588],[-159.60046,22.196628],[-159.600536,22.196669],[-159.600565,22.196763],[-159.600521,22.196872],[-159.600432,22.196989],[-159.600395,22.19708],[-159.600435,22.197179],[-159.600482,22.19721],[-159.600593,22.197246],[-159.600795,22.197151],[-159.601021,22.197069],[-159.601306,22.196955],[-159.601467,22.196882],[-159.601638,22.196877],[-159.601703,22.196922],[-159.601712,22.197134],[-159.601692,22.197292],[-159.601761,22.197395],[-159.60186,22.197503],[-159.601925,22.197593],[-159.601857,22.197761],[-159.601742,22.198041],[-159.601756,22.198248],[-159.601784,22.198388],[-159.601907,22.198514],[-159.602106,22.198594],[-159.602442,22.198665],[-159.602701,22.198746],[-159.602671,22.198804],[-159.602638,22.199026],[-159.60266,22.199183],[-159.6027,22.199328],[-159.60278,22.19949],[-159.602678,22.199625],[-159.602593,22.199815],[-159.602548,22.200077],[-159.602605,22.200271],[-159.602503,22.20033],[-159.60233,22.200443],[-159.602229,22.200493],[-159.602016,22.200512],[-159.601822,22.200481],[-159.601574,22.200473],[-159.601432,22.200446],[-159.601361,22.200478],[-159.60133,22.200577],[-159.60163,22.200712],[-159.601889,22.200738],[-159.602161,22.200732],[-159.602327,22.200741],[-159.602487,22.200722],[-159.602833,22.20087],[-159.603044,22.200986],[-159.603231,22.201202],[-159.603288,22.201338],[-159.603274,22.201527],[-159.603212,22.201748],[-159.603155,22.202006],[-159.603189,22.202123],[-159.603253,22.202181],[-159.603341,22.202222],[-159.603489,22.202226],[-159.603791,22.20222],[-159.604264,22.202236],[-159.604423,22.202263],[-159.604711,22.202379],[-159.604982,22.20246],[-159.60504,22.202509],[-159.605399,22.20267],[-159.60584,22.202867],[-159.606273,22.203132],[-159.606566,22.203361],[-159.606759,22.203527],[-159.606844,22.203626],[-159.606133,22.203949],[-159.605962,22.204103],[-159.605926,22.204356],[-159.605944,22.204622],[-159.605914,22.20496],[-159.605796,22.205245],[-159.605299,22.205824],[-159.605098,22.205969],[-159.604909,22.206015],[-159.604613,22.206034],[-159.604448,22.206084],[-159.604057,22.206428],[-159.603756,22.20665],[-159.60333,22.206845],[-159.60207,22.207224],[-159.60181,22.207347],[-159.601366,22.207655],[-159.600568,22.207969],[-159.600012,22.208264],[-159.599769,22.208373],[-159.59919,22.208511],[-159.598924,22.208511],[-159.598675,22.208445],[-159.59848,22.208351],[-159.598326,22.208342],[-159.598226,22.208401],[-159.597924,22.208876],[-159.597675,22.209174],[-159.597285,22.209591],[-159.596782,22.210088],[-159.596729,22.210233],[-159.596623,22.210657],[-159.596546,22.210879],[-159.596262,22.211326],[-159.596108,22.211435],[-159.595777,22.211594],[-159.595712,22.211644],[-159.595594,22.21182],[-159.595475,22.211803],[-159.592313,22.211389],[-159.586594,22.212256],[-159.584273,22.212017]]]},"properties":{}},{"type":"Feature","geometry":{"type":"Polygon","coordinates":[[[-159.497926,22.207138],[-159.497203,22.206785],[-159.497451,22.206268],[-159.498226,22.206623],[-159.497926,22.207138]]]},"properties":{}},{"type":"Feature","geometry":{"type":"Polygon","coordinates":[[[-159.502789,22.203058],[-159.502562,22.20318],[-159.502412,22.203246],[-159.502303,22.203301],[-159.502201,22.203344],[-159.501941,22.203462],[-159.501686,22.203591],[-159.501444,22.203725],[-159.501322,22.203802],[-159.500986,22.204044],[-159.500749,22.203598],[-159.501467,22.203267],[-159.5018,22.203112],[-159.502399,22.20284],[-159.50261,22.202738],[-159.502789,22.203058]]]},"properties":{}},{"type":"Feature","geometry":{"type":"Polygon","coordinates":[[[-159.50261,22.202738],[-159.502906,22.202591],[-159.50301,22.202541],[-159.503259,22.202414],[-159.503468,22.20231],[-159.503652,22.202221],[-159.503943,22.202157],[-159.504344,22.202061],[-159.504515,22.202023],[-159.504729,22.20197],[-159.504945,22.201983],[-159.505377,22.202004],[-159.50498,22.202267],[-159.504757,22.202349],[-159.504599,22.202395],[-159.504284,22.202495],[-159.504105,22.202536],[-159.503935,22.202563],[-159.503743,22.202609],[-159.503566,22.202675],[-159.503388,22.202738],[-159.503151,22.202847],[-159.502879,22.203015],[-159.502789,22.203058],[-159.50261,22.202738]]]},"properties":{}},{"type":"Feature","geometry":{"type":"Polygon","coordinates":[[[-159.50498,22.202267],[-159.505377,22.202004],[-159.505494,22.202011],[-159.505715,22.202019],[-159.505761,22.202019],[-159.505937,22.202028],[-159.506162,22.202036],[-159.506384,22.202047],[-159.506828,22.202064],[-159.50707,22.202077],[-159.507089,22.202149],[-159.506996,22.202566],[-159.506796,22.202452],[-159.506555,22.202317],[-159.50631,22.202187],[-159.505507,22.202236],[-159.505084,22.202258],[-159.50498,22.202267]]]},"properties":{}},{"type":"Feature","geometry":{"type":"Polygon","coordinates":[[[-159.74983,22.09374],[-159.74863,22.093019],[-159.769846,22.07264],[-159.771321,22.073981],[-159.771133,22.074164],[-159.770861,22.074412],[-159.770625,22.074594],[-159.769892,22.075134],[-159.769426,22.075575],[-159.769225,22.07584],[-159.7689,22.07639],[-159.768658,22.076732],[-159.767719,22.07792],[-159.767063,22.078709],[-159.766638,22.079027],[-159.766012,22.079651],[-159.765699,22.080013],[-159.764836,22.080851],[-159.763991,22.081555],[-159.763661,22.081714],[-159.763359,22.081924],[-159.762178,22.082812],[-159.761853,22.083087],[-159.761611,22.083411],[-159.761416,22.083604],[-159.76099,22.083951],[-159.760748,22.08409],[-159.760004,22.084265],[-159.758934,22.085032],[-159.758668,22.085297],[-159.758444,22.085621],[-159.758255,22.085985],[-159.758031,22.086352],[-159.757812,22.086624],[-159.757552,22.086777],[-159.757215,22.087004],[-159.757068,22.087086],[-159.756707,22.08735],[-159.756305,22.087693],[-159.755779,22.088271],[-159.754893,22.089079],[-159.754728,22.089195],[-159.75367,22.089636],[-159.753221,22.090088],[-159.753038,22.090346],[-159.752878,22.090634],[-159.752631,22.090904],[-159.751709,22.091685],[-159.751396,22.092023],[-159.751248,22.092243],[-159.751136,22.092573],[-159.750976,22.092847],[-159.75058,22.093118],[-159.750285,22.093277],[-159.749889,22.093591],[-159.74983,22.09374]]]},"properties":{}},{"type":"Feature","geometry":{"type":"Polygon","coordinates":[[[-159.315139,22.085678],[-159.315104,22.085716],[-159.314754,22.086087],[-159.314496,22.08636],[-159.314546,22.086055],[-159.314651,22.085478],[-159.314684,22.085455],[-159.314716,22.085453],[-159.315058,22.085556],[-159.315118,22.085588],[-159.315147,22.085642],[-159.315139,22.085678]]]},"properties":{}},{"type":"Feature","geometry":{"type":"Polygon","coordinates":[[[-159.312442,22.081536],[-159.312542,22.081583],[-159.312441,22.081858],[-159.312383,22.081933],[-159.312343,22.082048],[-159.312278,22.082188],[-159.312214,22.082301],[-159.312136,22.082427],[-159.312032,22.082576],[-159.311846,22.082786],[-159.311865,22.082734],[-159.311901,22.082671],[-159.312018,22.082432],[-159.312093,22.082274],[-159.312141,22.082159],[-159.312196,22.08205],[-159.31225,22.081958],[-159.312284,22.081883],[-159.312337,22.081709],[-159.312369,22.081628],[-159.312417,22.081578],[-159.312442,22.081536]]]},"properties":{}},{"type":"Feature","geometry":{"type":"Polygon","coordinates":[[[-159.314626,22.078099],[-159.314497,22.078262],[-159.314366,22.078447],[-159.314254,22.078616],[-159.31411,22.078819],[-159.313954,22.079052],[-159.313784,22.0793],[-159.313353,22.079908],[-159.313112,22.080285],[-159.312994,22.080499],[-159.312875,22.080725],[-159.312797,22.080915],[-159.312669,22.08124],[-159.312569,22.081517],[-159.312377,22.081439],[-159.312393,22.081403],[-159.312454,22.08133],[-159.312505,22.081233],[-159.31256,22.081109],[-159.312612,22.081007],[-159.312641,22.080897],[-159.31267,22.080766],[-159.312713,22.080617],[-159.312778,22.080434],[-159.312843,22.080269],[-159.312908,22.080091],[-159.313,22.079879],[-159.313083,22.079707],[-159.313139,22.079556],[-159.313258,22.079384],[-159.313412,22.079077],[-159.313601,22.078797],[-159.313778,22.078605],[-159.313891,22.07845],[-159.31395,22.0784],[-159.314003,22.078292],[-159.314157,22.078077],[-159.314294,22.077894],[-159.314626,22.078099]]]},"properties":{}},{"type":"Feature","geometry":{"type":"Polygon","coordinates":[[[-159.318727,22.079483],[-159.319389,22.078629],[-159.320471,22.077236],[-159.321025,22.076452],[-159.321209,22.076612],[-159.32227,22.077195],[-159.322286,22.077249],[-159.322298,22.077319],[-159.322251,22.07743],[-159.321805,22.078004],[-159.320842,22.079255],[-159.320567,22.07958],[-159.320267,22.07977],[-159.319712,22.079971],[-159.319174,22.080193],[-159.318685,22.080396],[-159.318209,22.080595],[-159.317857,22.080729],[-159.317733,22.080783],[-159.317989,22.080438],[-159.318727,22.079483]]]},"properties":{}},{"type":"Feature","geometry":{"type":"Polygon","coordinates":[[[-159.313506,22.079892],[-159.313823,22.079429],[-159.313899,22.079476],[-159.314271,22.079699],[-159.313953,22.080162],[-159.313506,22.079892]]]},"properties":{}},{"type":"Feature","geometry":{"type":"Polygon","coordinates":[[[-159.314626,22.078099],[-159.314294,22.077894],[-159.314334,22.07784],[-159.314387,22.077797],[-159.314446,22.077709],[-159.314689,22.077494],[-159.314842,22.077352],[-159.314949,22.077257],[-159.314987,22.077219],[-159.31507,22.077645],[-159.314626,22.078099]]]},"properties":{}},{"type":"Feature","geometry":{"type":"Polygon","coordinates":[[[-159.315594,22.078042],[-159.315452,22.078085],[-159.315347,22.07753],[-159.315454,22.077424],[-159.316254,22.076617],[-159.3166,22.076263],[-159.316849,22.076012],[-159.317146,22.076327],[-159.317391,22.076584],[-159.316594,22.077231],[-159.316048,22.077669],[-159.315735,22.077924],[-159.315598,22.077775],[-159.315488,22.07787],[-159.315625,22.078015],[-159.315594,22.078042]]]},"properties":{}},{"type":"Feature","geometry":{"type":"Polygon","coordinates":[[[-159.317231,22.075384],[-159.317198,22.075425],[-159.317111,22.075547],[-159.317008,22.075675],[-159.3168,22.075897],[-159.316506,22.076195],[-159.316187,22.076525],[-159.315572,22.077141],[-159.315321,22.077388],[-159.315241,22.076948],[-159.315292,22.076884],[-159.316042,22.076247],[-159.316284,22.075999],[-159.316355,22.075861],[-159.316551,22.075604],[-159.316574,22.075532],[-159.316639,22.075432],[-159.316769,22.075103],[-159.316802,22.075064],[-159.317231,22.075384]]]},"properties":{}},{"type":"Feature","geometry":{"type":"Polygon","coordinates":[[[-159.317231,22.075384],[-159.316802,22.075064],[-159.316816,22.075048],[-159.316852,22.074872],[-159.316917,22.074746],[-159.317024,22.07431],[-159.317071,22.073633],[-159.317056,22.073067],[-159.317356,22.073168],[-159.317634,22.07326],[-159.317652,22.073734],[-159.31767,22.074125],[-159.317672,22.074301],[-159.317659,22.074511],[-159.317645,22.074637],[-159.31761,22.074788],[-159.317566,22.074935],[-159.317523,22.075054],[-159.317472,22.075185],[-159.317381,22.075359],[-159.317323,22.075452],[-159.317231,22.075384]]]},"properties":{}},{"type":"Feature","geometry":{"type":"Polygon","coordinates":[[[-159.317056,22.073067],[-159.317053,22.072986],[-159.317077,22.072428],[-159.31706,22.072248],[-159.317042,22.07174],[-159.316989,22.071537],[-159.316882,22.071422],[-159.316818,22.071323],[-159.316652,22.071186],[-159.316617,22.071125],[-159.31652,22.071023],[-159.316962,22.070856],[-159.317114,22.070806],[-159.317245,22.070795],[-159.317282,22.070519],[-159.317402,22.070528],[-159.317383,22.070648],[-159.317348,22.070889],[-159.317333,22.071002],[-159.317326,22.071255],[-159.317335,22.071422],[-159.317357,22.071632],[-159.317393,22.071914],[-159.317431,22.072223],[-159.317488,22.072726],[-159.317634,22.07326],[-159.317356,22.073168],[-159.317056,22.073067]]]},"properties":{}},{"type":"Feature","geometry":{"type":"Polygon","coordinates":[[[-159.317282,22.070519],[-159.317198,22.070528],[-159.316992,22.070565],[-159.316802,22.07063],[-159.316444,22.070757],[-159.316398,22.070597],[-159.316357,22.070559],[-159.316244,22.070322],[-159.316203,22.070105],[-159.316262,22.069891],[-159.316331,22.069658],[-159.31682,22.06964],[-159.317494,22.069607],[-159.317454,22.069718],[-159.317385,22.069896],[-159.317357,22.070025],[-159.317328,22.070275],[-159.317282,22.070519]]]},"properties":{}},{"type":"Feature","geometry":{"type":"Polygon","coordinates":[[[-159.369089,22.058059],[-159.368334,22.0586],[-159.368192,22.058719],[-159.367678,22.058285],[-159.367317,22.057884],[-159.366597,22.057156],[-159.366549,22.057102],[-159.366597,22.056953],[-159.366768,22.056567],[-159.366821,22.056325],[-159.366833,22.056133],[-159.366981,22.055957],[-159.367424,22.05571],[-159.367465,22.055649],[-159.367654,22.0555],[-159.367908,22.055016],[-159.36805,22.054757],[-159.368189,22.054587],[-159.368304,22.054745],[-159.368679,22.055279],[-159.368926,22.055617],[-159.369084,22.05584],[-159.368812,22.056089],[-159.36834,22.056573],[-159.369273,22.05746],[-159.369196,22.057614],[-159.369143,22.057993],[-159.369089,22.058059]]]},"properties":{}},{"type":"Feature","geometry":{"type":"Polygon","coordinates":[[[-159.338145,22.045022],[-159.338152,22.045139],[-159.338943,22.044811],[-159.340474,22.044962],[-159.341412,22.045735],[-159.341475,22.04564],[-159.345165,22.046398],[-159.348752,22.044912],[-159.352073,22.041979],[-159.352073,22.041428],[-159.352421,22.041522],[-159.352654,22.041689],[-159.355667,22.042302],[-159.357989,22.041903],[-159.358671,22.040683],[-159.357808,22.038053],[-159.357687,22.037507],[-159.35895,22.036909],[-159.358805,22.036667],[-159.359784,22.036007],[-159.362037,22.03586],[-159.363975,22.03399],[-159.365467,22.032866],[-159.366382,22.031155],[-159.367005,22.029789],[-159.36825,22.028355],[-159.369743,22.027836],[-159.370783,22.025439],[-159.372388,22.025955],[-159.374804,22.025817],[-159.376502,22.025046],[-159.37825,22.025967],[-159.38044,22.026419],[-159.381141,22.025568],[-159.383218,22.025449],[-159.383714,22.026263],[-159.383626,22.026333],[-159.383531,22.026419],[-159.383486,22.026464],[-159.383401,22.026559],[-159.383323,22.026659],[-159.383287,22.026711],[-159.383191,22.026873],[-159.383137,22.026986],[-159.383092,22.027104],[-159.382706,22.028217],[-159.382663,22.028297],[-159.382606,22.028367],[-159.382536,22.028428],[-159.382456,22.028475],[-159.382368,22.028509],[-159.382275,22.02853],[-159.38218,22.028535],[-159.382086,22.028524],[-159.381977,22.028494],[-159.381887,22.028477],[-159.381751,22.028461],[-159.381614,22.028459],[-159.381444,22.028466],[-159.381354,22.028482],[-159.381271,22.028516],[-159.381199,22.028568],[-159.381168,22.0286],[-159.38112,22.028672],[-159.381091,22.028754],[-159.381084,22.028839],[-159.381097,22.029124],[-159.381114,22.02925],[-159.381157,22.029478],[-159.381148,22.029562],[-159.381113,22.029641],[-159.381054,22.029706],[-159.381018,22.029731],[-159.380741,22.029903],[-159.380668,22.029953],[-159.380453,22.030125],[-159.380413,22.030148],[-159.380175,22.030234],[-159.380133,22.030252],[-159.380057,22.0303],[-159.37968,22.030574],[-159.37964,22.030596],[-159.379555,22.030626],[-159.37951,22.030633],[-159.379418,22.030633],[-159.37922,22.030611],[-159.37915,22.030618],[-159.379108,22.030634],[-159.379072,22.030661],[-159.379045,22.030695],[-159.379028,22.030733],[-159.379022,22.030776],[-159.379028,22.030819],[-159.379063,22.030943],[-159.37908,22.031026],[-159.379084,22.031112],[-159.379076,22.031198],[-159.379056,22.031279],[-159.379024,22.031361],[-159.378868,22.031643],[-159.37886,22.031684],[-159.378861,22.031727],[-159.378872,22.031767],[-159.379028,22.032151],[-159.379072,22.032225],[-159.379284,22.032498],[-159.379312,22.032532],[-159.379472,22.032694],[-159.379511,22.032768],[-159.379516,22.032811],[-159.379511,22.032854],[-159.379497,22.032895],[-159.379336,22.033211],[-159.379291,22.033288],[-159.379205,22.033387],[-159.378939,22.033641],[-159.37889,22.033711],[-159.37886,22.033792],[-159.378853,22.033835],[-159.378856,22.033918],[-159.378887,22.034117],[-159.378897,22.034158],[-159.378929,22.034239],[-159.37895,22.034277],[-159.379002,22.034347],[-159.379066,22.034408],[-159.379293,22.034561],[-159.37817,22.035703],[-159.376886,22.034026],[-159.376632,22.031783],[-159.376597,22.029912],[-159.377474,22.028527],[-159.374611,22.028246],[-159.371541,22.02832],[-159.371244,22.029975],[-159.372032,22.030159],[-159.372548,22.031593],[-159.371428,22.031243],[-159.370154,22.032137],[-159.37086,22.033486],[-159.370495,22.034902],[-159.371658,22.03629],[-159.369661,22.037079],[-159.369164,22.038461],[-159.367279,22.039377],[-159.365541,22.039134],[-159.363968,22.037223],[-159.361778,22.039226],[-159.362037,22.040016],[-159.364,22.039511],[-159.366166,22.040108],[-159.368918,22.039277],[-159.369278,22.039908],[-159.366873,22.040858],[-159.36618,22.042789],[-159.368155,22.043628],[-159.370061,22.043087],[-159.37269,22.046059],[-159.37061,22.046126],[-159.37217,22.046965],[-159.372646,22.048966],[-159.37483,22.050555],[-159.376006,22.050271],[-159.376849,22.050585],[-159.379951,22.053328],[-159.383411,22.051429],[-159.38555,22.050897],[-159.388177,22.05081],[-159.389395,22.051636],[-159.390408,22.054029],[-159.393312,22.054336],[-159.395232,22.05591],[-159.394634,22.056561],[-159.393657,22.055967],[-159.392792,22.055432],[-159.392212,22.055034],[-159.392018,22.055528],[-159.391751,22.055807],[-159.391231,22.055875],[-159.390658,22.055802],[-159.390219,22.055731],[-159.38967,22.055242],[-159.389285,22.055356],[-159.387581,22.055005],[-159.386919,22.053828],[-159.387072,22.053699],[-159.386974,22.053598],[-159.386807,22.053738],[-159.385692,22.053174],[-159.385147,22.0529],[-159.382405,22.05405],[-159.381477,22.055254],[-159.380669,22.056078],[-159.379996,22.056298],[-159.378522,22.05598],[-159.378082,22.055604],[-159.377846,22.055079],[-159.378035,22.054126],[-159.376721,22.053765],[-159.376188,22.053166],[-159.375919,22.052411],[-159.375294,22.05227],[-159.374851,22.052517],[-159.37405,22.052448],[-159.373442,22.052136],[-159.372192,22.051924],[-159.371414,22.051584],[-159.37086,22.051263],[-159.369536,22.05085],[-159.368997,22.049916],[-159.368273,22.04929],[-159.367932,22.049045],[-159.367858,22.048993],[-159.36727,22.048572],[-159.366056,22.048231],[-159.365846,22.048069],[-159.365594,22.047878],[-159.365064,22.047858],[-159.364954,22.047899],[-159.364174,22.048183],[-159.364091,22.048212],[-159.364169,22.048068],[-159.363962,22.047695],[-159.363937,22.047391],[-159.363809,22.047438],[-159.363519,22.047335],[-159.363129,22.047194],[-159.362465,22.04673],[-159.36203,22.04544],[-159.362236,22.044586],[-159.362075,22.044514],[-159.361606,22.045145],[-159.360585,22.045652],[-159.360542,22.045894],[-159.360527,22.046146],[-159.362587,22.047874],[-159.363414,22.051743],[-159.355042,22.049751],[-159.354616,22.049111],[-159.351742,22.049897],[-159.350706,22.050119],[-159.349573,22.0499],[-159.349001,22.04996],[-159.348453,22.050286],[-159.348311,22.049544],[-159.34794,22.049743],[-159.347316,22.050256],[-159.346483,22.050539],[-159.345634,22.050304],[-159.34461,22.05017],[-159.344544,22.050034],[-159.345412,22.0502],[-159.345461,22.05008],[-159.345587,22.050132],[-159.345716,22.050177],[-159.345856,22.05022],[-159.346329,22.05035],[-159.346389,22.050361],[-159.34651,22.050377],[-159.346632,22.050381],[-159.346754,22.050372],[-159.346874,22.050351],[-159.346991,22.05032],[-159.347104,22.050277],[-159.347211,22.050222],[-159.347263,22.050191],[-159.34736,22.050123],[-159.347448,22.050044],[-159.347671,22.049809],[-159.347512,22.049847],[-159.344682,22.049678],[-159.344498,22.049716],[-159.343725,22.049525],[-159.343585,22.049503],[-159.343429,22.049485],[-159.343324,22.049476],[-159.343219,22.049472],[-159.343061,22.049472],[-159.342857,22.049484],[-159.34183,22.049571],[-159.341785,22.049573],[-159.341694,22.049587],[-159.341605,22.049605],[-159.341516,22.049628],[-159.341387,22.049671],[-159.341011,22.049832],[-159.340918,22.049863],[-159.340824,22.049891],[-159.340678,22.04992],[-159.340531,22.049934],[-159.340382,22.049934],[-159.340235,22.049918],[-159.340089,22.049889],[-159.339949,22.049847],[-159.339813,22.04979],[-159.339673,22.049714],[-159.339598,22.049664],[-159.339527,22.04961],[-159.339018,22.049175],[-159.338464,22.0487],[-159.338784,22.048781],[-159.338815,22.048675],[-159.338963,22.04851],[-159.339568,22.048484],[-159.33979,22.047879],[-159.337913,22.046895],[-159.33797,22.047647],[-159.337996,22.047667],[-159.33801,22.047848],[-159.337985,22.047848],[-159.338006,22.048118],[-159.338017,22.048204],[-159.338033,22.048288],[-159.338076,22.048439],[-159.337265,22.047991],[-159.337492,22.047866],[-159.337703,22.047859],[-159.337823,22.047545],[-159.337713,22.047467],[-159.337478,22.047379],[-159.337368,22.047871],[-159.337207,22.047959],[-159.336673,22.047664],[-159.336951,22.047357],[-159.337073,22.047208],[-159.33719,22.047054],[-159.337499,22.047088],[-159.337616,22.046675],[-159.337047,22.046296],[-159.33688,22.046484],[-159.336864,22.04643],[-159.336784,22.046396],[-159.336238,22.046153],[-159.336399,22.045839],[-159.337159,22.044443],[-159.337542,22.044844],[-159.338145,22.045022]],[[-159.347854,22.04933],[-159.348563,22.049029],[-159.348465,22.048769],[-159.347994,22.048856],[-159.347754,22.049057],[-159.347854,22.04933]],[[-159.340037,22.049585],[-159.340125,22.049607],[-159.340126,22.049126],[-159.340017,22.048962],[-159.339908,22.048928],[-159.339731,22.048985],[-159.339596,22.048861],[-159.339483,22.048823],[-159.339332,22.048929],[-159.33953,22.049159],[-159.339759,22.049438],[-159.340037,22.049585]],[[-159.35961,22.04513],[-159.360507,22.044752],[-159.361354,22.043777],[-159.361371,22.043581],[-159.36106,22.04311],[-159.361074,22.042918],[-159.360661,22.043106],[-159.359383,22.045223],[-159.35961,22.04513]],[[-159.36365,22.03574],[-159.364095,22.035766],[-159.364358,22.035617],[-159.364448,22.035773],[-159.365795,22.035188],[-159.366289,22.03516],[-159.366718,22.035112],[-159.366782,22.035112],[-159.366802,22.034872],[-159.3667,22.034306],[-159.366475,22.034137],[-159.366413,22.034169],[-159.364241,22.035103],[-159.364146,22.035231],[-159.363538,22.035576],[-159.36365,22.03574]],[[-159.357703,22.044829],[-159.359041,22.043316],[-159.358417,22.043299],[-159.357024,22.043437],[-159.355565,22.043578],[-159.355565,22.043769],[-159.357703,22.044829]],[[-159.351914,22.047795],[-159.353183,22.047437],[-159.355013,22.045975],[-159.3553,22.045835],[-159.355792,22.045812],[-159.354957,22.045344],[-159.353767,22.044675],[-159.351996,22.045071],[-159.350556,22.047721],[-159.349378,22.048513],[-159.351914,22.047795]],[[-159.341944,22.046229],[-159.341483,22.046933],[-159.344604,22.048615],[-159.348114,22.047553],[-159.349194,22.046617],[-159.35006,22.045399],[-159.349195,22.045839],[-159.346896,22.04628],[-159.345221,22.046851],[-159.343964,22.046731],[-159.343438,22.046481],[-159.342279,22.046278],[-159.341944,22.046229]],[[-159.366947,22.035425],[-159.366336,22.035451],[-159.366093,22.035594],[-159.365686,22.035721],[-159.365405,22.035884],[-159.364599,22.036316],[-159.364686,22.036506],[-159.364511,22.03663],[-159.364675,22.037544],[-159.365102,22.038299],[-159.366379,22.038523],[-159.368299,22.037097],[-159.369066,22.036261],[-159.369243,22.035622],[-159.368512,22.033634],[-159.367923,22.03206],[-159.368262,22.031658],[-159.368163,22.031658],[-159.367949,22.031785],[-159.367804,22.031929],[-159.367483,22.032406],[-159.367153,22.032804],[-159.366794,22.033193],[-159.366639,22.0336],[-159.366726,22.03387],[-159.366861,22.034096],[-159.367065,22.034213],[-159.366833,22.033545],[-159.367094,22.033373],[-159.367404,22.034287],[-159.36722,22.034377],[-159.366987,22.034502],[-159.366987,22.034628],[-159.367102,22.035226],[-159.366947,22.035425]]]},"properties":{}},{"type":"Feature","geometry":{"type":"Polygon","coordinates":[[[-158.04439,21.671498],[-158.044342,21.671541],[-158.044091,21.671295],[-158.044057,21.671266],[-158.043955,21.671164],[-158.043804,21.671023],[-158.043857,21.67098],[-158.044162,21.671275],[-158.04439,21.671498]]]},"properties":{}},{"type":"Feature","geometry":{"type":"Polygon","coordinates":[[[-159.34351,22.056612],[-159.343448,22.056637],[-159.343417,22.056634],[-159.34326,22.05656],[-159.342804,22.056349],[-159.342578,22.056243],[-159.342256,22.056094],[-159.342033,22.055989],[-159.342323,22.055447],[-159.342784,22.054591],[-159.343092,22.054017],[-159.343579,22.054242],[-159.344402,22.054627],[-159.344463,22.054674],[-159.344483,22.054715],[-159.34449,22.05476],[-159.344469,22.05483],[-159.344295,22.055153],[-159.34351,22.056612]]]},"properties":{}},{"type":"Feature","geometry":{"type":"Polygon","coordinates":[[[-159.325932,22.054067],[-159.325668,22.053835],[-159.325891,22.05369],[-159.326015,22.053641],[-159.326198,22.053536],[-159.326287,22.053494],[-159.326446,22.053333],[-159.326547,22.053256],[-159.326747,22.052949],[-159.327014,22.052646],[-159.327043,22.052574],[-159.327297,22.052305],[-159.327498,22.052151],[-159.327681,22.052052],[-159.327788,22.051971],[-159.328231,22.051767],[-159.328538,22.051674],[-159.328804,22.051502],[-159.328928,22.051405],[-159.329188,22.051294],[-159.329483,22.051102],[-159.329838,22.050925],[-159.329997,22.050932],[-159.330062,22.050981],[-159.330104,22.051261],[-159.33018,22.051356],[-159.330233,22.051394],[-159.330369,22.051444],[-159.330423,22.051482],[-159.330842,22.05161],[-159.331202,22.051614],[-159.331332,22.051594],[-159.331805,22.05139],[-159.332065,22.051259],[-159.33216,22.051121],[-159.332313,22.05134],[-159.332126,22.051401],[-159.331613,22.051616],[-159.331424,22.051661],[-159.331055,22.051759],[-159.330812,22.051809],[-159.330364,22.051651],[-159.329858,22.051302],[-159.329844,22.051174],[-159.32953,22.051368],[-159.329452,22.051411],[-159.328719,22.051818],[-159.328367,22.052019],[-159.328067,22.052221],[-159.32753,22.052598],[-159.327266,22.052797],[-159.327163,22.052903],[-159.326981,22.053118],[-159.326798,22.05333],[-159.326623,22.053489],[-159.326529,22.053602],[-159.326435,22.053687],[-159.325984,22.054022],[-159.325932,22.054067]]]},"properties":{}},{"type":"Feature","geometry":{"type":"Polygon","coordinates":[[[-159.340037,22.049585],[-159.339759,22.049438],[-159.33953,22.049159],[-159.339332,22.048929],[-159.339483,22.048823],[-159.339596,22.048861],[-159.339731,22.048985],[-159.339908,22.048928],[-159.340017,22.048962],[-159.340126,22.049126],[-159.340125,22.049607],[-159.340037,22.049585]]]},"properties":{}},{"type":"Feature","geometry":{"type":"Polygon","coordinates":[[[-159.347854,22.04933],[-159.347754,22.049057],[-159.347994,22.048856],[-159.348465,22.048769],[-159.348563,22.049029],[-159.347854,22.04933]]]},"properties":{}},{"type":"Feature","geometry":{"type":"Polygon","coordinates":[[[-159.344604,22.048615],[-159.341483,22.046933],[-159.341944,22.046229],[-159.342279,22.046278],[-159.343438,22.046481],[-159.343964,22.046731],[-159.345221,22.046851],[-159.346896,22.04628],[-159.349195,22.045839],[-159.35006,22.045399],[-159.349194,22.046617],[-159.348114,22.047553],[-159.344604,22.048615]]]},"properties":{}},{"type":"Feature","geometry":{"type":"Polygon","coordinates":[[[-159.351914,22.047795],[-159.349378,22.048513],[-159.350556,22.047721],[-159.351996,22.045071],[-159.353767,22.044675],[-159.354957,22.045344],[-159.355792,22.045812],[-159.3553,22.045835],[-159.355013,22.045975],[-159.353183,22.047437],[-159.351914,22.047795]]]},"properties":{}},{"type":"Feature","geometry":{"type":"Polygon","coordinates":[[[-159.35961,22.04513],[-159.359383,22.045223],[-159.360661,22.043106],[-159.361074,22.042918],[-159.36106,22.04311],[-159.361371,22.043581],[-159.361354,22.043777],[-159.360507,22.044752],[-159.35961,22.04513]]]},"properties":{}},{"type":"Feature","geometry":{"type":"Polygon","coordinates":[[[-159.338376,22.044924],[-159.33791,22.043948],[-159.338075,22.043216],[-159.3382,22.042993],[-159.338298,22.042839],[-159.338374,22.042731],[-159.338508,22.042568],[-159.338736,22.042315],[-159.339656,22.04239],[-159.339438,22.044749],[-159.338924,22.044698],[-159.338376,22.044924]]]},"properties":{}},{"type":"Feature","geometry":{"type":"Polygon","coordinates":[[[-159.357703,22.044829],[-159.355565,22.043769],[-159.355565,22.043578],[-159.357024,22.043437],[-159.358417,22.043299],[-159.359041,22.043316],[-159.357703,22.044829]]]},"properties":{}},{"type":"Feature","geometry":{"type":"Polygon","coordinates":[[[-159.337233,22.043676],[-159.337148,22.043701],[-159.336998,22.043762],[-159.336872,22.043825],[-159.336762,22.043911],[-159.336711,22.043961],[-159.336651,22.044092],[-159.336401,22.044609],[-159.336056,22.043555],[-159.335526,22.043585],[-159.334996,22.043008],[-159.334843,22.042494],[-159.334933,22.04255],[-159.335049,22.042489],[-159.335049,22.042302],[-159.335114,22.042166],[-159.33523,22.04213],[-159.335466,22.042177],[-159.335616,22.042238],[-159.335837,22.042238],[-159.336004,22.042781],[-159.336675,22.043374],[-159.337233,22.043676]]]},"properties":{}},{"type":"Feature","geometry":{"type":"Polygon","coordinates":[[[-159.366093,22.035594],[-159.366336,22.035451],[-159.366947,22.035425],[-159.367102,22.035226],[-159.366987,22.034628],[-159.366987,22.034502],[-159.36722,22.034377],[-159.367404,22.034287],[-159.367094,22.033373],[-159.366833,22.033545],[-159.367065,22.034213],[-159.366861,22.034096],[-159.366726,22.03387],[-159.366639,22.0336],[-159.366794,22.033193],[-159.367153,22.032804],[-159.367483,22.032406],[-159.367804,22.031929],[-159.367949,22.031785],[-159.368163,22.031658],[-159.368262,22.031658],[-159.367923,22.03206],[-159.368512,22.033634],[-159.369243,22.035622],[-159.369066,22.036261],[-159.368299,22.037097],[-159.366379,22.038523],[-159.365102,22.038299],[-159.364675,22.037544],[-159.364511,22.03663],[-159.364686,22.036506],[-159.364599,22.036316],[-159.365405,22.035884],[-159.365686,22.035721],[-159.366093,22.035594]]]},"properties":{}},{"type":"Feature","geometry":{"type":"Polygon","coordinates":[[[-159.36365,22.03574],[-159.363538,22.035576],[-159.364146,22.035231],[-159.364241,22.035103],[-159.366413,22.034169],[-159.366475,22.034137],[-159.3667,22.034306],[-159.366802,22.034872],[-159.366782,22.035112],[-159.366718,22.035112],[-159.366289,22.03516],[-159.365795,22.035188],[-159.364448,22.035773],[-159.364358,22.035617],[-159.364095,22.035766],[-159.36365,22.03574]]]},"properties":{}},{"type":"Feature","geometry":{"type":"Polygon","coordinates":[[[-159.337838,22.034268],[-159.337075,22.034169],[-159.337049,22.034072],[-159.337093,22.033601],[-159.337706,22.032812],[-159.338275,22.032389],[-159.338564,22.032064],[-159.338601,22.031588],[-159.33848,22.031209],[-159.337983,22.031094],[-159.337365,22.03112],[-159.337757,22.030338],[-159.338172,22.029234],[-159.338601,22.027541],[-159.338767,22.025595],[-159.338903,22.024247],[-159.338611,22.022539],[-159.338481,22.021257],[-159.338389,22.019953],[-159.339193,22.019909],[-159.339748,22.020168],[-159.339934,22.020962],[-159.341016,22.02075],[-159.341369,22.020915],[-159.341621,22.021023],[-159.341521,22.021472],[-159.341465,22.022488],[-159.341569,22.023099],[-159.341847,22.0243],[-159.342162,22.025421],[-159.342493,22.026754],[-159.342429,22.027068],[-159.342384,22.027468],[-159.342089,22.029105],[-159.341367,22.033464],[-159.341327,22.033685],[-159.338848,22.033795],[-159.338313,22.034093],[-159.338043,22.034105],[-159.337838,22.034268]]]},"properties":{}},{"type":"Feature","geometry":{"type":"Polygon","coordinates":[[[-159.351333,21.996078],[-159.351504,21.994953],[-159.352788,21.995197],[-159.352941,21.99531],[-159.352987,21.995337],[-159.353066,21.995398],[-159.353069,21.995474],[-159.35305,21.995529],[-159.352827,21.995739],[-159.351826,21.996161],[-159.351333,21.996078]]]},"properties":{}},{"type":"Feature","geometry":{"type":"Polygon","coordinates":[[[-159.342669,21.993712],[-159.342173,21.993875],[-159.341836,21.994553],[-159.340829,21.994866],[-159.341057,21.994697],[-159.341187,21.994552],[-159.341252,21.994403],[-159.341346,21.993985],[-159.341394,21.993337],[-159.341305,21.992786],[-159.341234,21.992648],[-159.341104,21.992443],[-159.341069,21.992316],[-159.341045,21.992136],[-159.340992,21.991942],[-159.340839,21.99159],[-159.340707,21.991418],[-159.340908,21.991519],[-159.340967,21.991564],[-159.341053,21.991652],[-159.341161,21.991749],[-159.341248,21.991817],[-159.341365,21.991885],[-159.34145,21.991927],[-159.341674,21.992067],[-159.341747,21.992092],[-159.341937,21.992132],[-159.341979,21.992148],[-159.342034,21.992204],[-159.342088,21.992227],[-159.342157,21.992238],[-159.342251,21.992265],[-159.342379,21.992315],[-159.34247,21.992393],[-159.342589,21.992463],[-159.342709,21.992517],[-159.342825,21.99258],[-159.342967,21.992614],[-159.34305,21.992628],[-159.342814,21.992991],[-159.342738,21.993136],[-159.342504,21.993292],[-159.342669,21.993712]]]},"properties":{}},{"type":"Feature","geometry":{"type":"Polygon","coordinates":[[[-159.362593,21.992988],[-159.362568,21.992968],[-159.362564,21.992934],[-159.36261,21.992873],[-159.36266,21.99283],[-159.362706,21.9928],[-159.36279,21.992769],[-159.362891,21.992755],[-159.363019,21.992757],[-159.363112,21.992763],[-159.363181,21.992761],[-159.363293,21.992747],[-159.363423,21.992715],[-159.363563,21.992656],[-159.363649,21.992636],[-159.363771,21.992647],[-159.363815,21.99266],[-159.363882,21.992692],[-159.363931,21.992726],[-159.363985,21.99278],[-159.364034,21.992854],[-159.364055,21.992908],[-159.364068,21.992985],[-159.364056,21.993084],[-159.364044,21.993123],[-159.363992,21.993211],[-159.363655,21.993641],[-159.363609,21.99367],[-159.363564,21.993657],[-159.363112,21.993348],[-159.362593,21.992988]]]},"properties":{}},{"type":"Feature","geometry":{"type":"Polygon","coordinates":[[[-159.368638,21.984989],[-159.368641,21.984962],[-159.36905,21.983398],[-159.369062,21.983398],[-159.369449,21.983488],[-159.369798,21.983566],[-159.369979,21.983609],[-159.370087,21.983775],[-159.370299,21.983822],[-159.370578,21.983887],[-159.371012,21.983986],[-159.370809,21.984736],[-159.370715,21.985109],[-159.370646,21.985366],[-159.370631,21.985427],[-159.370604,21.985464],[-159.37056,21.98547],[-159.368971,21.98511],[-159.368698,21.985045],[-159.368663,21.985032],[-159.368638,21.984989]]]},"properties":{}},{"type":"Feature","geometry":{"type":"Polygon","coordinates":[[[-159.366248,21.97421],[-159.365395,21.975142],[-159.364811,21.974694],[-159.365667,21.973762],[-159.366248,21.97421]]]},"properties":{}},{"type":"Feature","geometry":{"type":"Polygon","coordinates":[[[-159.732179,21.971288],[-159.732203,21.971329],[-159.732209,21.971433],[-159.732239,21.972128],[-159.732179,21.972318],[-159.732002,21.972617],[-159.731831,21.972799],[-159.73166,21.97294],[-159.730685,21.97237],[-159.729888,21.971967],[-159.729127,21.971654],[-159.727981,21.971217],[-159.727061,21.970954],[-159.725844,21.970585],[-159.719267,21.968662],[-159.718641,21.968471],[-159.718251,21.968368],[-159.717401,21.968105],[-159.716593,21.967856],[-159.715901,21.967611],[-159.714608,21.96706],[-159.714125,21.966801],[-159.713393,21.96637],[-159.713121,21.966172],[-159.712577,21.965818],[-159.712218,21.965521],[-159.712176,21.965472],[-159.712613,21.965045],[-159.71269,21.965081],[-159.712802,21.965207],[-159.712914,21.965279],[-159.713564,21.965877],[-159.714207,21.966443],[-159.714644,21.966749],[-159.715465,21.967201],[-159.715671,21.967277],[-159.715937,21.967335],[-159.716108,21.967402],[-159.716492,21.967491],[-159.716976,21.967647],[-159.71739,21.967699],[-159.717744,21.967801],[-159.718399,21.967929],[-159.718724,21.967991],[-159.719155,21.968071],[-159.719379,21.968147],[-159.719851,21.968262],[-159.720241,21.968355],[-159.720613,21.968485],[-159.721256,21.968644],[-159.721369,21.968694],[-159.721735,21.968809],[-159.721894,21.968876],[-159.72206,21.968912],[-159.722833,21.969171],[-159.723364,21.969308],[-159.723724,21.969438],[-159.725248,21.969828],[-159.725442,21.969864],[-159.725578,21.969904],[-159.726128,21.969996],[-159.726234,21.970032],[-159.726706,21.970116],[-159.727084,21.970222],[-159.727521,21.970311],[-159.727905,21.970404],[-159.728253,21.970506],[-159.729197,21.97071],[-159.729464,21.970799],[-159.729948,21.970851],[-159.730384,21.970908],[-159.730963,21.971005],[-159.731488,21.971106],[-159.731754,21.971195],[-159.731931,21.971213],[-159.732179,21.971288]]]},"properties":{}},{"type":"Feature","geometry":{"type":"Polygon","coordinates":[[[-159.718085,21.970535],[-159.717183,21.97173],[-159.71549,21.970612],[-159.716389,21.969415],[-159.718085,21.970535]]]},"properties":{}},{"type":"Feature","geometry":{"type":"Polygon","coordinates":[[[-159.364358,21.971827],[-159.363725,21.971351],[-159.364082,21.970937],[-159.364851,21.971516],[-159.364358,21.971827]]]},"properties":{}},{"type":"Feature","geometry":{"type":"Polygon","coordinates":[[[-159.717269,21.968257],[-159.717303,21.968212],[-159.719371,21.968833],[-159.719305,21.968922],[-159.718158,21.970447],[-159.716461,21.969327],[-159.717243,21.968291],[-159.717269,21.968257]]]},"properties":{}},{"type":"Feature","geometry":{"type":"Polygon","coordinates":[[[-159.372979,21.970577],[-159.373529,21.970716],[-159.373558,21.970756],[-159.373552,21.97079],[-159.373532,21.97081],[-159.373242,21.971028],[-159.373196,21.971053],[-159.373012,21.971119],[-159.372968,21.971114],[-159.372944,21.97109],[-159.372939,21.971067],[-159.372916,21.970624],[-159.372934,21.970588],[-159.372979,21.970577]]]},"properties":{}},{"type":"Feature","geometry":{"type":"Polygon","coordinates":[[[-159.392868,21.968041],[-159.392754,21.967969],[-159.392735,21.967942],[-159.392642,21.967716],[-159.392639,21.967669],[-159.392669,21.967621],[-159.39269,21.967607],[-159.393427,21.96729],[-159.394214,21.966953],[-159.39453,21.966815],[-159.39457,21.966822],[-159.394645,21.96681],[-159.394691,21.966776],[-159.394708,21.966736],[-159.394744,21.966717],[-159.394995,21.96706],[-159.395002,21.967098],[-159.394718,21.967226],[-159.393786,21.967729],[-159.393189,21.967945],[-159.392868,21.968041]]]},"properties":{}},{"type":"Feature","geometry":{"type":"Polygon","coordinates":[[[-159.390955,21.96603],[-159.390916,21.966026],[-159.390701,21.965943],[-159.39039,21.965765],[-159.390109,21.96566],[-159.389865,21.96573],[-159.38955,21.965871],[-159.389323,21.965754],[-159.389207,21.965533],[-159.389194,21.965203],[-159.389304,21.964792],[-159.390135,21.964311],[-159.390304,21.964559],[-159.390462,21.964798],[-159.390525,21.964889],[-159.390285,21.965027],[-159.390955,21.96603]]]},"properties":{}},{"type":"Feature","geometry":{"type":"Polygon","coordinates":[[[-159.352533,21.959749],[-159.352397,21.959279],[-159.352522,21.957368],[-159.352905,21.957426],[-159.352829,21.958922],[-159.352758,21.959247],[-159.352652,21.959523],[-159.352533,21.959749]]]},"properties":{}},{"type":"Feature","geometry":{"type":"Polygon","coordinates":[[[-158.045836,21.670436],[-158.04578,21.670469],[-158.045284,21.669985],[-158.045123,21.669831],[-158.045175,21.669791],[-158.045616,21.67022],[-158.045836,21.670436]]]},"properties":{}},{"type":"Feature","geometry":{"type":"Polygon","coordinates":[[[-159.662312,21.957728],[-159.6622,21.957857],[-159.662078,21.958011],[-159.661956,21.958174],[-159.661829,21.95836],[-159.661688,21.958587],[-159.661567,21.958795],[-159.662031,21.957589],[-159.662312,21.957728]]]},"properties":{}},{"type":"Feature","geometry":{"type":"Polygon","coordinates":[[[-159.353703,21.956621],[-159.353679,21.957407],[-159.353708,21.957822],[-159.353608,21.959065],[-159.352935,21.959025],[-159.353035,21.957435],[-159.353088,21.957241],[-159.353401,21.956883],[-159.353703,21.956621]]]},"properties":{}},{"type":"Feature","geometry":{"type":"Polygon","coordinates":[[[-159.669091,21.957949],[-159.669023,21.957879],[-159.668991,21.957816],[-159.668513,21.956844],[-159.668007,21.956384],[-159.668492,21.956208],[-159.669505,21.956072],[-159.669838,21.956191],[-159.670403,21.956455],[-159.670501,21.956502],[-159.67045,21.95655],[-159.670479,21.956554],[-159.6702,21.956842],[-159.669253,21.957817],[-159.669255,21.957819],[-159.66911,21.957967],[-159.669091,21.957949]]]},"properties":{}},{"type":"Feature","geometry":{"type":"Polygon","coordinates":[[[-159.670404,21.955552],[-159.670207,21.955453],[-159.6703,21.95461],[-159.670479,21.954657],[-159.670836,21.954698],[-159.670619,21.955697],[-159.670535,21.955668],[-159.670462,21.955617],[-159.670404,21.955552]]]},"properties":{}},{"type":"Feature","geometry":{"type":"Polygon","coordinates":[[[-159.666175,21.952947],[-159.665601,21.953794],[-159.664768,21.953391],[-159.664703,21.953434],[-159.664783,21.953305],[-159.664933,21.953096],[-159.664987,21.95299],[-159.665042,21.952915],[-159.665201,21.95268],[-159.665262,21.952582],[-159.66529,21.952528],[-159.665361,21.952417],[-159.665451,21.952288],[-159.665608,21.952116],[-159.66566,21.952041],[-159.665762,21.951921],[-159.665838,21.951825],[-159.665887,21.951776],[-159.665957,21.95189],[-159.665958,21.951902],[-159.666006,21.951951],[-159.666007,21.951963],[-159.666094,21.952109],[-159.666154,21.952149],[-159.666273,21.952264],[-159.666337,21.952316],[-159.666398,21.952383],[-159.666505,21.952473],[-159.666556,21.952563],[-159.666446,21.952724],[-159.666305,21.952655],[-159.665996,21.952857],[-159.666175,21.952947]]]},"properties":{}},{"type":"Feature","geometry":{"type":"Polygon","coordinates":[[[-159.664104,21.952989],[-159.662385,21.952156],[-159.663886,21.950587],[-159.665414,21.949006],[-159.665522,21.949053],[-159.665623,21.949206],[-159.66567,21.949416],[-159.665634,21.949757],[-159.665788,21.949813],[-159.665817,21.94989],[-159.665829,21.950089],[-159.66584,21.950473],[-159.665899,21.950671],[-159.665935,21.950865],[-159.665876,21.951206],[-159.665822,21.951299],[-159.665787,21.951349],[-159.665622,21.951503],[-159.665421,21.951701],[-159.665113,21.952158],[-159.664972,21.952319],[-159.664647,21.952567],[-159.664458,21.952775],[-159.664104,21.952989]]]},"properties":{}},{"type":"Feature","geometry":{"type":"Polygon","coordinates":[[[-159.362343,21.950115],[-159.362346,21.950082],[-159.362263,21.949838],[-159.362257,21.949738],[-159.362198,21.949513],[-159.36205,21.949133],[-159.361879,21.948858],[-159.361909,21.948402],[-159.361927,21.948363],[-159.362013,21.948533],[-159.362261,21.949029],[-159.362637,21.949778],[-159.36281,21.950126],[-159.362871,21.950257],[-159.362905,21.950401],[-159.362921,21.950501],[-159.362932,21.950686],[-159.362935,21.950844],[-159.362932,21.950988],[-159.362914,21.951097],[-159.362858,21.951214],[-159.362779,21.951364],[-159.362511,21.951188],[-159.362476,21.950953],[-159.36245,21.950718],[-159.362433,21.950601],[-159.362403,21.950429],[-159.362364,21.950185],[-159.362343,21.950115]]]},"properties":{}},{"type":"Feature","geometry":{"type":"Polygon","coordinates":[[[-159.525024,21.942996],[-159.524948,21.942863],[-159.524784,21.942794],[-159.52469,21.942801],[-159.524512,21.943],[-159.524298,21.943301],[-159.52411,21.943198],[-159.523905,21.942747],[-159.524343,21.942251],[-159.523888,21.9419],[-159.523313,21.942552],[-159.52258,21.942559],[-159.521978,21.942628],[-159.521458,21.942745],[-159.521319,21.94271],[-159.521048,21.94215],[-159.520784,21.941736],[-159.521281,21.941438],[-159.520466,21.940255],[-159.520674,21.939577],[-159.520768,21.938637],[-159.521797,21.93885],[-159.522624,21.938642],[-159.52278,21.938737],[-159.524546,21.93848],[-159.524994,21.938244],[-159.525062,21.938305],[-159.525232,21.93881],[-159.525922,21.938966],[-159.525445,21.940838],[-159.525024,21.942996]]]},"properties":{}},{"type":"Feature","geometry":{"type":"Polygon","coordinates":[[[-158.048009,21.667627],[-158.047973,21.667677],[-158.047751,21.667465],[-158.0478,21.667425],[-158.048009,21.667627]]]},"properties":{}},{"type":"Feature","geometry":{"type":"Polygon","coordinates":[[[-159.523565,21.927308],[-159.52427,21.927337],[-159.524296,21.927337],[-159.524568,21.927352],[-159.524718,21.927598],[-159.524679,21.928287],[-159.524591,21.928662],[-159.524681,21.928915],[-159.524822,21.929303],[-159.524717,21.929615],[-159.524244,21.930276],[-159.523873,21.930548],[-159.523349,21.930931],[-159.522918,21.930987],[-159.522596,21.930254],[-159.522298,21.929313],[-159.522077,21.928613],[-159.5224,21.927989],[-159.52276,21.927297],[-159.523004,21.92728],[-159.523011,21.92735],[-159.523565,21.927308]]]},"properties":{}},{"type":"Feature","geometry":{"type":"Polygon","coordinates":[[[-159.526041,21.925416],[-159.526219,21.924524],[-159.526661,21.924601],[-159.527352,21.924725],[-159.527189,21.925544],[-159.526041,21.925416]]]},"properties":{}},{"type":"Feature","geometry":{"type":"Polygon","coordinates":[[[-159.522098,21.922872],[-159.52213,21.922348],[-159.523166,21.921565],[-159.523173,21.922873],[-159.522098,21.922872]]]},"properties":{}},{"type":"Feature","geometry":{"type":"Polygon","coordinates":[[[-159.527064,21.911472],[-159.528675,21.91032],[-159.52913,21.910133],[-159.529472,21.91015],[-159.529702,21.910009],[-159.530263,21.909538],[-159.530464,21.909731],[-159.530611,21.910363],[-159.531284,21.911057],[-159.531692,21.912253],[-159.531952,21.913336],[-159.532348,21.915381],[-159.532519,21.916162],[-159.531818,21.918382],[-159.531629,21.91865],[-159.53124,21.919121],[-159.530419,21.919683],[-159.53013,21.919847],[-159.52777,21.920749],[-159.527681,21.920749],[-159.527616,21.920722],[-159.526831,21.919961],[-159.52503,21.918508],[-159.524694,21.918256],[-159.524599,21.918139],[-159.524534,21.918008],[-159.524428,21.91762],[-159.524156,21.916306],[-159.524156,21.916184],[-159.524197,21.916058],[-159.524415,21.91579],[-159.524498,21.915587],[-159.524474,21.915469],[-159.524267,21.915167],[-159.523896,21.914771],[-159.524274,21.914557],[-159.524474,21.914412],[-159.52461,21.914204],[-159.524964,21.913801],[-159.525306,21.913136],[-159.525731,21.912506],[-159.525996,21.912226],[-159.527064,21.911472]]]},"properties":{}},{"type":"Feature","geometry":{"type":"Polygon","coordinates":[[[-159.589283,21.916071],[-159.588805,21.915955],[-159.588633,21.915757],[-159.589543,21.915103],[-159.589283,21.916071]]]},"properties":{}},{"type":"Feature","geometry":{"type":"Polygon","coordinates":[[[-159.588104,21.910507],[-159.588114,21.910241],[-159.58813,21.909674],[-159.588608,21.909647],[-159.588545,21.910483],[-159.588104,21.910507]]]},"properties":{}},{"type":"Feature","geometry":{"type":"Polygon","coordinates":[[[-159.464495,21.908996],[-159.464478,21.908946],[-159.463975,21.907527],[-159.464115,21.907488],[-159.464221,21.907449],[-159.464333,21.907435],[-159.464563,21.907367],[-159.464727,21.907337],[-159.464936,21.907282],[-159.465097,21.907235],[-159.465197,21.907185],[-159.465226,21.907142],[-159.465234,21.907081],[-159.465214,21.907022],[-159.465161,21.906936],[-159.465124,21.906898],[-159.465015,21.906821],[-159.464964,21.906774],[-159.464935,21.906734],[-159.46495,21.906697],[-159.464979,21.906668],[-159.465061,21.906616],[-159.465175,21.906568],[-159.465302,21.90654],[-159.465388,21.906527],[-159.465565,21.906513],[-159.465636,21.906499],[-159.465679,21.906499],[-159.465669,21.908568],[-159.46567,21.908575],[-159.46469,21.908968],[-159.464495,21.908996]]]},"properties":{}},{"type":"Feature","geometry":{"type":"Polygon","coordinates":[[[-159.594046,21.906933],[-159.593424,21.906868],[-159.59324,21.906859],[-159.593235,21.9068],[-159.593177,21.906825],[-159.593055,21.906858],[-159.592947,21.906869],[-159.592836,21.90687],[-159.592728,21.906859],[-159.592636,21.906836],[-159.592576,21.906814],[-159.592595,21.906636],[-159.592687,21.906669],[-159.592741,21.90668],[-159.592686,21.904498],[-159.592691,21.904435],[-159.592704,21.904395],[-159.592745,21.904324],[-159.592788,21.904281],[-159.592852,21.904243],[-159.592923,21.904222],[-159.59399,21.904015],[-159.594211,21.905026],[-159.594492,21.904969],[-159.594608,21.906956],[-159.594046,21.906933]]]},"properties":{}},{"type":"Feature","geometry":{"type":"Polygon","coordinates":[[[-157.944949,21.684156],[-157.944283,21.683399],[-157.943649,21.682266],[-157.943255,21.681767],[-157.942696,21.681264],[-157.942307,21.680686],[-157.941529,21.678915],[-157.941004,21.677997],[-157.940342,21.677268],[-157.939553,21.676883],[-157.938882,21.676007],[-157.939773,21.675663],[-157.939951,21.675041],[-157.942369,21.675335],[-157.942462,21.675805],[-157.943224,21.676234],[-157.943124,21.676724],[-157.944007,21.677418],[-157.944458,21.678169],[-157.945235,21.678185],[-157.946105,21.679227],[-157.946508,21.681348],[-157.946395,21.681629],[-157.946892,21.683012],[-157.946213,21.683584],[-157.945914,21.683828],[-157.945504,21.683936],[-157.944949,21.684156]]]},"properties":{}},{"type":"Feature","geometry":{"type":"Polygon","coordinates":[[[-158.045331,21.669563],[-158.045246,21.669488],[-158.046175,21.668644],[-158.047258,21.667666],[-158.048304,21.666719],[-158.048389,21.666803],[-158.047836,21.667301],[-158.047258,21.667824],[-158.045719,21.669213],[-158.045331,21.669563]]]},"properties":{}},{"type":"Feature","geometry":{"type":"Polygon","coordinates":[[[-159.582275,21.905188],[-159.582372,21.905106],[-159.582495,21.90502],[-159.582583,21.904968],[-159.582666,21.904925],[-159.582752,21.904886],[-159.582852,21.904847],[-159.582955,21.904815],[-159.583095,21.904781],[-159.583292,21.904753],[-159.583364,21.904748],[-159.583518,21.904748],[-159.583635,21.904756],[-159.58376,21.904774],[-159.583788,21.904763],[-159.583894,21.904789],[-159.583366,21.905792],[-159.582177,21.905272],[-159.582217,21.905229],[-159.582275,21.905188]]]},"properties":{}},{"type":"Feature","geometry":{"type":"Polygon","coordinates":[[[-159.607223,21.900687],[-159.606841,21.900652],[-159.607231,21.899331],[-159.607223,21.898746],[-159.607265,21.898125],[-159.608003,21.898292],[-159.608034,21.898443],[-159.607981,21.898509],[-159.607787,21.898498],[-159.607616,21.898465],[-159.607545,21.898481],[-159.60745,21.898558],[-159.607409,21.898673],[-159.607409,21.898834],[-159.607592,21.899192],[-159.607899,21.8996],[-159.608147,21.899809],[-159.608365,21.899946],[-159.608548,21.900002],[-159.608601,21.89999],[-159.608625,21.899929],[-159.608613,21.899853],[-159.608572,21.899753],[-159.608583,21.899661],[-159.608648,21.899622],[-159.608843,21.899721],[-159.609008,21.899926],[-159.60918,21.900212],[-159.609327,21.900442],[-159.609406,21.900498],[-159.609287,21.900871],[-159.607223,21.900687]]]},"properties":{}},{"type":"Feature","geometry":{"type":"Polygon","coordinates":[[[-159.559758,21.899345],[-159.560561,21.898443],[-159.561174,21.898581],[-159.561381,21.898626],[-159.56147,21.898711],[-159.561558,21.898819],[-159.561304,21.899258],[-159.560425,21.899826],[-159.559758,21.899345]]]},"properties":{}},{"type":"Feature","geometry":{"type":"Polygon","coordinates":[[[-159.495063,21.885653],[-159.494923,21.885742],[-159.49479,21.885821],[-159.49464,21.885873],[-159.494522,21.88589],[-159.494392,21.885933],[-159.494302,21.885949],[-159.494211,21.885956],[-159.494073,21.88595],[-159.493939,21.885921],[-159.493854,21.885892],[-159.493745,21.885838],[-159.493241,21.885584],[-159.493209,21.885552],[-159.49313,21.88551],[-159.493085,21.885501],[-159.492994,21.885503],[-159.492951,21.885517],[-159.492894,21.885551],[-159.492749,21.885608],[-159.492703,21.885559],[-159.492734,21.88554],[-159.493165,21.885361],[-159.493585,21.885228],[-159.493827,21.885182],[-159.49407,21.885234],[-159.494588,21.885544],[-159.494829,21.885656],[-159.49501,21.885671],[-159.495063,21.885653]]]},"properties":{}},{"type":"Feature","geometry":{"type":"Polygon","coordinates":[[[-159.493943,21.885017],[-159.493898,21.885006],[-159.493807,21.884993],[-159.49367,21.884991],[-159.493579,21.885002],[-159.49349,21.885023],[-159.493363,21.885069],[-159.493313,21.885094],[-159.493373,21.885209],[-159.493189,21.885266],[-159.492588,21.884913],[-159.492612,21.884655],[-159.492765,21.884562],[-159.492783,21.884485],[-159.492836,21.88444],[-159.493001,21.884439],[-159.49309,21.884462],[-159.493196,21.884538],[-159.493273,21.884572],[-159.493615,21.884551],[-159.493733,21.884595],[-159.49378,21.884654],[-159.493851,21.884661],[-159.493892,21.88455],[-159.493963,21.884484],[-159.494125,21.884502],[-159.493943,21.885017]]]},"properties":{}},{"type":"Feature","geometry":{"type":"Polygon","coordinates":[[[-159.472609,21.882043],[-159.472467,21.882028],[-159.473205,21.880596],[-159.473267,21.880716],[-159.473372,21.880907],[-159.473516,21.880984],[-159.474008,21.881075],[-159.474188,21.880973],[-159.474346,21.880629],[-159.474407,21.882212],[-159.472609,21.882043]]]},"properties":{}},{"type":"Feature","geometry":{"type":"Polygon","coordinates":[[[-159.452836,21.873609],[-159.453214,21.873402],[-159.453273,21.873352],[-159.453279,21.87328],[-159.453255,21.873203],[-159.453515,21.872371],[-159.453621,21.872384],[-159.453692,21.872466],[-159.453722,21.872664],[-159.453833,21.87298],[-159.45391,21.873043],[-159.45401,21.87312],[-159.454005,21.873436],[-159.454134,21.873481],[-159.454093,21.873666],[-159.453141,21.873669],[-159.452836,21.873609]]]},"properties":{}},{"type":"Feature","geometry":{"type":"Polygon","coordinates":[[[-158.037878,21.681076],[-158.037772,21.681143],[-158.03768,21.681188],[-158.037633,21.681201],[-158.037601,21.681221],[-158.037524,21.681239],[-158.036928,21.680402],[-158.037119,21.680245],[-158.037477,21.680635],[-158.037878,21.681076]]]},"properties":{}},{"type":"Feature","geometry":{"type":"Polygon","coordinates":[[[-158.046977,21.669076],[-158.046936,21.669132],[-158.046434,21.66865],[-158.046492,21.668606],[-158.046709,21.668817],[-158.046977,21.669076]]]},"properties":{}},{"type":"Feature","geometry":{"type":"Polygon","coordinates":[[[-158.009739,21.696188],[-158.00944,21.695511],[-158.009256,21.69516],[-158.009435,21.695124],[-158.009571,21.695105],[-158.009738,21.695088],[-158.009891,21.695077],[-158.010029,21.695074],[-158.010181,21.695075],[-158.010366,21.695085],[-158.011047,21.695148],[-158.011244,21.695169],[-158.011441,21.695197],[-158.011538,21.695223],[-158.011507,21.695475],[-158.011518,21.695774],[-158.010887,21.695842],[-158.010819,21.695851],[-158.010731,21.695884],[-158.010635,21.695902],[-158.010542,21.695935],[-158.010401,21.695963],[-158.010275,21.695997],[-158.010228,21.696012],[-158.010195,21.696014],[-158.010135,21.696036],[-158.01008,21.69605],[-158.010018,21.696074],[-158.009967,21.696087],[-158.00991,21.696114],[-158.009821,21.696138],[-158.009739,21.696188]]]},"properties":{}},{"type":"Feature","geometry":{"type":"Polygon","coordinates":[[[-158.019732,21.692755],[-158.01981,21.692916],[-158.019521,21.693154],[-158.01935,21.693286],[-158.019313,21.693356],[-158.019207,21.693441],[-158.019129,21.693495],[-158.018982,21.693553],[-158.018954,21.693573],[-158.01879,21.693671],[-158.018578,21.693803],[-158.018523,21.693848],[-158.018417,21.693694],[-158.018846,21.693439],[-158.018943,21.693372],[-158.019064,21.693271],[-158.019142,21.693194],[-158.019214,21.693114],[-158.019291,21.693015],[-158.019343,21.692938],[-158.01961,21.692508],[-158.019732,21.692755]]]},"properties":{}},{"type":"Feature","geometry":{"type":"Polygon","coordinates":[[[-158.019732,21.692755],[-158.020517,21.692414],[-158.021109,21.692016],[-158.021311,21.691798],[-158.021484,21.691478],[-158.020942,21.691401],[-158.020369,21.691311],[-158.020365,21.691309],[-158.020419,21.691226],[-158.021515,21.691395],[-158.021622,21.691192],[-158.022056,21.690843],[-158.02211,21.690685],[-158.02222,21.690566],[-158.02233,21.690503],[-158.022322,21.690492],[-158.022383,21.690434],[-158.022716,21.690144],[-158.022738,21.690149],[-158.022633,21.690243],[-158.022525,21.690344],[-158.02271,21.69056],[-158.022896,21.6904],[-158.023184,21.690163],[-158.022964,21.689915],[-158.023095,21.689794],[-158.023057,21.689728],[-158.023191,21.689661],[-158.023142,21.689553],[-158.023073,21.689539],[-158.023249,21.689492],[-158.023554,21.689408],[-158.023497,21.689263],[-158.023441,21.689164],[-158.023147,21.68822],[-158.023247,21.688185],[-158.023559,21.6892],[-158.023583,21.689239],[-158.023629,21.689262],[-158.023691,21.689251],[-158.023936,21.689033],[-158.024063,21.689271],[-158.024138,21.689418],[-158.024265,21.68932],[-158.02446,21.689163],[-158.024261,21.688823],[-158.024239,21.688782],[-158.024318,21.688733],[-158.024414,21.688679],[-158.024544,21.688614],[-158.02464,21.688574],[-158.026446,21.687848],[-158.026468,21.687903],[-158.026622,21.688159],[-158.026748,21.68809],[-158.026685,21.687972],[-158.026594,21.687793],[-158.026889,21.687682],[-158.026958,21.687912],[-158.027301,21.687799],[-158.027893,21.687473],[-158.027746,21.687336],[-158.028406,21.687074],[-158.028487,21.687176],[-158.028614,21.687064],[-158.028798,21.686925],[-158.028792,21.686916],[-158.029321,21.686718],[-158.029352,21.68672],[-158.029545,21.687103],[-158.02987,21.686926],[-158.029695,21.686742],[-158.029772,21.686698],[-158.029705,21.686555],[-158.029769,21.68649],[-158.029839,21.686407],[-158.0299,21.686326],[-158.029958,21.686238],[-158.029984,21.686191],[-158.030793,21.684515],[-158.030729,21.68451],[-158.030686,21.684528],[-158.030646,21.684575],[-158.030638,21.684607],[-158.030645,21.684673],[-158.030632,21.684715],[-158.029918,21.686181],[-158.029865,21.68628],[-158.029784,21.686395],[-158.029682,21.686505],[-158.029592,21.686563],[-158.029549,21.686568],[-158.029501,21.686549],[-158.029239,21.686216],[-158.030595,21.684336],[-158.030684,21.684212],[-158.030767,21.684305],[-158.031211,21.684804],[-158.031198,21.684852],[-158.031177,21.684899],[-158.031158,21.684989],[-158.031122,21.685088],[-158.031112,21.685152],[-158.031087,21.68526],[-158.031056,21.685461],[-158.031035,21.685542],[-158.030994,21.685657],[-158.030984,21.685704],[-158.03094,21.685817],[-158.030897,21.685911],[-158.030835,21.686028],[-158.030818,21.686051],[-158.030767,21.68615],[-158.03071,21.686254],[-158.030639,21.686364],[-158.030594,21.68642],[-158.030511,21.686537],[-158.030327,21.686766],[-158.030302,21.686807],[-158.030236,21.686867],[-158.030205,21.686915],[-158.03016,21.686969],[-158.030128,21.687029],[-158.030053,21.687076],[-158.030004,21.687101],[-158.029938,21.687123],[-158.029764,21.687192],[-158.029713,21.687201],[-158.02965,21.68723],[-158.029496,21.687265],[-158.029436,21.68729],[-158.029268,21.687343],[-158.029207,21.687354],[-158.029054,21.687414],[-158.028976,21.687429],[-158.028947,21.687445],[-158.028822,21.687474],[-158.028683,21.687525],[-158.028588,21.687572],[-158.028467,21.68765],[-158.028385,21.687697],[-158.028234,21.6878],[-158.028185,21.687852],[-158.028068,21.687937],[-158.027892,21.688055],[-158.027802,21.688091],[-158.027529,21.688162],[-158.027432,21.688177],[-158.027285,21.688212],[-158.027132,21.68827],[-158.027041,21.688313],[-158.026927,21.688359],[-158.026768,21.688417],[-158.026582,21.688495],[-158.026547,21.688513],[-158.026436,21.688555],[-158.026325,21.688586],[-158.026217,21.68861],[-158.026091,21.688657],[-158.025935,21.68869],[-158.025881,21.688712],[-158.02583,21.688726],[-158.025757,21.688734],[-158.025667,21.688772],[-158.025581,21.688815],[-158.025527,21.688832],[-158.025451,21.688845],[-158.025304,21.688885],[-158.025247,21.688912],[-158.025182,21.688934],[-158.025031,21.689017],[-158.02493,21.689086],[-158.024859,21.689149],[-158.024589,21.689351],[-158.024496,21.689454],[-158.024467,21.689479],[-158.024345,21.689571],[-158.024234,21.689665],[-158.024178,21.689703],[-158.024096,21.689743],[-158.024033,21.689788],[-158.023916,21.689898],[-158.023872,21.689925],[-158.023718,21.690062],[-158.023582,21.690174],[-158.023536,21.690203],[-158.023507,21.69025],[-158.023441,21.69032],[-158.023345,21.690434],[-158.0233,21.690473],[-158.023225,21.690569],[-158.023185,21.690605],[-158.02315,21.690648],[-158.023044,21.690742],[-158.022897,21.690879],[-158.022853,21.690913],[-158.022778,21.690987],[-158.022733,21.691054],[-158.022697,21.691097],[-158.022663,21.691119],[-158.02261,21.691173],[-158.022457,21.691281],[-158.022378,21.691325],[-158.022201,21.691435],[-158.022119,21.691432],[-158.021955,21.691547],[-158.021945,21.691569],[-158.021858,21.691668],[-158.021751,21.691744],[-158.021712,21.691791],[-158.021651,21.69189],[-158.021635,21.691929],[-158.021628,21.691976],[-158.021565,21.692111],[-158.021551,21.692167],[-158.021518,21.692246],[-158.021454,21.692361],[-158.021408,21.692451],[-158.021321,21.692663],[-158.021285,21.692694],[-158.021196,21.692739],[-158.021148,21.692732],[-158.021078,21.692668],[-158.021005,21.692675],[-158.020972,21.692683],[-158.0209,21.692719],[-158.020838,21.692741],[-158.020638,21.692785],[-158.020538,21.692796],[-158.020456,21.692818],[-158.020302,21.692872],[-158.020174,21.692952],[-158.020115,21.692979],[-158.020085,21.693001],[-158.019988,21.693039],[-158.0199,21.693099],[-158.01981,21.692916],[-158.019732,21.692755]],[[-158.029082,21.687274],[-158.029432,21.687174],[-158.029269,21.686936],[-158.02901,21.687186],[-158.029082,21.687274]],[[-158.027946,21.687771],[-158.028501,21.687458],[-158.028347,21.687265],[-158.027786,21.687578],[-158.027946,21.687771]]]},"properties":{}},{"type":"Feature","geometry":{"type":"Polygon","coordinates":[[[-158.01961,21.692508],[-158.019802,21.692202],[-158.020365,21.691309],[-158.020369,21.691311],[-158.020942,21.691401],[-158.021484,21.691478],[-158.021311,21.691798],[-158.021109,21.692016],[-158.020517,21.692414],[-158.019732,21.692755],[-158.01961,21.692508]]]},"properties":{}},{"type":"Feature","geometry":{"type":"Polygon","coordinates":[[[-158.027946,21.687771],[-158.027786,21.687578],[-158.028347,21.687265],[-158.028501,21.687458],[-158.027946,21.687771]]]},"properties":{}},{"type":"Feature","geometry":{"type":"Polygon","coordinates":[[[-158.029082,21.687274],[-158.02901,21.687186],[-158.029269,21.686936],[-158.029432,21.687174],[-158.029082,21.687274]]]},"properties":{}},{"type":"Feature","geometry":{"type":"Polygon","coordinates":[[[-158.029352,21.68672],[-158.029592,21.686563],[-158.029682,21.686505],[-158.029705,21.686555],[-158.029772,21.686698],[-158.029695,21.686742],[-158.02987,21.686926],[-158.029545,21.687103],[-158.029352,21.68672]]]},"properties":{}},{"type":"Feature","geometry":{"type":"Polygon","coordinates":[[[-158.029682,21.686505],[-158.029784,21.686395],[-158.029865,21.68628],[-158.029918,21.686181],[-158.030632,21.684715],[-158.030645,21.684673],[-158.030638,21.684607],[-158.030646,21.684575],[-158.030686,21.684528],[-158.030729,21.68451],[-158.030793,21.684515],[-158.029984,21.686191],[-158.029958,21.686238],[-158.0299,21.686326],[-158.029839,21.686407],[-158.029769,21.68649],[-158.029705,21.686555],[-158.029682,21.686505]]]},"properties":{}},{"type":"Feature","geometry":{"type":"Polygon","coordinates":[[[-158.030767,21.684305],[-158.030924,21.684094],[-158.031156,21.684488],[-158.031308,21.684568],[-158.031288,21.684642],[-158.031248,21.684735],[-158.031211,21.684804],[-158.030767,21.684305]]]},"properties":{}},{"type":"Feature","geometry":{"type":"Polygon","coordinates":[[[-158.042227,21.672362],[-158.042277,21.672403],[-158.042654,21.672665],[-158.043144,21.672351],[-158.043178,21.672331],[-158.043391,21.672192],[-158.043633,21.67204],[-158.043884,21.671886],[-158.04413,21.671731],[-158.044342,21.671541],[-158.04439,21.671498],[-158.044596,21.671309],[-158.044802,21.671125],[-158.045022,21.670923],[-158.045216,21.670805],[-158.045684,21.670527],[-158.04578,21.670469],[-158.045836,21.670436],[-158.045959,21.670366],[-158.046343,21.670143],[-158.046418,21.670019],[-158.046572,21.669758],[-158.046936,21.669132],[-158.046977,21.669076],[-158.04714,21.668849],[-158.047473,21.668379],[-158.047641,21.668145],[-158.047674,21.668041],[-158.047806,21.667913],[-158.047973,21.667677],[-158.048009,21.667627],[-158.048171,21.667398],[-158.048633,21.667044],[-158.04886,21.666866],[-158.048847,21.666853],[-158.048915,21.666813],[-158.049087,21.666689],[-158.049071,21.666673],[-158.04912,21.666649],[-158.049182,21.66659],[-158.049243,21.666559],[-158.049308,21.666519],[-158.049355,21.666481],[-158.050571,21.665539],[-158.050766,21.665387],[-158.051041,21.665171],[-158.051222,21.665035],[-158.051231,21.665028],[-158.051409,21.664828],[-158.051884,21.664295],[-158.051977,21.664192],[-158.052015,21.664149],[-158.052295,21.663835],[-158.052488,21.663619],[-158.052908,21.663147],[-158.053147,21.662882],[-158.053189,21.662835],[-158.053245,21.662774],[-158.053571,21.662408],[-158.053759,21.662192],[-158.053977,21.66201],[-158.054225,21.661799],[-158.054413,21.661642],[-158.054632,21.661456],[-158.054517,21.661345],[-158.055173,21.660752],[-158.055309,21.660886],[-158.055642,21.660674],[-158.055762,21.660602],[-158.055881,21.660521],[-158.05613,21.66036],[-158.056234,21.660273],[-158.056358,21.660183],[-158.056584,21.659995],[-158.056697,21.659909],[-158.056802,21.659826],[-158.056852,21.659786],[-158.057069,21.659611],[-158.05725,21.65935],[-158.057416,21.659116],[-158.057504,21.658984],[-158.057751,21.658644],[-158.058005,21.658833],[-158.058006,21.65884],[-158.05797,21.659009],[-158.057933,21.659128],[-158.057922,21.659178],[-158.05792,21.659252],[-158.057874,21.659381],[-158.057846,21.659433],[-158.057798,21.659538],[-158.057767,21.65959],[-158.057732,21.659631],[-158.057719,21.659658],[-158.057565,21.659831],[-158.057464,21.659925],[-158.057429,21.659972],[-158.057339,21.660042],[-158.057282,21.660093],[-158.057148,21.660199],[-158.057053,21.660277],[-158.056955,21.660344],[-158.056921,21.660351],[-158.05683,21.660414],[-158.056786,21.660434],[-158.056715,21.660488],[-158.05645,21.660622],[-158.056348,21.660675],[-158.056284,21.6607],[-158.056157,21.66076],[-158.056046,21.660807],[-158.055987,21.660843],[-158.055827,21.660952],[-158.055723,21.66104],[-158.055612,21.661121],[-158.0555,21.661219],[-158.055358,21.661336],[-158.055236,21.661464],[-158.05514,21.661599],[-158.055011,21.661734],[-158.054929,21.661824],[-158.0549,21.661844],[-158.054855,21.661891],[-158.054788,21.661947],[-158.054758,21.661979],[-158.054696,21.662026],[-158.054484,21.662158],[-158.054393,21.662218],[-158.054269,21.662308],[-158.054094,21.662445],[-158.054077,21.662465],[-158.053911,21.662575],[-158.053832,21.662653],[-158.053736,21.662781],[-158.05367,21.662885],[-158.053647,21.662932],[-158.053599,21.663009],[-158.053487,21.663168],[-158.05344,21.66322],[-158.053363,21.663321],[-158.053269,21.663436],[-158.053199,21.663551],[-158.053051,21.66373],[-158.053006,21.663791],[-158.052949,21.663881],[-158.052833,21.664041],[-158.052675,21.664203],[-158.052548,21.664337],[-158.052505,21.664398],[-158.052347,21.664562],[-158.052236,21.664663],[-158.052115,21.664787],[-158.052038,21.664877],[-158.05198,21.66493],[-158.051911,21.664987],[-158.05183,21.665043],[-158.051706,21.665139],[-158.05168,21.665164],[-158.051529,21.665276],[-158.051404,21.665372],[-158.051296,21.665442],[-158.051245,21.665482],[-158.051122,21.665562],[-158.051063,21.665621],[-158.050933,21.66574],[-158.050795,21.665847],[-158.050703,21.665915],[-158.050626,21.665962],[-158.05053,21.666047],[-158.050464,21.666117],[-158.050329,21.666229],[-158.050239,21.666316],[-158.050116,21.66639],[-158.049977,21.666505],[-158.049829,21.666614],[-158.049664,21.666729],[-158.04964,21.666751],[-158.049546,21.666816],[-158.049469,21.666883],[-158.049368,21.666964],[-158.049277,21.667052],[-158.049145,21.667186],[-158.049082,21.667263],[-158.048972,21.667375],[-158.048911,21.667449],[-158.048828,21.667537],[-158.048747,21.667634],[-158.048672,21.66773],[-158.048603,21.667814],[-158.048518,21.667926],[-158.048427,21.668027],[-158.048375,21.668079],[-158.048333,21.668153],[-158.048272,21.668223],[-158.048154,21.668364],[-158.048062,21.66847],[-158.047957,21.668582],[-158.047934,21.668618],[-158.047807,21.66878],[-158.047744,21.668868],[-158.047684,21.668965],[-158.047605,21.669066],[-158.047525,21.669194],[-158.047473,21.669268],[-158.047387,21.669379],[-158.047318,21.669459],[-158.047249,21.669567],[-158.047199,21.669612],[-158.047151,21.669673],[-158.04708,21.669745],[-158.047032,21.669817],[-158.047007,21.669844],[-158.046956,21.66992],[-158.046898,21.669981],[-158.046858,21.670044],[-158.046816,21.670125],[-158.046776,21.670226],[-158.046758,21.670285],[-158.046738,21.67033],[-158.046689,21.670395],[-158.046499,21.670595],[-158.046395,21.670674],[-158.046296,21.670732],[-158.046247,21.670756],[-158.046087,21.670819],[-158.04597,21.670879],[-158.04583,21.67096],[-158.045649,21.671081],[-158.045562,21.671127],[-158.045467,21.67119],[-158.045421,21.671231],[-158.045311,21.671313],[-158.045263,21.671343],[-158.045021,21.671524],[-158.044968,21.671571],[-158.044881,21.671641],[-158.044823,21.671681],[-158.044765,21.671739],[-158.044664,21.671834],[-158.044535,21.671937],[-158.044306,21.67208],[-158.044113,21.67219],[-158.043958,21.672284],[-158.043862,21.672337],[-158.043649,21.672474],[-158.043596,21.67251],[-158.043486,21.672568],[-158.043458,21.672588],[-158.043385,21.672626],[-158.043333,21.672646],[-158.04329,21.672675],[-158.043195,21.672726],[-158.043142,21.672764],[-158.042976,21.672852],[-158.042848,21.672914],[-158.042703,21.672979],[-158.042675,21.672994],[-158.042586,21.673028],[-158.042509,21.673066],[-158.042373,21.673117],[-158.042245,21.673159],[-158.042155,21.673213],[-158.042091,21.673276],[-158.042047,21.673305],[-158.041979,21.6733],[-158.041922,21.673268],[-158.041899,21.673236],[-158.041861,21.673082],[-158.041862,21.673037],[-158.041851,21.672899],[-158.041862,21.672814],[-158.041825,21.672723],[-158.042227,21.672362]]]},"properties":{}},{"type":"Feature","geometry":{"type":"Polygon","coordinates":[[[-158.037878,21.681076],[-158.037477,21.680635],[-158.037511,21.680599],[-158.037556,21.680552],[-158.038141,21.679948],[-158.038279,21.679804],[-158.038583,21.67933],[-158.038888,21.678857],[-158.038417,21.678446],[-158.038458,21.678406],[-158.038615,21.678174],[-158.038771,21.677929],[-158.038778,21.677795],[-158.038788,21.677509],[-158.038794,21.677251],[-158.038797,21.677206],[-158.038802,21.677129],[-158.038814,21.676847],[-158.038903,21.676556],[-158.039088,21.675968],[-158.039573,21.675257],[-158.039731,21.675023],[-158.039582,21.674901],[-158.039539,21.67486],[-158.039582,21.674813],[-158.03984,21.674552],[-158.040122,21.674276],[-158.040614,21.673816],[-158.040853,21.673594],[-158.041176,21.673304],[-158.041593,21.672932],[-158.041612,21.672968],[-158.041666,21.67302],[-158.041718,21.673088],[-158.041773,21.673177],[-158.041819,21.673265],[-158.041836,21.673355],[-158.041808,21.673414],[-158.041776,21.673448],[-158.041692,21.673517],[-158.041602,21.673607],[-158.041537,21.673663],[-158.041062,21.674132],[-158.040367,21.674968],[-158.039994,21.675504],[-158.039696,21.67606],[-158.039522,21.676456],[-158.039348,21.676873],[-158.039199,21.677385],[-158.039125,21.677757],[-158.0391,21.677849],[-158.039125,21.678012],[-158.0392,21.678383],[-158.03925,21.678708],[-158.039249,21.678848],[-158.0392,21.679126],[-158.039076,21.67945],[-158.038853,21.679821],[-158.038554,21.680194],[-158.038281,21.680473],[-158.038107,21.680774],[-158.037972,21.681002],[-158.037918,21.681062],[-158.037878,21.681076]]]},"properties":{}},{"type":"Feature","geometry":{"type":"Polygon","coordinates":[[[-158.037477,21.680635],[-158.037119,21.680245],[-158.037156,21.680205],[-158.037203,21.680255],[-158.037511,21.680599],[-158.037477,21.680635]]]},"properties":{}},{"type":"Feature","geometry":{"type":"Polygon","coordinates":[[[-158.041176,21.673304],[-158.040853,21.673594],[-158.040614,21.673816],[-158.040122,21.674276],[-158.03984,21.674552],[-158.039582,21.674813],[-158.039539,21.67486],[-158.037873,21.676555],[-158.03673,21.677725],[-158.035746,21.678727],[-158.035681,21.678656],[-158.036566,21.677742],[-158.037513,21.67677],[-158.038414,21.675849],[-158.039264,21.674976],[-158.039942,21.674284],[-158.04045,21.673799],[-158.04109,21.673231],[-158.041176,21.673304]]]},"properties":{}},{"type":"Feature","geometry":{"type":"Polygon","coordinates":[[[-158.038458,21.678406],[-158.038417,21.678446],[-158.038344,21.678387],[-158.038388,21.678346],[-158.038458,21.678406]]]},"properties":{}},{"type":"Feature","geometry":{"type":"Polygon","coordinates":[[[-157.949748,21.677218],[-157.949877,21.676478],[-157.949149,21.676363],[-157.949092,21.676356],[-157.949282,21.675626],[-157.9499,21.675688],[-157.950012,21.675696],[-157.950722,21.67586],[-157.951354,21.675925],[-157.951802,21.675969],[-157.951948,21.676182],[-157.951752,21.676418],[-157.951473,21.67675],[-157.95054,21.676839],[-157.950455,21.677331],[-157.949748,21.677218]]]},"properties":{}},{"type":"Feature","geometry":{"type":"Polygon","coordinates":[[[-157.949748,21.677218],[-157.948999,21.677101],[-157.948771,21.677052],[-157.948591,21.676999],[-157.948416,21.676934],[-157.948246,21.676859],[-157.948123,21.676795],[-157.948043,21.676749],[-157.947899,21.676658],[-157.94812,21.67635],[-157.948503,21.676592],[-157.948988,21.676757],[-157.949092,21.676356],[-157.949149,21.676363],[-157.949877,21.676478],[-157.949748,21.677218]]]},"properties":{}},{"type":"Feature","geometry":{"type":"Polygon","coordinates":[[[-158.038802,21.677129],[-158.038797,21.677206],[-158.038587,21.677027],[-158.038627,21.676986],[-158.038802,21.677129]]]},"properties":{}},{"type":"Feature","geometry":{"type":"Polygon","coordinates":[[[-157.949282,21.675626],[-157.949423,21.675091],[-157.949449,21.674857],[-157.950102,21.674906],[-157.951622,21.675031],[-157.951601,21.67525],[-157.951598,21.67536],[-157.951604,21.675448],[-157.951618,21.675541],[-157.951645,21.675647],[-157.951682,21.675754],[-157.951715,21.675824],[-157.951758,21.675903],[-157.951802,21.675969],[-157.951354,21.675925],[-157.950722,21.67586],[-157.950012,21.675696],[-157.9499,21.675688],[-157.949282,21.675626]]]},"properties":{}},{"type":"Feature","geometry":{"type":"Polygon","coordinates":[[[-158.03948,21.674557],[-158.039183,21.67486],[-158.03918,21.674855],[-158.038534,21.674303],[-158.03883,21.673998],[-158.03948,21.674557]]]},"properties":{}},{"type":"Feature","geometry":{"type":"Polygon","coordinates":[[[-158.03948,21.674557],[-158.03883,21.673998],[-158.03915,21.673695],[-158.039775,21.674258],[-158.039682,21.674348],[-158.039556,21.674476],[-158.03948,21.674557]]]},"properties":{}},{"type":"Feature","geometry":{"type":"Polygon","coordinates":[[[-158.041176,21.673304],[-158.04109,21.673231],[-158.042638,21.671836],[-158.04413,21.670498],[-158.045242,21.669493],[-158.045246,21.669488],[-158.045331,21.669563],[-158.045071,21.669797],[-158.044438,21.670369],[-158.043863,21.670881],[-158.043112,21.671563],[-158.042227,21.672362],[-158.041825,21.672723],[-158.041593,21.672932],[-158.041176,21.673304]]]},"properties":{}},{"type":"Feature","geometry":{"type":"Polygon","coordinates":[[[-158.048389,21.666803],[-158.048304,21.666719],[-158.048697,21.666362],[-158.050048,21.665134],[-158.050124,21.665193],[-158.050391,21.664937],[-158.050678,21.664661],[-158.051446,21.663927],[-158.051655,21.663729],[-158.051921,21.663483],[-158.052134,21.663283],[-158.052771,21.662735],[-158.053599,21.662026],[-158.054461,21.66129],[-158.054473,21.661302],[-158.054159,21.661585],[-158.053509,21.662177],[-158.052904,21.66272],[-158.052303,21.663263],[-158.052282,21.663281],[-158.051693,21.663818],[-158.051016,21.664428],[-158.050371,21.665014],[-158.049932,21.665411],[-158.048979,21.666271],[-158.048417,21.666776],[-158.048389,21.666803]]]},"properties":{}},{"type":"Feature","geometry":{"type":"Polygon","coordinates":[[[-158.049355,21.666481],[-158.049308,21.666519],[-158.049063,21.666285],[-158.049107,21.666238],[-158.049355,21.666481]]]},"properties":{}},{"type":"Feature","geometry":{"type":"Polygon","coordinates":[[[-158.051222,21.665035],[-158.051041,21.665171],[-158.050766,21.665387],[-158.05042,21.665059],[-158.050844,21.664676],[-158.051217,21.665032],[-158.051222,21.665035]]]},"properties":{}},{"type":"Feature","geometry":{"type":"Polygon","coordinates":[[[-158.049289,21.664502],[-158.049931,21.663921],[-158.050585,21.663333],[-158.051152,21.662819],[-158.051765,21.663414],[-158.051643,21.663531],[-158.050099,21.664922],[-158.049941,21.665064],[-158.049289,21.664502]]]},"properties":{}},{"type":"Feature","geometry":{"type":"Polygon","coordinates":[[[-158.051409,21.664828],[-158.051231,21.665028],[-158.051222,21.665035],[-158.051217,21.665032],[-158.050844,21.664676],[-158.051057,21.66448],[-158.051409,21.664828]]]},"properties":{}},{"type":"Feature","geometry":{"type":"Polygon","coordinates":[[[-158.050391,21.664937],[-158.050324,21.664887],[-158.051422,21.663907],[-158.051446,21.663927],[-158.050678,21.664661],[-158.050391,21.664937]]]},"properties":{}},{"type":"Feature","geometry":{"type":"Polygon","coordinates":[[[-158.052015,21.664149],[-158.051977,21.664192],[-158.051688,21.66391],[-158.051735,21.663868],[-158.052015,21.664149]]]},"properties":{}},{"type":"Feature","geometry":{"type":"Polygon","coordinates":[[[-157.930801,21.662026],[-157.930728,21.661998],[-157.930483,21.661986],[-157.93019,21.661972],[-157.929928,21.66195],[-157.929703,21.661922],[-157.929418,21.661827],[-157.929186,21.661706],[-157.929028,21.661649],[-157.928894,21.661587],[-157.928648,21.661499],[-157.928302,21.661459],[-157.928003,21.661434],[-157.927924,21.661404],[-157.92764,21.661307],[-157.927547,21.661268],[-157.927389,21.661139],[-157.927285,21.66103],[-157.927205,21.660891],[-157.92728,21.660632],[-157.927321,21.660411],[-157.927361,21.660217],[-157.927392,21.659908],[-157.927417,21.65963],[-157.927442,21.659321],[-157.927537,21.658841],[-157.927605,21.658232],[-157.92762,21.658074],[-157.927687,21.657857],[-157.928083,21.657352],[-157.928403,21.656735],[-157.928462,21.656571],[-157.928564,21.656398],[-157.928614,21.656341],[-157.928731,21.656299],[-157.928835,21.656293],[-157.92886,21.656298],[-157.929002,21.656285],[-157.929025,21.656274],[-157.929065,21.656277],[-157.929129,21.656263],[-157.929252,21.656212],[-157.92936,21.656139],[-157.929456,21.656049],[-157.929549,21.655986],[-157.929595,21.655912],[-157.929647,21.655838],[-157.929698,21.655748],[-157.92976,21.655604],[-157.929782,21.655523],[-157.929799,21.655491],[-157.929803,21.655408],[-157.929795,21.655308],[-157.929799,21.655179],[-157.929813,21.655082],[-157.929776,21.654888],[-157.929775,21.654856],[-157.929755,21.654725],[-157.929754,21.654685],[-157.929779,21.654545],[-157.929767,21.654425],[-157.929775,21.654373],[-157.929828,21.654263],[-157.929821,21.654236],[-157.929832,21.654188],[-157.929865,21.654148],[-157.930062,21.65444],[-157.930153,21.654595],[-157.930194,21.654674],[-157.930267,21.654837],[-157.930328,21.655004],[-157.930376,21.655174],[-157.930412,21.655346],[-157.930494,21.655807],[-157.930545,21.656103],[-157.930565,21.656194],[-157.930601,21.65633],[-157.93066,21.656506],[-157.930712,21.656635],[-157.930752,21.656719],[-157.930839,21.656887],[-157.93094,21.657045],[-157.931047,21.657197],[-157.931276,21.657513],[-157.932201,21.658788],[-157.933527,21.660617],[-157.933564,21.660669],[-157.934737,21.662298],[-157.93478,21.662359],[-157.934846,21.662441],[-157.934829,21.662443],[-157.934761,21.662413],[-157.934621,21.662369],[-157.934249,21.662229],[-157.933969,21.662121],[-157.933865,21.662084],[-157.932633,21.661629],[-157.932037,21.661411],[-157.931635,21.661261],[-157.931286,21.660744],[-157.931161,21.661062],[-157.930885,21.661798],[-157.930801,21.662026]]]},"properties":{}},{"type":"Feature","geometry":{"type":"Polygon","coordinates":[[[-158.053189,21.662835],[-158.053147,21.662882],[-158.052996,21.662732],[-158.053037,21.662687],[-158.053189,21.662835]]]},"properties":{}},{"type":"Feature","geometry":{"type":"Polygon","coordinates":[[[-158.054461,21.66129],[-158.054399,21.661225],[-158.05458,21.661061],[-158.055177,21.660527],[-158.055244,21.660601],[-158.055161,21.660678],[-158.05482,21.660985],[-158.054473,21.661302],[-158.054461,21.66129]]]},"properties":{}},{"type":"Feature","geometry":{"type":"Polygon","coordinates":[[[-158.054713,21.660738],[-158.0541,21.660143],[-158.054812,21.659504],[-158.055384,21.660058],[-158.0554,21.660092],[-158.055383,21.660135],[-158.054713,21.660738]]]},"properties":{}},{"type":"Feature","geometry":{"type":"Polygon","coordinates":[[[-158.061023,21.654701],[-158.060742,21.654566],[-158.060611,21.6545],[-158.060482,21.654438],[-158.060092,21.654249],[-158.060119,21.654193],[-158.061056,21.654643],[-158.061023,21.654701]]]},"properties":{}},{"type":"Feature","geometry":{"type":"Polygon","coordinates":[[[-158.06141,21.652965],[-158.061198,21.652857],[-158.06094,21.652729],[-158.060966,21.65268],[-158.061251,21.652815],[-158.061425,21.652899],[-158.06141,21.652965]]]},"properties":{}},{"type":"Feature","geometry":{"type":"Polygon","coordinates":[[[-158.061317,21.651925],[-158.060917,21.652639],[-158.06065,21.653121],[-158.060543,21.653314],[-158.060267,21.653807],[-158.059758,21.654721],[-158.05954,21.655108],[-158.058941,21.656185],[-158.058632,21.656736],[-158.058338,21.657267],[-158.058205,21.657495],[-158.05805,21.65774],[-158.057886,21.657979],[-158.057713,21.658212],[-158.057532,21.658442],[-158.057342,21.658662],[-158.057244,21.658772],[-158.057043,21.658983],[-158.056939,21.659087],[-158.056724,21.659289],[-158.056614,21.659387],[-158.05645,21.659526],[-158.056081,21.659856],[-158.056006,21.659779],[-158.056328,21.659492],[-158.056764,21.659092],[-158.057046,21.658807],[-158.057269,21.658551],[-158.057499,21.65829],[-158.057799,21.65789],[-158.058068,21.657483],[-158.058303,21.65708],[-158.0589,21.656001],[-158.059705,21.654554],[-158.059758,21.654457],[-158.060703,21.652757],[-158.061205,21.651873],[-158.061317,21.651925]]]},"properties":{}},{"type":"Feature","geometry":{"type":"Polygon","coordinates":[[[-158.056852,21.659786],[-158.056802,21.659826],[-158.056515,21.659547],[-158.056564,21.659504],[-158.056852,21.659786]]]},"properties":{}},{"type":"Feature","geometry":{"type":"Polygon","coordinates":[[[-158.058005,21.658833],[-158.057751,21.658644],[-158.057556,21.658496],[-158.057627,21.658411],[-158.057813,21.658172],[-158.057988,21.657929],[-158.058073,21.657806],[-158.058235,21.657554],[-158.058313,21.657425],[-158.058431,21.657221],[-158.058697,21.657344],[-158.058774,21.657225],[-158.058856,21.65711],[-158.059009,21.656883],[-158.059085,21.656761],[-158.059161,21.656646],[-158.059264,21.656541],[-158.059378,21.656438],[-158.059479,21.656325],[-158.059584,21.656233],[-158.059796,21.656022],[-158.059844,21.655975],[-158.060047,21.655775],[-158.059996,21.65575],[-158.060062,21.655698],[-158.060112,21.655624],[-158.060174,21.655518],[-158.060264,21.65556],[-158.060674,21.655155],[-158.060873,21.654958],[-158.061023,21.654701],[-158.061056,21.654643],[-158.061195,21.654406],[-158.061428,21.654003],[-158.061522,21.653844],[-158.061615,21.653679],[-158.061613,21.653377],[-158.06141,21.652965],[-158.061425,21.652899],[-158.061613,21.652069],[-158.061767,21.652145],[-158.062173,21.652339],[-158.062369,21.652435],[-158.062324,21.652507],[-158.062285,21.652624],[-158.062244,21.65273],[-158.062216,21.652815],[-158.062173,21.652937],[-158.062145,21.653063],[-158.062143,21.653145],[-158.062154,21.653194],[-158.062197,21.653271],[-158.062258,21.653353],[-158.062277,21.653385],[-158.062343,21.65346],[-158.062378,21.653489],[-158.062442,21.653564],[-158.062497,21.653614],[-158.06258,21.653703],[-158.062606,21.653716],[-158.062718,21.653816],[-158.062758,21.653866],[-158.062832,21.653948],[-158.062883,21.654018],[-158.06295,21.654127],[-158.062976,21.654222],[-158.062992,21.654324],[-158.062995,21.65443],[-158.062979,21.654464],[-158.062973,21.654549],[-158.062951,21.654624],[-158.062958,21.654669],[-158.062946,21.654865],[-158.062923,21.654931],[-158.062919,21.654983],[-158.062901,21.655066],[-158.062871,21.655113],[-158.062814,21.655151],[-158.06276,21.655205],[-158.062661,21.655288],[-158.062592,21.655335],[-158.062497,21.655414],[-158.062429,21.655438],[-158.062402,21.655427],[-158.06231,21.655433],[-158.06223,21.655428],[-158.062133,21.655405],[-158.062071,21.655405],[-158.062037,21.655389],[-158.061898,21.655341],[-158.061779,21.655308],[-158.061752,21.65529],[-158.061614,21.655235],[-158.061534,21.655208],[-158.061483,21.655178],[-158.061384,21.655193],[-158.061262,21.655247],[-158.061197,21.655287],[-158.06117,21.655309],[-158.061091,21.65535],[-158.061018,21.655406],[-158.060997,21.655437],[-158.060857,21.6555],[-158.060799,21.655513],[-158.060677,21.655508],[-158.060624,21.655494],[-158.060582,21.655471],[-158.060542,21.655437],[-158.06051,21.655437],[-158.060451,21.655486],[-158.060412,21.655531],[-158.060325,21.655648],[-158.060187,21.655792],[-158.060133,21.655857],[-158.060059,21.655936],[-158.060012,21.655967],[-158.059876,21.656106],[-158.059828,21.656151],[-158.059717,21.656309],[-158.059647,21.656414],[-158.059591,21.656513],[-158.05953,21.656601],[-158.059489,21.656653],[-158.059415,21.656768],[-158.059373,21.656822],[-158.059299,21.656932],[-158.059251,21.657024],[-158.059229,21.657058],[-158.059197,21.657173],[-158.059093,21.657441],[-158.059015,21.657549],[-158.058962,21.657601],[-158.05892,21.657657],[-158.058834,21.657731],[-158.058794,21.657751],[-158.058747,21.657764],[-158.058663,21.657825],[-158.058572,21.657915],[-158.058515,21.658002],[-158.058472,21.658083],[-158.058368,21.658209],[-158.058349,21.658272],[-158.058351,21.658327],[-158.058326,21.658405],[-158.05827,21.658484],[-158.058223,21.658534],[-158.058164,21.658576],[-158.058088,21.658664],[-158.058052,21.658691],[-158.058015,21.658745],[-158.057998,21.658785],[-158.058005,21.658833]]]},"properties":{}},{"type":"Feature","geometry":{"type":"Polygon","coordinates":[[[-158.057731,21.657736],[-158.057667,21.657828],[-158.057564,21.65797],[-158.057474,21.658087],[-158.05711,21.657845],[-158.05695,21.657741],[-158.056756,21.657611],[-158.05676,21.657595],[-158.056888,21.657399],[-158.056994,21.657244],[-158.057206,21.657388],[-158.057597,21.657645],[-158.057731,21.657736]]]},"properties":{}},{"type":"Feature","geometry":{"type":"Polygon","coordinates":[[[-158.059796,21.656022],[-158.059478,21.655862],[-158.05925,21.655746],[-158.059279,21.655699],[-158.059758,21.655934],[-158.059844,21.655975],[-158.059796,21.656022]]]},"properties":{}},{"type":"Feature","geometry":{"type":"Polygon","coordinates":[[[-158.2182,21.471311],[-158.218618,21.471143],[-158.218659,21.471143],[-158.218205,21.471329],[-158.2182,21.471311]]]},"properties":{}},{"type":"Feature","geometry":{"type":"Polygon","coordinates":[[[-158.062369,21.652435],[-158.062173,21.652339],[-158.061767,21.652145],[-158.061613,21.652069],[-158.061317,21.651925],[-158.061205,21.651873],[-158.061259,21.651783],[-158.061394,21.651535],[-158.061487,21.651373],[-158.061533,21.651287],[-158.061538,21.651269],[-158.061611,21.651139],[-158.061742,21.650878],[-158.061863,21.650612],[-158.061974,21.650344],[-158.062075,21.650071],[-158.062166,21.649796],[-158.062207,21.649656],[-158.062283,21.649377],[-158.062343,21.649119],[-158.062422,21.648734],[-158.062437,21.64868],[-158.062863,21.648757],[-158.06295,21.648351],[-158.062518,21.648269],[-158.062568,21.648019],[-158.062594,21.647906],[-158.062622,21.647762],[-158.06299,21.646551],[-158.063575,21.645262],[-158.063719,21.64532],[-158.064111,21.645311],[-158.064121,21.645378],[-158.06436,21.645517],[-158.064351,21.645538],[-158.064296,21.645533],[-158.064266,21.645546],[-158.064193,21.645605],[-158.064095,21.645708],[-158.063946,21.645861],[-158.0639,21.645894],[-158.063793,21.646009],[-158.063701,21.646083],[-158.063661,21.646103],[-158.063554,21.646184],[-158.063483,21.646267],[-158.063425,21.646309],[-158.063412,21.646327],[-158.063456,21.64638],[-158.063444,21.646413],[-158.063417,21.646425],[-158.063376,21.646418],[-158.063338,21.646429],[-158.063283,21.646471],[-158.063241,21.646537],[-158.063204,21.646706],[-158.063151,21.646796],[-158.063115,21.646899],[-158.063104,21.646947],[-158.063097,21.647026],[-158.063098,21.647152],[-158.063093,21.647236],[-158.063109,21.647337],[-158.063132,21.647385],[-158.063178,21.647444],[-158.063191,21.647471],[-158.063184,21.64755],[-158.063143,21.647624],[-158.063112,21.64766],[-158.063057,21.647753],[-158.063043,21.647786],[-158.063039,21.647825],[-158.06302,21.647911],[-158.063014,21.647972],[-158.063047,21.648107],[-158.063091,21.648198],[-158.063154,21.648259],[-158.063197,21.648316],[-158.063241,21.648343],[-158.063264,21.648373],[-158.063229,21.648402],[-158.063188,21.648399],[-158.063156,21.648417],[-158.063119,21.648453],[-158.063103,21.648487],[-158.063099,21.648521],[-158.063067,21.648568],[-158.063052,21.648611],[-158.063023,21.648654],[-158.063035,21.648706],[-158.063052,21.648735],[-158.063115,21.648769],[-158.063205,21.648776],[-158.063247,21.648759],[-158.06327,21.648707],[-158.063262,21.648664],[-158.063264,21.648621],[-158.063304,21.648583],[-158.063347,21.648579],[-158.063499,21.648593],[-158.063595,21.648634],[-158.063606,21.648688],[-158.063577,21.648742],[-158.063533,21.648767],[-158.063466,21.648755],[-158.063445,21.648733],[-158.063418,21.648787],[-158.063427,21.648816],[-158.063458,21.648859],[-158.063466,21.648913],[-158.063417,21.648985],[-158.063428,21.649017],[-158.063468,21.649011],[-158.063508,21.649024],[-158.063533,21.649045],[-158.063522,21.649085],[-158.063449,21.649076],[-158.063389,21.649091],[-158.063363,21.649136],[-158.063366,21.649191],[-158.06342,21.649223],[-158.063463,21.649234],[-158.063546,21.649282],[-158.063566,21.649309],[-158.063662,21.649393],[-158.063761,21.649457],[-158.063773,21.649477],[-158.06378,21.649541],[-158.0638,21.649584],[-158.063876,21.649679],[-158.063914,21.649749],[-158.063932,21.649799],[-158.063932,21.649842],[-158.063922,21.649898],[-158.063892,21.649975],[-158.063873,21.650088],[-158.063827,21.650187],[-158.063801,21.650272],[-158.063787,21.650338],[-158.06374,21.650464],[-158.063711,21.650518],[-158.063505,21.650686],[-158.063425,21.650754],[-158.063404,21.650785],[-158.063331,21.650871],[-158.063307,21.650907],[-158.06328,21.650965],[-158.063269,21.651006],[-158.063215,21.651062],[-158.063196,21.651105],[-158.063189,21.651152],[-158.063161,21.651235],[-158.063141,21.651278],[-158.063138,21.651314],[-158.063111,21.651377],[-158.063086,21.651407],[-158.063039,21.651406],[-158.062961,21.65139],[-158.062859,21.651376],[-158.062822,21.651355],[-158.062774,21.651294],[-158.0627,21.651242],[-158.06267,21.651199],[-158.062569,21.651004],[-158.062495,21.650913],[-158.062484,21.650875],[-158.062459,21.650836],[-158.062441,21.650789],[-158.062404,21.650773],[-158.062341,21.650772],[-158.06226,21.650783],[-158.062171,21.650823],[-158.062131,21.65085],[-158.062006,21.650944],[-158.061971,21.651068],[-158.061961,21.65115],[-158.061928,21.651226],[-158.061897,21.651253],[-158.061844,21.651278],[-158.061777,21.651323],[-158.061713,21.651404],[-158.061684,21.651489],[-158.06168,21.651561],[-158.061692,21.651629],[-158.061715,21.651679],[-158.061809,21.651806],[-158.061873,21.651881],[-158.061961,21.65196],[-158.061994,21.651954],[-158.062109,21.651846],[-158.06215,21.651819],[-158.062209,21.651822],[-158.062279,21.651854],[-158.062361,21.651866],[-158.062428,21.651882],[-158.062496,21.651878],[-158.062529,21.651894],[-158.062535,21.651916],[-158.06252,21.651959],[-158.062463,21.652038],[-158.062404,21.652107],[-158.062363,21.652164],[-158.062366,21.652209],[-158.062418,21.652225],[-158.062483,21.652264],[-158.062467,21.65232],[-158.062441,21.652365],[-158.062369,21.652435]]]},"properties":{}},{"type":"Feature","geometry":{"type":"Polygon","coordinates":[[[-157.921368,21.631558],[-157.920873,21.631503],[-157.920891,21.631442],[-157.920943,21.631318],[-157.920962,21.631264],[-157.920967,21.631176],[-157.921028,21.630851],[-157.921049,21.630754],[-157.921059,21.63063],[-157.921252,21.63064],[-157.921816,21.630671],[-157.921616,21.630988],[-157.921554,21.631096],[-157.92148,21.631245],[-157.921432,21.63136],[-157.921404,21.631439],[-157.921368,21.631558]]]},"properties":{}},{"type":"Feature","geometry":{"type":"Polygon","coordinates":[[[-157.914554,21.648518],[-157.914617,21.648943],[-157.914596,21.648957],[-157.914526,21.648959],[-157.914462,21.648967],[-157.914429,21.648965],[-157.914366,21.648987],[-157.914281,21.648961],[-157.914229,21.648968],[-157.914167,21.648947],[-157.914139,21.648915],[-157.914114,21.648872],[-157.914071,21.648867],[-157.914025,21.648878],[-157.913991,21.648865],[-157.913974,21.648828],[-157.91399,21.648788],[-157.914028,21.648752],[-157.914102,21.64871],[-157.91419,21.648667],[-157.91423,21.648654],[-157.914274,21.648614],[-157.914279,21.64858],[-157.914253,21.648573],[-157.91424,21.648539],[-157.914218,21.648521],[-157.914127,21.648518],[-157.914071,21.648538],[-157.914017,21.648544],[-157.913965,21.648517],[-157.913911,21.648512],[-157.913902,21.648496],[-157.91384,21.648441],[-157.913806,21.648423],[-157.913753,21.648432],[-157.91373,21.648461],[-157.913658,21.64849],[-157.913622,21.648485],[-157.913499,21.648516],[-157.913467,21.648516],[-157.913456,21.648477],[-157.913483,21.648443],[-157.913477,21.648376],[-157.913424,21.648321],[-157.913372,21.648287],[-157.91325,21.648322],[-157.913185,21.648326],[-157.913155,21.648351],[-157.91305,21.648389],[-157.912967,21.648424],[-157.912867,21.64843],[-157.912791,21.648441],[-157.912752,21.648452],[-157.912601,21.648478],[-157.91254,21.648466],[-157.912542,21.648455],[-157.91249,21.648432],[-157.912472,21.648407],[-157.912436,21.648396],[-157.912347,21.648447],[-157.912322,21.648456],[-157.912305,21.648435],[-157.912329,21.648406],[-157.912374,21.648373],[-157.912388,21.648346],[-157.912521,21.648261],[-157.912583,21.648205],[-157.912615,21.648191],[-157.912645,21.648162],[-157.912679,21.648149],[-157.912736,21.648143],[-157.912793,21.648105],[-157.912842,21.6481],[-157.912909,21.648074],[-157.91296,21.648085],[-157.913,21.648072],[-157.913018,21.648054],[-157.913051,21.648061],[-157.913067,21.648093],[-157.913107,21.648104],[-157.913231,21.648105],[-157.91327,21.648078],[-157.913293,21.648076],[-157.913339,21.648092],[-157.913383,21.648079],[-157.913452,21.648082],[-157.913551,21.648076],[-157.913657,21.648056],[-157.913843,21.647999],[-157.914067,21.647982],[-157.914135,21.647985],[-157.914205,21.647997],[-157.914234,21.64799],[-157.914303,21.647995],[-157.914392,21.647982],[-157.914438,21.648014],[-157.91448,21.64803],[-157.91455,21.648001],[-157.914571,21.647999],[-157.914607,21.648015],[-157.914638,21.648006],[-157.914661,21.648018],[-157.914706,21.648023],[-157.914737,21.648009],[-157.914683,21.647975],[-157.914727,21.647928],[-157.914782,21.647904],[-157.914812,21.647874],[-157.914866,21.647861],[-157.914959,21.647823],[-157.915023,21.647806],[-157.915056,21.647817],[-157.915053,21.647856],[-157.915031,21.647887],[-157.915044,21.647901],[-157.915082,21.647906],[-157.915146,21.648326],[-157.914713,21.648382],[-157.9145,21.648407],[-157.914467,21.648389],[-157.91435,21.648404],[-157.914378,21.648576],[-157.914491,21.648563],[-157.914514,21.648523],[-157.914554,21.648518]]]},"properties":{}},{"type":"Feature","geometry":{"type":"Polygon","coordinates":[[[-157.919658,21.645154],[-157.919654,21.645177],[-157.919146,21.645047],[-157.919064,21.645028],[-157.918639,21.644924],[-157.918646,21.644908],[-157.9189,21.644971],[-157.919087,21.645015],[-157.919658,21.645154]]]},"properties":{}},{"type":"Feature","geometry":{"type":"Polygon","coordinates":[[[-158.062888,21.642192],[-158.062997,21.642271],[-158.062995,21.642563],[-158.062834,21.642408],[-158.062344,21.641961],[-158.062241,21.641881],[-158.062136,21.641804],[-158.061995,21.641717],[-158.06173,21.641571],[-158.0612,21.641281],[-158.060886,21.641108],[-158.060741,21.64103],[-158.060674,21.640989],[-158.060616,21.640944],[-158.060537,21.640875],[-158.060465,21.640789],[-158.060409,21.64071],[-158.060363,21.640631],[-158.060331,21.640551],[-158.0603,21.640445],[-158.060292,21.640355],[-158.060293,21.640287],[-158.060316,21.640167],[-158.060359,21.640055],[-158.060405,21.639971],[-158.060742,21.640305],[-158.060946,21.641015],[-158.061127,21.641125],[-158.062888,21.642192]]]},"properties":{}},{"type":"Feature","geometry":{"type":"Polygon","coordinates":[[[-158.059758,21.642127],[-158.058399,21.641582],[-158.058798,21.64082],[-158.059758,21.641311],[-158.060422,21.641649],[-158.060425,21.641654],[-158.06011,21.642269],[-158.059758,21.642127]]]},"properties":{}},{"type":"Feature","geometry":{"type":"Polygon","coordinates":[[[-158.062888,21.642192],[-158.061127,21.641125],[-158.060946,21.641015],[-158.060742,21.640305],[-158.060405,21.639971],[-158.060257,21.639826],[-158.06035,21.639714],[-158.060382,21.639682],[-158.060427,21.639653],[-158.060966,21.639236],[-158.061057,21.639169],[-158.061152,21.639117],[-158.061223,21.639088],[-158.061345,21.639055],[-158.061471,21.63904],[-158.061562,21.639041],[-158.061667,21.639055],[-158.06209,21.639129],[-158.062153,21.639134],[-158.062308,21.639135],[-158.062448,21.639122],[-158.062601,21.639094],[-158.062682,21.639072],[-158.062775,21.639041],[-158.06341,21.638771],[-158.063528,21.638733],[-158.063586,21.638709],[-158.063703,21.638675],[-158.063804,21.638651],[-158.063944,21.638604],[-158.064076,21.638549],[-158.064135,21.63852],[-158.06424,21.638462],[-158.064308,21.638419],[-158.064577,21.638229],[-158.064619,21.638197],[-158.064718,21.638139],[-158.064816,21.638094],[-158.064911,21.638061],[-158.065066,21.638028],[-158.065147,21.638019],[-158.065923,21.637985],[-158.066044,21.637977],[-158.066114,21.637966],[-158.066261,21.637931],[-158.066355,21.637904],[-158.066491,21.638212],[-158.066416,21.638232],[-158.066389,21.638279],[-158.066389,21.638343],[-158.066412,21.638413],[-158.066424,21.638478],[-158.066423,21.638521],[-158.066404,21.638564],[-158.066365,21.638575],[-158.066318,21.63853],[-158.066266,21.638559],[-158.066228,21.638554],[-158.066207,21.63854],[-158.066172,21.638423],[-158.066126,21.638366],[-158.066097,21.638352],[-158.066028,21.638354],[-158.065993,21.63837],[-158.065959,21.638365],[-158.065841,21.638321],[-158.06579,21.638283],[-158.065732,21.638269],[-158.06562,21.638307],[-158.065597,21.638304],[-158.065551,21.638338],[-158.065486,21.63841],[-158.065442,21.63843],[-158.065389,21.638466],[-158.065315,21.638542],[-158.065254,21.63856],[-158.0652,21.638607],[-158.065132,21.63864],[-158.065035,21.638705],[-158.064991,21.638753],[-158.064932,21.638791],[-158.064883,21.638836],[-158.064853,21.638887],[-158.064776,21.638966],[-158.064754,21.638995],[-158.064709,21.639033],[-158.064633,21.639114],[-158.064572,21.639154],[-158.06448,21.639228],[-158.064416,21.639312],[-158.064363,21.639359],[-158.064341,21.639386],[-158.064293,21.639417],[-158.064262,21.639455],[-158.06423,21.639476],[-158.06417,21.639559],[-158.064059,21.63966],[-158.064029,21.639705],[-158.063948,21.639804],[-158.063996,21.639849],[-158.063955,21.639941],[-158.063882,21.640009],[-158.063836,21.640119],[-158.063806,21.640157],[-158.063785,21.640239],[-158.063684,21.640355],[-158.063652,21.640412],[-158.063609,21.64047],[-158.063601,21.64054],[-158.063579,21.640594],[-158.063574,21.640646],[-158.063544,21.640703],[-158.063539,21.640732],[-158.063458,21.640849],[-158.063413,21.640887],[-158.063315,21.64085],[-158.06331,21.640918],[-158.063274,21.640997],[-158.063232,21.641062],[-158.063209,21.641143],[-158.06321,21.6412],[-158.0632,21.64124],[-158.063158,21.641294],[-158.063124,21.641378],[-158.063117,21.641434],[-158.06313,21.641482],[-158.063115,21.641533],[-158.063061,21.641639],[-158.063057,21.641671],[-158.063029,21.64172],[-158.063,21.641806],[-158.062972,21.641865],[-158.062969,21.641928],[-158.062943,21.641959],[-158.062938,21.641998],[-158.062899,21.642072],[-158.062888,21.642192]]]},"properties":{}},{"type":"Feature","geometry":{"type":"Polygon","coordinates":[[[-158.069684,21.634506],[-158.069282,21.634298],[-158.069932,21.63336],[-158.070293,21.633579],[-158.070219,21.633574],[-158.070113,21.633551],[-158.070059,21.633521],[-158.070022,21.633512],[-158.069989,21.633527],[-158.069937,21.63357],[-158.069879,21.633637],[-158.069888,21.633671],[-158.069919,21.633714],[-158.069951,21.633809],[-158.06995,21.633852],[-158.069918,21.633884],[-158.069882,21.633886],[-158.069817,21.633872],[-158.06977,21.633894],[-158.069714,21.633937],[-158.069692,21.634007],[-158.069696,21.634052],[-158.069685,21.634086],[-158.069617,21.634178],[-158.069594,21.634234],[-158.069606,21.634341],[-158.069623,21.634422],[-158.069654,21.634481],[-158.069684,21.634506]]]},"properties":{}},{"type":"Feature","geometry":{"type":"Polygon","coordinates":[[[-157.921368,21.631558],[-157.921337,21.631678],[-157.921307,21.63184],[-157.921203,21.632707],[-157.921161,21.632659],[-157.92099,21.632518],[-157.920952,21.632513],[-157.920501,21.632393],[-157.920538,21.632336],[-157.920584,21.632226],[-157.920646,21.632129],[-157.920706,21.632006],[-157.920737,21.6319],[-157.920796,21.63174],[-157.920818,21.631695],[-157.920873,21.631503],[-157.921368,21.631558]]]},"properties":{}},{"type":"Feature","geometry":{"type":"Polygon","coordinates":[[[-158.215187,21.465641],[-158.21548,21.465206],[-158.215496,21.465213],[-158.215205,21.465648],[-158.215187,21.465641]]]},"properties":{}},{"type":"Feature","geometry":{"type":"Polygon","coordinates":[[[-157.921252,21.63064],[-157.921216,21.63055],[-157.921202,21.630387],[-157.921227,21.63034],[-157.921253,21.630272],[-157.921233,21.630207],[-157.921274,21.630205],[-157.921389,21.629998],[-157.921694,21.630011],[-157.922193,21.630035],[-157.922145,21.63014],[-157.922106,21.63021],[-157.921816,21.630671],[-157.921252,21.63064]]]},"properties":{}},{"type":"Feature","geometry":{"type":"Polygon","coordinates":[[[-158.074171,21.627566],[-158.074249,21.62763],[-158.07431,21.627666],[-158.074276,21.627718],[-158.074247,21.627738],[-158.074133,21.627789],[-158.074036,21.627875],[-158.07399,21.627899],[-158.073948,21.627937],[-158.073894,21.627998],[-158.073868,21.628111],[-158.073855,21.628133],[-158.073869,21.628192],[-158.073908,21.628276],[-158.073918,21.628321],[-158.073929,21.628418],[-158.073952,21.628484],[-158.073973,21.62859],[-158.073989,21.628633],[-158.073992,21.628701],[-158.073983,21.628811],[-158.073972,21.628832],[-158.073923,21.628804],[-158.073731,21.628706],[-158.073519,21.628594],[-158.07347,21.628572],[-158.073679,21.628277],[-158.074171,21.627566]]]},"properties":{}},{"type":"Feature","geometry":{"type":"Polygon","coordinates":[[[-158.074171,21.627566],[-158.073679,21.628277],[-158.07347,21.628572],[-158.073365,21.628517],[-158.073815,21.627869],[-158.074062,21.627511],[-158.074171,21.627566]]]},"properties":{}},{"type":"Feature","geometry":{"type":"Polygon","coordinates":[[[-157.920454,21.625741],[-157.920256,21.625548],[-157.91996,21.62532],[-157.919706,21.625156],[-157.919426,21.625034],[-157.9188,21.624793],[-157.918551,21.624715],[-157.918286,21.624616],[-157.918109,21.624483],[-157.917968,21.624338],[-157.917797,21.624055],[-157.917834,21.624014],[-157.917644,21.623769],[-157.917541,21.62373],[-157.9175,21.623626],[-157.91709,21.623291],[-157.917031,21.623293],[-157.916509,21.622955],[-157.916532,21.622928],[-157.916567,21.622919],[-157.9166,21.622879],[-157.917061,21.622489],[-157.917485,21.622896],[-157.917926,21.622526],[-157.920685,21.62481],[-157.920811,21.624919],[-157.920943,21.62504],[-157.921032,21.625126],[-157.920454,21.625741]]]},"properties":{}},{"type":"Feature","geometry":{"type":"Polygon","coordinates":[[[-158.080255,21.62278],[-158.080627,21.62325],[-158.080773,21.623436],[-158.080535,21.623604],[-158.080532,21.623601],[-158.080016,21.622939],[-158.080255,21.62278]]]},"properties":{}},{"type":"Feature","geometry":{"type":"Polygon","coordinates":[[[-158.080627,21.62325],[-158.080255,21.62278],[-158.080506,21.62261],[-158.08069,21.622848],[-158.080627,21.62325]]]},"properties":{}},{"type":"Feature","geometry":{"type":"Polygon","coordinates":[[[-158.080229,21.62215],[-158.080627,21.621841],[-158.081274,21.62134],[-158.08151,21.621159],[-158.081554,21.621209],[-158.081601,21.621173],[-158.081834,21.62145],[-158.081543,21.621665],[-158.081357,21.621811],[-158.081166,21.62195],[-158.080779,21.622218],[-158.080453,21.62244],[-158.080229,21.62215]]]},"properties":{}},{"type":"Feature","geometry":{"type":"Polygon","coordinates":[[[-158.085081,21.618179],[-158.085272,21.617993],[-158.086356,21.616928],[-158.086635,21.61718],[-158.085537,21.618256],[-158.085362,21.618429],[-158.085081,21.618179]]]},"properties":{}},{"type":"Feature","geometry":{"type":"Polygon","coordinates":[[[-157.91029,21.610656],[-157.912806,21.614153],[-157.912856,21.614225],[-157.912942,21.61437],[-157.912986,21.614461],[-157.913026,21.614554],[-157.913071,21.614681],[-157.913113,21.614841],[-157.913176,21.615133],[-157.912778,21.615248],[-157.912917,21.614727],[-157.912846,21.614577],[-157.91282,21.614469],[-157.912794,21.614408],[-157.912778,21.614338],[-157.912765,21.614304],[-157.912685,21.614217],[-157.912649,21.61419],[-157.912599,21.614122],[-157.912467,21.613986],[-157.912401,21.613913],[-157.912362,21.613863],[-157.912331,21.613845],[-157.912243,21.613747],[-157.912188,21.613704],[-157.912104,21.613613],[-157.911929,21.613404],[-157.911904,21.613397],[-157.911756,21.613269],[-157.911714,21.613226],[-157.911644,21.613183],[-157.911604,21.613144],[-157.911543,21.613096],[-157.911397,21.612994],[-157.911367,21.61298],[-157.911333,21.612951],[-157.911176,21.612832],[-157.91111,21.612746],[-157.911079,21.612678],[-157.911025,21.612619],[-157.911013,21.612587],[-157.910935,21.612476],[-157.910927,21.612437],[-157.910881,21.612327],[-157.910839,21.612193],[-157.910797,21.612118],[-157.910767,21.612039],[-157.91073,21.611991],[-157.910683,21.611921],[-157.910642,21.611873],[-157.910631,21.611842],[-157.910533,21.61173],[-157.910465,21.611642],[-157.910432,21.611619],[-157.910337,21.611512],[-157.910332,21.611496],[-157.909741,21.610883],[-157.909691,21.610817],[-157.909642,21.610726],[-157.90961,21.610629],[-157.909562,21.610543],[-157.91029,21.610656]]]},"properties":{}},{"type":"Feature","geometry":{"type":"Polygon","coordinates":[[[-158.094659,21.613064],[-158.094187,21.612512],[-158.094211,21.612492],[-158.094681,21.613044],[-158.094659,21.613064]]]},"properties":{}},{"type":"Feature","geometry":{"type":"Polygon","coordinates":[[[-157.91029,21.610656],[-157.909562,21.610543],[-157.909418,21.609973],[-157.909492,21.609964],[-157.909636,21.609947],[-157.909737,21.609887],[-157.910229,21.610572],[-157.91029,21.610656]]]},"properties":{}},{"type":"Feature","geometry":{"type":"Polygon","coordinates":[[[-157.909418,21.609973],[-157.909427,21.60995],[-157.909421,21.609867],[-157.909387,21.609812],[-157.909397,21.609801],[-157.909296,21.609419],[-157.909492,21.609964],[-157.909418,21.609973]]]},"properties":{}},{"type":"Feature","geometry":{"type":"Polygon","coordinates":[[[-157.909492,21.609964],[-157.909296,21.609419],[-157.909389,21.60937],[-157.909502,21.609542],[-157.909652,21.609767],[-157.909737,21.609887],[-157.909636,21.609947],[-157.909492,21.609964]]]},"properties":{}},{"type":"Feature","geometry":{"type":"Polygon","coordinates":[[[-157.909389,21.60937],[-157.909296,21.609419],[-157.909147,21.609203],[-157.909251,21.609147],[-157.909389,21.60937]]]},"properties":{}},{"type":"Feature","geometry":{"type":"Polygon","coordinates":[[[-157.909251,21.609147],[-157.909147,21.609203],[-157.908926,21.60889],[-157.909038,21.608803],[-157.909251,21.609147]]]},"properties":{}},{"type":"Feature","geometry":{"type":"Polygon","coordinates":[[[-157.909038,21.608803],[-157.908926,21.60889],[-157.908835,21.608749],[-157.908654,21.608391],[-157.908756,21.608347],[-157.909038,21.608803]]]},"properties":{}},{"type":"Feature","geometry":{"type":"Polygon","coordinates":[[[-157.910504,21.608313],[-157.910416,21.608071],[-157.910467,21.608056],[-157.910559,21.608187],[-157.910634,21.608303],[-157.910718,21.608452],[-157.910738,21.608493],[-157.910627,21.608535],[-157.910504,21.608313]]]},"properties":{}},{"type":"Feature","geometry":{"type":"Polygon","coordinates":[[[-157.910504,21.608313],[-157.910389,21.608141],[-157.910337,21.608068],[-157.910326,21.607897],[-157.91032,21.60786],[-157.910404,21.607965],[-157.910467,21.608056],[-157.910416,21.608071],[-157.910504,21.608313]]]},"properties":{}},{"type":"Feature","geometry":{"type":"Polygon","coordinates":[[[-157.910337,21.608068],[-157.910275,21.607987],[-157.910126,21.6078],[-157.909874,21.607498],[-157.910003,21.607472],[-157.910072,21.607558],[-157.910143,21.607794],[-157.910236,21.607756],[-157.91032,21.60786],[-157.910326,21.607897],[-157.910337,21.608068]]]},"properties":{}},{"type":"Feature","geometry":{"type":"Polygon","coordinates":[[[-157.910126,21.6078],[-157.909892,21.607898],[-157.909807,21.6079],[-157.909478,21.608036],[-157.909438,21.608062],[-157.90916,21.607627],[-157.909069,21.607681],[-157.908883,21.60742],[-157.908715,21.60719],[-157.908994,21.607165],[-157.909034,21.607396],[-157.909064,21.607559],[-157.909175,21.607482],[-157.909346,21.607362],[-157.909322,21.607188],[-157.909315,21.607115],[-157.909486,21.607033],[-157.909531,21.607087],[-157.909375,21.607125],[-157.909532,21.607347],[-157.909577,21.607553],[-157.909874,21.607498],[-157.910126,21.6078]]]},"properties":{}},{"type":"Feature","geometry":{"type":"Polygon","coordinates":[[[-157.91032,21.60786],[-157.910236,21.607756],[-157.910298,21.607732],[-157.91032,21.60786]]]},"properties":{}},{"type":"Feature","geometry":{"type":"Polygon","coordinates":[[[-157.910236,21.607756],[-157.910143,21.607794],[-157.910072,21.607558],[-157.910045,21.607466],[-157.91046,21.60734],[-157.910747,21.607263],[-157.910772,21.607461],[-157.91076,21.60754],[-157.91058,21.607616],[-157.910298,21.607732],[-157.910236,21.607756]]]},"properties":{}},{"type":"Feature","geometry":{"type":"Polygon","coordinates":[[[-157.908883,21.60742],[-157.908711,21.60757],[-157.908608,21.607463],[-157.90842,21.607297],[-157.908229,21.607515],[-157.908131,21.607442],[-157.908085,21.607412],[-157.908256,21.607158],[-157.908273,21.607106],[-157.90844,21.607256],[-157.908652,21.607021],[-157.908609,21.606797],[-157.908547,21.60644],[-157.908545,21.606205],[-157.908591,21.605999],[-157.908597,21.605972],[-157.908743,21.606145],[-157.909217,21.606715],[-157.909334,21.606853],[-157.909486,21.607033],[-157.909315,21.607115],[-157.909322,21.607188],[-157.909346,21.607362],[-157.909175,21.607482],[-157.909064,21.607559],[-157.909034,21.607396],[-157.908994,21.607165],[-157.908715,21.60719],[-157.908883,21.60742]]]},"properties":{}},{"type":"Feature","geometry":{"type":"Polygon","coordinates":[[[-157.910003,21.607472],[-157.910045,21.607466],[-157.910072,21.607558],[-157.910003,21.607472]]]},"properties":{}},{"type":"Feature","geometry":{"type":"Polygon","coordinates":[[[-157.910003,21.607472],[-157.909874,21.607498],[-157.909577,21.607553],[-157.909532,21.607347],[-157.909375,21.607125],[-157.909531,21.607087],[-157.909486,21.607033],[-157.909533,21.607013],[-157.909518,21.60694],[-157.909551,21.606934],[-157.909805,21.607238],[-157.909964,21.607183],[-157.910045,21.607466],[-157.910003,21.607472]]]},"properties":{}},{"type":"Feature","geometry":{"type":"Polygon","coordinates":[[[-157.908273,21.607106],[-157.908282,21.607079],[-157.908384,21.606685],[-157.908541,21.606087],[-157.908564,21.605997],[-157.908591,21.605999],[-157.908545,21.606205],[-157.908547,21.60644],[-157.908609,21.606797],[-157.908652,21.607021],[-157.90844,21.607256],[-157.908273,21.607106]]]},"properties":{}},{"type":"Feature","geometry":{"type":"Polygon","coordinates":[[[-157.909551,21.606934],[-157.910068,21.606833],[-157.910072,21.606843],[-157.910098,21.607017],[-157.910123,21.607121],[-157.909964,21.607183],[-157.909805,21.607238],[-157.909551,21.606934]]]},"properties":{}},{"type":"Feature","geometry":{"type":"Polygon","coordinates":[[[-157.905825,21.60718],[-157.905826,21.607043],[-157.905856,21.607045],[-157.905863,21.607178],[-157.905825,21.60718]]]},"properties":{}},{"type":"Feature","geometry":{"type":"Polygon","coordinates":[[[-157.909551,21.606934],[-157.909518,21.60694],[-157.909533,21.607013],[-157.909486,21.607033],[-157.909334,21.606853],[-157.9093,21.606697],[-157.909217,21.606715],[-157.908743,21.606145],[-157.908597,21.605972],[-157.908637,21.605844],[-157.908654,21.605751],[-157.908789,21.60577],[-157.908846,21.605477],[-157.909001,21.605478],[-157.909063,21.605686],[-157.908973,21.605819],[-157.909062,21.605842],[-157.909427,21.605944],[-157.909666,21.606013],[-157.909601,21.606203],[-157.909362,21.606158],[-157.909307,21.606605],[-157.909645,21.606537],[-157.909626,21.606212],[-157.909922,21.606162],[-157.910018,21.606596],[-157.910068,21.606833],[-157.909551,21.606934]]]},"properties":{}},{"type":"Feature","geometry":{"type":"Polygon","coordinates":[[[-157.909334,21.606853],[-157.909217,21.606715],[-157.9093,21.606697],[-157.909334,21.606853]]]},"properties":{}},{"type":"Feature","geometry":{"type":"Polygon","coordinates":[[[-157.909666,21.606013],[-157.909927,21.60609],[-157.909922,21.606162],[-157.909626,21.606212],[-157.909645,21.606537],[-157.909307,21.606605],[-157.909362,21.606158],[-157.909601,21.606203],[-157.909666,21.606013]]]},"properties":{}},{"type":"Feature","geometry":{"type":"Polygon","coordinates":[[[-157.898059,21.601257],[-157.897825,21.600752],[-157.897768,21.600619],[-157.897723,21.600496],[-157.897624,21.600213],[-157.897494,21.599838],[-157.897457,21.599706],[-157.897422,21.599535],[-157.897404,21.599363],[-157.897376,21.598947],[-157.89736,21.598793],[-157.897336,21.598658],[-157.897295,21.598493],[-157.897262,21.598391],[-157.897206,21.598151],[-157.897201,21.598135],[-157.897262,21.598086],[-157.897725,21.597789],[-157.898664,21.597425],[-157.898951,21.59802],[-157.900353,21.597463],[-157.900445,21.597667],[-157.902181,21.596978],[-157.903443,21.596478],[-157.902865,21.594846],[-157.90313,21.594521],[-157.90397,21.59349],[-157.903766,21.592404],[-157.903812,21.591442],[-157.903018,21.591236],[-157.902244,21.591687],[-157.901314,21.591266],[-157.900867,21.591077],[-157.900534,21.59094],[-157.899973,21.590721],[-157.899692,21.590613],[-157.899302,21.590451],[-157.898696,21.589749],[-157.898664,21.589712],[-157.8982,21.589373],[-157.897819,21.588512],[-157.898012,21.588696],[-157.898358,21.58932],[-157.898725,21.589729],[-157.898821,21.589838],[-157.899272,21.589484],[-157.89885,21.589011],[-157.898476,21.588338],[-157.898151,21.588049],[-157.898265,21.587959],[-157.897957,21.587709],[-157.897869,21.587799],[-157.897566,21.58753],[-157.897262,21.587036],[-157.897048,21.586671],[-157.897114,21.586617],[-157.897262,21.586338],[-157.898164,21.584341],[-157.898224,21.584208],[-157.899114,21.583173],[-157.900742,21.581573],[-157.902203,21.580592],[-157.904168,21.579997],[-157.906734,21.579298],[-157.907719,21.578609],[-157.908501,21.578061],[-157.909762,21.576719],[-157.910478,21.575955],[-157.910829,21.574591],[-157.912985,21.572295],[-157.913239,21.571841],[-157.915375,21.568056],[-157.918765,21.566251],[-157.917195,21.563345],[-157.917039,21.563035],[-157.91667,21.559543],[-157.916624,21.559152],[-157.918474,21.556344],[-157.91841,21.551914],[-157.918397,21.551887],[-157.918298,21.551568],[-157.918274,21.551353],[-157.918321,21.551148],[-157.918504,21.550867],[-157.918698,21.55062],[-157.918786,21.550467],[-157.918787,21.550406],[-157.918592,21.54996],[-157.918551,21.549761],[-157.91851,21.549458],[-157.918475,21.548909],[-157.918504,21.548114],[-157.918622,21.547586],[-157.918758,21.547239],[-157.918923,21.547107],[-157.918952,21.547031],[-157.919046,21.546814],[-157.91907,21.546424],[-157.91917,21.546111],[-157.919288,21.545967],[-157.919353,21.545884],[-157.919435,21.545692],[-157.919453,21.54557],[-157.919447,21.545417],[-157.919412,21.545245],[-157.919189,21.544552],[-157.919206,21.544342],[-157.919313,21.543853],[-157.919454,21.543488],[-157.91949,21.543443],[-157.920402,21.546844],[-157.922262,21.553778],[-157.922556,21.554868],[-157.923365,21.559343],[-157.923432,21.559714],[-157.924098,21.56335],[-157.9237,21.569115],[-157.92275,21.571842],[-157.922262,21.573245],[-157.922252,21.573248],[-157.921797,21.574557],[-157.92209,21.578344],[-157.918453,21.582516],[-157.91835,21.58434],[-157.918244,21.586212],[-157.916666,21.588132],[-157.91652,21.588565],[-157.916194,21.589539],[-157.915072,21.591347],[-157.913167,21.592127],[-157.913157,21.592132],[-157.912119,21.591556],[-157.910803,21.591326],[-157.909762,21.591913],[-157.909431,21.592098],[-157.907085,21.59398],[-157.906302,21.594221],[-157.905597,21.594695],[-157.905294,21.594736],[-157.904309,21.594881],[-157.903643,21.594971],[-157.904155,21.59642],[-157.904318,21.596877],[-157.903819,21.598055],[-157.902609,21.598801],[-157.902565,21.598742],[-157.901188,21.599609],[-157.90119,21.599616],[-157.900726,21.599868],[-157.899703,21.600412],[-157.899337,21.6006],[-157.89856,21.601001],[-157.898059,21.601257]],[[-157.897685,21.598615],[-157.897979,21.598513],[-157.897874,21.598241],[-157.897585,21.598357],[-157.897685,21.598615]]]},"properties":{}},{"type":"Feature","geometry":{"type":"Polygon","coordinates":[[[-158.188425,21.442649],[-158.188339,21.442407],[-158.188586,21.442329],[-158.188551,21.442559],[-158.188546,21.442607],[-158.188425,21.442649]]]},"properties":{}},{"type":"Feature","geometry":{"type":"Polygon","coordinates":[[[-157.810087,21.439922],[-157.810309,21.439745],[-157.810489,21.439954],[-157.810272,21.440127],[-157.810087,21.439922]]]},"properties":{}},{"type":"Feature","geometry":{"type":"Polygon","coordinates":[[[-158.105191,21.601998],[-158.104959,21.60204],[-158.104556,21.602089],[-158.104125,21.602101],[-158.104077,21.601816],[-158.10401,21.601822],[-158.103963,21.601384],[-158.103876,21.600525],[-158.101419,21.600927],[-158.102494,21.599178],[-158.103213,21.598112],[-158.103357,21.597893],[-158.103357,21.597859],[-158.103237,21.596917],[-158.103217,21.596888],[-158.103208,21.596589],[-158.103203,21.596271],[-158.103173,21.596038],[-158.10323,21.5957],[-158.103265,21.595707],[-158.103233,21.59616],[-158.103273,21.59677],[-158.103279,21.596827],[-158.103268,21.596897],[-158.103318,21.597121],[-158.103409,21.597815],[-158.103438,21.597975],[-158.103481,21.598129],[-158.103531,21.598265],[-158.103546,21.598355],[-158.103608,21.598455],[-158.103652,21.5986],[-158.103611,21.598622],[-158.103652,21.59871],[-158.10363,21.598769],[-158.103691,21.598853],[-158.10389,21.59968],[-158.103851,21.599737],[-158.10396,21.600189],[-158.103956,21.600227],[-158.104,21.60025],[-158.104,21.60027],[-158.104031,21.600307],[-158.104053,21.600361],[-158.104118,21.600425],[-158.104167,21.600441],[-158.104187,21.600466],[-158.104275,21.600453],[-158.104286,21.60052],[-158.104299,21.60053],[-158.104385,21.600476],[-158.104424,21.600501],[-158.10455,21.600445],[-158.104617,21.600425],[-158.104635,21.600432],[-158.104659,21.600547],[-158.104661,21.600739],[-158.104614,21.600798],[-158.104629,21.600963],[-158.104573,21.601206],[-158.104623,21.601349],[-158.104638,21.601408],[-158.104682,21.601419],[-158.104708,21.601575],[-158.104672,21.601573],[-158.104787,21.601718],[-158.104902,21.601895],[-158.105145,21.601984],[-158.105191,21.601998]]]},"properties":{}},{"type":"Feature","geometry":{"type":"Polygon","coordinates":[[[-157.897685,21.598615],[-157.897585,21.598357],[-157.897874,21.598241],[-157.897979,21.598513],[-157.897685,21.598615]]]},"properties":{}},{"type":"Feature","geometry":{"type":"Polygon","coordinates":[[[-157.896805,21.598273],[-157.896765,21.598286],[-157.896748,21.598232],[-157.897028,21.598145],[-157.897046,21.598195],[-157.896805,21.598273]]]},"properties":{}},{"type":"Feature","geometry":{"type":"Polygon","coordinates":[[[-158.103064,21.598043],[-158.10256,21.59879],[-158.102503,21.598772],[-158.102531,21.598713],[-158.102589,21.598578],[-158.102662,21.598391],[-158.102715,21.598238],[-158.102771,21.598066],[-158.103064,21.598043]]]},"properties":{}},{"type":"Feature","geometry":{"type":"Polygon","coordinates":[[[-158.103064,21.598043],[-158.102771,21.598066],[-158.102641,21.598075],[-158.102431,21.598092],[-158.102566,21.598],[-158.102532,21.59795],[-158.102499,21.597882],[-158.102529,21.597749],[-158.102551,21.597683],[-158.102561,21.597525],[-158.102774,21.597547],[-158.10312,21.597583],[-158.103141,21.59777],[-158.103138,21.597842],[-158.103121,21.597921],[-158.103095,21.597989],[-158.103064,21.598043]]]},"properties":{}},{"type":"Feature","geometry":{"type":"Polygon","coordinates":[[[-158.10312,21.597583],[-158.102774,21.597547],[-158.102846,21.59712],[-158.103069,21.597119],[-158.10312,21.597583]]]},"properties":{}},{"type":"Feature","geometry":{"type":"Polygon","coordinates":[[[-158.102774,21.597547],[-158.102561,21.597525],[-158.10252,21.597123],[-158.102846,21.59712],[-158.102774,21.597547]]]},"properties":{}},{"type":"Feature","geometry":{"type":"Polygon","coordinates":[[[-158.102846,21.59712],[-158.10252,21.597123],[-158.102521,21.596882],[-158.102452,21.596612],[-158.102376,21.596614],[-158.102236,21.596272],[-158.102408,21.596224],[-158.103032,21.596261],[-158.103026,21.596722],[-158.103069,21.597119],[-158.102846,21.59712]]]},"properties":{}},{"type":"Feature","geometry":{"type":"Polygon","coordinates":[[[-158.107016,21.592642],[-158.107076,21.592615],[-158.107723,21.592356],[-158.107925,21.592274],[-158.108167,21.592164],[-158.108517,21.591974],[-158.108704,21.591862],[-158.10887,21.591757],[-158.110172,21.590111],[-158.110458,21.59025],[-158.110567,21.590314],[-158.110723,21.590466],[-158.110695,21.590513],[-158.110596,21.590653],[-158.110567,21.590736],[-158.110556,21.590784],[-158.110531,21.590849],[-158.110458,21.590962],[-158.110445,21.591004],[-158.11043,21.591088],[-158.110409,21.591129],[-158.110372,21.591178],[-158.11037,21.591198],[-158.110416,21.59126],[-158.110395,21.591343],[-158.110388,21.59139],[-158.110362,21.591435],[-158.11035,21.591496],[-158.110321,21.591505],[-158.110288,21.591496],[-158.11025,21.591503],[-158.110229,21.591525],[-158.110238,21.591579],[-158.110228,21.591631],[-158.110266,21.591652],[-158.110282,21.591683],[-158.110278,21.591731],[-158.110262,21.591783],[-158.110234,21.591837],[-158.110194,21.591879],[-158.110147,21.591911],[-158.110146,21.591994],[-158.110067,21.592046],[-158.110028,21.592102],[-158.109993,21.592138],[-158.10994,21.592165],[-158.109896,21.592196],[-158.10987,21.592232],[-158.109833,21.592264],[-158.109792,21.59234],[-158.109702,21.592453],[-158.109672,21.592496],[-158.109632,21.592527],[-158.109563,21.592606],[-158.10947,21.592723],[-158.109415,21.592774],[-158.109351,21.592853],[-158.109354,21.592898],[-158.109383,21.592948],[-158.109436,21.592987],[-158.109438,21.593014],[-158.109503,21.593107],[-158.109487,21.59314],[-158.109595,21.593177],[-158.109649,21.593214],[-158.10969,21.593293],[-158.109745,21.593377],[-158.109755,21.593472],[-158.109735,21.593512],[-158.109695,21.593553],[-158.10962,21.593616],[-158.109518,21.593649],[-158.109361,21.593772],[-158.109312,21.593786],[-158.10923,21.593781],[-158.109183,21.593765],[-158.109108,21.593809],[-158.10904,21.593813],[-158.108979,21.593842],[-158.108936,21.593822],[-158.10891,21.593829],[-158.108883,21.593815],[-158.108867,21.59377],[-158.108811,21.593776],[-158.108708,21.593818],[-158.108584,21.593874],[-158.108468,21.593935],[-158.108385,21.593975],[-158.108263,21.594046],[-158.108168,21.594132],[-158.108096,21.594215],[-158.10802,21.594284],[-158.107975,21.594334],[-158.107927,21.594379],[-158.107866,21.594462],[-158.107825,21.594509],[-158.107774,21.594547],[-158.10773,21.594568],[-158.107671,21.594572],[-158.107539,21.594623],[-158.107483,21.594657],[-158.107322,21.594771],[-158.107242,21.594838],[-158.107119,21.594948],[-158.107085,21.594986],[-158.107015,21.595015],[-158.106977,21.594927],[-158.107104,21.594788],[-158.106991,21.594532],[-158.107221,21.594271],[-158.107224,21.59311],[-158.107016,21.592642]]]},"properties":{}},{"type":"Feature","geometry":{"type":"Polygon","coordinates":[[[-158.189633,21.440839],[-158.189688,21.440817],[-158.189846,21.440729],[-158.189911,21.440696],[-158.189971,21.440716],[-158.189975,21.441046],[-158.189824,21.441124],[-158.189633,21.440839]]]},"properties":{}},{"type":"Feature","geometry":{"type":"Polygon","coordinates":[[[-158.178594,21.417422],[-158.177251,21.417605],[-158.177216,21.41739],[-158.178625,21.417196],[-158.178594,21.417422]]]},"properties":{}},{"type":"Feature","geometry":{"type":"Polygon","coordinates":[[[-158.178625,21.417196],[-158.177216,21.41739],[-158.177181,21.417171],[-158.178656,21.416968],[-158.178625,21.417196]]]},"properties":{}},{"type":"Feature","geometry":{"type":"Polygon","coordinates":[[[-158.115937,21.588757],[-158.115451,21.588377],[-158.115058,21.588073],[-158.114759,21.587838],[-158.114536,21.587668],[-158.114083,21.587315],[-158.113937,21.587206],[-158.11374,21.587052],[-158.113561,21.586906],[-158.113373,21.587117],[-158.113241,21.587268],[-158.11294,21.587605],[-158.112836,21.587727],[-158.112807,21.587702],[-158.11256,21.58751],[-158.113044,21.586955],[-158.112279,21.586558],[-158.113082,21.5852],[-158.114136,21.585719],[-158.114356,21.585826],[-158.114407,21.58577],[-158.116057,21.583897],[-158.11627,21.584233],[-158.116245,21.584364],[-158.116398,21.584482],[-158.116709,21.584931],[-158.117209,21.585505],[-158.117242,21.58548],[-158.117485,21.585802],[-158.117516,21.586069],[-158.117536,21.586308],[-158.117797,21.586574],[-158.118142,21.586592],[-158.118257,21.586658],[-158.118426,21.586758],[-158.118847,21.587187],[-158.11894,21.587346],[-158.119355,21.587635],[-158.119488,21.587828],[-158.119356,21.588251],[-158.11924,21.5884],[-158.119157,21.58851],[-158.11881,21.589299],[-158.118662,21.5893],[-158.118263,21.589294],[-158.117614,21.588999],[-158.117086,21.588989],[-158.116943,21.588948],[-158.116305,21.589046],[-158.115937,21.588757]]]},"properties":{}},{"type":"Feature","geometry":{"type":"Polygon","coordinates":[[[-158.137587,21.58398],[-158.137575,21.583621],[-158.13761,21.583621],[-158.137614,21.583772],[-158.137622,21.583973],[-158.137587,21.58398]]]},"properties":{}},{"type":"Feature","geometry":{"type":"Polygon","coordinates":[[[-158.139888,21.583498],[-158.139849,21.583516],[-158.139675,21.583578],[-158.139623,21.583603],[-158.139534,21.583403],[-158.139465,21.583243],[-158.139731,21.583142],[-158.139796,21.583292],[-158.139888,21.583498]]]},"properties":{}},{"type":"Feature","geometry":{"type":"Polygon","coordinates":[[[-158.140152,21.583411],[-158.140086,21.58344],[-158.140044,21.583449],[-158.139888,21.583498],[-158.139796,21.583292],[-158.139731,21.583142],[-158.139993,21.583049],[-158.140061,21.583201],[-158.140152,21.583411]]]},"properties":{}},{"type":"Feature","geometry":{"type":"Polygon","coordinates":[[[-158.140418,21.583313],[-158.140317,21.583358],[-158.140152,21.583411],[-158.140061,21.583201],[-158.139993,21.583049],[-158.140257,21.582938],[-158.140306,21.583062],[-158.140418,21.583313]]]},"properties":{}},{"type":"Feature","geometry":{"type":"Polygon","coordinates":[[[-158.140418,21.583313],[-158.140306,21.583062],[-158.140257,21.582938],[-158.140364,21.582897],[-158.140615,21.582811],[-158.14078,21.583191],[-158.140659,21.583227],[-158.140622,21.583233],[-158.140487,21.583289],[-158.140418,21.583313]]]},"properties":{}},{"type":"Feature","geometry":{"type":"Polygon","coordinates":[[[-158.142748,21.582917],[-158.142732,21.582533],[-158.142833,21.582529],[-158.142876,21.582518],[-158.142966,21.582914],[-158.142879,21.582916],[-158.142845,21.582911],[-158.142748,21.582917]]]},"properties":{}},{"type":"Feature","geometry":{"type":"Polygon","coordinates":[[[-158.19065,21.582637],[-158.190571,21.582636],[-158.190455,21.582607],[-158.190414,21.582602],[-158.1903,21.582565],[-158.19015,21.582551],[-158.190055,21.582539],[-158.189968,21.582539],[-158.189901,21.582545],[-158.189703,21.582537],[-158.189579,21.582546],[-158.189376,21.582522],[-158.189226,21.582494],[-158.189045,21.582453],[-158.188953,21.582437],[-158.188853,21.582429],[-158.188678,21.582426],[-158.188553,21.582432],[-158.18843,21.58243],[-158.188338,21.582445],[-158.188243,21.582451],[-158.188116,21.582448],[-158.187989,21.582434],[-158.187818,21.582433],[-158.187645,21.58246],[-158.187575,21.582459],[-158.187534,21.582452],[-158.187353,21.582404],[-158.187323,21.582402],[-158.187153,21.582356],[-158.187103,21.582328],[-158.18698,21.582269],[-158.186868,21.582194],[-158.186701,21.582105],[-158.186631,21.582044],[-158.186416,21.581914],[-158.186237,21.58185],[-158.186163,21.581797],[-158.186068,21.581761],[-158.185896,21.581672],[-158.185771,21.581624],[-158.185682,21.581574],[-158.185436,21.581478],[-158.185286,21.581445],[-158.185218,21.581416],[-158.185199,21.581375],[-158.185206,21.581291],[-158.185241,21.581221],[-158.185278,21.581093],[-158.185273,21.580914],[-158.185284,21.580772],[-158.185298,21.580772],[-158.185606,21.580828],[-158.185975,21.580877],[-158.1863,21.580908],[-158.186626,21.58093],[-158.186953,21.580941],[-158.187588,21.580946],[-158.188689,21.580954],[-158.189989,21.580965],[-158.191103,21.580972],[-158.190828,21.581994],[-158.19065,21.582637]]]},"properties":{}},{"type":"Feature","geometry":{"type":"Polygon","coordinates":[[[-158.178656,21.416968],[-158.177181,21.417171],[-158.177147,21.416956],[-158.178687,21.416742],[-158.178656,21.416968]]]},"properties":{}},{"type":"Feature","geometry":{"type":"Polygon","coordinates":[[[-158.19065,21.582637],[-158.190828,21.581994],[-158.191103,21.580972],[-158.192345,21.580981],[-158.192788,21.580985],[-158.19455,21.581005],[-158.194399,21.581519],[-158.194356,21.581564],[-158.19427,21.581631],[-158.194185,21.581669],[-158.19412,21.581689],[-158.194066,21.581698],[-158.19399,21.58172],[-158.193717,21.581739],[-158.193641,21.581732],[-158.193564,21.581732],[-158.193532,21.581743],[-158.193427,21.581792],[-158.193361,21.581812],[-158.193242,21.581825],[-158.193152,21.581847],[-158.193115,21.581849],[-158.193066,21.581865],[-158.193008,21.581892],[-158.192954,21.581928],[-158.192836,21.581997],[-158.192751,21.582069],[-158.19269,21.582109],[-158.192633,21.582172],[-158.192581,21.582219],[-158.192467,21.582311],[-158.192375,21.582345],[-158.192229,21.582403],[-158.192147,21.582396],[-158.192058,21.582393],[-158.191964,21.582399],[-158.191881,21.582435],[-158.191789,21.582459],[-158.191553,21.582472],[-158.191473,21.582485],[-158.191371,21.582494],[-158.191302,21.582516],[-158.191235,21.582531],[-158.191175,21.582554],[-158.191076,21.582582],[-158.190954,21.582598],[-158.190885,21.582618],[-158.190821,21.582629],[-158.190699,21.582637],[-158.19065,21.582637]]]},"properties":{}},{"type":"Feature","geometry":{"type":"Polygon","coordinates":[[[-158.130161,21.58211],[-158.130127,21.582112],[-158.130142,21.581313],[-158.130175,21.581311],[-158.130175,21.581483],[-158.130164,21.582018],[-158.130161,21.58211]]]},"properties":{}},{"type":"Feature","geometry":{"type":"Polygon","coordinates":[[[-158.182641,21.581374],[-158.182753,21.580952],[-158.182866,21.580521],[-158.182903,21.580383],[-158.183913,21.580549],[-158.184699,21.580677],[-158.185238,21.580763],[-158.185203,21.580871],[-158.185193,21.580952],[-158.185175,21.581],[-158.185092,21.581157],[-158.185057,21.581236],[-158.185034,21.581299],[-158.185007,21.581349],[-158.184973,21.58139],[-158.18493,21.581412],[-158.184848,21.581436],[-158.184785,21.581438],[-158.184726,21.581458],[-158.184663,21.581494],[-158.184616,21.58153],[-158.184543,21.581557],[-158.184452,21.581579],[-158.184371,21.58159],[-158.18423,21.581625],[-158.184167,21.581634],[-158.184053,21.581665],[-158.184043,21.581676],[-158.183953,21.581712],[-158.183719,21.581763],[-158.183666,21.581772],[-158.183578,21.581758],[-158.1835,21.581737],[-158.183354,21.581668],[-158.183314,21.581641],[-158.183112,21.58152],[-158.183016,21.581482],[-158.182933,21.581456],[-158.182762,21.581392],[-158.18271,21.581381],[-158.182641,21.581374]]]},"properties":{}},{"type":"Feature","geometry":{"type":"Polygon","coordinates":[[[-158.155269,21.579817],[-158.155304,21.579812],[-158.155408,21.580743],[-158.155372,21.580745],[-158.155269,21.579817]]]},"properties":{}},{"type":"Feature","geometry":{"type":"Polygon","coordinates":[[[-158.177843,21.580315],[-158.177823,21.580223],[-158.177734,21.579969],[-158.177761,21.579963],[-158.177852,21.580218],[-158.177892,21.580302],[-158.177843,21.580315]]]},"properties":{}},{"type":"Feature","geometry":{"type":"Polygon","coordinates":[[[-158.167122,21.577244],[-158.167169,21.577879],[-158.167352,21.577964],[-158.167451,21.578881],[-158.167435,21.578883],[-158.167315,21.578939],[-158.167269,21.578955],[-158.16711,21.579037],[-158.167009,21.579087],[-158.166944,21.579107],[-158.166879,21.579136],[-158.16679,21.579165],[-158.166659,21.579225],[-158.166619,21.579238],[-158.166533,21.579294],[-158.1664,21.579355],[-158.166309,21.579372],[-158.166227,21.579363],[-158.16613,21.579376],[-158.166012,21.57938],[-158.165907,21.579393],[-158.165781,21.579419],[-158.165734,21.579437],[-158.165611,21.579461],[-158.165539,21.57949],[-158.165426,21.579555],[-158.165287,21.579588],[-158.165179,21.579642],[-158.165138,21.579687],[-158.165121,21.579721],[-158.165046,21.579783],[-158.164958,21.579837],[-158.164857,21.579889],[-158.164833,21.579911],[-158.16475,21.579969],[-158.164724,21.579994],[-158.164673,21.580021],[-158.165157,21.57828],[-158.16555,21.576859],[-158.167122,21.577244]]]},"properties":{}},{"type":"Feature","geometry":{"type":"Polygon","coordinates":[[[-158.155211,21.579758],[-158.154377,21.579839],[-158.154366,21.579738],[-158.154674,21.579708],[-158.1552,21.579654],[-158.155211,21.579758]]]},"properties":{}},{"type":"Feature","geometry":{"type":"Polygon","coordinates":[[[-158.178687,21.416742],[-158.177147,21.416956],[-158.177111,21.416732],[-158.178627,21.416527],[-158.178695,21.416686],[-158.178687,21.416742]]]},"properties":{}},{"type":"Feature","geometry":{"type":"Polygon","coordinates":[[[-157.883898,21.578036],[-157.883862,21.578088],[-157.883796,21.578196],[-157.883745,21.578175],[-157.88365,21.578098],[-157.883524,21.578027],[-157.883429,21.577954],[-157.883304,21.577874],[-157.883226,21.57781],[-157.883073,21.577694],[-157.882954,21.577599],[-157.882861,21.577542],[-157.882666,21.577389],[-157.882567,21.57733],[-157.882466,21.577252],[-157.882427,21.577229],[-157.882227,21.577142],[-157.882149,21.577099],[-157.882068,21.577069],[-157.882012,21.577041],[-157.881959,21.577],[-157.881887,21.576973],[-157.881798,21.576947],[-157.881749,21.576938],[-157.881656,21.576933],[-157.881588,21.576921],[-157.881396,21.576865],[-157.881332,21.576824],[-157.881282,21.57677],[-157.881171,21.576679],[-157.88108,21.576615],[-157.88095,21.57649],[-157.880923,21.576469],[-157.880823,21.57641],[-157.880761,21.576357],[-157.880706,21.57633],[-157.880643,21.576309],[-157.880518,21.576261],[-157.880456,21.576242],[-157.880397,21.576213],[-157.880328,21.576187],[-157.88026,21.576151],[-157.880205,21.576132],[-157.880103,21.576109],[-157.879954,21.576045],[-157.879906,21.576031],[-157.880044,21.575802],[-157.88031,21.575939],[-157.881073,21.576342],[-157.88172,21.576685],[-157.88207,21.57687],[-157.882325,21.577],[-157.88283,21.57727],[-157.883101,21.577414],[-157.883235,21.577488],[-157.883316,21.577538],[-157.883436,21.577618],[-157.883587,21.577734],[-157.883729,21.577859],[-157.883861,21.577993],[-157.883898,21.578036]]]},"properties":{}},{"type":"Feature","geometry":{"type":"Polygon","coordinates":[[[-158.167122,21.577244],[-158.167612,21.577364],[-158.169579,21.577849],[-158.170709,21.578121],[-158.170252,21.57974],[-158.170216,21.579731],[-158.17012,21.579692],[-158.170063,21.579665],[-158.169905,21.579598],[-158.169849,21.579571],[-158.169642,21.579486],[-158.169601,21.579459],[-158.169489,21.579406],[-158.169419,21.579368],[-158.169315,21.579317],[-158.169288,21.579311],[-158.169198,21.579269],[-158.168985,21.579131],[-158.168914,21.579103],[-158.168841,21.57904],[-158.168814,21.579028],[-158.168728,21.578976],[-158.168665,21.578948],[-158.168522,21.578916],[-158.168458,21.578907],[-158.168353,21.57887],[-158.168306,21.578843],[-158.168244,21.578831],[-158.168172,21.578824],[-158.168149,21.578828],[-158.168019,21.578814],[-158.167832,21.578815],[-158.167741,21.578831],[-158.16757,21.578879],[-158.167509,21.578886],[-158.167451,21.578881],[-158.167352,21.577964],[-158.167169,21.577879],[-158.167122,21.577244]]]},"properties":{}},{"type":"Feature","geometry":{"type":"Polygon","coordinates":[[[-157.883748,21.577685],[-157.883986,21.577493],[-157.884102,21.577577],[-157.883853,21.577783],[-157.883748,21.577685]]]},"properties":{}},{"type":"Feature","geometry":{"type":"Polygon","coordinates":[[[-158.122956,21.577176],[-158.122808,21.57727],[-158.122728,21.577295],[-158.122676,21.577295],[-158.122606,21.577272],[-158.122543,21.577219],[-158.122419,21.577058],[-158.122328,21.576949],[-158.122185,21.576793],[-158.122038,21.576647],[-158.122422,21.576293],[-158.122449,21.576512],[-158.122956,21.577176]]]},"properties":{}},{"type":"Feature","geometry":{"type":"Polygon","coordinates":[[[-158.122422,21.576293],[-158.122392,21.576046],[-158.122252,21.575759],[-158.122524,21.574771],[-158.122739,21.574756],[-158.122862,21.574734],[-158.123341,21.574577],[-158.12359,21.575095],[-158.123914,21.575768],[-158.124128,21.576216],[-158.124142,21.576264],[-158.12415,21.576334],[-158.124143,21.576413],[-158.124132,21.576451],[-158.1241,21.576523],[-158.124052,21.576588],[-158.123981,21.576649],[-158.123937,21.576674],[-158.123502,21.57689],[-158.123121,21.577082],[-158.122956,21.577176],[-158.122449,21.576512],[-158.122422,21.576293]]]},"properties":{}},{"type":"Feature","geometry":{"type":"Polygon","coordinates":[[[-158.23061,21.536195],[-158.231475,21.536832],[-158.232597,21.538571],[-158.232891,21.538832],[-158.233777,21.539433],[-158.233807,21.53944],[-158.233825,21.53953],[-158.233872,21.539625],[-158.23393,21.539684],[-158.233977,21.539698],[-158.234125,21.539717],[-158.234148,21.539839],[-158.23432,21.540007],[-158.234414,21.539998],[-158.23446,21.539926],[-158.234532,21.539913],[-158.234572,21.539958],[-158.234584,21.540053],[-158.234695,21.540194],[-158.234737,21.540293],[-158.23479,21.540271],[-158.234855,21.540235],[-158.235126,21.540322],[-158.235185,21.540381],[-158.235267,21.540454],[-158.235361,21.540549],[-158.235367,21.54064],[-158.235409,21.540703],[-158.235555,21.54083],[-158.235567,21.54088],[-158.235597,21.540912],[-158.235756,21.540962],[-158.235939,21.541098],[-158.236074,21.541076],[-158.23622,21.541032],[-158.236285,21.541077],[-158.236356,21.541141],[-158.236397,21.541155],[-158.236615,21.541467],[-158.236816,21.541649],[-158.236832,21.541699],[-158.236863,21.541853],[-158.23698,21.542011],[-158.237274,21.542329],[-158.237704,21.542773],[-158.237923,21.543036],[-158.238087,21.543254],[-158.23824,21.543426],[-158.23837,21.543391],[-158.238464,21.543396],[-158.238517,21.543432],[-158.238575,21.543554],[-158.238699,21.543582],[-158.238711,21.543605],[-158.238741,21.543767],[-158.238817,21.543908],[-158.238841,21.543967],[-158.238982,21.543972],[-158.238999,21.54399],[-158.238959,21.544067],[-158.238987,21.544135],[-158.238976,21.544184],[-158.238947,21.544225],[-158.238935,21.544315],[-158.238953,21.544338],[-158.239006,21.544342],[-158.239076,21.544298],[-158.239123,21.544316],[-158.239217,21.544316],[-158.239264,21.544339],[-158.239276,21.544366],[-158.239294,21.54461],[-158.239318,21.544633],[-158.239353,21.544633],[-158.239447,21.544588],[-158.239576,21.544711],[-158.239659,21.544738],[-158.23977,21.544716],[-158.239794,21.544694],[-158.239818,21.544595],[-158.239894,21.54455],[-158.23993,21.544586],[-158.239942,21.54469],[-158.239964,21.544722],[-158.240012,21.544713],[-158.240071,21.544596],[-158.240106,21.544618],[-158.240136,21.544741],[-158.240319,21.544845],[-158.24033,21.545026],[-158.240389,21.545076],[-158.240459,21.545054],[-158.240506,21.545013],[-158.240542,21.545027],[-158.240618,21.545086],[-158.240701,21.545132],[-158.240701,21.545168],[-158.240672,21.545186],[-158.240571,21.545289],[-158.240525,21.545379],[-158.240489,21.545488],[-158.24046,21.545831],[-158.240483,21.545917],[-158.240595,21.546066],[-158.24089,21.546447],[-158.240948,21.546529],[-158.241066,21.54666],[-158.241066,21.546678],[-158.241096,21.546701],[-158.241102,21.546751],[-158.241096,21.546769],[-158.241154,21.546841],[-158.241172,21.546882],[-158.241637,21.547508],[-158.241813,21.547784],[-158.241955,21.548065],[-158.242342,21.548496],[-158.243143,21.549241],[-158.243361,21.5494],[-158.243643,21.549641],[-158.244003,21.549909],[-158.244527,21.55025],[-158.244768,21.550445],[-158.244897,21.550627],[-158.245245,21.550931],[-158.245898,21.551463],[-158.246299,21.551844],[-158.246463,21.552048],[-158.24654,21.552157],[-158.246623,21.552239],[-158.246675,21.552316],[-158.246845,21.552786],[-158.246893,21.552872],[-158.246946,21.552945],[-158.247234,21.553258],[-158.247364,21.553358],[-158.247451,21.553417],[-158.247605,21.553571],[-158.247958,21.553921],[-158.24817,21.554057],[-158.248287,21.554189],[-158.248423,21.554393],[-158.248588,21.554664],[-158.248588,21.554678],[-158.248635,21.554696],[-158.248647,21.555071],[-158.248635,21.555116],[-158.248624,21.555207],[-158.248564,21.555414],[-158.248541,21.555645],[-158.248564,21.555658],[-158.248665,21.555627],[-158.24896,21.555366],[-158.249118,21.555263],[-158.24926,21.55521],[-158.249312,21.555214],[-158.249354,21.555273],[-158.249331,21.555327],[-158.24933,21.555418],[-158.24936,21.555486],[-158.249442,21.555653],[-158.249454,21.555707],[-158.249483,21.555879],[-158.24953,21.555925],[-158.249825,21.555935],[-158.249896,21.555967],[-158.249948,21.556035],[-158.249954,21.556197],[-158.250024,21.55627],[-158.250655,21.556291],[-158.250714,21.556327],[-158.250732,21.55654],[-158.250973,21.556518],[-158.251155,21.556474],[-158.251443,21.556475],[-158.251709,21.556517],[-158.251857,21.556617],[-158.251897,21.556689],[-158.251915,21.556843],[-158.251968,21.556866],[-158.252139,21.556844],[-158.252262,21.556894],[-158.252339,21.556958],[-158.252456,21.556949],[-158.252551,21.556877],[-158.252651,21.556864],[-158.252816,21.556924],[-158.252898,21.557001],[-158.252934,21.5571],[-158.252939,21.557159],[-158.252981,21.557241],[-158.253052,21.557318],[-158.253122,21.557282],[-158.253352,21.557188],[-158.253493,21.557193],[-158.253575,21.557239],[-158.253517,21.557338],[-158.253417,21.557441],[-158.253393,21.557527],[-158.253435,21.557559],[-158.253617,21.557591],[-158.253694,21.55765],[-158.253735,21.557822],[-158.253811,21.557913],[-158.253905,21.55794],[-158.254105,21.55791],[-158.2542,21.55791],[-158.254329,21.557888],[-158.254488,21.557938],[-158.254736,21.558138],[-158.255024,21.558175],[-158.255118,21.55823],[-158.255154,21.55828],[-158.25516,21.558348],[-158.2552,21.558407],[-158.255265,21.558407],[-158.255389,21.558394],[-158.255442,21.558408],[-158.255495,21.558548],[-158.255536,21.558575],[-158.255619,21.558598],[-158.255755,21.558621],[-158.255926,21.558712],[-158.256048,21.558767],[-158.256155,21.558768],[-158.256372,21.558692],[-158.256456,21.558697],[-158.256531,21.558774],[-158.256679,21.558765],[-158.256914,21.558965],[-158.256997,21.559015],[-158.257026,21.55911],[-158.257003,21.559178],[-158.25695,21.5593],[-158.256826,21.559498],[-158.256808,21.559579],[-158.256903,21.559692],[-158.257085,21.559743],[-158.257209,21.559816],[-158.257174,21.559892],[-158.257149,21.559933],[-158.257138,21.560023],[-158.257168,21.56015],[-158.257273,21.560241],[-158.257362,21.560228],[-158.257415,21.560196],[-158.25748,21.560079],[-158.257557,21.560048],[-158.257609,21.560057],[-158.257686,21.560111],[-158.25771,21.560161],[-158.257674,21.56026],[-158.257686,21.560333],[-158.257792,21.560442],[-158.257839,21.560464],[-158.257904,21.560447],[-158.25801,21.560316],[-158.25811,21.560271],[-158.258216,21.560276],[-158.258333,21.560317],[-158.258487,21.560408],[-158.258546,21.560458],[-158.258658,21.560612],[-158.258735,21.560685],[-158.258923,21.560749],[-158.259041,21.560777],[-158.259099,21.56089],[-158.259164,21.560972],[-158.259258,21.561053],[-158.259271,21.561175],[-158.259358,21.561257],[-158.259524,21.561285],[-158.259547,21.561452],[-158.259641,21.561615],[-158.25973,21.561733],[-158.259759,21.561814],[-158.259789,21.562067],[-158.259813,21.562126],[-158.259924,21.562158],[-158.259982,21.562231],[-158.259959,21.562285],[-158.260001,21.562434],[-158.260059,21.562557],[-158.260201,21.562702],[-158.260254,21.562738],[-158.260354,21.562743],[-158.260501,21.562717],[-158.260701,21.562623],[-158.260755,21.562582],[-158.260843,21.562564],[-158.261019,21.562588],[-158.261084,21.562633],[-158.261085,21.562714],[-158.261002,21.562836],[-158.260979,21.562899],[-158.260972,21.563048],[-158.26102,21.563112],[-158.26119,21.563158],[-158.261391,21.563113],[-158.261538,21.563073],[-158.261626,21.563119],[-158.261903,21.563409],[-158.261956,21.563432],[-158.262033,21.563414],[-158.262126,21.563329],[-158.262315,21.563447],[-158.262433,21.563578],[-158.262433,21.563664],[-158.26238,21.563741],[-158.26225,21.563835],[-158.262227,21.563894],[-158.262233,21.563939],[-158.26231,21.56403],[-158.262309,21.564152],[-158.262345,21.564215],[-158.262539,21.564198],[-158.262715,21.564289],[-158.262745,21.564325],[-158.262763,21.564384],[-158.262746,21.564456],[-158.262793,21.564484],[-158.263005,21.564543],[-158.263087,21.564571],[-158.263146,21.564634],[-158.263192,21.564716],[-158.263205,21.564829],[-158.26324,21.564892],[-158.263293,21.564924],[-158.263364,21.56492],[-158.263469,21.564875],[-158.263516,21.564898],[-158.263653,21.564912],[-158.263687,21.56498],[-158.263705,21.565066],[-158.263735,21.565102],[-158.263882,21.565125],[-158.263982,21.565193],[-158.264006,21.565288],[-158.264142,21.565402],[-158.264271,21.565569],[-158.264388,21.565583],[-158.264618,21.565566],[-158.264854,21.565644],[-158.264918,21.565635],[-158.265013,21.565582],[-158.265084,21.565591],[-158.265154,21.565632],[-158.26519,21.565677],[-158.265189,21.565749],[-158.265178,21.565795],[-158.265131,21.565885],[-158.26513,21.565957],[-158.265189,21.565998],[-158.26532,21.565998],[-158.265377,21.56603],[-158.265402,21.566161],[-158.265455,21.566234],[-158.265608,21.566334],[-158.265726,21.566393],[-158.265726,21.566587],[-158.265755,21.566642],[-158.26585,21.566742],[-158.265985,21.566756],[-158.266079,21.566733],[-158.266161,21.56668],[-158.266227,21.566689],[-158.26629,21.566712],[-158.266379,21.566784],[-158.266397,21.566834],[-158.266398,21.567024],[-158.266485,21.56711],[-158.266632,21.567156],[-158.266685,21.567201],[-158.266709,21.567278],[-158.266745,21.567319],[-158.266892,21.56732],[-158.267063,21.567316],[-158.267204,21.56733],[-158.26734,21.567462],[-158.267428,21.567462],[-158.26751,21.567449],[-158.267546,21.56748],[-158.267535,21.567625],[-158.267581,21.567743],[-158.267682,21.567874],[-158.267752,21.567929],[-158.267847,21.567974],[-158.268147,21.568039],[-158.268323,21.568053],[-158.268335,21.568166],[-158.268376,21.568293],[-158.268813,21.568737],[-158.269236,21.569028],[-158.269496,21.569237],[-158.269631,21.569287],[-158.269708,21.569333],[-158.269778,21.569333],[-158.269903,21.569315],[-158.269966,21.569361],[-158.26999,21.569492],[-158.270014,21.569542],[-158.270073,21.569601],[-158.270297,21.56976],[-158.270533,21.569842],[-158.270592,21.569883],[-158.270785,21.570046],[-158.270915,21.570146],[-158.271116,21.57016],[-158.271234,21.570229],[-158.271404,21.570378],[-158.271504,21.570438],[-158.271864,21.570511],[-158.271993,21.57058],[-158.272047,21.570634],[-158.272165,21.570738],[-158.272288,21.570807],[-158.272454,21.570902],[-158.272606,21.570894],[-158.272777,21.570772],[-158.272836,21.5708],[-158.272884,21.570899],[-158.272983,21.570972],[-158.273337,21.571109],[-158.273395,21.571195],[-158.273384,21.571308],[-158.273401,21.571398],[-158.273519,21.571611],[-158.273566,21.571629],[-158.273613,21.571602],[-158.273802,21.571477],[-158.273896,21.571509],[-158.273996,21.571622],[-158.274202,21.571591],[-158.274396,21.571687],[-158.274472,21.571633],[-158.27452,21.571633],[-158.274544,21.571669],[-158.274549,21.571823],[-158.274579,21.571913],[-158.274737,21.572],[-158.27475,21.571997],[-158.274621,21.572284],[-158.275327,21.572562],[-158.275499,21.572628],[-158.275608,21.572678],[-158.275661,21.572708],[-158.275761,21.572773],[-158.275854,21.572846],[-158.275937,21.57293],[-158.276011,21.57302],[-158.276074,21.573118],[-158.276126,21.573222],[-158.276166,21.57333],[-158.276138,21.573346],[-158.275299,21.573124],[-158.274538,21.572918],[-158.274425,21.572911],[-158.274284,21.572919],[-158.274256,21.572923],[-158.274171,21.572919],[-158.274081,21.572921],[-158.274046,21.572914],[-158.273967,21.572918],[-158.273811,21.572917],[-158.273702,21.572926],[-158.273618,21.572928],[-158.273471,21.572939],[-158.273206,21.572947],[-158.272942,21.572959],[-158.272819,21.572947],[-158.272774,21.572952],[-158.272647,21.572978],[-158.272477,21.572991],[-158.272307,21.573011],[-158.272252,21.573006],[-158.272211,21.573017],[-158.272123,21.573028],[-158.272048,21.573048],[-158.271958,21.57308],[-158.271877,21.57307],[-158.271752,21.573067],[-158.271694,21.57306],[-158.271584,21.573037],[-158.27147,21.573001],[-158.271438,21.572985],[-158.271379,21.57298],[-158.271245,21.572937],[-158.271165,21.57292],[-158.271095,21.572877],[-158.271006,21.57287],[-158.270927,21.57287],[-158.270832,21.572876],[-158.270769,21.572887],[-158.270707,21.572892],[-158.270647,21.572905],[-158.270607,21.572902],[-158.270543,21.572886],[-158.270466,21.572875],[-158.270403,21.572854],[-158.270359,21.572834],[-158.270326,21.572829],[-158.270195,21.572765],[-158.270116,21.572742],[-158.270064,21.572742],[-158.269951,21.572757],[-158.26987,21.572762],[-158.269773,21.572759],[-158.269692,21.572743],[-158.269566,21.572686],[-158.269535,21.572668],[-158.269413,21.572627],[-158.269304,21.572604],[-158.269203,21.57259],[-158.26912,21.572573],[-158.269067,21.572576],[-158.269022,21.572589],[-158.268898,21.572588],[-158.268754,21.572581],[-158.268666,21.572567],[-158.268503,21.572503],[-158.268404,21.572471],[-158.268324,21.572453],[-158.26826,21.572455],[-158.268205,21.572448],[-158.268117,21.572411],[-158.268065,21.572398],[-158.267911,21.572325],[-158.267774,21.572263],[-158.267691,21.572231],[-158.26765,21.572222],[-158.267456,21.572203],[-158.267398,21.572183],[-158.267329,21.572151],[-158.26726,21.572112],[-158.267205,21.57206],[-158.267175,21.572046],[-158.267086,21.571992],[-158.266953,21.571885],[-158.266875,21.571837],[-158.266711,21.571753],[-158.266571,21.571698],[-158.266299,21.571632],[-158.266282,21.571622],[-158.266152,21.571606],[-158.266092,21.571595],[-158.266003,21.57156],[-158.265821,21.571453],[-158.26578,21.571417],[-158.265671,21.571306],[-158.265595,21.571206],[-158.265544,21.571113],[-158.265516,21.571077],[-158.265441,21.571011],[-158.265397,21.570932],[-158.265322,21.570826],[-158.265284,21.570789],[-158.26518,21.57071],[-158.265061,21.570646],[-158.265007,21.570621],[-158.264959,21.570607],[-158.26485,21.570564],[-158.264714,21.570532],[-158.264655,21.570522],[-158.264518,21.570515],[-158.264448,21.570495],[-158.264297,21.570467],[-158.264147,21.570405],[-158.264096,21.570355],[-158.26403,21.570226],[-158.264032,21.570158],[-158.264071,21.570116],[-158.264188,21.570028],[-158.264231,21.569988],[-158.264254,21.569913],[-158.264242,21.569882],[-158.264203,21.569845],[-158.264158,21.569816],[-158.264058,21.569766],[-158.263916,21.569708],[-158.263822,21.569663],[-158.263754,21.569622],[-158.26359,21.569542],[-158.263522,21.569504],[-158.263467,21.569454],[-158.263368,21.569388],[-158.263309,21.56934],[-158.263235,21.569263],[-158.26318,21.569213],[-158.263103,21.569156],[-158.262976,21.569079],[-158.262875,21.568977],[-158.262802,21.568945],[-158.262715,21.568861],[-158.262647,21.568802],[-158.262625,21.568772],[-158.262457,21.568605],[-158.262352,21.568523],[-158.262269,21.568448],[-158.262186,21.568412],[-158.262095,21.568355],[-158.262023,21.5683],[-158.261928,21.568243],[-158.261848,21.568216],[-158.2617,21.568136],[-158.261582,21.568097],[-158.261405,21.568058],[-158.261368,21.568042],[-158.261037,21.567953],[-158.260875,21.567927],[-158.260806,21.56792],[-158.260739,21.567895],[-158.260653,21.56789],[-158.260554,21.567876],[-158.260425,21.567867],[-158.260367,21.567869],[-158.260306,21.567862],[-158.260161,21.567856],[-158.260084,21.56784],[-158.260046,21.567838],[-158.259858,21.567808],[-158.259714,21.56778],[-158.259668,21.56778],[-158.259562,21.56775],[-158.259476,21.567736],[-158.259377,21.567704],[-158.259304,21.567674],[-158.259264,21.567665],[-158.259192,21.567633],[-158.259024,21.567581],[-158.258958,21.567555],[-158.258914,21.567517],[-158.2589,21.567472],[-158.258902,21.567406],[-158.258914,21.567363],[-158.258969,21.567251],[-158.259015,21.567192],[-158.25904,21.56714],[-158.259009,21.567066],[-158.258961,21.567045],[-158.25894,21.567025],[-158.258863,21.566993],[-158.258799,21.566981],[-158.258728,21.56696],[-158.25868,21.566935],[-158.258584,21.56691],[-158.258481,21.566871],[-158.25841,21.566833],[-158.258253,21.566766],[-158.258201,21.566726],[-158.258124,21.566682],[-158.258083,21.566653],[-158.257986,21.566573],[-158.257956,21.566537],[-158.257874,21.566485],[-158.257811,21.56641],[-158.257745,21.566364],[-158.257697,21.566342],[-158.257658,21.566314],[-158.257602,21.566301],[-158.257409,21.566241],[-158.257252,21.566204],[-158.257127,21.566168],[-158.257021,21.566133],[-158.256992,21.566113],[-158.256894,21.566063],[-158.256787,21.566001],[-158.256712,21.56594],[-158.256602,21.565833],[-158.256509,21.565702],[-158.256477,21.565684],[-158.256395,21.565611],[-158.256302,21.565561],[-158.256216,21.565529],[-158.25617,21.565504],[-158.256111,21.565461],[-158.256008,21.565417],[-158.255899,21.565376],[-158.255844,21.565363],[-158.255733,21.565344],[-158.255667,21.565312],[-158.255551,21.565289],[-158.255483,21.565268],[-158.255456,21.565268],[-158.255289,21.565238],[-158.255228,21.565233],[-158.255197,21.565222],[-158.254999,21.565181],[-158.254878,21.565166],[-158.25484,21.56515],[-158.254721,21.565134],[-158.254575,21.565097],[-158.254355,21.565017],[-158.254273,21.565008],[-158.254159,21.564967],[-158.254085,21.564928],[-158.254016,21.564899],[-158.253959,21.564882],[-158.253918,21.564878],[-158.253827,21.564857],[-158.253718,21.564827],[-158.253669,21.56482],[-158.253637,21.564825],[-158.253533,21.564822],[-158.253353,21.564846],[-158.253294,21.564837],[-158.253262,21.56481],[-158.253222,21.564755],[-158.253187,21.564662],[-158.253165,21.56459],[-158.253149,21.564515],[-158.25312,21.564416],[-158.253082,21.564303],[-158.253077,21.564267],[-158.253051,21.564203],[-158.252968,21.564049],[-158.252922,21.563979],[-158.252896,21.563954],[-158.252825,21.563863],[-158.252802,21.563827],[-158.252693,21.563734],[-158.252576,21.56365],[-158.252519,21.563616],[-158.252374,21.563491],[-158.252316,21.563464],[-158.252249,21.563416],[-158.252149,21.563334],[-158.252111,21.563309],[-158.252058,21.563261],[-158.251947,21.563209],[-158.251848,21.563145],[-158.251757,21.563098],[-158.251646,21.563011],[-158.251446,21.562821],[-158.251391,21.562728],[-158.251362,21.562687],[-158.251248,21.562549],[-158.251188,21.562478],[-158.251113,21.562417],[-158.251015,21.562315],[-158.250963,21.562283],[-158.250899,21.562226],[-158.250826,21.562176],[-158.250736,21.56214],[-158.250475,21.562017],[-158.250358,21.561973],[-158.250245,21.561955],[-158.250136,21.561968],[-158.250031,21.561986],[-158.249943,21.562019],[-158.249778,21.562115],[-158.249704,21.562151],[-158.249552,21.562232],[-158.249434,21.562306],[-158.249364,21.562358],[-158.249316,21.562371],[-158.249295,21.562391],[-158.249174,21.562447],[-158.249004,21.562453],[-158.24896,21.56246],[-158.24888,21.562426],[-158.248818,21.562369],[-158.248802,21.562339],[-158.248704,21.56224],[-158.248571,21.562149],[-158.24848,21.562105],[-158.248388,21.562091],[-158.248357,21.562082],[-158.248245,21.562066],[-158.248146,21.562077],[-158.248076,21.562095],[-158.247951,21.562178],[-158.247776,21.562263],[-158.247648,21.562303],[-158.247541,21.562359],[-158.247497,21.562395],[-158.247471,21.562426],[-158.247375,21.562512],[-158.24733,21.562559],[-158.247253,21.562615],[-158.247117,21.562707],[-158.247019,21.562757],[-158.246975,21.562774],[-158.24672,21.562974],[-158.246604,21.563055],[-158.246492,21.563122],[-158.246401,21.563187],[-158.246299,21.563201],[-158.246198,21.563171],[-158.246147,21.563125],[-158.246056,21.563068],[-158.245976,21.56303],[-158.245834,21.562936],[-158.245754,21.562898],[-158.245652,21.562796],[-158.245591,21.562748],[-158.245551,21.562691],[-158.24541,21.56253],[-158.245389,21.562503],[-158.245359,21.562408],[-158.245361,21.562363],[-158.245075,21.562233],[-158.244786,21.562116],[-158.243386,21.561565],[-158.241604,21.560848],[-158.23953,21.560021],[-158.238328,21.559532],[-158.237675,21.559696],[-158.23702,21.559851],[-158.236768,21.559915],[-158.236722,21.559892],[-158.236674,21.559885],[-158.23659,21.559887],[-158.236491,21.559839],[-158.236449,21.559785],[-158.236418,21.559731],[-158.236404,21.55962],[-158.236388,21.559568],[-158.236347,21.559466],[-158.236312,21.559414],[-158.236253,21.559362],[-158.236132,21.55935],[-158.235927,21.559351],[-158.23585,21.559389],[-158.234755,21.558765],[-158.234346,21.558533],[-158.232057,21.557377],[-158.22709,21.554152],[-158.22598,21.551795],[-158.226853,21.549427],[-158.22679,21.548564],[-158.226325,21.5471],[-158.239373,21.545168],[-158.239424,21.545207],[-158.23952,21.545289],[-158.23961,21.54538],[-158.239693,21.545473],[-158.239768,21.545572],[-158.239836,21.545677],[-158.239897,21.545785],[-158.239949,21.545898],[-158.239992,21.546012],[-158.240048,21.546211],[-158.24009,21.546403],[-158.240121,21.546597],[-158.240141,21.546791],[-158.240147,21.546913],[-158.240382,21.546906],[-158.240374,21.546765],[-158.240352,21.54656],[-158.240319,21.546354],[-158.240274,21.546151],[-158.24022,21.545961],[-158.240172,21.545832],[-158.240115,21.545705],[-158.240048,21.545583],[-158.239972,21.545465],[-158.239888,21.545352],[-158.239843,21.545297],[-158.239746,21.545193],[-158.239635,21.545091],[-158.239525,21.545002],[-158.238836,21.544488],[-158.238663,21.544352],[-158.238499,21.544209],[-158.238394,21.544109],[-158.238244,21.543953],[-158.23809,21.543774],[-158.236566,21.541894],[-158.236506,21.541822],[-158.236346,21.541651],[-158.236172,21.541492],[-158.236099,21.541433],[-158.233658,21.53957],[-158.232555,21.538637],[-158.232072,21.538226],[-158.230026,21.536299],[-158.23061,21.536195]]]},"properties":{}},{"type":"Feature","geometry":{"type":"Polygon","coordinates":[[[-157.866308,21.558695],[-157.866151,21.558714],[-157.866088,21.55873],[-157.865977,21.558743],[-157.86592,21.558765],[-157.865852,21.5588],[-157.86581,21.55883],[-157.865722,21.558926],[-157.8657,21.558969],[-157.86569,21.559079],[-157.865682,21.559125],[-157.865685,21.559176],[-157.865679,21.559224],[-157.865656,21.559264],[-157.865534,21.559381],[-157.86548,21.559401],[-157.865427,21.559439],[-157.865345,21.559517],[-157.865314,21.559553],[-157.865263,21.559632],[-157.865123,21.559841],[-157.865093,21.5599],[-157.865046,21.559967],[-157.865019,21.56003],[-157.864946,21.560145],[-157.864852,21.560271],[-157.864807,21.560306],[-157.864747,21.560347],[-157.864689,21.560396],[-157.864616,21.56045],[-157.864556,21.560472],[-157.864445,21.560451],[-157.86432,21.560438],[-157.864248,21.560427],[-157.86418,21.560435],[-157.86406,21.560471],[-157.863995,21.560463],[-157.863898,21.560402],[-157.863839,21.560372],[-157.863686,21.558804],[-157.863685,21.558587],[-157.863621,21.558555],[-157.86355,21.5585],[-157.863462,21.558418],[-157.863426,21.558355],[-157.863403,21.558273],[-157.863426,21.558169],[-157.863468,21.55807],[-157.863544,21.557953],[-157.863644,21.557792],[-157.863685,21.557625],[-157.863698,21.557277],[-157.863632,21.557006],[-157.863568,21.556897],[-157.863491,21.556792],[-157.863479,21.556702],[-157.86349,21.556603],[-157.863521,21.55644],[-157.863509,21.556228],[-157.863484,21.555975],[-157.863379,21.555771],[-157.863314,21.555716],[-157.863226,21.555675],[-157.863126,21.555643],[-157.863014,21.555615],[-157.862855,21.555591],[-157.862731,21.555527],[-157.862573,21.555426],[-157.862414,21.555353],[-157.862255,21.555307],[-157.86209,21.555242],[-157.861866,21.555105],[-157.861665,21.555027],[-157.861536,21.554945],[-157.861407,21.554872],[-157.861313,21.554754],[-157.861218,21.554627],[-157.861142,21.554477],[-157.861066,21.554382],[-157.860959,21.554327],[-157.860795,21.55429],[-157.860759,21.554271],[-157.86073,21.55423],[-157.860742,21.553996],[-157.860806,21.553734],[-157.860835,21.553608],[-157.860947,21.553347],[-157.86103,21.553054],[-157.861124,21.552738],[-157.86123,21.552468],[-157.861336,21.552247],[-157.861477,21.552063],[-157.861618,21.55182],[-157.861688,21.551631],[-157.861736,21.551374],[-157.861783,21.551148],[-157.861924,21.550928],[-157.862048,21.550694],[-157.862166,21.550437],[-157.862295,21.550118],[-157.862371,21.549824],[-157.862377,21.549337],[-157.862218,21.549214],[-157.862153,21.549155],[-157.862083,21.549032],[-157.862036,21.548878],[-157.862001,21.548715],[-157.861977,21.548553],[-157.861965,21.548394],[-157.861876,21.548118],[-157.861765,21.547964],[-157.861659,21.547823],[-157.861576,21.54771],[-157.861512,21.54752],[-157.861458,21.547397],[-157.861383,21.547175],[-157.861429,21.546986],[-157.861488,21.546779],[-157.861576,21.546563],[-157.86163,21.546315],[-157.861612,21.546125],[-157.861629,21.545899],[-157.86157,21.545619],[-157.861505,21.545419],[-157.861434,21.545184],[-157.861435,21.545012],[-157.861629,21.544707],[-157.861771,21.544495],[-157.861894,21.544315],[-157.861965,21.544176],[-157.862041,21.544082],[-157.862089,21.543955],[-157.862112,21.54373],[-157.862077,21.543481],[-157.86207,21.543341],[-157.862159,21.543193],[-157.862277,21.543035],[-157.8624,21.542883],[-157.862482,21.542734],[-157.862576,21.542586],[-157.862723,21.542447],[-157.862948,21.542295],[-157.863224,21.542139],[-157.863318,21.542013],[-157.8634,21.541864],[-157.863471,21.541689],[-157.863665,21.541496],[-157.863788,21.541284],[-157.863842,21.541086],[-157.863913,21.540811],[-157.864012,21.540441],[-157.864089,21.540239],[-157.864201,21.540086],[-157.864377,21.539929],[-157.864577,21.539713],[-157.864724,21.539516],[-157.864872,21.539309],[-157.865024,21.53912],[-157.86509,21.53894],[-157.865166,21.538566],[-157.865265,21.538106],[-157.865401,21.537953],[-157.865454,21.537845],[-157.865518,21.537656],[-157.865584,21.53748],[-157.86566,21.537282],[-157.865778,21.537043],[-157.865813,21.536696],[-157.865854,21.536538],[-157.865824,21.53638],[-157.865766,21.536257],[-157.865683,21.536058],[-157.865577,21.535868],[-157.865471,21.535627],[-157.865312,21.535292],[-157.865359,21.53513],[-157.865423,21.534968],[-157.865477,21.534783],[-157.865524,21.534562],[-157.865548,21.534318],[-157.865594,21.534133],[-157.865701,21.533922],[-157.865771,21.533674],[-157.865847,21.533417],[-157.865924,21.533174],[-157.865995,21.533007],[-157.866035,21.53279],[-157.8661,21.532574],[-157.866189,21.532462],[-157.866271,21.53239],[-157.866524,21.532057],[-157.86663,21.53185],[-157.866772,21.531698],[-157.866872,21.531554],[-157.866995,21.531347],[-157.867083,21.531167],[-157.867171,21.531014],[-157.867224,21.530888],[-157.867324,21.530618],[-157.86736,21.530532],[-157.867347,21.53046],[-157.867301,21.530342],[-157.867242,21.530229],[-157.867171,21.530106],[-157.867112,21.529948],[-157.867048,21.52983],[-157.867011,21.529703],[-157.867029,21.529595],[-157.867053,21.5295],[-157.867077,21.529378],[-157.867083,21.529256],[-157.867047,21.529116],[-157.867058,21.52894],[-157.867076,21.52885],[-157.867077,21.528751],[-157.867023,21.528642],[-157.866977,21.528583],[-157.866976,21.528515],[-157.867011,21.528461],[-157.867065,21.528394],[-157.867212,21.528178],[-157.8672,21.528106],[-157.867224,21.528015],[-157.867318,21.527899],[-157.867452,21.527773],[-157.867583,21.527602],[-157.867658,21.527521],[-157.867694,21.527413],[-157.86783,21.527315],[-157.86793,21.527221],[-157.868013,21.527131],[-157.86807,21.527009],[-157.868065,21.526892],[-157.868024,21.526725],[-157.868,21.52658],[-157.867906,21.526408],[-157.867853,21.526254],[-157.867765,21.52605],[-157.867736,21.525973],[-157.8678,21.525901],[-157.867918,21.525793],[-157.868082,21.525663],[-157.868212,21.525524],[-157.868365,21.525327],[-157.868582,21.525093],[-157.868847,21.524869],[-157.869036,21.524658],[-157.869229,21.524465],[-157.869365,21.524263],[-157.869471,21.524011],[-157.869488,21.523884],[-157.869542,21.523673],[-157.869595,21.523415],[-157.869683,21.523082],[-157.869706,21.52301],[-157.869765,21.522915],[-157.869788,21.522861],[-157.869853,21.522618],[-157.869859,21.522573],[-157.869835,21.522401],[-157.869835,21.522265],[-157.869853,21.522116],[-157.869847,21.521958],[-157.869859,21.521827],[-157.869865,21.521719],[-157.869812,21.521479],[-157.869776,21.52133],[-157.869759,21.521158],[-157.869723,21.520878],[-157.8697,21.520661],[-157.869652,21.520502],[-157.869605,21.520317],[-157.86957,21.520001],[-157.869552,21.519824],[-157.869546,21.519653],[-157.869547,21.519323],[-157.869552,21.519224],[-157.869529,21.519065],[-157.869493,21.51888],[-157.869463,21.518541],[-157.869464,21.518419],[-157.86947,21.518301],[-157.869528,21.51813],[-157.869711,21.517725],[-157.869835,21.517663],[-157.870059,21.51756],[-157.870422,21.517332],[-157.870771,21.517095],[-157.871035,21.516916],[-157.871217,21.516746],[-157.871465,21.516608],[-157.871717,21.516433],[-157.872005,21.516268],[-157.872218,21.516134],[-157.872429,21.515946],[-157.872583,21.515766],[-157.872747,21.515681],[-157.872964,21.515538],[-157.873129,21.515286],[-157.873348,21.514999],[-157.87353,21.514856],[-157.873759,21.514654],[-157.873965,21.51438],[-157.874101,21.514191],[-157.874148,21.514047],[-157.874254,21.513898],[-157.874389,21.513728],[-157.874524,21.513561],[-157.874695,21.513382],[-157.874806,21.513211],[-157.874947,21.513027],[-157.875441,21.512506],[-157.875565,21.512606],[-157.875613,21.512634],[-157.875735,21.512693],[-157.875824,21.51273],[-157.875959,21.512799],[-157.876107,21.512813],[-157.876236,21.512819],[-157.876378,21.51282],[-157.876478,21.512807],[-157.876866,21.5128],[-157.877077,21.512829],[-157.87722,21.512861],[-157.877331,21.51293],[-157.877455,21.513057],[-157.877596,21.513225],[-157.877743,21.513411],[-157.877978,21.513698],[-157.878113,21.513834],[-157.878261,21.514002],[-157.878449,21.51418],[-157.878602,21.51433],[-157.878755,21.514462],[-157.878932,21.514571],[-157.879086,21.514694],[-157.879273,21.514813],[-157.879408,21.514927],[-157.879585,21.515023],[-157.879744,21.515078],[-157.87988,21.515097],[-157.880021,21.515107],[-157.880144,21.515103],[-157.880292,21.515041],[-157.880415,21.514947],[-157.880573,21.514867],[-157.880821,21.514783],[-157.881074,21.514739],[-157.881333,21.514619],[-157.881486,21.514561],[-157.881633,21.514486],[-157.881827,21.514419],[-157.881987,21.514375],[-157.882162,21.514268],[-157.882439,21.514179],[-157.882728,21.514163],[-157.882999,21.514088],[-157.883221,21.514036],[-157.883434,21.514005],[-157.883599,21.514029],[-157.883745,21.513994],[-157.884023,21.513851],[-157.884222,21.51378],[-157.884369,21.513686],[-157.884546,21.513615],[-157.884788,21.513572],[-157.885199,21.513579],[-157.88541,21.513549],[-157.885581,21.513469],[-157.885729,21.513406],[-157.885805,21.513439],[-157.885923,21.513462],[-157.88647,21.513579],[-157.886688,21.513643],[-157.886812,21.513626],[-157.886858,21.513604],[-157.886941,21.513496],[-157.887071,21.513266],[-157.887177,21.512987],[-157.887252,21.512689],[-157.887359,21.512392],[-157.887387,21.512085],[-157.887376,21.511855],[-157.887341,21.511543],[-157.8873,21.511262],[-157.887341,21.511073],[-157.887294,21.510779],[-157.88727,21.510553],[-157.887317,21.510377],[-157.88741,21.510184],[-157.887564,21.509954],[-157.887711,21.50972],[-157.887728,21.509522],[-157.887716,21.509314],[-157.88767,21.509092],[-157.88767,21.508934],[-157.887693,21.508686],[-157.887746,21.50846],[-157.88784,21.50828],[-157.887934,21.508096],[-157.888051,21.50797],[-157.888216,21.507876],[-157.888381,21.507733],[-157.888545,21.507562],[-157.88868,21.507401],[-157.88884,21.506941],[-157.888911,21.506801],[-157.889075,21.506581],[-157.889204,21.506428],[-157.889422,21.506245],[-157.889634,21.506138],[-157.889817,21.506035],[-157.889993,21.505864],[-157.890087,21.505712],[-157.890239,21.505545],[-157.890428,21.505407],[-157.89064,21.5052],[-157.890769,21.505052],[-157.890893,21.504823],[-157.891051,21.504598],[-157.891281,21.504419],[-157.89147,21.504311],[-157.891657,21.504195],[-157.891904,21.50412],[-157.892157,21.50405],[-157.892446,21.50392],[-157.892617,21.503754],[-157.89304,21.503378],[-157.893287,21.503217],[-157.893788,21.503035],[-157.894446,21.50271],[-157.894634,21.502661],[-157.894793,21.502635],[-157.895035,21.502655],[-157.895376,21.502666],[-157.89547,21.502635],[-157.895594,21.502586],[-157.895888,21.502426],[-157.8963,21.502248],[-157.896694,21.502038],[-157.897265,21.50178],[-157.897541,21.501637],[-157.897847,21.501345],[-157.89797,21.501364],[-157.898236,21.501515],[-157.89843,21.501548],[-157.8987,21.501527],[-157.8989,21.501574],[-157.899166,21.50172],[-157.899489,21.501808],[-157.899666,21.501832],[-157.899766,21.501814],[-157.900154,21.501686],[-157.900607,21.501558],[-157.900895,21.501519],[-157.901367,21.501572],[-157.901743,21.501678],[-157.90179,21.50181],[-157.901889,21.501887],[-157.902172,21.501993],[-157.902236,21.502102],[-157.902425,21.502333],[-157.902725,21.502552],[-157.903279,21.502962],[-157.903372,21.503076],[-157.903443,21.503203],[-157.903466,21.503343],[-157.90346,21.5037],[-157.90346,21.504025],[-157.903602,21.504274],[-157.903713,21.504411],[-157.904019,21.504665],[-157.904089,21.504734],[-157.904478,21.505066],[-157.904613,21.505243],[-157.904754,21.505375],[-157.904977,21.505562],[-157.905348,21.505862],[-157.90556,21.506139],[-157.905725,21.506601],[-157.905878,21.506855],[-157.906502,21.507649],[-157.906666,21.507836],[-157.906813,21.507923],[-157.906995,21.507969],[-157.907131,21.508019],[-157.907219,21.508106],[-157.907396,21.508468],[-157.907583,21.508741],[-157.907648,21.508877],[-157.90766,21.508981],[-157.907512,21.509689],[-157.907259,21.510112],[-157.907242,21.510166],[-157.907253,21.510292],[-157.907389,21.510474],[-157.90766,21.51076],[-157.907918,21.511015],[-157.908077,21.511133],[-157.908413,21.511258],[-157.909059,21.511614],[-157.909242,21.511828],[-157.90933,21.512072],[-157.909383,21.512172],[-157.909424,21.512366],[-157.909554,21.512625],[-157.909707,21.512811],[-157.90993,21.512957],[-157.910207,21.513076],[-157.910548,21.513173],[-157.911225,21.51329],[-157.911296,21.513345],[-157.911354,21.513431],[-157.911448,21.513658],[-157.91166,21.51384],[-157.911907,21.513963],[-157.912066,21.514123],[-157.912261,21.51439],[-157.912684,21.514922],[-157.912866,21.515234],[-157.913001,21.515737],[-157.913118,21.516022],[-157.913289,21.516281],[-157.913649,21.516617],[-157.91386,21.516732],[-157.91466,21.516958],[-157.914814,21.517031],[-157.914913,21.517375],[-157.914896,21.517863],[-157.914906,21.51855],[-157.914972,21.518853],[-157.915007,21.518925],[-157.915089,21.519025],[-157.915212,21.519107],[-157.91546,21.519362],[-157.916089,21.520518],[-157.91616,21.520676],[-157.916213,21.521006],[-157.916224,21.521314],[-157.916347,21.521956],[-157.91643,21.522223],[-157.916565,21.522531],[-157.916547,21.522802],[-157.916494,21.523005],[-157.916523,21.523299],[-157.916548,21.523407],[-157.916641,21.523787],[-157.916523,21.523958],[-157.915993,21.524307],[-157.915593,21.524494],[-157.915458,21.524525],[-157.915234,21.524632],[-157.914781,21.525058],[-157.914563,21.525246],[-157.914469,21.525286],[-157.914417,21.52534],[-157.913974,21.525586],[-157.913787,21.525652],[-157.913622,21.525746],[-157.913539,21.525836],[-157.913433,21.525916],[-157.912915,21.526324],[-157.912503,21.526624],[-157.91225,21.526857],[-157.911968,21.527158],[-157.91149,21.527625],[-157.911149,21.527911],[-157.910796,21.528121],[-157.910589,21.528332],[-157.910266,21.528746],[-157.91013,21.529052],[-157.910007,21.529381],[-157.909965,21.529439],[-157.909901,21.529489],[-157.909747,21.529555],[-157.90953,21.529586],[-157.909306,21.529602],[-157.909141,21.529628],[-157.908864,21.529794],[-157.908387,21.53017],[-157.908052,21.530321],[-157.907781,21.53036],[-157.907499,21.530381],[-157.907016,21.530554],[-157.906675,21.530597],[-157.906474,21.530695],[-157.905815,21.531192],[-157.905603,21.531322],[-157.905356,21.531446],[-157.904962,21.531493],[-157.904273,21.531421],[-157.903844,21.531378],[-157.903573,21.531426],[-157.903267,21.531586],[-157.90286,21.531918],[-157.902666,21.532034],[-157.902265,21.532198],[-157.902036,21.532328],[-157.901929,21.532526],[-157.901871,21.532616],[-157.901795,21.532783],[-157.901635,21.532967],[-157.901453,21.533038],[-157.901312,21.533077],[-157.900888,21.533111],[-157.900553,21.533118],[-157.900382,21.533175],[-157.900263,21.533242],[-157.899916,21.533655],[-157.899816,21.533795],[-157.89971,21.533898],[-157.899516,21.534208],[-157.899275,21.534862],[-157.899139,21.535281],[-157.89891,21.535763],[-157.898632,21.536195],[-157.898438,21.53641],[-157.898261,21.536581],[-157.898126,21.536652],[-157.897985,21.536755],[-157.89769,21.537051],[-157.897608,21.537163],[-157.897555,21.537299],[-157.897484,21.537822],[-157.897484,21.538382],[-157.897454,21.538694],[-157.897448,21.539466],[-157.897489,21.539751],[-157.897494,21.539981],[-157.897435,21.540347],[-157.897383,21.540545],[-157.897263,21.540788],[-157.897128,21.541402],[-157.897062,21.541785],[-157.897021,21.542083],[-157.896916,21.542448],[-157.896815,21.542809],[-157.896639,21.543151],[-157.896528,21.543295],[-157.896298,21.543505],[-157.896015,21.543738],[-157.895739,21.543913],[-157.895327,21.544109],[-157.895022,21.544269],[-157.894657,21.544484],[-157.894368,21.544717],[-157.894162,21.544941],[-157.893974,21.54508],[-157.893626,21.54524],[-157.893315,21.545405],[-157.893115,21.545521],[-157.892991,21.545606],[-157.892932,21.545705],[-157.892932,21.545922],[-157.892955,21.546148],[-157.892962,21.546392],[-157.89295,21.546573],[-157.892832,21.547141],[-157.892838,21.547444],[-157.892809,21.547823],[-157.892833,21.54808],[-157.892745,21.548306],[-157.892704,21.548459],[-157.892651,21.548757],[-157.89261,21.548928],[-157.892644,21.549104],[-157.892622,21.549249],[-157.892562,21.54933],[-157.892434,21.549528],[-157.892204,21.549784],[-157.892051,21.54999],[-157.891928,21.550211],[-157.89198,21.55036],[-157.892022,21.550537],[-157.892039,21.550681],[-157.891962,21.550875],[-157.891845,21.550965],[-157.891639,21.551144],[-157.891498,21.551346],[-157.891434,21.551517],[-157.891368,21.551747],[-157.89128,21.551986],[-157.891257,21.55218],[-157.891187,21.552397],[-157.891157,21.552509],[-157.891103,21.552581],[-157.890869,21.552769],[-157.890639,21.552944],[-157.890509,21.553038],[-157.890398,21.553155],[-157.890327,21.553262],[-157.890245,21.553361],[-157.890121,21.553537],[-157.890033,21.553816],[-157.890021,21.553992],[-157.890021,21.554096],[-157.890015,21.554222],[-157.890039,21.554299],[-157.890098,21.554449],[-157.890056,21.554521],[-157.889897,21.554664],[-157.889792,21.554795],[-157.889621,21.554933],[-157.889503,21.555041],[-157.889439,21.555108],[-157.889344,21.555302],[-157.889326,21.555428],[-157.889327,21.555614],[-157.88934,21.555934],[-157.889339,21.556052],[-157.889344,21.556232],[-157.889322,21.556363],[-157.889269,21.556512],[-157.889156,21.556701],[-157.889092,21.55685],[-157.889056,21.556958],[-157.888968,21.557147],[-157.888886,21.557354],[-157.888774,21.557548],[-157.888681,21.557651],[-157.888551,21.557745],[-157.888374,21.557915],[-157.888292,21.558055],[-157.888238,21.558194],[-157.888204,21.558325],[-157.888204,21.558596],[-157.888222,21.558809],[-157.888227,21.558908],[-157.888227,21.559039],[-157.888269,21.559215],[-157.888274,21.559315],[-157.888299,21.559478],[-157.888327,21.559645],[-157.888346,21.559771],[-157.888387,21.559912],[-157.888392,21.559989],[-157.888381,21.560034],[-157.888187,21.560231],[-157.888069,21.560303],[-157.887974,21.56037],[-157.887728,21.560535],[-157.887656,21.560575],[-157.887522,21.560665],[-157.887439,21.560709],[-157.88731,21.560763],[-157.887151,21.560856],[-157.887068,21.560937],[-157.886944,21.561045],[-157.886809,21.56117],[-157.886715,21.561292],[-157.88658,21.561503],[-157.886368,21.5618],[-157.886251,21.561943],[-157.886127,21.562119],[-157.88605,21.562249],[-157.88598,21.562407],[-157.885909,21.562542],[-157.885792,21.562776],[-157.885715,21.562852],[-157.885597,21.562924],[-157.885433,21.562986],[-157.88525,21.563048],[-157.885009,21.563177],[-157.884914,21.563244],[-157.884655,21.56345],[-157.884526,21.563517],[-157.88432,21.563597],[-157.884067,21.563654],[-157.883925,21.563694],[-157.88372,21.56376],[-157.883584,21.563822],[-157.883526,21.563876],[-157.883437,21.564002],[-157.883331,21.564137],[-157.883214,21.56429],[-157.883036,21.56441],[-157.882831,21.564572],[-157.882701,21.564697],[-157.882555,21.564863],[-157.882414,21.565021],[-157.88226,21.565182],[-157.882119,21.565294],[-157.881984,21.565379],[-157.881842,21.56545],[-157.881677,21.565548],[-157.881571,21.565638],[-157.881459,21.56571],[-157.881371,21.565759],[-157.881247,21.565808],[-157.880989,21.56586],[-157.880853,21.565891],[-157.880724,21.565949],[-157.880583,21.566047],[-157.880501,21.566064],[-157.880301,21.566031],[-157.8801,21.566062],[-157.879959,21.566074],[-157.879758,21.566077],[-157.879547,21.56609],[-157.879299,21.566074],[-157.879246,21.566056],[-157.879194,21.566019],[-157.879087,21.56591],[-157.878952,21.56576],[-157.878786,21.565619],[-157.878652,21.565514],[-157.878552,21.565478],[-157.878469,21.565436],[-157.878363,21.565341],[-157.878204,21.565073],[-157.878068,21.564955],[-157.877928,21.564868],[-157.877774,21.564777],[-157.877621,21.564631],[-157.877438,21.56449],[-157.877256,21.564317],[-157.877026,21.564175],[-157.876821,21.564088],[-157.876614,21.564005],[-157.876461,21.563986],[-157.876231,21.563994],[-157.875813,21.564027],[-157.875542,21.564066],[-157.875436,21.564083],[-157.875313,21.564096],[-157.875083,21.564131],[-157.874833,21.564163],[-157.874818,21.564029],[-157.874831,21.563932],[-157.874834,21.563869],[-157.874827,21.563758],[-157.874832,21.563636],[-157.874848,21.563589],[-157.874845,21.563521],[-157.874847,21.563354],[-157.874838,21.563307],[-157.874798,21.563218],[-157.8748,21.563167],[-157.874783,21.563112],[-157.874772,21.56299],[-157.874792,21.562871],[-157.874816,21.562828],[-157.874862,21.562781],[-157.874901,21.56272],[-157.874951,21.56268],[-157.874998,21.56263],[-157.875065,21.562543],[-157.875103,21.562514],[-157.875151,21.562453],[-157.875203,21.56241],[-157.875335,21.562289],[-157.87538,21.562188],[-157.875434,21.562082],[-157.875489,21.561895],[-157.875529,21.561794],[-157.875539,21.56167],[-157.875537,21.56162],[-157.875523,21.561561],[-157.875527,21.561494],[-157.875517,21.56139],[-157.875526,21.561329],[-157.875497,21.561213],[-157.87549,21.561139],[-157.875491,21.561087],[-157.875463,21.560899],[-157.875463,21.560852],[-157.875449,21.560766],[-157.875443,21.5607],[-157.875431,21.560644],[-157.875434,21.560486],[-157.875465,21.560359],[-157.875514,21.560256],[-157.87555,21.560204],[-157.875582,21.560107],[-157.87562,21.560078],[-157.875699,21.559993],[-157.875743,21.559962],[-157.875818,21.55984],[-157.875896,21.55975],[-157.875917,21.559705],[-157.875955,21.559642],[-157.875989,21.559545],[-157.876033,21.559507],[-157.876063,21.559467],[-157.876032,21.559412],[-157.875985,21.559315],[-157.875927,21.559163],[-157.875863,21.559082],[-157.87587,21.559027],[-157.875891,21.558933],[-157.875916,21.558885],[-157.875924,21.558834],[-157.875943,21.558786],[-157.875816,21.55874],[-157.875833,21.558679],[-157.875984,21.558719],[-157.876061,21.55864],[-157.876156,21.558487],[-157.876193,21.558445],[-157.876258,21.558445],[-157.876365,21.558482],[-157.87643,21.558492],[-157.876479,21.55849],[-157.87648,21.558429],[-157.876457,21.558198],[-157.87645,21.558049],[-157.876383,21.55789],[-157.87637,21.557843],[-157.876374,21.557784],[-157.876354,21.557723],[-157.876238,21.55751],[-157.876177,21.557406],[-157.876157,21.557356],[-157.876059,21.557195],[-157.876017,21.557136],[-157.87593,21.557027],[-157.875859,21.556943],[-157.875793,21.556875],[-157.875651,21.556765],[-157.875482,21.556631],[-157.875351,21.55654],[-157.87525,21.556474],[-157.875067,21.556364],[-157.874881,21.556277],[-157.874657,21.556189],[-157.874533,21.556143],[-157.874452,21.55612],[-157.874238,21.556044],[-157.873934,21.555945],[-157.873796,21.555908],[-157.873653,21.555862],[-157.873482,21.555818],[-157.873342,21.55579],[-157.873228,21.555775],[-157.873093,21.555754],[-157.873035,21.555733],[-157.872957,21.555713],[-157.87288,21.555699],[-157.872697,21.555679],[-157.872597,21.555681],[-157.872352,21.555704],[-157.872222,21.555681],[-157.872169,21.555687],[-157.872097,21.555704],[-157.872018,21.555711],[-157.871882,21.555705],[-157.871875,21.555484],[-157.871812,21.555488],[-157.871661,21.55548],[-157.871465,21.555456],[-157.871301,21.555457],[-157.871096,21.555474],[-157.870955,21.555475],[-157.870814,21.555483],[-157.870758,21.555499],[-157.870671,21.555512],[-157.870607,21.555532],[-157.870549,21.55554],[-157.870423,21.555578],[-157.870349,21.555622],[-157.87024,21.555674],[-157.870187,21.555685],[-157.870114,21.555718],[-157.870059,21.555733],[-157.869997,21.555767],[-157.869838,21.555827],[-157.869737,21.555898],[-157.869596,21.555976],[-157.869481,21.556025],[-157.869361,21.556067],[-157.869303,21.556067],[-157.869248,21.556044],[-157.869231,21.555981],[-157.86926,21.555922],[-157.869312,21.555884],[-157.869343,21.555848],[-157.869435,21.555795],[-157.869492,21.555754],[-157.86961,21.555681],[-157.869649,21.555649],[-157.869768,21.55553],[-157.86983,21.555479],[-157.869984,21.555383],[-157.870049,21.555349],[-157.870097,21.555309],[-157.870192,21.555237],[-157.870248,21.555181],[-157.870339,21.555117],[-157.870455,21.555054],[-157.870514,21.555034],[-157.870647,21.555003],[-157.870749,21.554973],[-157.87082,21.554923],[-157.870876,21.554822],[-157.870891,21.554703],[-157.870889,21.554626],[-157.870875,21.554571],[-157.870629,21.554396],[-157.87058,21.554427],[-157.870387,21.554448],[-157.870313,21.554468],[-157.87015,21.554528],[-157.870079,21.55455],[-157.869945,21.554599],[-157.869862,21.554612],[-157.869796,21.554636],[-157.869628,21.55471],[-157.869561,21.554763],[-157.869437,21.554878],[-157.869279,21.555017],[-157.869214,21.555113],[-157.869169,21.555142],[-157.869099,21.555219],[-157.869051,21.555259],[-157.868972,21.555346],[-157.86894,21.555396],[-157.868893,21.555486],[-157.868856,21.555544],[-157.868835,21.555596],[-157.868802,21.555659],[-157.868777,21.555729],[-157.868765,21.555785],[-157.868768,21.55593],[-157.868763,21.555993],[-157.868794,21.556258],[-157.868791,21.556319],[-157.868803,21.55638],[-157.868799,21.556429],[-157.868799,21.556529],[-157.868812,21.556669],[-157.868832,21.556712],[-157.868842,21.556764],[-157.868909,21.556934],[-157.868934,21.556981],[-157.868989,21.557106],[-157.86903,21.557181],[-157.869075,21.557287],[-157.86911,21.557355],[-157.869167,21.557527],[-157.869226,21.557627],[-157.869325,21.557774],[-157.869365,21.557827],[-157.86939,21.557876],[-157.869387,21.557928],[-157.869349,21.557964],[-157.869296,21.557991],[-157.869149,21.558031],[-157.869091,21.558064],[-157.868873,21.558105],[-157.868691,21.558149],[-157.868388,21.558238],[-157.868264,21.558286],[-157.868181,21.558308],[-157.868053,21.558348],[-157.867928,21.558402],[-157.867866,21.558424],[-157.867809,21.558435],[-157.867753,21.558457],[-157.867644,21.558481],[-157.867486,21.558502],[-157.867378,21.558538],[-157.867279,21.558548],[-157.867208,21.558573],[-157.867067,21.558597],[-157.867006,21.558617],[-157.866931,21.558627],[-157.866878,21.55864],[-157.866728,21.558653],[-157.866665,21.558682],[-157.866596,21.558697],[-157.866471,21.558699],[-157.866393,21.558691],[-157.866308,21.558695]]]},"properties":{}},{"type":"Feature","geometry":{"type":"Polygon","coordinates":[[[-158.178627,21.416527],[-158.177111,21.416732],[-158.177077,21.416518],[-158.178537,21.416317],[-158.178627,21.416527]]]},"properties":{}},{"type":"Feature","geometry":{"type":"Polygon","coordinates":[[[-158.119753,21.567292],[-158.119671,21.567296],[-158.119655,21.567248],[-158.119607,21.567209],[-158.119545,21.567202],[-158.119506,21.567216],[-158.119475,21.567245],[-158.119438,21.567261],[-158.119393,21.567263],[-158.119372,21.566901],[-158.11936,21.566641],[-158.119716,21.566625],[-158.119723,21.566767],[-158.119741,21.567097],[-158.120093,21.567083],[-158.120095,21.567115],[-158.119744,21.567129],[-158.119753,21.567292]]]},"properties":{}},{"type":"Feature","geometry":{"type":"Polygon","coordinates":[[[-157.854061,21.557373],[-157.854012,21.55735],[-157.85394,21.557302],[-157.853776,21.557228],[-157.853604,21.557171],[-157.853555,21.557145],[-157.853388,21.557077],[-157.853262,21.556983],[-157.853221,21.556969],[-157.853162,21.556939],[-157.85305,21.556875],[-157.852951,21.556827],[-157.85289,21.556807],[-157.85282,21.55677],[-157.852782,21.556738],[-157.852695,21.556699],[-157.852588,21.556617],[-157.852546,21.556594],[-157.852471,21.556535],[-157.8524,21.556492],[-157.852356,21.556451],[-157.852323,21.55643],[-157.85219,21.5563],[-157.852639,21.555843],[-157.853636,21.556432],[-157.854183,21.55675],[-157.85422,21.556773],[-157.854336,21.556835],[-157.854557,21.556931],[-157.854572,21.557618],[-157.854544,21.557602],[-157.854486,21.557586],[-157.854408,21.557549],[-157.854331,21.557523],[-157.854225,21.557455],[-157.854146,21.557421],[-157.854061,21.557373]]]},"properties":{}},{"type":"Feature","geometry":{"type":"Polygon","coordinates":[[[-157.856356,21.557454],[-157.85635,21.557472],[-157.856052,21.557434],[-157.855732,21.557475],[-157.855793,21.557292],[-157.856073,21.557375],[-157.856356,21.557454]]]},"properties":{}},{"type":"Feature","geometry":{"type":"Polygon","coordinates":[[[-157.846645,21.546637],[-157.846677,21.546637],[-157.846565,21.547215],[-157.846474,21.547648],[-157.846446,21.547833],[-157.846438,21.548009],[-157.84644,21.548115],[-157.846453,21.548255],[-157.846463,21.548325],[-157.846492,21.548463],[-157.84652,21.548565],[-157.846661,21.549029],[-157.846703,21.549155],[-157.84674,21.549248],[-157.846811,21.549396],[-157.846862,21.549486],[-157.846918,21.549575],[-157.847118,21.549852],[-157.846811,21.550003],[-157.846722,21.549844],[-157.84666,21.549756],[-157.846645,21.549663],[-157.846616,21.549575],[-157.846614,21.549523],[-157.846573,21.549421],[-157.846539,21.549281],[-157.846459,21.54907],[-157.846445,21.548941],[-157.846419,21.548806],[-157.846402,21.548695],[-157.846372,21.54857],[-157.846356,21.548439],[-157.846355,21.54839],[-157.846339,21.548281],[-157.84632,21.548193],[-157.84632,21.548139],[-157.846363,21.547943],[-157.846386,21.547868],[-157.846404,21.547778],[-157.846431,21.547677],[-157.846438,21.547629],[-157.846476,21.547539],[-157.846485,21.547499],[-157.846488,21.547426],[-157.846523,21.547302],[-157.846542,21.547255],[-157.846563,21.547169],[-157.846563,21.547129],[-157.846602,21.546921],[-157.846642,21.546671],[-157.846645,21.546637]]]},"properties":{}},{"type":"Feature","geometry":{"type":"Polygon","coordinates":[[[-158.002712,21.505905],[-158.002744,21.505903],[-158.003105,21.505657],[-158.003126,21.505625],[-158.003236,21.50577],[-158.003225,21.505811],[-158.00286,21.506059],[-158.002821,21.506057],[-158.002777,21.505989],[-158.002712,21.505905]]]},"properties":{}},{"type":"Feature","geometry":{"type":"Polygon","coordinates":[[[-157.846677,21.546637],[-157.846645,21.546637],[-157.846634,21.546569],[-157.846636,21.546538],[-157.846618,21.546276],[-157.846618,21.546192],[-157.846592,21.546115],[-157.846436,21.545866],[-157.846304,21.545682],[-157.846195,21.545595],[-157.84637,21.545517],[-157.846625,21.546036],[-157.846663,21.546143],[-157.846693,21.546278],[-157.846702,21.546387],[-157.846697,21.546511],[-157.846677,21.546637]]]},"properties":{}},{"type":"Feature","geometry":{"type":"Polygon","coordinates":[[[-157.846195,21.545595],[-157.845953,21.545401],[-157.846253,21.545268],[-157.84637,21.545517],[-157.846195,21.545595]]]},"properties":{}},{"type":"Feature","geometry":{"type":"Polygon","coordinates":[[[-157.845953,21.545401],[-157.845753,21.545237],[-157.84571,21.545255],[-157.845658,21.545214],[-157.845611,21.545187],[-157.845579,21.54513],[-157.845569,21.54508],[-157.84553,21.545003],[-157.845515,21.544949],[-157.845488,21.54489],[-157.845824,21.544721],[-157.846063,21.544962],[-157.846106,21.545014],[-157.846182,21.545125],[-157.846227,21.545211],[-157.846253,21.545268],[-157.845953,21.545401]]]},"properties":{}},{"type":"Feature","geometry":{"type":"Polygon","coordinates":[[[-158.23061,21.536195],[-158.228965,21.534433],[-158.22952,21.534069],[-158.229929,21.534329],[-158.23061,21.536195]]]},"properties":{}},{"type":"Feature","geometry":{"type":"Polygon","coordinates":[[[-158.228547,21.533988],[-158.228459,21.533513],[-158.228521,21.532574],[-158.228559,21.532789],[-158.228674,21.532771],[-158.228721,21.53304],[-158.228913,21.533012],[-158.228714,21.531882],[-158.228712,21.530583],[-158.228477,21.530078],[-158.229051,21.529907],[-158.229758,21.533865],[-158.228856,21.534319],[-158.228547,21.533988]]]},"properties":{}},{"type":"Feature","geometry":{"type":"Polygon","coordinates":[[[-158.228362,21.529791],[-158.228245,21.52954],[-158.228025,21.528129],[-158.228227,21.528038],[-158.228124,21.527678],[-158.228104,21.527513],[-158.227763,21.527606],[-158.227771,21.527342],[-158.227919,21.527311],[-158.227882,21.527128],[-158.228263,21.527202],[-158.22832,21.527561],[-158.22837,21.527704],[-158.228552,21.527666],[-158.228502,21.527522],[-158.228683,21.527484],[-158.228626,21.527125],[-158.228789,21.526979],[-158.228936,21.52702],[-158.229034,21.529385],[-158.22886,21.529621],[-158.228362,21.529791]]]},"properties":{}},{"type":"Feature","geometry":{"type":"Polygon","coordinates":[[[-158.228504,21.526679],[-158.228513,21.52656],[-158.227992,21.52662],[-158.227531,21.524195],[-158.227499,21.524012],[-158.227475,21.523826],[-158.227457,21.523641],[-158.227447,21.523456],[-158.227443,21.523271],[-158.227443,21.523178],[-158.22745,21.522993],[-158.227463,21.522808],[-158.227473,21.522715],[-158.227497,21.522532],[-158.227527,21.522347],[-158.227545,21.522257],[-158.227586,21.522077],[-158.227634,21.521896],[-158.227729,21.52158],[-158.227754,21.52149],[-158.227799,21.521307],[-158.227819,21.521217],[-158.227853,21.521032],[-158.227881,21.520847],[-158.227892,21.520754],[-158.22791,21.520569],[-158.22792,21.520384],[-158.227924,21.520194],[-158.227923,21.519115],[-158.228705,21.519247],[-158.228793,21.523982],[-158.229369,21.524287],[-158.229545,21.526648],[-158.228504,21.526679]]]},"properties":{}},{"type":"Feature","geometry":{"type":"Polygon","coordinates":[[[-158.035724,21.505482],[-158.035319,21.504567],[-158.036964,21.503931],[-158.037368,21.504846],[-158.035724,21.505482]]]},"properties":{}},{"type":"Feature","geometry":{"type":"Polygon","coordinates":[[[-158.230381,21.500253],[-158.23039,21.500291],[-158.230373,21.500307],[-158.230367,21.500352],[-158.230367,21.500431],[-158.230354,21.500449],[-158.230352,21.500515],[-158.230338,21.500528],[-158.230345,21.500576],[-158.230333,21.500643],[-158.230321,21.500666],[-158.230324,21.500727],[-158.230306,21.500747],[-158.230313,21.500783],[-158.230283,21.500878],[-158.23028,21.500916],[-158.230254,21.500955],[-158.230257,21.501009],[-158.23024,21.501043],[-158.230239,21.501113],[-158.230213,21.501149],[-158.230204,21.501268],[-158.230194,21.501298],[-158.230195,21.501374],[-158.230181,21.501404],[-158.230196,21.501447],[-158.230178,21.501467],[-158.230185,21.501501],[-158.230172,21.501512],[-158.230173,21.501555],[-158.230194,21.50156],[-158.230179,21.5016],[-158.230154,21.501625],[-158.230156,21.501691],[-158.230163,21.501715],[-158.230142,21.501749],[-158.230155,21.501776],[-158.230126,21.501853],[-158.23013,21.501873],[-158.230112,21.501903],[-158.230108,21.501979],[-158.230113,21.502022],[-158.23009,21.50204],[-158.230121,21.502092],[-158.230106,21.502144],[-158.230129,21.502212],[-158.230146,21.502282],[-158.230145,21.502352],[-158.230151,21.50242],[-158.230167,21.502472],[-158.230158,21.502522],[-158.230167,21.502547],[-158.230149,21.502565],[-158.23016,21.50272],[-158.23018,21.502786],[-158.230162,21.502804],[-158.23016,21.502851],[-158.230171,21.502865],[-158.230153,21.502908],[-158.230178,21.502949],[-158.230161,21.503041],[-158.230142,21.503089],[-158.230174,21.5031],[-158.23016,21.50317],[-158.230164,21.503211],[-158.23015,21.503287],[-158.230151,21.503337],[-158.23012,21.503436],[-158.230131,21.503457],[-158.230115,21.503515],[-158.230123,21.503542],[-158.230099,21.503563],[-158.230087,21.503592],[-158.230095,21.503617],[-158.230069,21.503671],[-158.230064,21.503703],[-158.23007,21.50375],[-158.230054,21.503795],[-158.230057,21.503852],[-158.230074,21.503865],[-158.230072,21.503899],[-158.23005,21.503922],[-158.23006,21.503942],[-158.230023,21.503996],[-158.230038,21.504019],[-158.230024,21.504064],[-158.230028,21.504095],[-158.230022,21.504183],[-158.23,21.504233],[-158.230011,21.504281],[-158.23,21.504337],[-158.230011,21.50436],[-158.229988,21.504411],[-158.230002,21.504463],[-158.229981,21.504472],[-158.229975,21.504499],[-158.229985,21.504531],[-158.229974,21.504626],[-158.229945,21.504698],[-158.229948,21.504734],[-158.229918,21.504788],[-158.229924,21.504811],[-158.229901,21.504888],[-158.229918,21.504922],[-158.22988,21.504951],[-158.229876,21.504996],[-158.22984,21.505054],[-158.229831,21.505136],[-158.229813,21.505147],[-158.229768,21.505244],[-158.229764,21.505266],[-158.22973,21.505314],[-158.2297,21.505393],[-158.229702,21.505474],[-158.229681,21.505487],[-158.22969,21.505533],[-158.22966,21.505589],[-158.229676,21.505639],[-158.2296,21.505625],[-158.229449,21.505604],[-158.229453,21.505572],[-158.229338,21.505558],[-158.229448,21.504565],[-158.229723,21.502066],[-158.229762,21.50175],[-158.229778,21.501553],[-158.229794,21.501291],[-158.229801,21.50116],[-158.229806,21.500894],[-158.229805,21.500763],[-158.229801,21.500632],[-158.230022,21.500012],[-158.229751,21.500058],[-158.229717,21.49983],[-158.229019,21.495253],[-158.228894,21.494437],[-158.228874,21.494285],[-158.228845,21.493989],[-158.228834,21.49384],[-158.228821,21.493542],[-158.228819,21.493244],[-158.228822,21.493095],[-158.228837,21.492797],[-158.228863,21.492499],[-158.228894,21.492246],[-158.229262,21.489625],[-158.229382,21.489637],[-158.229459,21.489088],[-158.229338,21.489086],[-158.229529,21.487731],[-158.229564,21.487463],[-158.229578,21.487327],[-158.229599,21.487056],[-158.229608,21.486785],[-158.229609,21.486514],[-158.229606,21.486381],[-158.229592,21.486119],[-158.229568,21.485855],[-158.229533,21.485586],[-158.229512,21.485448],[-158.22946,21.485172],[-158.22943,21.485034],[-158.229362,21.484756],[-158.229289,21.484475],[-158.229263,21.484335],[-158.229199,21.484107],[-158.229157,21.48398],[-158.229127,21.483903],[-158.229076,21.48379],[-158.229042,21.483724],[-158.229065,21.483716],[-158.229435,21.483597],[-158.229701,21.483515],[-158.230245,21.483341],[-158.230507,21.483259],[-158.230989,21.483105],[-158.230972,21.483155],[-158.230975,21.483223],[-158.230883,21.48369],[-158.230889,21.483735],[-158.230851,21.483995],[-158.230842,21.484047],[-158.230818,21.484092],[-158.230817,21.484114],[-158.230766,21.484159],[-158.230709,21.484238],[-158.230676,21.484315],[-158.230654,21.484351],[-158.230652,21.48443],[-158.230666,21.484452],[-158.230653,21.484484],[-158.230661,21.484554],[-158.23067,21.48459],[-158.230664,21.484619],[-158.230653,21.484744],[-158.230639,21.484762],[-158.230652,21.484789],[-158.230633,21.484829],[-158.230647,21.484861],[-158.230648,21.484906],[-158.230638,21.484967],[-158.230638,21.485046],[-158.230655,21.485098],[-158.230655,21.485238],[-158.230683,21.485329],[-158.230708,21.485374],[-158.230711,21.48541],[-158.230683,21.485455],[-158.23069,21.485478],[-158.230649,21.485536],[-158.230623,21.485615],[-158.230598,21.48566],[-158.230562,21.485705],[-158.230508,21.485809],[-158.230463,21.48585],[-158.230466,21.485892],[-158.230444,21.485922],[-158.230416,21.485998],[-158.230396,21.486012],[-158.23038,21.486075],[-158.230372,21.486174],[-158.230358,21.486226],[-158.23038,21.48631],[-158.230352,21.486328],[-158.230342,21.486378],[-158.230319,21.486414],[-158.230325,21.486454],[-158.230317,21.486481],[-158.230322,21.486517],[-158.230311,21.486533],[-158.230313,21.486615],[-158.230297,21.486698],[-158.230301,21.486727],[-158.230282,21.486815],[-158.230267,21.486836],[-158.230267,21.486874],[-158.230243,21.48689],[-158.230253,21.486926],[-158.230222,21.486969],[-158.230217,21.487012],[-158.230231,21.487041],[-158.230216,21.487084],[-158.23023,21.487129],[-158.230219,21.487158],[-158.230221,21.487192],[-158.230191,21.487226],[-158.230189,21.487289],[-158.230203,21.487316],[-158.230238,21.487452],[-158.230256,21.48747],[-158.230248,21.487504],[-158.230265,21.487531],[-158.23026,21.487558],[-158.230273,21.487615],[-158.23027,21.487642],[-158.230249,21.487662],[-158.230256,21.487701],[-158.230242,21.487735],[-158.23022,21.487834],[-158.23021,21.487854],[-158.230174,21.488037],[-158.230155,21.488181],[-158.230158,21.488213],[-158.230141,21.488245],[-158.230133,21.488364],[-158.230121,21.488396],[-158.230121,21.488434],[-158.230101,21.488543],[-158.230102,21.488622],[-158.23009,21.488692],[-158.230094,21.488777],[-158.230077,21.488838],[-158.230074,21.488922],[-158.230051,21.488987],[-158.230048,21.489039],[-158.230055,21.489209],[-158.230049,21.489349],[-158.230039,21.489391],[-158.230033,21.489504],[-158.229997,21.489701],[-158.229962,21.489791],[-158.22993,21.489904],[-158.22995,21.489942],[-158.229946,21.490069],[-158.22989,21.490274],[-158.229858,21.49031],[-158.229848,21.490382],[-158.229786,21.49045],[-158.229761,21.490517],[-158.229721,21.490551],[-158.229687,21.490614],[-158.229668,21.490686],[-158.229624,21.490763],[-158.229628,21.490804],[-158.22965,21.490835],[-158.229651,21.490957],[-158.229646,21.490987],[-158.229662,21.491036],[-158.229668,21.491111],[-158.2297,21.491152],[-158.229701,21.491179],[-158.229736,21.491299],[-158.229758,21.491344],[-158.229759,21.491376],[-158.229776,21.49143],[-158.229806,21.491482],[-158.229831,21.491591],[-158.229859,21.491591],[-158.229861,21.491634],[-158.229876,21.491658],[-158.229881,21.491695],[-158.229901,21.491772],[-158.229923,21.491828],[-158.22995,21.491869],[-158.229951,21.491912],[-158.22997,21.491995],[-158.229966,21.492041],[-158.229988,21.492079],[-158.23001,21.492194],[-158.230029,21.492244],[-158.230022,21.492298],[-158.230033,21.49238],[-158.230052,21.49242],[-158.230051,21.492445],[-158.230016,21.49252],[-158.230025,21.49256],[-158.230011,21.49263],[-158.22998,21.492687],[-158.229982,21.492757],[-158.229959,21.492811],[-158.22994,21.49282],[-158.229946,21.492879],[-158.229939,21.492903],[-158.229951,21.49293],[-158.229947,21.492958],[-158.229919,21.49303],[-158.229895,21.493106],[-158.229904,21.493143],[-158.229889,21.493156],[-158.229891,21.493217],[-158.229903,21.493242],[-158.229914,21.493317],[-158.229944,21.49338],[-158.229948,21.493423],[-158.229944,21.493534],[-158.229931,21.493576],[-158.229939,21.493613],[-158.229945,21.493701],[-158.229958,21.493744],[-158.229943,21.493766],[-158.229946,21.493823],[-158.229966,21.49385],[-158.229973,21.493891],[-158.229962,21.493924],[-158.229963,21.493994],[-158.229969,21.49404],[-158.22996,21.494076],[-158.229967,21.494141],[-158.229951,21.494189],[-158.22996,21.494211],[-158.229954,21.494338],[-158.229958,21.494378],[-158.229941,21.494412],[-158.229954,21.494442],[-158.229947,21.494464],[-158.229977,21.494546],[-158.229964,21.494579],[-158.229962,21.49462],[-158.229991,21.494697],[-158.229977,21.494729],[-158.230003,21.494851],[-158.230001,21.494873],[-158.230032,21.494973],[-158.230027,21.495013],[-158.230038,21.495047],[-158.230055,21.495163],[-158.23005,21.495183],[-158.230071,21.495242],[-158.230074,21.495307],[-158.230113,21.495377],[-158.230113,21.4954],[-158.230133,21.495457],[-158.230161,21.495563],[-158.230138,21.495626],[-158.230148,21.495653],[-158.230136,21.495673],[-158.230134,21.495737],[-158.230142,21.495786],[-158.230129,21.495807],[-158.230136,21.495888],[-158.230146,21.495897],[-158.230145,21.495956],[-158.230158,21.495983],[-158.230162,21.496066],[-158.230176,21.496107],[-158.230176,21.496148],[-158.230243,21.496211],[-158.230231,21.496248],[-158.230234,21.496286],[-158.230199,21.496333],[-158.230173,21.496385],[-158.230101,21.496425],[-158.230039,21.49645],[-158.23002,21.496497],[-158.229988,21.496526],[-158.229971,21.496596],[-158.229967,21.496698],[-158.229946,21.496709],[-158.229957,21.496736],[-158.229952,21.496834],[-158.229961,21.496899],[-158.229952,21.496955],[-158.229967,21.497071],[-158.229935,21.497089],[-158.229944,21.497125],[-158.229925,21.497141],[-158.229928,21.49719],[-158.229907,21.497204],[-158.229934,21.497247],[-158.229965,21.497276],[-158.229939,21.49729],[-158.229921,21.497326],[-158.22994,21.497342],[-158.229945,21.497396],[-158.229931,21.497473],[-158.229929,21.497525],[-158.229919,21.497547],[-158.229935,21.497615],[-158.229923,21.497696],[-158.229929,21.497753],[-158.229917,21.497784],[-158.229926,21.497811],[-158.229911,21.497861],[-158.229922,21.497897],[-158.229943,21.498085],[-158.229931,21.498128],[-158.229949,21.498144],[-158.229942,21.498171],[-158.229958,21.498209],[-158.229985,21.498245],[-158.229974,21.498313],[-158.229994,21.498347],[-158.229992,21.498372],[-158.230012,21.498424],[-158.230025,21.498507],[-158.230014,21.498532],[-158.230022,21.498568],[-158.230043,21.498609],[-158.230056,21.498679],[-158.230051,21.498697],[-158.23009,21.498738],[-158.230069,21.498779],[-158.230098,21.498808],[-158.230101,21.498835],[-158.230082,21.498847],[-158.230127,21.498901],[-158.230125,21.498948],[-158.23015,21.498969],[-158.230144,21.498994],[-158.230158,21.499028],[-158.230151,21.499055],[-158.230167,21.499089],[-158.230201,21.499125],[-158.230205,21.499152],[-158.23023,21.499172],[-158.230229,21.49922],[-158.230241,21.499256],[-158.230267,21.499272],[-158.230272,21.499297],[-158.2303,21.499344],[-158.230304,21.499403],[-158.230333,21.499448],[-158.230313,21.499471],[-158.23034,21.499485],[-158.230353,21.499541],[-158.230367,21.499557],[-158.230394,21.499654],[-158.230392,21.499681],[-158.230417,21.499736],[-158.23041,21.499758],[-158.230416,21.499794],[-158.2304,21.499849],[-158.230411,21.499892],[-158.230407,21.499946],[-158.230415,21.499968],[-158.230392,21.499982],[-158.230406,21.500036],[-158.230388,21.500104],[-158.230389,21.500187],[-158.230381,21.500253]]]},"properties":{}},{"type":"Feature","geometry":{"type":"Polygon","coordinates":[[[-157.848621,21.489995],[-157.848667,21.489899],[-157.848708,21.489768],[-157.848717,21.489705],[-157.848737,21.489662],[-157.848784,21.489538],[-157.848808,21.489486],[-157.84893,21.48937],[-157.849014,21.48926],[-157.849063,21.48921],[-157.849084,21.489181],[-157.849123,21.489145],[-157.849171,21.489091],[-157.849217,21.489028],[-157.849267,21.48897],[-157.849324,21.488862],[-157.849375,21.488797],[-157.849444,21.488736],[-157.849529,21.488696],[-157.849606,21.488713],[-157.84966,21.48874],[-157.84973,21.488811],[-157.849747,21.488833],[-157.849758,21.488912],[-157.849755,21.488973],[-157.849742,21.488994],[-157.849707,21.489057],[-157.849672,21.489171],[-157.849665,21.489205],[-157.849666,21.489266],[-157.849658,21.489352],[-157.849671,21.4894],[-157.849728,21.489499],[-157.84976,21.489567],[-157.849795,21.489662],[-157.849838,21.489733],[-157.849871,21.489828],[-157.849902,21.489882],[-157.849913,21.489986],[-157.849387,21.490048],[-157.849353,21.49005],[-157.849146,21.490076],[-157.849173,21.490315],[-157.848787,21.490367],[-157.848718,21.49012],[-157.848621,21.489995]]]},"properties":{}},{"type":"Feature","geometry":{"type":"Polygon","coordinates":[[[-157.840027,21.508847],[-157.84006,21.509245],[-157.840065,21.509329],[-157.84012,21.50941],[-157.840249,21.509612],[-157.840461,21.509953],[-157.840514,21.510041],[-157.840595,21.510166],[-157.841241,21.511214],[-157.841881,21.512244],[-157.842102,21.512593],[-157.842101,21.513221],[-157.842096,21.5133],[-157.842106,21.51335],[-157.842108,21.51344],[-157.842162,21.513504],[-157.842192,21.513531],[-157.842334,21.513692],[-157.84236,21.513717],[-157.842766,21.514156],[-157.842969,21.514381],[-157.843034,21.514456],[-157.843454,21.514416],[-157.843885,21.514376],[-157.844079,21.514353],[-157.844214,21.514557],[-157.84443,21.514879],[-157.844106,21.515078],[-157.843978,21.515158],[-157.843896,21.515205],[-157.843814,21.515247],[-157.843686,21.515307],[-157.843599,21.515345],[-157.843421,21.515409],[-157.843239,21.515462],[-157.843146,21.515484],[-157.842959,21.515519],[-157.842817,21.515536],[-157.84251,21.515563],[-157.841873,21.515618],[-157.841727,21.515635],[-157.841582,21.515656],[-157.841437,21.515682],[-157.841294,21.515713],[-157.841152,21.515748],[-157.841011,21.515788],[-157.840872,21.515832],[-157.840711,21.515889],[-157.83991,21.516193],[-157.839363,21.516399],[-157.838473,21.516739],[-157.837941,21.516938],[-157.836605,21.517444],[-157.836498,21.517486],[-157.83639,21.517539],[-157.83626,21.517615],[-157.836211,21.517649],[-157.836069,21.517758],[-157.835961,21.517859],[-157.835863,21.517969],[-157.835691,21.517837],[-157.835664,21.517844],[-157.8356,21.517879],[-157.835546,21.51789],[-157.835481,21.517919],[-157.835438,21.517925],[-157.835385,21.517954],[-157.835338,21.517965],[-157.835266,21.517992],[-157.835264,21.517956],[-157.835291,21.517915],[-157.83536,21.517902],[-157.835423,21.51786],[-157.835441,21.517828],[-157.835452,21.517765],[-157.83545,21.517709],[-157.835437,21.517652],[-157.835437,21.517456],[-157.835424,21.517334],[-157.83544,21.517169],[-157.835451,21.517104],[-157.835477,21.517034],[-157.835509,21.516901],[-157.835547,21.516813],[-157.835583,21.516623],[-157.835595,21.516511],[-157.835578,21.516334],[-157.835578,21.516206],[-157.835585,21.516138],[-157.835599,21.516063],[-157.835603,21.515892],[-157.835597,21.515783],[-157.835602,21.515693],[-157.835594,21.51563],[-157.835596,21.515472],[-157.835571,21.515341],[-157.835569,21.515232],[-157.835554,21.515094],[-157.835547,21.514923],[-157.835553,21.514844],[-157.835548,21.514661],[-157.835534,21.514539],[-157.83551,21.514423],[-157.83547,21.514303],[-157.835425,21.514197],[-157.835397,21.514145],[-157.835325,21.514031],[-157.835309,21.513975],[-157.835255,21.513823],[-157.835214,21.513676],[-157.835213,21.513619],[-157.835188,21.513533],[-157.835179,21.513463],[-157.835147,21.513287],[-157.835141,21.513233],[-157.835146,21.513111],[-157.835135,21.513],[-157.835135,21.51293],[-157.835129,21.512874],[-157.835095,21.512699],[-157.835086,21.512589],[-157.835061,21.512509],[-157.835043,21.512471],[-157.835001,21.512342],[-157.834986,21.512242],[-157.834967,21.512186],[-157.834948,21.512109],[-157.83493,21.511991],[-157.8349,21.51184],[-157.834875,21.511756],[-157.834848,21.51169],[-157.834809,21.51157],[-157.834753,21.511446],[-157.834738,21.511378],[-157.834722,21.511337],[-157.834695,21.511224],[-157.834678,21.511127],[-157.834649,21.511036],[-157.834625,21.510975],[-157.834611,21.510869],[-157.834578,21.510778],[-157.834568,21.510677],[-157.834567,21.510589],[-157.834545,21.510487],[-157.834529,21.51043],[-157.834519,21.510295],[-157.834499,21.510229],[-157.83449,21.510121],[-157.834453,21.509987],[-157.83442,21.509912],[-157.834382,21.509777],[-157.834375,21.509675],[-157.834388,21.509616],[-157.83439,21.50958],[-157.83441,21.509492],[-157.834428,21.509463],[-157.834444,21.509409],[-157.834552,21.509331],[-157.834625,21.50929],[-157.834677,21.509268],[-157.834768,21.509217],[-157.834806,21.509181],[-157.834901,21.509109],[-157.834949,21.509078],[-157.835081,21.509016],[-157.835111,21.509007],[-157.835204,21.508996],[-157.835269,21.508974],[-157.835307,21.508972],[-157.835391,21.508953],[-157.835542,21.508983],[-157.83559,21.508986],[-157.835661,21.509002],[-157.835737,21.509041],[-157.835883,21.509101],[-157.835992,21.509131],[-157.8361,21.509147],[-157.836151,21.509163],[-157.83625,21.509173],[-157.836311,21.509171],[-157.83646,21.509157],[-157.836547,21.509139],[-157.836589,21.509119],[-157.836647,21.509074],[-157.836724,21.509025],[-157.836765,21.508992],[-157.836831,21.508947],[-157.836874,21.508925],[-157.836968,21.508855],[-157.837085,21.508782],[-157.837122,21.508746],[-157.837223,21.50867],[-157.837308,21.508625],[-157.837376,21.508567],[-157.837405,21.508551],[-157.837473,21.508502],[-157.837606,21.50839],[-157.837688,21.508357],[-157.837848,21.508274],[-157.837898,21.508259],[-157.838017,21.508233],[-157.838134,21.50822],[-157.838186,21.508223],[-157.838283,21.508239],[-157.838365,21.508278],[-157.838427,21.508328],[-157.838481,21.508403],[-157.838565,21.50848],[-157.838579,21.508487],[-157.838713,21.508619],[-157.838754,21.508649],[-157.838768,21.508678],[-157.838822,21.508758],[-157.838894,21.508849],[-157.838955,21.508899],[-157.839063,21.508938],[-157.839232,21.508957],[-157.83933,21.50896],[-157.839446,21.508945],[-157.839652,21.508962],[-157.839709,21.508938],[-157.839745,21.508943],[-157.83981,21.508923],[-157.839872,21.508912],[-157.839936,21.508876],[-157.839996,21.50885],[-157.840027,21.508847]]]},"properties":{}},{"type":"Feature","geometry":{"type":"Polygon","coordinates":[[[-158.019833,21.511546],[-158.019657,21.511588],[-158.019116,21.511712],[-158.019082,21.511714],[-158.019037,21.511673],[-158.01896,21.511379],[-158.018966,21.511343],[-158.019011,21.511316],[-158.019342,21.511236],[-158.019728,21.511148],[-158.019833,21.511546]]]},"properties":{}},{"type":"Feature","geometry":{"type":"Polygon","coordinates":[[[-157.840514,21.510041],[-157.840461,21.509953],[-157.840249,21.509612],[-157.84012,21.50941],[-157.840065,21.509329],[-157.84006,21.509245],[-157.840027,21.508847],[-157.840085,21.508828],[-157.840176,21.508776],[-157.840228,21.50872],[-157.840303,21.508682],[-157.840394,21.508669],[-157.840466,21.508638],[-157.840524,21.508634],[-157.840632,21.50859],[-157.840671,21.508583],[-157.840739,21.508557],[-157.840853,21.508496],[-157.841007,21.508439],[-157.841045,21.508435],[-157.841099,21.508408],[-157.841183,21.50839],[-157.841232,21.508393],[-157.84127,21.508373],[-157.841323,21.50836],[-157.841382,21.508356],[-157.841499,21.508314],[-157.841532,21.508293],[-157.841595,21.508278],[-157.841624,21.50826],[-157.841712,21.508222],[-157.841893,21.508154],[-157.841976,21.508136],[-157.842052,21.508112],[-157.842148,21.508124],[-157.842222,21.508111],[-157.842268,21.508095],[-157.842379,21.508098],[-157.842467,21.508092],[-157.842492,21.508104],[-157.842329,21.508155],[-157.842225,21.508208],[-157.842157,21.508221],[-157.84207,21.508263],[-157.842022,21.508295],[-157.841967,21.508317],[-157.841905,21.508368],[-157.841862,21.508388],[-157.841791,21.508442],[-157.841766,21.508467],[-157.841643,21.508678],[-157.841383,21.508814],[-157.841141,21.508815],[-157.840791,21.508977],[-157.840695,21.509229],[-157.840539,21.50963],[-157.840523,21.509935],[-157.840514,21.510041]]]},"properties":{}},{"type":"Feature","geometry":{"type":"Polygon","coordinates":[[[-158.020431,21.510757],[-158.020436,21.510787],[-158.020425,21.510811],[-158.020393,21.510831],[-158.019563,21.511021],[-158.018975,21.511157],[-158.018941,21.511153],[-158.018913,21.511128],[-158.018905,21.511098],[-158.01891,21.510997],[-158.018921,21.510936],[-158.018944,21.510866],[-158.018951,21.510816],[-158.018982,21.510742],[-158.019023,21.510674],[-158.019062,21.51062],[-158.019126,21.510551],[-158.019176,21.510506],[-158.01923,21.510466],[-158.019312,21.510416],[-158.019413,21.510372],[-158.019533,21.510339],[-158.019657,21.510323],[-158.019755,21.510324],[-158.019878,21.510341],[-158.019932,21.510354],[-158.020036,21.510391],[-158.020143,21.510446],[-158.020249,21.510523],[-158.020311,21.510583],[-158.020367,21.510651],[-158.0204,21.510698],[-158.020431,21.510757]]]},"properties":{}},{"type":"Feature","geometry":{"type":"Polygon","coordinates":[[[-158.027129,21.510462],[-158.026839,21.510533],[-158.026606,21.509641],[-158.026606,21.509617],[-158.026627,21.509585],[-158.026651,21.509574],[-158.026827,21.509537],[-158.027027,21.50949],[-158.027236,21.509437],[-158.027529,21.509351],[-158.027795,21.510315],[-158.027129,21.510462]]]},"properties":{}},{"type":"Feature","geometry":{"type":"Polygon","coordinates":[[[-157.999175,21.50681],[-157.998919,21.506381],[-157.998924,21.506239],[-157.999193,21.505852],[-157.999006,21.505447],[-157.999584,21.505213],[-158.000095,21.506325],[-157.999175,21.50681]]]},"properties":{}},{"type":"Feature","geometry":{"type":"Polygon","coordinates":[[[-157.866343,21.500066],[-157.866744,21.501058],[-157.866459,21.50417],[-157.86607,21.505653],[-157.865851,21.505507],[-157.862423,21.503551],[-157.861157,21.50164],[-157.859764,21.500104],[-157.859548,21.499866],[-157.859176,21.499499],[-157.857232,21.498912],[-157.859764,21.498695],[-157.859826,21.498691],[-157.860834,21.498607],[-157.866298,21.500054],[-157.866343,21.500066]]]},"properties":{}},{"type":"Feature","geometry":{"type":"Polygon","coordinates":[[[-157.849353,21.49005],[-157.849387,21.490048],[-157.849913,21.489986],[-157.849922,21.490045],[-157.849733,21.490157],[-157.849423,21.49024],[-157.849353,21.49005]]]},"properties":{}},{"type":"Feature","geometry":{"type":"Polygon","coordinates":[[[-157.749989,21.426548],[-157.749744,21.426341],[-157.750912,21.425125],[-157.751086,21.425276],[-157.751251,21.425415],[-157.751554,21.425674],[-157.751452,21.425777],[-157.750558,21.426701],[-157.750385,21.426883],[-157.750006,21.426562],[-157.749989,21.426548]]]},"properties":{}},{"type":"Feature","geometry":{"type":"Polygon","coordinates":[[[-157.749989,21.426548],[-157.750006,21.426562],[-157.749795,21.42677],[-157.74978,21.426756],[-157.749989,21.426548]]]},"properties":{}},{"type":"Feature","geometry":{"type":"Polygon","coordinates":[[[-158.022263,21.499331],[-158.022531,21.499075],[-158.022516,21.499052],[-158.022798,21.498902],[-158.023115,21.498764],[-158.023155,21.498859],[-158.02303,21.499057],[-158.022755,21.499467],[-158.022582,21.499732],[-158.02246,21.499917],[-158.022394,21.5],[-158.022168,21.50027],[-158.02187,21.500058],[-158.021258,21.500743],[-158.021429,21.501029],[-158.021381,21.501047],[-158.021349,21.501071],[-158.020587,21.501428],[-158.019901,21.501747],[-158.019372,21.501999],[-158.01918,21.502086],[-158.019021,21.502539],[-158.01869,21.503497],[-158.018586,21.50379],[-158.018243,21.503953],[-158.018141,21.503997],[-158.017819,21.504109],[-158.017621,21.503958],[-158.017575,21.503823],[-158.017406,21.503943],[-158.017153,21.503922],[-158.016767,21.503895],[-158.016274,21.503862],[-158.015548,21.503817],[-158.015195,21.503795],[-158.014972,21.503776],[-158.014761,21.503761],[-158.01445,21.503741],[-158.013872,21.503706],[-158.013649,21.503693],[-158.013021,21.503651],[-158.012973,21.503048],[-158.012943,21.502637],[-158.013115,21.502712],[-158.013261,21.50279],[-158.013525,21.502922],[-158.013648,21.502973],[-158.013775,21.503014],[-158.013918,21.503049],[-158.013999,21.503063],[-158.014114,21.503077],[-158.014582,21.503109],[-158.015252,21.503156],[-158.015805,21.503191],[-158.016208,21.503218],[-158.016314,21.503221],[-158.016405,21.503213],[-158.016512,21.503191],[-158.016621,21.503153],[-158.016687,21.503122],[-158.016759,21.503079],[-158.017228,21.502741],[-158.017671,21.502412],[-158.018075,21.502116],[-158.018201,21.502017],[-158.018276,21.501979],[-158.018366,21.501905],[-158.018559,21.501739],[-158.018862,21.501483],[-158.01907,21.501302],[-158.019239,21.501172],[-158.019414,21.501053],[-158.019651,21.50093],[-158.019924,21.500785],[-158.020263,21.500606],[-158.020593,21.500428],[-158.020811,21.500298],[-158.020961,21.500199],[-158.021102,21.500221],[-158.021207,21.500167],[-158.021349,21.499978],[-158.021476,21.49999],[-158.022012,21.499668],[-158.022157,21.499432],[-158.022263,21.499331]]]},"properties":{}},{"type":"Feature","geometry":{"type":"Polygon","coordinates":[[[-158.020044,21.494841],[-158.020048,21.494785],[-158.020073,21.494706],[-158.02011,21.494623],[-158.020175,21.494519],[-158.020359,21.494303],[-158.020449,21.494223],[-158.020469,21.494175],[-158.020465,21.494128],[-158.02041,21.494044],[-158.020401,21.493985],[-158.020416,21.493847],[-158.020456,21.493782],[-158.020522,21.493737],[-158.020597,21.493704],[-158.020679,21.493695],[-158.020777,21.493694],[-158.020794,21.493664],[-158.020759,21.493536],[-158.020756,21.493447],[-158.020774,21.49338],[-158.020787,21.493305],[-158.020795,21.493226],[-158.020809,21.493179],[-158.020888,21.493112],[-158.020955,21.493069],[-158.020973,21.493049],[-158.020976,21.493015],[-158.020941,21.492979],[-158.020889,21.492954],[-158.020845,21.492944],[-158.020798,21.492958],[-158.020713,21.492892],[-158.020641,21.492844],[-158.020635,21.492803],[-158.020641,21.492753],[-158.020601,21.492667],[-158.020575,21.492633],[-158.020527,21.492619],[-158.020508,21.492572],[-158.020507,21.492522],[-158.020533,21.492484],[-158.020598,21.492439],[-158.020665,21.492442],[-158.020686,21.492408],[-158.020666,21.49237],[-158.02066,21.492295],[-158.020686,21.492223],[-158.020685,21.492182],[-158.020634,21.492114],[-158.020575,21.492055],[-158.020506,21.492041],[-158.020527,21.491908],[-158.020526,21.49182],[-158.020506,21.49165],[-158.020494,21.49151],[-158.020497,21.491318],[-158.020534,21.491109],[-158.020551,21.49093],[-158.020561,21.490795],[-158.020605,21.490623],[-158.02064,21.49042],[-158.020691,21.490197],[-158.02073,21.490032],[-158.020783,21.489904],[-158.020941,21.489611],[-158.021015,21.489485],[-158.021111,21.489368],[-158.021222,21.489245],[-158.021338,21.489148],[-158.021463,21.489063],[-158.021561,21.489014],[-158.021664,21.488967],[-158.021757,21.488938],[-158.021866,21.488867],[-158.021951,21.488779],[-158.021998,21.488669],[-158.022038,21.488613],[-158.022108,21.488559],[-158.022176,21.488559],[-158.022263,21.488571],[-158.022356,21.488605],[-158.022549,21.488699],[-158.022636,21.488761],[-158.022739,21.488847],[-158.022931,21.489024],[-158.023022,21.489099],[-158.023121,21.48915],[-158.02339,21.489246],[-158.023547,21.48929],[-158.023693,21.489336],[-158.023819,21.489389],[-158.023919,21.489452],[-158.024065,21.489589],[-158.024197,21.489721],[-158.024288,21.489802],[-158.024389,21.489862],[-158.024514,21.48993],[-158.02462,21.489981],[-158.024772,21.490029],[-158.024867,21.490005],[-158.024965,21.489964],[-158.025016,21.489915],[-158.025055,21.489843],[-158.025057,21.48978],[-158.025009,21.489653],[-158.024958,21.489549],[-158.02487,21.489408],[-158.024812,21.489363],[-158.02477,21.489299],[-158.024772,21.489229],[-158.024792,21.489153],[-158.024826,21.489076],[-158.02487,21.48902],[-158.024923,21.488966],[-158.024988,21.488951],[-158.025075,21.488949],[-158.02516,21.488967],[-158.025233,21.488993],[-158.025321,21.489041],[-158.025408,21.489098],[-158.025463,21.489179],[-158.025526,21.489263],[-158.025616,21.489422],[-158.025675,21.489519],[-158.025748,21.489621],[-158.025814,21.489748],[-158.02589,21.48981],[-158.026,21.48988],[-158.026118,21.489917],[-158.026247,21.489931],[-158.02636,21.489923],[-158.026594,21.489886],[-158.026726,21.48988],[-158.026866,21.489894],[-158.02703,21.489931],[-158.027118,21.48997],[-158.027218,21.490021],[-158.027364,21.490114],[-158.027423,21.490162],[-158.027506,21.490255],[-158.027573,21.490312],[-158.027636,21.490391],[-158.027681,21.490479],[-158.027739,21.490651],[-158.027749,21.490726],[-158.027732,21.490841],[-158.027712,21.490918],[-158.027681,21.491003],[-158.027606,21.491087],[-158.027485,21.491178],[-158.027378,21.49125],[-158.027309,21.491315],[-158.02726,21.491378],[-158.027231,21.491443],[-158.027217,21.491518],[-158.027214,21.491588],[-158.027228,21.491672],[-158.027292,21.491826],[-158.027371,21.49186],[-158.027405,21.491912],[-158.027146,21.492017],[-158.02707,21.492046],[-158.026442,21.492297],[-158.025449,21.492691],[-158.025139,21.492816],[-158.025079,21.492838],[-158.024513,21.49169],[-158.023722,21.491979],[-158.023647,21.492019],[-158.02358,21.492066],[-158.02354,21.492111],[-158.023526,21.492149],[-158.02362,21.492355],[-158.024054,21.493248],[-158.023731,21.493374],[-158.02341,21.493504],[-158.023289,21.493315],[-158.023148,21.493007],[-158.023113,21.492967],[-158.02307,21.492941],[-158.022962,21.492927],[-158.022821,21.492942],[-158.022688,21.492964],[-158.022406,21.492987],[-158.022263,21.493016],[-158.022137,21.493049],[-158.022005,21.493093],[-158.021881,21.493151],[-158.021835,21.493203],[-158.021792,21.493282],[-158.021752,21.493385],[-158.021728,21.493476],[-158.021742,21.4936],[-158.021741,21.49369],[-158.021717,21.493738],[-158.02167,21.493783],[-158.02158,21.493847],[-158.0215,21.493901],[-158.021447,21.493951],[-158.021427,21.494011],[-158.021434,21.494088],[-158.021473,21.494274],[-158.021296,21.494343],[-158.020044,21.494841]]]},"properties":{}},{"type":"Feature","geometry":{"type":"Polygon","coordinates":[[[-158.037464,21.49482],[-158.037356,21.493939],[-158.037691,21.493803],[-158.038065,21.493654],[-158.038292,21.49415],[-158.038422,21.494435],[-158.037464,21.49482]]]},"properties":{}},{"type":"Feature","geometry":{"type":"Polygon","coordinates":[[[-157.857232,21.498912],[-157.857205,21.498914],[-157.855806,21.499318],[-157.854687,21.499618],[-157.854085,21.499783],[-157.854321,21.499148],[-157.854196,21.498862],[-157.853976,21.498944],[-157.853709,21.498285],[-157.853593,21.497997],[-157.853458,21.497669],[-157.8539,21.49751],[-157.854328,21.497472],[-157.854321,21.496844],[-157.854315,21.495981],[-157.854497,21.49598],[-157.854534,21.495996],[-157.854558,21.496037],[-157.854682,21.49604],[-157.854707,21.495995],[-157.854736,21.495984],[-157.854735,21.495864],[-157.854836,21.495865],[-157.854833,21.495549],[-157.854825,21.49472],[-157.854909,21.494791],[-157.854931,21.49482],[-157.854974,21.494838],[-157.855036,21.494823],[-157.855057,21.494891],[-157.855118,21.494912],[-157.855219,21.494937],[-157.855287,21.49496],[-157.855472,21.494957],[-157.855497,21.494953],[-157.855549,21.494917],[-157.855601,21.494843],[-157.855667,21.494787],[-157.855703,21.494746],[-157.855799,21.494663],[-157.855864,21.494583],[-157.855894,21.494535],[-157.855926,21.494459],[-157.855845,21.494463],[-157.85578,21.494494],[-157.855705,21.494518],[-157.855642,21.494522],[-157.855561,21.494551],[-157.855456,21.494568],[-157.855342,21.49457],[-157.855269,21.494558],[-157.855168,21.494492],[-157.855077,21.494464],[-157.854986,21.494396],[-157.854945,21.494353],[-157.854887,21.494219],[-157.854885,21.494144],[-157.8549,21.494086],[-157.854899,21.494007],[-157.854882,21.493961],[-157.854859,21.493921],[-157.854756,21.493782],[-157.854725,21.493759],[-157.854661,21.493689],[-157.854549,21.493611],[-157.854454,21.493541],[-157.854375,21.493493],[-157.85429,21.493456],[-157.854204,21.49341],[-157.854147,21.493385],[-157.854054,21.493357],[-157.854022,21.493334],[-157.854265,21.493334],[-157.854608,21.493339],[-157.854717,21.493342],[-157.85494,21.493058],[-157.855306,21.492957],[-157.855219,21.492737],[-157.855062,21.492352],[-157.854587,21.492419],[-157.854605,21.492681],[-157.854291,21.492733],[-157.854011,21.492781],[-157.853894,21.492306],[-157.853866,21.492191],[-157.853432,21.492348],[-157.853192,21.492437],[-157.853164,21.492366],[-157.853135,21.492314],[-157.853096,21.492269],[-157.853003,21.492173],[-157.852947,21.492132],[-157.852907,21.492116],[-157.852797,21.492082],[-157.852703,21.492029],[-157.852611,21.491988],[-157.852565,21.49196],[-157.852503,21.491951],[-157.852461,21.491928],[-157.852445,21.491905],[-157.852811,21.49179],[-157.853124,21.491686],[-157.853124,21.491528],[-157.853118,21.491142],[-157.853113,21.490848],[-157.852507,21.49112],[-157.85224,21.491235],[-157.852222,21.491167],[-157.852187,21.491102],[-157.852125,21.491018],[-157.852014,21.490893],[-157.851934,21.490818],[-157.85191,21.490777],[-157.851867,21.49067],[-157.851886,21.490612],[-157.851774,21.490577],[-157.851731,21.49055],[-157.851632,21.490466],[-157.851547,21.490388],[-157.851484,21.49032],[-157.851433,21.490272],[-157.851306,21.490192],[-157.851276,21.49017],[-157.851164,21.490155],[-157.851115,21.490159],[-157.851059,21.490152],[-157.850987,21.490158],[-157.850931,21.490172],[-157.850825,21.490182],[-157.85072,21.490186],[-157.850544,21.490201],[-157.850515,21.490207],[-157.850487,21.490241],[-157.85045,21.490028],[-157.850393,21.48977],[-157.850351,21.489603],[-157.850265,21.489282],[-157.850217,21.489123],[-157.850156,21.488933],[-157.850126,21.488854],[-157.850168,21.488838],[-157.850287,21.488823],[-157.850349,21.488833],[-157.850457,21.48884],[-157.850583,21.488839],[-157.850737,21.488845],[-157.851011,21.488831],[-157.85105,21.488833],[-157.85124,21.488814],[-157.851302,21.488799],[-157.851466,21.488777],[-157.851593,21.488753],[-157.851762,21.488709],[-157.851828,21.488687],[-157.851965,21.488679],[-157.852013,21.488668],[-157.852203,21.48864],[-157.852345,21.488612],[-157.852447,21.488588],[-157.852494,21.488572],[-157.852599,21.488528],[-157.85266,21.488506],[-157.852766,21.488481],[-157.852899,21.488444],[-157.85313,21.488385],[-157.853193,21.488356],[-157.853327,21.488309],[-157.853435,21.488267],[-157.853578,21.488223],[-157.853629,21.488212],[-157.853724,21.488181],[-157.853768,21.488152],[-157.853854,21.488114],[-157.85399,21.488027],[-157.854082,21.48796],[-157.854213,21.487879],[-157.854325,21.487824],[-157.854473,21.487739],[-157.854525,21.487705],[-157.854773,21.48759],[-157.854841,21.487563],[-157.854924,21.487539],[-157.855028,21.487501],[-157.855116,21.487477],[-157.855216,21.487439],[-157.855354,21.487029],[-157.855695,21.486815],[-157.857786,21.486612],[-157.857924,21.486281],[-157.858894,21.486247],[-157.859765,21.486061],[-157.862208,21.485538],[-157.862793,21.485522],[-157.863164,21.485511],[-157.863817,21.485314],[-157.86512,21.496432],[-157.865139,21.496695],[-157.865191,21.496844],[-157.866343,21.500066],[-157.866298,21.500054],[-157.860834,21.498607],[-157.859826,21.498691],[-157.859764,21.498695],[-157.857232,21.498912]],[[-157.85187,21.490567],[-157.851894,21.490578],[-157.852056,21.490622],[-157.852246,21.49065],[-157.852314,21.490653],[-157.852362,21.490667],[-157.852457,21.490722],[-157.852548,21.490727],[-157.852962,21.490705],[-157.853027,21.490712],[-157.85324,21.490675],[-157.853421,21.490656],[-157.853489,21.490655],[-157.853657,21.490624],[-157.853721,21.490618],[-157.85379,21.490602],[-157.853947,21.490594],[-157.854122,21.49058],[-157.854157,21.490585],[-157.854171,21.490544],[-157.854209,21.490479],[-157.854251,21.490337],[-157.854394,21.489922],[-157.854488,21.489582],[-157.854348,21.489387],[-157.854133,21.489098],[-157.854014,21.489073],[-157.853795,21.489042],[-157.853561,21.48902],[-157.853572,21.489108],[-157.853513,21.489225],[-157.853422,21.489344],[-157.853327,21.489319],[-157.853315,21.489413],[-157.853256,21.48944],[-157.853101,21.489471],[-157.852889,21.489519],[-157.852723,21.489592],[-157.852585,21.489637],[-157.852499,21.489652],[-157.85246,21.489703],[-157.852381,21.489861],[-157.852315,21.490032],[-157.852418,21.490013],[-157.852558,21.489955],[-157.852577,21.490124],[-157.852426,21.490211],[-157.852244,21.490267],[-157.852248,21.490427],[-157.85212,21.49046],[-157.851979,21.490513],[-157.85187,21.490567]],[[-157.858762,21.492931],[-157.859046,21.49219],[-157.858801,21.492139],[-157.858605,21.492117],[-157.858384,21.492086],[-157.85818,21.492055],[-157.857982,21.492016],[-157.857802,21.491967],[-157.857698,21.491932],[-157.857624,21.491884],[-157.857538,21.491791],[-157.85746,21.491712],[-157.857395,21.491596],[-157.856304,21.490699],[-157.85604,21.490485],[-157.855935,21.490376],[-157.855688,21.490139],[-157.854969,21.490961],[-157.855296,21.491243],[-157.855471,21.491407],[-157.855724,21.491598],[-157.856,21.491794],[-157.856207,21.491913],[-157.856422,21.492],[-157.856667,21.492054],[-157.856861,21.492082],[-157.857049,21.492104],[-157.857256,21.49213],[-157.857453,21.49217],[-157.857615,21.492228],[-157.857782,21.49233],[-157.857888,21.492413],[-157.858025,21.492529],[-157.858233,21.492641],[-157.858421,21.492732],[-157.858762,21.492931]]]},"properties":{}},{"type":"Feature","geometry":{"type":"Polygon","coordinates":[[[-158.023271,21.500536],[-158.022262,21.500943],[-158.022138,21.500995],[-158.022079,21.501003],[-158.0216,21.501039],[-158.022263,21.500257],[-158.02257,21.499895],[-158.022837,21.499592],[-158.023271,21.500536]]]},"properties":{}},{"type":"Feature","geometry":{"type":"Polygon","coordinates":[[[-158.024241,21.500146],[-158.023432,21.500474],[-158.022951,21.499436],[-158.023471,21.498658],[-158.023543,21.498629],[-158.024241,21.500146]]]},"properties":{}},{"type":"Feature","geometry":{"type":"Polygon","coordinates":[[[-158.023543,21.498629],[-158.023959,21.498455],[-158.024156,21.49838],[-158.024493,21.499113],[-158.024298,21.499189],[-158.024454,21.49954],[-158.024505,21.499642],[-158.024531,21.499701],[-158.024659,21.499977],[-158.024241,21.500146],[-158.023543,21.498629]]]},"properties":{}},{"type":"Feature","geometry":{"type":"Polygon","coordinates":[[[-157.848828,21.493515],[-157.848704,21.493363],[-157.848937,21.49322],[-157.849074,21.493434],[-157.848828,21.493515]]]},"properties":{}},{"type":"Feature","geometry":{"type":"Polygon","coordinates":[[[-157.850323,21.495037],[-157.850241,21.495047],[-157.850112,21.494864],[-157.84956,21.494934],[-157.849518,21.494868],[-157.849427,21.494762],[-157.849364,21.494707],[-157.849318,21.494657],[-157.849309,21.494634],[-157.849247,21.494564],[-157.849194,21.494473],[-157.84913,21.494351],[-157.849118,21.494312],[-157.849066,21.494213],[-157.849023,21.494156],[-157.848989,21.494129],[-157.848937,21.494067],[-157.848869,21.494001],[-157.848853,21.493997],[-157.848789,21.493942],[-157.848709,21.493928],[-157.848658,21.493941],[-157.848626,21.493959],[-157.848577,21.493972],[-157.848469,21.494026],[-157.848454,21.494048],[-157.848395,21.494097],[-157.848347,21.494122],[-157.848312,21.494126],[-157.848198,21.494171],[-157.848099,21.494174],[-157.848047,21.494156],[-157.847985,21.494101],[-157.847925,21.494062],[-157.847873,21.494001],[-157.847852,21.493958],[-157.848009,21.493733],[-157.848209,21.493457],[-157.848385,21.493488],[-157.84847,21.493454],[-157.848796,21.493843],[-157.849018,21.494108],[-157.849245,21.49402],[-157.849061,21.493797],[-157.848828,21.493515],[-157.849074,21.493434],[-157.848937,21.49322],[-157.848704,21.493363],[-157.848622,21.493083],[-157.848382,21.493151],[-157.848128,21.493219],[-157.848163,21.493378],[-157.847935,21.4935],[-157.847718,21.493727],[-157.847597,21.493595],[-157.847539,21.493545],[-157.847447,21.493476],[-157.847332,21.493435],[-157.847198,21.493355],[-157.847374,21.49325],[-157.847278,21.492992],[-157.847427,21.492921],[-157.847741,21.492848],[-157.847686,21.492611],[-157.847489,21.492641],[-157.847485,21.492704],[-157.84736,21.492783],[-157.847222,21.492511],[-157.847015,21.492539],[-157.846998,21.492721],[-157.846907,21.492755],[-157.846921,21.492511],[-157.846945,21.49245],[-157.84697,21.492371],[-157.846985,21.492303],[-157.847003,21.492256],[-157.847022,21.492159],[-157.847034,21.492021],[-157.847532,21.491973],[-157.847588,21.492145],[-157.847797,21.492126],[-157.847828,21.492271],[-157.848347,21.492143],[-157.848393,21.49213],[-157.84833,21.491994],[-157.848356,21.491945],[-157.848274,21.491666],[-157.848184,21.491372],[-157.847887,21.491465],[-157.847491,21.491532],[-157.847494,21.491562],[-157.847402,21.491575],[-157.847431,21.491523],[-157.847447,21.491455],[-157.847466,21.491354],[-157.847512,21.491196],[-157.847555,21.491108],[-157.847607,21.490973],[-157.847661,21.490876],[-157.847695,21.490829],[-157.847719,21.490784],[-157.847757,21.49073],[-157.847816,21.490663],[-157.847844,21.490622],[-157.847942,21.490501],[-157.847978,21.490463],[-157.848066,21.490382],[-157.848174,21.49029],[-157.848333,21.490179],[-157.848431,21.490152],[-157.848516,21.490117],[-157.848557,21.490094],[-157.848601,21.490036],[-157.848621,21.489995],[-157.848718,21.49012],[-157.848787,21.490367],[-157.849173,21.490315],[-157.849146,21.490076],[-157.849353,21.49005],[-157.849423,21.49024],[-157.849733,21.490157],[-157.849922,21.490045],[-157.849913,21.489986],[-157.849902,21.489882],[-157.849871,21.489828],[-157.849838,21.489733],[-157.849795,21.489662],[-157.84976,21.489567],[-157.849728,21.489499],[-157.849671,21.4894],[-157.849658,21.489352],[-157.849666,21.489266],[-157.849665,21.489205],[-157.849672,21.489171],[-157.849707,21.489057],[-157.849742,21.488994],[-157.849839,21.489035],[-157.849879,21.48899],[-157.849941,21.48897],[-157.850006,21.488962],[-157.850043,21.489072],[-157.850093,21.489233],[-157.850184,21.489557],[-157.850263,21.489882],[-157.850297,21.490048],[-157.850329,21.490213],[-157.850358,21.490378],[-157.850383,21.490543],[-157.850406,21.490708],[-157.850426,21.490875],[-157.850455,21.491207],[-157.850465,21.491374],[-157.850472,21.491542],[-157.850476,21.491709],[-157.850476,21.491876],[-157.850473,21.492108],[-157.849915,21.492044],[-157.849653,21.4922],[-157.849634,21.492421],[-157.849248,21.492547],[-157.849166,21.492752],[-157.849208,21.493008],[-157.849315,21.493024],[-157.849736,21.493657],[-157.849549,21.493798],[-157.849622,21.493984],[-157.84984,21.493949],[-157.850323,21.495037]],[[-157.849266,21.490994],[-157.849233,21.490734],[-157.848884,21.490761],[-157.848839,21.490568],[-157.848588,21.490666],[-157.848224,21.49081],[-157.848261,21.490926],[-157.848638,21.490829],[-157.848741,21.491363],[-157.848886,21.492111],[-157.849508,21.492075],[-157.849353,21.491701],[-157.849266,21.490994]]]},"properties":{}},{"type":"Feature","geometry":{"type":"Polygon","coordinates":[[[-157.850473,21.492108],[-157.850461,21.49301],[-157.850462,21.493093],[-157.850475,21.493263],[-157.850501,21.493432],[-157.850528,21.493557],[-157.85055,21.493638],[-157.850589,21.49376],[-157.850652,21.493921],[-157.850961,21.494641],[-157.851076,21.494911],[-157.85036,21.495035],[-157.850323,21.495037],[-157.84984,21.493949],[-157.849622,21.493984],[-157.849549,21.493798],[-157.849736,21.493657],[-157.849315,21.493024],[-157.849208,21.493008],[-157.849166,21.492752],[-157.849248,21.492547],[-157.849634,21.492421],[-157.849653,21.4922],[-157.849915,21.492044],[-157.850473,21.492108]]]},"properties":{}},{"type":"Feature","geometry":{"type":"Polygon","coordinates":[[[-157.847198,21.493355],[-157.847147,21.493314],[-157.847043,21.493216],[-157.846982,21.493083],[-157.846951,21.492997],[-157.846932,21.492913],[-157.84691,21.492793],[-157.846907,21.492755],[-157.846998,21.492721],[-157.847015,21.492539],[-157.847222,21.492511],[-157.84736,21.492783],[-157.847485,21.492704],[-157.847489,21.492641],[-157.847686,21.492611],[-157.847741,21.492848],[-157.847427,21.492921],[-157.847278,21.492992],[-157.847374,21.49325],[-157.847198,21.493355]]]},"properties":{}},{"type":"Feature","geometry":{"type":"Polygon","coordinates":[[[-157.858762,21.492931],[-157.858421,21.492732],[-157.858233,21.492641],[-157.858025,21.492529],[-157.857888,21.492413],[-157.857782,21.49233],[-157.857615,21.492228],[-157.857453,21.49217],[-157.857256,21.49213],[-157.857049,21.492104],[-157.856861,21.492082],[-157.856667,21.492054],[-157.856422,21.492],[-157.856207,21.491913],[-157.856,21.491794],[-157.855724,21.491598],[-157.855471,21.491407],[-157.855296,21.491243],[-157.854969,21.490961],[-157.855688,21.490139],[-157.855935,21.490376],[-157.85604,21.490485],[-157.856304,21.490699],[-157.857395,21.491596],[-157.85746,21.491712],[-157.857538,21.491791],[-157.857624,21.491884],[-157.857698,21.491932],[-157.857802,21.491967],[-157.857982,21.492016],[-157.85818,21.492055],[-157.858384,21.492086],[-157.858605,21.492117],[-157.858801,21.492139],[-157.859046,21.49219],[-157.858762,21.492931]]]},"properties":{}},{"type":"Feature","geometry":{"type":"Polygon","coordinates":[[[-157.847034,21.492021],[-157.847048,21.491956],[-157.847079,21.491909],[-157.847125,21.491853],[-157.847238,21.491727],[-157.847343,21.491644],[-157.847402,21.491575],[-157.847494,21.491562],[-157.847491,21.491532],[-157.847887,21.491465],[-157.848184,21.491372],[-157.848274,21.491666],[-157.848356,21.491945],[-157.84833,21.491994],[-157.848393,21.49213],[-157.848347,21.492143],[-157.847828,21.492271],[-157.847797,21.492126],[-157.847588,21.492145],[-157.847532,21.491973],[-157.847034,21.492021]]]},"properties":{}},{"type":"Feature","geometry":{"type":"Polygon","coordinates":[[[-157.849266,21.490994],[-157.849353,21.491701],[-157.849508,21.492075],[-157.848886,21.492111],[-157.848741,21.491363],[-157.849016,21.491322],[-157.848953,21.491055],[-157.849266,21.490994]]]},"properties":{}},{"type":"Feature","geometry":{"type":"Polygon","coordinates":[[[-157.849266,21.490994],[-157.848953,21.491055],[-157.849016,21.491322],[-157.848741,21.491363],[-157.848638,21.490829],[-157.848261,21.490926],[-157.848224,21.49081],[-157.848588,21.490666],[-157.848839,21.490568],[-157.848884,21.490761],[-157.849233,21.490734],[-157.849266,21.490994]]]},"properties":{}},{"type":"Feature","geometry":{"type":"Polygon","coordinates":[[[-157.768777,21.414135],[-157.768744,21.414024],[-157.768741,21.414001],[-157.768799,21.413988],[-157.768834,21.41411],[-157.768777,21.414135]]]},"properties":{}},{"type":"Feature","geometry":{"type":"Polygon","coordinates":[[[-157.854011,21.492781],[-157.854291,21.492733],[-157.854605,21.492681],[-157.854587,21.492419],[-157.855062,21.492352],[-157.855219,21.492737],[-157.855306,21.492957],[-157.85494,21.493058],[-157.854717,21.493342],[-157.854608,21.493339],[-157.854265,21.493334],[-157.854022,21.493334],[-157.854054,21.493357],[-157.854147,21.493385],[-157.854204,21.49341],[-157.85429,21.493456],[-157.854375,21.493493],[-157.854454,21.493541],[-157.854549,21.493611],[-157.854661,21.493689],[-157.854725,21.493759],[-157.854756,21.493782],[-157.854859,21.493921],[-157.854882,21.493961],[-157.854899,21.494007],[-157.8549,21.494086],[-157.854885,21.494144],[-157.854887,21.494219],[-157.854945,21.494353],[-157.854986,21.494396],[-157.855077,21.494464],[-157.855168,21.494492],[-157.855269,21.494558],[-157.855342,21.49457],[-157.855456,21.494568],[-157.855561,21.494551],[-157.855642,21.494522],[-157.855705,21.494518],[-157.85578,21.494494],[-157.855845,21.494463],[-157.855926,21.494459],[-157.855894,21.494535],[-157.855864,21.494583],[-157.855799,21.494663],[-157.855703,21.494746],[-157.855667,21.494787],[-157.855601,21.494843],[-157.855549,21.494917],[-157.855497,21.494953],[-157.855472,21.494957],[-157.855287,21.49496],[-157.855219,21.494937],[-157.855118,21.494912],[-157.855057,21.494891],[-157.855036,21.494823],[-157.854974,21.494838],[-157.854931,21.49482],[-157.854909,21.494791],[-157.854825,21.49472],[-157.854822,21.49453],[-157.854297,21.494387],[-157.854124,21.494338],[-157.853791,21.494248],[-157.853629,21.494199],[-157.853387,21.494123],[-157.853127,21.494277],[-157.853121,21.49439],[-157.853041,21.494416],[-157.852865,21.49446],[-157.852823,21.494462],[-157.852709,21.494446],[-157.852619,21.494427],[-157.852551,21.494393],[-157.852436,21.494299],[-157.852369,21.49426],[-157.852247,21.494167],[-157.852114,21.494105],[-157.852088,21.494098],[-157.851973,21.494052],[-157.851888,21.494022],[-157.851794,21.493979],[-157.851757,21.493969],[-157.851674,21.49396],[-157.851581,21.493955],[-157.851526,21.493981],[-157.851451,21.494001],[-157.851344,21.494059],[-157.851298,21.494059],[-157.851208,21.494002],[-157.851154,21.493949],[-157.85108,21.49389],[-157.850829,21.493974],[-157.850784,21.49387],[-157.850739,21.493754],[-157.850701,21.493637],[-157.850658,21.493476],[-157.850642,21.493395],[-157.850623,21.493273],[-157.850615,21.493191],[-157.850607,21.493067],[-157.850607,21.492956],[-157.850623,21.491875],[-157.850622,21.49173],[-157.850618,21.491525],[-157.850611,21.491348],[-157.850601,21.491172],[-157.850587,21.490996],[-157.850569,21.490822],[-157.850549,21.490646],[-157.850502,21.490313],[-157.850487,21.490241],[-157.850515,21.490207],[-157.850544,21.490201],[-157.85072,21.490186],[-157.850825,21.490182],[-157.850931,21.490172],[-157.850987,21.490158],[-157.851059,21.490152],[-157.851115,21.490159],[-157.851164,21.490155],[-157.851276,21.49017],[-157.851306,21.490192],[-157.851433,21.490272],[-157.851484,21.49032],[-157.851547,21.490388],[-157.851632,21.490466],[-157.851731,21.49055],[-157.851774,21.490577],[-157.851886,21.490612],[-157.851867,21.49067],[-157.85191,21.490777],[-157.851934,21.490818],[-157.852014,21.490893],[-157.852125,21.491018],[-157.852187,21.491102],[-157.852222,21.491167],[-157.85224,21.491235],[-157.852507,21.49112],[-157.853113,21.490848],[-157.853118,21.491142],[-157.853124,21.491528],[-157.853124,21.491686],[-157.852811,21.49179],[-157.852445,21.491905],[-157.852461,21.491928],[-157.852503,21.491951],[-157.852565,21.49196],[-157.852611,21.491988],[-157.852703,21.492029],[-157.852797,21.492082],[-157.852907,21.492116],[-157.852947,21.492132],[-157.853003,21.492173],[-157.853096,21.492269],[-157.853135,21.492314],[-157.853164,21.492366],[-157.853192,21.492437],[-157.853162,21.492443],[-157.853177,21.492692],[-157.852994,21.4927],[-157.852931,21.492905],[-157.852895,21.493047],[-157.852968,21.493149],[-157.852966,21.493359],[-157.852697,21.493371],[-157.85266,21.493677],[-157.852744,21.493673],[-157.852823,21.493866],[-157.853064,21.493895],[-157.853126,21.493547],[-157.853234,21.49351],[-157.853328,21.493154],[-157.853557,21.492986],[-157.854011,21.492781]]]},"properties":{}},{"type":"Feature","geometry":{"type":"Polygon","coordinates":[[[-157.84847,21.493454],[-157.848704,21.493363],[-157.848828,21.493515],[-157.849061,21.493797],[-157.849245,21.49402],[-157.849018,21.494108],[-157.848796,21.493843],[-157.84847,21.493454]]]},"properties":{}},{"type":"Feature","geometry":{"type":"Polygon","coordinates":[[[-157.847852,21.493958],[-157.847786,21.493822],[-157.847764,21.493804],[-157.847718,21.493727],[-157.847935,21.4935],[-157.848163,21.493378],[-157.848128,21.493219],[-157.848382,21.493151],[-157.848622,21.493083],[-157.848704,21.493363],[-157.84847,21.493454],[-157.848385,21.493488],[-157.848209,21.493457],[-157.848009,21.493733],[-157.847852,21.493958]]]},"properties":{}},{"type":"Feature","geometry":{"type":"Polygon","coordinates":[[[-157.854011,21.492781],[-157.853557,21.492986],[-157.853328,21.493154],[-157.853234,21.49351],[-157.853126,21.493547],[-157.853064,21.493895],[-157.852823,21.493866],[-157.852744,21.493673],[-157.85266,21.493677],[-157.852697,21.493371],[-157.852966,21.493359],[-157.852968,21.493149],[-157.852895,21.493047],[-157.852931,21.492905],[-157.852994,21.4927],[-157.853177,21.492692],[-157.853162,21.492443],[-157.853192,21.492437],[-157.853432,21.492348],[-157.853866,21.492191],[-157.853894,21.492306],[-157.854011,21.492781]]]},"properties":{}},{"type":"Feature","geometry":{"type":"Polygon","coordinates":[[[-157.85187,21.490567],[-157.851979,21.490513],[-157.85212,21.49046],[-157.852248,21.490427],[-157.852244,21.490267],[-157.852426,21.490211],[-157.852577,21.490124],[-157.852558,21.489955],[-157.852418,21.490013],[-157.852315,21.490032],[-157.852381,21.489861],[-157.85246,21.489703],[-157.852499,21.489652],[-157.852585,21.489637],[-157.852723,21.489592],[-157.852889,21.489519],[-157.853101,21.489471],[-157.853256,21.48944],[-157.853315,21.489413],[-157.853327,21.489319],[-157.853422,21.489344],[-157.853513,21.489225],[-157.853572,21.489108],[-157.853561,21.48902],[-157.853795,21.489042],[-157.854014,21.489073],[-157.854133,21.489098],[-157.854348,21.489387],[-157.854488,21.489582],[-157.854394,21.489922],[-157.854251,21.490337],[-157.854209,21.490479],[-157.854171,21.490544],[-157.854157,21.490585],[-157.854122,21.49058],[-157.853947,21.490594],[-157.85379,21.490602],[-157.853721,21.490618],[-157.853657,21.490624],[-157.853489,21.490655],[-157.853421,21.490656],[-157.85324,21.490675],[-157.853027,21.490712],[-157.852962,21.490705],[-157.852548,21.490727],[-157.852457,21.490722],[-157.852362,21.490667],[-157.852314,21.490653],[-157.852246,21.49065],[-157.852056,21.490622],[-157.851894,21.490578],[-157.85187,21.490567]]]},"properties":{}},{"type":"Feature","geometry":{"type":"Polygon","coordinates":[[[-158.178927,21.421807],[-158.178558,21.421855],[-158.178557,21.421853],[-158.177942,21.421938],[-158.177788,21.420975],[-158.177545,21.419449],[-158.177393,21.418502],[-158.178347,21.418365],[-158.178317,21.418757],[-158.178396,21.419255],[-158.178483,21.419709],[-158.178788,21.420836],[-158.178898,21.421609],[-158.178927,21.421807]]]},"properties":{}},{"type":"Feature","geometry":{"type":"Polygon","coordinates":[[[-157.849409,21.487616],[-157.849466,21.487621],[-157.849666,21.488085],[-157.849814,21.488441],[-157.849876,21.488597],[-157.849935,21.488755],[-157.849987,21.488903],[-157.849925,21.488911],[-157.849902,21.488907],[-157.84986,21.48887],[-157.849828,21.488766],[-157.849811,21.488662],[-157.84976,21.488617],[-157.849711,21.488603],[-157.849625,21.48862],[-157.849542,21.488653],[-157.849459,21.488673],[-157.849402,21.488675],[-157.8494,21.48861],[-157.849406,21.488587],[-157.849398,21.488512],[-157.849399,21.488399],[-157.849405,21.48837],[-157.849401,21.488266],[-157.849406,21.488165],[-157.849429,21.487959],[-157.84945,21.487869],[-157.849451,21.487808],[-157.849444,21.487718],[-157.849409,21.487616]]]},"properties":{}},{"type":"Feature","geometry":{"type":"Polygon","coordinates":[[[-157.849466,21.487621],[-157.849409,21.487616],[-157.849324,21.48743],[-157.84932,21.487405],[-157.849287,21.48733],[-157.849267,21.487301],[-157.849233,21.487213],[-157.849172,21.487108],[-157.849089,21.487011],[-157.849053,21.486945],[-157.849008,21.486881],[-157.848921,21.486716],[-157.848884,21.486657],[-157.848865,21.486612],[-157.848749,21.48645],[-157.848718,21.486389],[-157.848671,21.486321],[-157.848817,21.486232],[-157.848886,21.48635],[-157.848975,21.486511],[-157.849057,21.486674],[-157.849132,21.486842],[-157.849301,21.487229],[-157.849352,21.48736],[-157.849375,21.487406],[-157.849466,21.487621]]]},"properties":{}},{"type":"Feature","geometry":{"type":"Polygon","coordinates":[[[-157.848671,21.486321],[-157.848609,21.486219],[-157.848534,21.486124],[-157.848465,21.486044],[-157.848451,21.486017],[-157.848367,21.485924],[-157.848292,21.485862],[-157.848247,21.485792],[-157.848219,21.48576],[-157.848433,21.485683],[-157.848531,21.48581],[-157.84864,21.48596],[-157.848742,21.486112],[-157.848817,21.486232],[-157.848671,21.486321]]]},"properties":{}},{"type":"Feature","geometry":{"type":"Polygon","coordinates":[[[-157.848433,21.485683],[-157.848219,21.48576],[-157.847966,21.485487],[-157.847847,21.48557],[-157.847819,21.485518],[-157.847818,21.485482],[-157.847763,21.485393],[-157.847725,21.485346],[-157.847665,21.485309],[-157.847548,21.485198],[-157.847504,21.485173],[-157.84744,21.485116],[-157.847361,21.485061],[-157.847292,21.484999],[-157.847276,21.484979],[-157.847165,21.484897],[-157.847243,21.484588],[-157.8474,21.484698],[-157.847551,21.484812],[-157.847697,21.48493],[-157.847839,21.485053],[-157.848043,21.485246],[-157.848236,21.485451],[-157.848298,21.485519],[-157.848433,21.485683]]]},"properties":{}},{"type":"Feature","geometry":{"type":"Polygon","coordinates":[[[-157.847165,21.484897],[-157.847008,21.484821],[-157.846961,21.484803],[-157.846894,21.484766],[-157.847021,21.484435],[-157.847243,21.484588],[-157.847165,21.484897]]]},"properties":{}},{"type":"Feature","geometry":{"type":"Polygon","coordinates":[[[-157.839887,21.459281],[-157.840049,21.45912],[-157.840333,21.459345],[-157.840495,21.459473],[-157.84084,21.459757],[-157.840922,21.459821],[-157.841055,21.459933],[-157.84111,21.459983],[-157.840939,21.460079],[-157.840821,21.460191],[-157.840782,21.460292],[-157.840658,21.460361],[-157.840519,21.460277],[-157.840083,21.460077],[-157.840013,21.460088],[-157.839959,21.460076],[-157.839817,21.460021],[-157.839781,21.460012],[-157.839719,21.46003],[-157.839732,21.459996],[-157.839663,21.459962],[-157.839644,21.45993],[-157.839646,21.459876],[-157.839892,21.45929],[-157.839887,21.459281]]]},"properties":{}},{"type":"Feature","geometry":{"type":"Polygon","coordinates":[[[-157.832181,21.459894],[-157.831863,21.459044],[-157.832324,21.458912],[-157.832459,21.459071],[-157.832458,21.459123],[-157.832465,21.459204],[-157.832489,21.459295],[-157.832509,21.459345],[-157.832548,21.459415],[-157.832584,21.459467],[-157.832619,21.459506],[-157.832577,21.459519],[-157.832665,21.459775],[-157.832529,21.459817],[-157.832181,21.459894]]]},"properties":{}},{"type":"Feature","geometry":{"type":"Polygon","coordinates":[[[-157.744485,21.418257],[-157.744475,21.418221],[-157.744532,21.418208],[-157.745391,21.417995],[-157.745777,21.417901],[-157.74635,21.417758],[-157.747088,21.417576],[-157.747099,21.417615],[-157.746798,21.417692],[-157.746538,21.417753],[-157.746026,21.417882],[-157.745772,21.417941],[-157.74551,21.418007],[-157.744959,21.418141],[-157.744485,21.418257]]]},"properties":{}},{"type":"Feature","geometry":{"type":"Polygon","coordinates":[[[-157.846894,21.484766],[-157.846823,21.484743],[-157.846679,21.484747],[-157.846593,21.484744],[-157.846546,21.484753],[-157.84645,21.484754],[-157.8464,21.484763],[-157.846277,21.484773],[-157.846187,21.484768],[-157.846102,21.484754],[-157.846023,21.48472],[-157.845995,21.484692],[-157.845942,21.484683],[-157.845861,21.48463],[-157.845709,21.484568],[-157.845678,21.484546],[-157.845578,21.484495],[-157.84549,21.484443],[-157.845423,21.484408],[-157.845334,21.484372],[-157.845249,21.484326],[-157.845179,21.484312],[-157.845142,21.484293],[-157.845038,21.484263],[-157.844977,21.484236],[-157.844915,21.484195],[-157.844797,21.484158],[-157.844747,21.484126],[-157.84469,21.484101],[-157.844555,21.484066],[-157.844446,21.484049],[-157.844321,21.484051],[-157.844109,21.483466],[-157.843785,21.483595],[-157.843707,21.483376],[-157.843795,21.483342],[-157.843607,21.48281],[-157.843444,21.482942],[-157.843142,21.483243],[-157.843172,21.48339],[-157.843315,21.483755],[-157.843461,21.48374],[-157.843559,21.484206],[-157.843527,21.48421],[-157.843179,21.484226],[-157.843186,21.484212],[-157.843226,21.483781],[-157.842872,21.483864],[-157.842906,21.483804],[-157.842936,21.483729],[-157.842979,21.483644],[-157.842988,21.483581],[-157.842951,21.483501],[-157.84296,21.483431],[-157.843001,21.483382],[-157.84301,21.483348],[-157.843096,21.483204],[-157.843145,21.483094],[-157.843173,21.482988],[-157.843179,21.482895],[-157.843185,21.482871],[-157.843184,21.482753],[-157.843211,21.482613],[-157.84324,21.482519],[-157.843276,21.482438],[-157.843316,21.482393],[-157.843386,21.482339],[-157.843449,21.482278],[-157.843535,21.482202],[-157.843692,21.482086],[-157.843722,21.482055],[-157.843827,21.481978],[-157.84399,21.481894],[-157.844079,21.481863],[-157.844137,21.481829],[-157.844241,21.481796],[-157.844352,21.481754],[-157.844535,21.481703],[-157.8446,21.481695],[-157.84465,21.481682],[-157.84469,21.481686],[-157.844707,21.481677],[-157.844813,21.482288],[-157.844827,21.482363],[-157.844848,21.482451],[-157.844875,21.482539],[-157.844907,21.482625],[-157.844943,21.482709],[-157.844999,21.482818],[-157.845046,21.482897],[-157.845097,21.482974],[-157.845192,21.483097],[-157.845321,21.483233],[-157.845464,21.483356],[-157.84554,21.483411],[-157.846888,21.484344],[-157.847021,21.484435],[-157.846894,21.484766]],[[-157.844009,21.482617],[-157.843856,21.482661],[-157.84385,21.482823],[-157.843977,21.483269],[-157.844134,21.483209],[-157.844009,21.482617]]]},"properties":{}},{"type":"Feature","geometry":{"type":"Polygon","coordinates":[[[-157.84234,21.484344],[-157.842314,21.484285],[-157.842306,21.484251],[-157.84231,21.484215],[-157.842332,21.484184],[-157.842406,21.484139],[-157.842461,21.48413],[-157.842495,21.484112],[-157.842523,21.484086],[-157.842624,21.484048],[-157.842662,21.484023],[-157.842743,21.483983],[-157.842812,21.483932],[-157.842801,21.484083],[-157.842783,21.484302],[-157.842733,21.484313],[-157.842674,21.484344],[-157.84256,21.484377],[-157.842474,21.484392],[-157.842407,21.48439],[-157.842365,21.484376],[-157.84234,21.484344]]]},"properties":{}},{"type":"Feature","geometry":{"type":"Polygon","coordinates":[[[-158.223124,21.47876],[-158.22242,21.478443],[-158.222097,21.478299],[-158.221856,21.478185],[-158.221847,21.478187],[-158.221758,21.478144],[-158.221582,21.478053],[-158.221495,21.478005],[-158.221324,21.477905],[-158.22124,21.477853],[-158.220995,21.477689],[-158.220836,21.477573],[-158.220607,21.477389],[-158.22046,21.477259],[-158.220318,21.477128],[-158.220248,21.47706],[-158.220114,21.476919],[-158.219922,21.476701],[-158.219801,21.476549],[-158.21963,21.476318],[-158.219473,21.476085],[-158.21969,21.475986],[-158.21966,21.475848],[-158.219879,21.475746],[-158.21993,21.475798],[-158.219944,21.475836],[-158.22002,21.47597],[-158.220072,21.476036],[-158.220085,21.47607],[-158.220181,21.47619],[-158.220307,21.476294],[-158.220449,21.476417],[-158.220547,21.476471],[-158.220628,21.476549],[-158.220865,21.476683],[-158.220966,21.476756],[-158.220997,21.476783],[-158.221026,21.476794],[-158.221141,21.47687],[-158.221223,21.476938],[-158.221264,21.476958],[-158.221317,21.477001],[-158.221347,21.477035],[-158.22141,21.477083],[-158.221431,21.477092],[-158.221505,21.47716],[-158.22153,21.47719],[-158.221593,21.477294],[-158.221658,21.477373],[-158.221687,21.477428],[-158.221721,21.477466],[-158.221767,21.477534],[-158.22187,21.477634],[-158.221916,21.477695],[-158.221985,21.477763],[-158.222159,21.477888],[-158.222284,21.477957],[-158.222446,21.478028],[-158.222688,21.478101],[-158.222758,21.478137],[-158.222858,21.478154],[-158.222959,21.478174],[-158.223037,21.478186],[-158.223143,21.478189],[-158.223203,21.478216],[-158.223256,21.478219],[-158.223329,21.47823],[-158.223397,21.478231],[-158.223124,21.47876]]]},"properties":{}},{"type":"Feature","geometry":{"type":"Polygon","coordinates":[[[-158.212752,21.472347],[-158.211818,21.471525],[-158.21206,21.471291],[-158.212549,21.471151],[-158.213015,21.471015],[-158.213172,21.471154],[-158.213441,21.470877],[-158.213602,21.471016],[-158.213824,21.471211],[-158.213571,21.471477],[-158.213343,21.471719],[-158.213144,21.471935],[-158.213038,21.472043],[-158.212752,21.472347]]]},"properties":{}},{"type":"Feature","geometry":{"type":"Polygon","coordinates":[[[-157.842363,21.457065],[-157.842109,21.457063],[-157.842012,21.457125],[-157.841878,21.45721],[-157.841605,21.45675],[-157.842011,21.456461],[-157.842363,21.457065]]]},"properties":{}},{"type":"Feature","geometry":{"type":"Polygon","coordinates":[[[-157.842387,21.475408],[-157.84247,21.475447],[-157.842443,21.475501],[-157.8424,21.475616],[-157.842378,21.475706],[-157.842367,21.475794],[-157.842283,21.476365],[-157.842262,21.476518],[-157.842256,21.476692],[-157.842262,21.4768],[-157.842303,21.477424],[-157.842319,21.477541],[-157.84235,21.477688],[-157.842385,21.477802],[-157.84244,21.47794],[-157.842494,21.478049],[-157.842556,21.478153],[-157.842624,21.478253],[-157.842721,21.478371],[-157.842828,21.47848],[-157.842944,21.47858],[-157.843045,21.478653],[-157.843177,21.478735],[-157.843316,21.478806],[-157.843403,21.478843],[-157.843928,21.479057],[-157.843993,21.479087],[-157.844057,21.479125],[-157.844131,21.479185],[-157.844187,21.479239],[-157.844264,21.479344],[-157.844306,21.479428],[-157.844343,21.479543],[-157.844425,21.48002],[-157.84453,21.48064],[-157.844669,21.481445],[-157.844688,21.481564],[-157.844622,21.481598],[-157.84455,21.481618],[-157.844448,21.481662],[-157.844294,21.481697],[-157.844223,21.481726],[-157.84417,21.481757],[-157.844069,21.481786],[-157.844031,21.481801],[-157.843899,21.481866],[-157.843765,21.481924],[-157.843731,21.481946],[-157.843665,21.482002],[-157.843595,21.482042],[-157.843477,21.482143],[-157.843304,21.482293],[-157.843281,21.482329],[-157.843208,21.482417],[-157.843182,21.482441],[-157.843154,21.482496],[-157.843112,21.48261],[-157.843096,21.482683],[-157.843099,21.482825],[-157.843112,21.482881],[-157.843105,21.482945],[-157.843088,21.48301],[-157.84302,21.483131],[-157.843006,21.483192],[-157.84297,21.483246],[-157.842919,21.483309],[-157.842906,21.483375],[-157.842857,21.483435],[-157.842816,21.483476],[-157.842775,21.483552],[-157.842678,21.483712],[-157.842592,21.483849],[-157.842553,21.483889],[-157.842501,21.483934],[-157.842466,21.483954],[-157.842307,21.484012],[-157.842259,21.484023],[-157.842196,21.484029],[-157.842127,21.484013],[-157.842063,21.483978],[-157.842008,21.483892],[-157.841962,21.483829],[-157.84195,21.483799],[-157.841886,21.48369],[-157.841805,21.483487],[-157.841786,21.483453],[-157.841732,21.483328],[-157.841706,21.48328],[-157.841689,21.483208],[-157.841685,21.483118],[-157.841673,21.48307],[-157.841673,21.482982],[-157.841692,21.482894],[-157.841744,21.482754],[-157.841799,21.482653],[-157.84182,21.482608],[-157.841891,21.482383],[-157.841905,21.482288],[-157.841896,21.482175],[-157.841871,21.482026],[-157.841848,21.481944],[-157.841844,21.481863],[-157.841825,21.481723],[-157.841774,21.481537],[-157.841756,21.481481],[-157.841738,21.481451],[-157.841727,21.481395],[-157.841675,21.481234],[-157.841639,21.481105],[-157.841624,21.481078],[-157.841596,21.480976],[-157.841559,21.480879],[-157.841523,21.480768],[-157.841508,21.480686],[-157.8415,21.480621],[-157.841486,21.480578],[-157.841477,21.480519],[-157.841458,21.480451],[-157.841455,21.480388],[-157.84146,21.480338],[-157.84151,21.480129],[-157.841535,21.480038],[-157.841556,21.479989],[-157.841588,21.479878],[-157.841611,21.47975],[-157.841638,21.479655],[-157.841655,21.479563],[-157.841644,21.47945],[-157.841646,21.47938],[-157.841634,21.479282],[-157.841635,21.479226],[-157.841643,21.479206],[-157.841642,21.479124],[-157.841627,21.478948],[-157.841626,21.478876],[-157.841621,21.478837],[-157.841615,21.478722],[-157.841613,21.478469],[-157.841657,21.478309],[-157.841655,21.478185],[-157.841678,21.478106],[-157.841708,21.47805],[-157.841752,21.477937],[-157.841775,21.477906],[-157.84182,21.477762],[-157.841847,21.477699],[-157.841879,21.477649],[-157.841916,21.477615],[-157.841971,21.477591],[-157.841988,21.477569],[-157.842004,21.477521],[-157.842016,21.477445],[-157.84201,21.477352],[-157.842007,21.477094],[-157.841997,21.477031],[-157.841992,21.476945],[-157.842005,21.476878],[-157.842003,21.476783],[-157.841988,21.476615],[-157.841996,21.476489],[-157.842013,21.47636],[-157.842064,21.476237],[-157.842092,21.476189],[-157.842179,21.475928],[-157.842224,21.475732],[-157.842225,21.475653],[-157.842234,21.475594],[-157.842263,21.475538],[-157.842342,21.475441],[-157.842387,21.475408]]]},"properties":{}},{"type":"Feature","geometry":{"type":"Polygon","coordinates":[[[-157.844009,21.482617],[-157.844134,21.483209],[-157.843977,21.483269],[-157.84385,21.482823],[-157.843856,21.482661],[-157.844009,21.482617]]]},"properties":{}},{"type":"Feature","geometry":{"type":"Polygon","coordinates":[[[-158.230193,21.482492],[-158.230184,21.482478],[-158.230632,21.482239],[-158.230641,21.482252],[-158.230193,21.482492]]]},"properties":{}},{"type":"Feature","geometry":{"type":"Polygon","coordinates":[[[-157.990689,21.477045],[-157.990565,21.476952],[-157.990476,21.4769],[-157.990383,21.476854],[-157.990265,21.47681],[-157.990185,21.476787],[-157.990082,21.476766],[-157.989959,21.476752],[-157.990018,21.47593],[-157.990727,21.475031],[-157.992052,21.475947],[-157.992143,21.476018],[-157.992942,21.476704],[-157.991737,21.477948],[-157.990689,21.477045]]]},"properties":{}},{"type":"Feature","geometry":{"type":"Polygon","coordinates":[[[-158.178537,21.416317],[-158.177077,21.416518],[-158.177042,21.416298],[-158.178448,21.416106],[-158.178537,21.416317]]]},"properties":{}},{"type":"Feature","geometry":{"type":"Polygon","coordinates":[[[-158.222261,21.478618],[-158.222404,21.47868],[-158.222543,21.478744],[-158.222674,21.478801],[-158.222681,21.478851],[-158.222666,21.478878],[-158.22249,21.479051],[-158.222431,21.479094],[-158.222345,21.479132],[-158.222272,21.479147],[-158.222191,21.479149],[-158.222082,21.479126],[-158.221838,21.479016],[-158.221503,21.478872],[-158.221309,21.478786],[-158.221083,21.478753],[-158.220806,21.478704],[-158.220559,21.478653],[-158.220312,21.478594],[-158.220069,21.478527],[-158.219828,21.478451],[-158.219591,21.478369],[-158.219437,21.478309],[-158.219285,21.478562],[-158.218768,21.478288],[-158.217925,21.477839],[-158.21804,21.477648],[-158.218085,21.47758],[-158.218149,21.477502],[-158.21819,21.477457],[-158.218258,21.477396],[-158.218341,21.477331],[-158.218447,21.477266],[-158.21856,21.477212],[-158.21867,21.477174],[-158.218737,21.477159],[-158.218797,21.477071],[-158.218914,21.476916],[-158.218989,21.476796],[-158.219066,21.476643],[-158.219103,21.476551],[-158.219138,21.476447],[-158.219158,21.47637],[-158.21918,21.476264],[-158.219234,21.476267],[-158.219297,21.476235],[-158.219398,21.476392],[-158.219471,21.476498],[-158.219569,21.476632],[-158.219643,21.476727],[-158.219742,21.476849],[-158.219863,21.47699],[-158.220034,21.477174],[-158.2202,21.477337],[-158.220401,21.477519],[-158.220611,21.477691],[-158.220759,21.477803],[-158.220851,21.477869],[-158.220991,21.477964],[-158.221167,21.478076],[-158.221297,21.478153],[-158.221522,21.478276],[-158.221709,21.47837],[-158.222021,21.478511],[-158.222261,21.478618]]]},"properties":{}},{"type":"Feature","geometry":{"type":"Polygon","coordinates":[[[-158.226929,21.479103],[-158.226914,21.479091],[-158.227228,21.478693],[-158.227244,21.478702],[-158.226929,21.479103]]]},"properties":{}},{"type":"Feature","geometry":{"type":"Polygon","coordinates":[[[-158.006083,21.470961],[-158.004849,21.469607],[-158.004808,21.469564],[-158.004733,21.469496],[-158.004668,21.469446],[-158.0046,21.4694],[-158.004529,21.469359],[-158.004436,21.469316],[-158.003991,21.469125],[-158.004613,21.467855],[-158.004926,21.467857],[-158.005063,21.467867],[-158.005172,21.467884],[-158.005358,21.46793],[-158.005487,21.467976],[-158.005586,21.468019],[-158.005682,21.468069],[-158.005774,21.468126],[-158.005853,21.468197],[-158.006205,21.468637],[-158.00714,21.469524],[-158.00801,21.470746],[-158.007843,21.470729],[-158.007572,21.470549],[-158.00735,21.470467],[-158.007116,21.470416],[-158.006956,21.470417],[-158.006637,21.470478],[-158.006375,21.47063],[-158.006151,21.470907],[-158.006083,21.470961]]]},"properties":{}},{"type":"Feature","geometry":{"type":"Polygon","coordinates":[[[-158.178448,21.416106],[-158.177042,21.416298],[-158.177008,21.416086],[-158.178376,21.415894],[-158.178448,21.416106]]]},"properties":{}},{"type":"Feature","geometry":{"type":"Polygon","coordinates":[[[-158.023497,21.463436],[-158.023523,21.463662],[-158.023299,21.463999],[-158.023101,21.464215],[-158.022831,21.464304],[-158.022631,21.464391],[-158.022483,21.46413],[-158.022421,21.464037],[-158.022324,21.463919],[-158.02226,21.463853],[-158.022205,21.463806],[-158.02219,21.46376],[-158.022196,21.463731],[-158.022259,21.463666],[-158.02235,21.463565],[-158.022398,21.4635],[-158.022451,21.463416],[-158.022557,21.4632],[-158.022604,21.463119],[-158.022657,21.463043],[-158.022731,21.462953],[-158.022796,21.462885],[-158.022867,21.462822],[-158.02296,21.462751],[-158.02304,21.462699],[-158.023182,21.462623],[-158.023226,21.462612],[-158.023272,21.462617],[-158.023328,21.462638],[-158.023358,21.46266],[-158.023384,21.462703],[-158.023422,21.462871],[-158.023444,21.462988],[-158.023497,21.463436]]]},"properties":{}},{"type":"Feature","geometry":{"type":"Polygon","coordinates":[[[-158.000747,21.462344],[-158.000624,21.462585],[-158.000334,21.462461],[-157.999519,21.462111],[-157.999242,21.461981],[-157.999237,21.461956],[-157.999108,21.461903],[-157.999327,21.461545],[-157.99939,21.461451],[-157.999382,21.461405],[-157.999295,21.461116],[-157.999417,21.460992],[-157.999166,21.460713],[-157.998953,21.460477],[-157.998845,21.460056],[-157.99894,21.459914],[-157.999716,21.459535],[-157.9998,21.459644],[-158.000202,21.45952],[-158.000245,21.459615],[-158.000296,21.459694],[-158.000339,21.459747],[-158.000428,21.459833],[-158.000506,21.45989],[-158.000578,21.459931],[-158.000644,21.459961],[-158.000583,21.460103],[-158.000796,21.460693],[-158.000819,21.460779],[-158.000929,21.461248],[-158.000953,21.461358],[-158.000955,21.461406],[-158.000982,21.461684],[-158.001001,21.46186],[-158.000993,21.461862],[-158.000777,21.462283],[-158.000747,21.462344]]]},"properties":{}},{"type":"Feature","geometry":{"type":"Polygon","coordinates":[[[-158.012259,21.462354],[-158.012245,21.462094],[-158.012146,21.461752],[-158.012053,21.461591],[-158.011794,21.46124],[-158.011659,21.461153],[-158.012015,21.460889],[-158.012452,21.460552],[-158.012218,21.46028],[-158.012845,21.459812],[-158.012894,21.459774],[-158.013523,21.459348],[-158.013716,21.459216],[-158.013749,21.459205],[-158.013784,21.459207],[-158.013831,21.459242],[-158.01428,21.459773],[-158.014356,21.459861],[-158.01428,21.45992],[-158.013542,21.460469],[-158.012843,21.460993],[-158.013473,21.461742],[-158.013111,21.462022],[-158.012412,21.462549],[-158.012332,21.462605],[-158.012262,21.462415],[-158.012259,21.462354]]]},"properties":{}},{"type":"Feature","geometry":{"type":"Polygon","coordinates":[[[-157.839887,21.459281],[-157.839892,21.45929],[-157.839646,21.459876],[-157.839644,21.45993],[-157.839663,21.459962],[-157.839732,21.459996],[-157.839719,21.46003],[-157.839681,21.460045],[-157.83965,21.46007],[-157.839496,21.460247],[-157.839447,21.460204],[-157.83929,21.460117],[-157.839085,21.460362],[-157.839112,21.460394],[-157.839051,21.460411],[-157.839026,21.460386],[-157.839024,21.460332],[-157.839057,21.460316],[-157.839094,21.460312],[-157.839128,21.460283],[-157.839094,21.460271],[-157.839047,21.460287],[-157.838991,21.460269],[-157.838958,21.460232],[-157.838961,21.460201],[-157.838978,21.460176],[-157.839009,21.46016],[-157.839125,21.459985],[-157.839151,21.459895],[-157.839383,21.459743],[-157.83944,21.459691],[-157.839547,21.459604],[-157.839742,21.459425],[-157.839887,21.459281]]]},"properties":{}},{"type":"Feature","geometry":{"type":"Polygon","coordinates":[[[-157.842586,21.458324],[-157.842525,21.458378],[-157.842394,21.458515],[-157.842225,21.458685],[-157.841685,21.459226],[-157.841329,21.459582],[-157.841198,21.459717],[-157.841143,21.459748],[-157.841106,21.459748],[-157.841063,21.459725],[-157.840561,21.459308],[-157.840141,21.458985],[-157.840161,21.458764],[-157.84021,21.45871],[-157.840258,21.458638],[-157.840302,21.458543],[-157.840314,21.458503],[-157.840325,21.45822],[-157.84033,21.457877],[-157.840341,21.457328],[-157.840349,21.457021],[-157.840351,21.456847],[-157.840384,21.45655],[-157.840405,21.456292],[-157.84044,21.455994],[-157.840484,21.45552],[-157.840541,21.455509],[-157.840843,21.455816],[-157.841185,21.456291],[-157.841602,21.457064],[-157.842067,21.457925],[-157.842147,21.458127],[-157.842262,21.458114],[-157.842586,21.458324]]]},"properties":{}},{"type":"Feature","geometry":{"type":"Polygon","coordinates":[[[-158.211815,21.460945],[-158.212017,21.460682],[-158.212193,21.460457],[-158.212597,21.460366],[-158.212999,21.460363],[-158.213365,21.460363],[-158.213403,21.460349],[-158.213757,21.460238],[-158.213962,21.460158],[-158.214394,21.459997],[-158.214716,21.459748],[-158.214748,21.459766],[-158.214766,21.459823],[-158.214756,21.459868],[-158.214654,21.460034],[-158.214645,21.460062],[-158.214573,21.460142],[-158.214546,21.460203],[-158.21451,21.460266],[-158.214509,21.460343],[-158.214519,21.460388],[-158.214507,21.460429],[-158.21448,21.460476],[-158.214469,21.460537],[-158.214392,21.460684],[-158.214331,21.460763],[-158.21427,21.460807],[-158.214199,21.46083],[-158.21406,21.460861],[-158.213937,21.460869],[-158.213851,21.46088],[-158.213722,21.460884],[-158.213651,21.460879],[-158.213523,21.46089],[-158.213466,21.460883],[-158.213396,21.460864],[-158.213339,21.460866],[-158.213239,21.460882],[-158.213161,21.460908],[-158.213096,21.460949],[-158.213033,21.461005],[-158.212993,21.46107],[-158.212953,21.461172],[-158.212938,21.461196],[-158.212911,21.461266],[-158.212841,21.461388],[-158.212822,21.461465],[-158.212824,21.461505],[-158.212874,21.46163],[-158.212875,21.461673],[-158.212892,21.461709],[-158.21229,21.461731],[-158.212109,21.461617],[-158.211766,21.461399],[-158.211602,21.461296],[-158.211322,21.461654],[-158.211287,21.461631],[-158.211815,21.460945]]]},"properties":{}},{"type":"Feature","geometry":{"type":"Polygon","coordinates":[[[-158.20597,21.459743],[-158.205995,21.459732],[-158.206517,21.459529],[-158.206577,21.459576],[-158.206636,21.459633],[-158.206723,21.459683],[-158.206771,21.459717],[-158.206817,21.45976],[-158.206862,21.459788],[-158.206972,21.459885],[-158.207005,21.459904],[-158.207038,21.45994],[-158.207162,21.460029],[-158.207282,21.460108],[-158.207393,21.460172],[-158.207452,21.460193],[-158.207561,21.46025],[-158.207612,21.460266],[-158.207689,21.4603],[-158.207815,21.460341],[-158.207894,21.460389],[-158.20808,21.460469],[-158.208167,21.460494],[-158.208391,21.460534],[-158.20848,21.460563],[-158.208548,21.460591],[-158.208616,21.460611],[-158.208709,21.460625],[-158.208959,21.460681],[-158.208782,21.461028],[-158.208637,21.460962],[-158.207716,21.460537],[-158.20597,21.459743]]]},"properties":{}},{"type":"Feature","geometry":{"type":"Polygon","coordinates":[[[-158.003752,21.45787],[-158.005067,21.457532],[-158.005043,21.457925],[-158.004978,21.45907],[-158.00496,21.459386],[-158.004532,21.459367],[-158.004187,21.459347],[-158.003777,21.459327],[-158.003749,21.459327],[-158.003718,21.459306],[-158.003705,21.459272],[-158.00374,21.458719],[-158.00378,21.458157],[-158.003782,21.458094],[-158.003779,21.458014],[-158.003764,21.457922],[-158.003752,21.45787]]]},"properties":{}},{"type":"Feature","geometry":{"type":"Polygon","coordinates":[[[-157.84281,21.458174],[-157.842724,21.458223],[-157.84265,21.458273],[-157.842586,21.458324],[-157.842262,21.458114],[-157.842147,21.458127],[-157.842067,21.457925],[-157.842454,21.457661],[-157.842324,21.457437],[-157.842103,21.457307],[-157.842012,21.457125],[-157.842109,21.457063],[-157.842363,21.457065],[-157.842535,21.457061],[-157.842641,21.457048],[-157.842868,21.456985],[-157.842825,21.457032],[-157.842709,21.45762],[-157.842886,21.458026],[-157.842897,21.458042],[-157.842816,21.458077],[-157.842829,21.458118],[-157.84281,21.458174]]]},"properties":{}},{"type":"Feature","geometry":{"type":"Polygon","coordinates":[[[-158.178376,21.415894],[-158.177008,21.416086],[-158.176973,21.415869],[-158.178305,21.415681],[-158.178376,21.415894]]]},"properties":{}},{"type":"Feature","geometry":{"type":"Polygon","coordinates":[[[-158.178305,21.415681],[-158.176973,21.415869],[-158.176937,21.415643],[-158.178233,21.415468],[-158.178305,21.415681]]]},"properties":{}},{"type":"Feature","geometry":{"type":"Polygon","coordinates":[[[-157.84281,21.458174],[-157.842829,21.458118],[-157.842816,21.458077],[-157.842897,21.458042],[-157.84291,21.458033],[-157.843486,21.457811],[-157.843635,21.457988],[-157.843246,21.45804],[-157.843157,21.458053],[-157.843056,21.458077],[-157.842979,21.458101],[-157.842888,21.458137],[-157.84281,21.458174]]]},"properties":{}},{"type":"Feature","geometry":{"type":"Polygon","coordinates":[[[-157.842897,21.458042],[-157.842886,21.458026],[-157.842709,21.45762],[-157.842825,21.457032],[-157.842868,21.456985],[-157.843192,21.457156],[-157.843557,21.457784],[-157.843486,21.457811],[-157.84291,21.458033],[-157.842897,21.458042]]]},"properties":{}},{"type":"Feature","geometry":{"type":"Polygon","coordinates":[[[-157.843999,21.457941],[-157.843635,21.457988],[-157.843486,21.457811],[-157.843557,21.457784],[-157.843192,21.457156],[-157.842868,21.456985],[-157.842481,21.45604],[-157.842878,21.455905],[-157.84294,21.456344],[-157.843111,21.456293],[-157.843605,21.457132],[-157.843666,21.457279],[-157.843999,21.457941]]]},"properties":{}},{"type":"Feature","geometry":{"type":"Polygon","coordinates":[[[-157.843999,21.457941],[-157.843666,21.457279],[-157.843605,21.457132],[-157.843111,21.456293],[-157.843174,21.456278],[-157.843929,21.456127],[-157.844149,21.456454],[-157.844544,21.456328],[-157.845055,21.456067],[-157.845067,21.457174],[-157.844316,21.457182],[-157.84432,21.457498],[-157.844379,21.457499],[-157.844383,21.457892],[-157.843999,21.457941]]]},"properties":{}},{"type":"Feature","geometry":{"type":"Polygon","coordinates":[[[-157.842067,21.457925],[-157.841602,21.457064],[-157.841185,21.456291],[-157.84147,21.456212],[-157.841441,21.456004],[-157.841577,21.455948],[-157.841446,21.455701],[-157.841568,21.455643],[-157.84148,21.455369],[-157.8411,21.455367],[-157.841238,21.455614],[-157.840986,21.45575],[-157.840738,21.455466],[-157.840834,21.455442],[-157.841118,21.455261],[-157.841407,21.455206],[-157.841754,21.455125],[-157.841869,21.455218],[-157.842252,21.455117],[-157.842512,21.455099],[-157.842902,21.45525],[-157.843435,21.455089],[-157.84381,21.455038],[-157.843844,21.454995],[-157.84401,21.455606],[-157.843833,21.455747],[-157.843929,21.456127],[-157.843174,21.456278],[-157.843066,21.455565],[-157.842242,21.455359],[-157.842481,21.45604],[-157.842868,21.456985],[-157.842641,21.457048],[-157.842535,21.457061],[-157.842363,21.457065],[-157.842011,21.456461],[-157.841605,21.45675],[-157.841878,21.45721],[-157.842012,21.457125],[-157.842103,21.457307],[-157.842324,21.457437],[-157.842454,21.457661],[-157.842067,21.457925]]]},"properties":{}},{"type":"Feature","geometry":{"type":"Polygon","coordinates":[[[-158.20597,21.459743],[-158.205744,21.45964],[-158.205465,21.459528],[-158.205092,21.459353],[-158.205061,21.459337],[-158.204726,21.459184],[-158.204472,21.45907],[-158.204176,21.45893],[-158.204134,21.458912],[-158.204307,21.458692],[-158.204615,21.45891],[-158.205358,21.459352],[-158.205391,21.459372],[-158.205478,21.4593],[-158.205666,21.4594],[-158.20552,21.459251],[-158.205797,21.459044],[-158.205831,21.459056],[-158.205864,21.45909],[-158.205938,21.459135],[-158.205958,21.459153],[-158.205998,21.459169],[-158.206082,21.459233],[-158.20616,21.459279],[-158.206226,21.459304],[-158.206291,21.459345],[-158.20623,21.459428],[-158.205863,21.459521],[-158.20584,21.459505],[-158.205778,21.459593],[-158.205875,21.459652],[-158.205995,21.459732],[-158.20597,21.459743]]]},"properties":{}},{"type":"Feature","geometry":{"type":"Polygon","coordinates":[[[-158.205995,21.459732],[-158.205875,21.459652],[-158.205778,21.459593],[-158.20584,21.459505],[-158.205863,21.459521],[-158.20623,21.459428],[-158.206291,21.459345],[-158.206392,21.459426],[-158.206454,21.459465],[-158.206517,21.459529],[-158.205995,21.459732]]]},"properties":{}},{"type":"Feature","geometry":{"type":"Polygon","coordinates":[[[-158.204307,21.458692],[-158.204271,21.458664],[-158.204421,21.45862],[-158.204648,21.458551],[-158.204979,21.458453],[-158.205026,21.458508],[-158.205112,21.458551],[-158.205156,21.458558],[-158.205206,21.458578],[-158.205303,21.458633],[-158.205334,21.458658],[-158.205418,21.458697],[-158.205488,21.458763],[-158.205579,21.458831],[-158.205652,21.458867],[-158.20569,21.458919],[-158.205697,21.458962],[-158.20566,21.459012],[-158.205657,21.459032],[-158.205681,21.459055],[-158.205729,21.459044],[-158.205797,21.459044],[-158.20552,21.459251],[-158.205666,21.4594],[-158.205478,21.4593],[-158.205391,21.459372],[-158.205358,21.459352],[-158.204615,21.45891],[-158.204307,21.458692]]]},"properties":{}},{"type":"Feature","geometry":{"type":"Polygon","coordinates":[[[-157.75727,21.289334],[-157.757622,21.289429],[-157.757698,21.28945],[-157.757566,21.289584],[-157.757251,21.289498],[-157.75727,21.289334]]]},"properties":{}},{"type":"Feature","geometry":{"type":"Polygon","coordinates":[[[-158.164707,21.458948],[-158.164512,21.458746],[-158.164164,21.45839],[-158.164035,21.458256],[-158.163507,21.457714],[-158.164575,21.456811],[-158.164666,21.456742],[-158.16484,21.456943],[-158.164876,21.456968],[-158.165122,21.457166],[-158.165062,21.457227],[-158.165145,21.4573],[-158.165206,21.457289],[-158.165235,21.457302],[-158.165309,21.457217],[-158.165287,21.457192],[-158.16528,21.457165],[-158.165291,21.457138],[-158.165654,21.45734],[-158.165899,21.457491],[-158.166073,21.4576],[-158.165313,21.458177],[-158.165014,21.458641],[-158.164802,21.458802],[-158.164707,21.458948]]]},"properties":{}},{"type":"Feature","geometry":{"type":"Polygon","coordinates":[[[-158.003752,21.45787],[-158.003729,21.4578],[-158.003676,21.457684],[-158.003644,21.45763],[-158.003596,21.457564],[-158.003555,21.457514],[-158.003473,21.457434],[-158.003422,21.457394],[-158.003326,21.45733],[-158.003253,21.457291],[-158.003144,21.457247],[-158.003047,21.45722],[-158.002915,21.457199],[-158.002322,21.457163],[-158.002052,21.457146],[-158.002077,21.456796],[-158.002105,21.456453],[-158.002117,21.456311],[-158.002151,21.455861],[-158.002243,21.455722],[-158.002387,21.455662],[-158.002563,21.45562],[-158.002636,21.455623],[-158.002711,21.45568],[-158.002785,21.455777],[-158.003399,21.455785],[-158.00367,21.456071],[-158.003837,21.456213],[-158.004051,21.456284],[-158.004218,21.456386],[-158.004295,21.456692],[-158.004424,21.456869],[-158.005067,21.457532],[-158.003752,21.45787]]]},"properties":{}},{"type":"Feature","geometry":{"type":"Polygon","coordinates":[[[-158.204271,21.458664],[-158.20416,21.458576],[-158.203824,21.458337],[-158.203675,21.458207],[-158.203757,21.458124],[-158.203852,21.458204],[-158.204014,21.458331],[-158.204165,21.458445],[-158.204382,21.458597],[-158.204421,21.45862],[-158.204271,21.458664]]]},"properties":{}},{"type":"Feature","geometry":{"type":"Polygon","coordinates":[[[-158.204979,21.458453],[-158.204648,21.458551],[-158.204421,21.45862],[-158.204382,21.458597],[-158.204165,21.458445],[-158.204014,21.458331],[-158.204604,21.458128],[-158.20468,21.458194],[-158.204719,21.458215],[-158.204766,21.458251],[-158.204958,21.458421],[-158.204979,21.458453]]]},"properties":{}},{"type":"Feature","geometry":{"type":"Polygon","coordinates":[[[-157.843174,21.456278],[-157.843111,21.456293],[-157.84294,21.456344],[-157.842878,21.455905],[-157.842481,21.45604],[-157.842242,21.455359],[-157.843066,21.455565],[-157.843174,21.456278]]]},"properties":{}},{"type":"Feature","geometry":{"type":"Polygon","coordinates":[[[-157.841185,21.456291],[-157.840843,21.455816],[-157.840541,21.455509],[-157.840738,21.455466],[-157.840986,21.45575],[-157.841238,21.455614],[-157.8411,21.455367],[-157.84148,21.455369],[-157.841568,21.455643],[-157.841446,21.455701],[-157.841577,21.455948],[-157.841441,21.456004],[-157.84147,21.456212],[-157.841185,21.456291]]]},"properties":{}},{"type":"Feature","geometry":{"type":"Polygon","coordinates":[[[-158.204014,21.458331],[-158.203852,21.458204],[-158.203757,21.458124],[-158.203765,21.458118],[-158.204265,21.457862],[-158.204355,21.457915],[-158.204407,21.457953],[-158.204471,21.458026],[-158.204604,21.458128],[-158.204014,21.458331]]]},"properties":{}},{"type":"Feature","geometry":{"type":"Polygon","coordinates":[[[-158.012816,21.457063],[-158.01237,21.457124],[-158.012122,21.457158],[-158.011752,21.457208],[-158.01172,21.457016],[-158.011697,21.456943],[-158.01165,21.456862],[-158.011604,21.45681],[-158.011857,21.45659],[-158.01147,21.456384],[-158.011161,21.456364],[-158.011206,21.455685],[-158.011238,21.455242],[-158.010832,21.454806],[-158.010448,21.454402],[-158.011057,21.45408],[-158.011351,21.454574],[-158.011643,21.455066],[-158.012003,21.455671],[-158.012289,21.456152],[-158.012361,21.456116],[-158.012775,21.456798],[-158.012816,21.457063]]]},"properties":{}},{"type":"Feature","geometry":{"type":"Polygon","coordinates":[[[-157.741873,21.408897],[-157.742052,21.408805],[-157.742569,21.408538],[-157.743199,21.40822],[-157.743218,21.408252],[-157.742944,21.408392],[-157.74286,21.408427],[-157.742676,21.408532],[-157.742359,21.40869],[-157.741891,21.408926],[-157.741873,21.408897]]]},"properties":{}},{"type":"Feature","geometry":{"type":"Polygon","coordinates":[[[-157.751046,21.408721],[-157.750826,21.408909],[-157.750491,21.408681],[-157.750454,21.408699],[-157.750162,21.408182],[-157.75022,21.408151],[-157.750362,21.408407],[-157.750536,21.408322],[-157.750718,21.408231],[-157.751086,21.408049],[-157.751156,21.408171],[-157.751294,21.40833],[-157.751385,21.408437],[-157.751046,21.408721]]]},"properties":{}},{"type":"Feature","geometry":{"type":"Polygon","coordinates":[[[-158.203757,21.458124],[-158.203675,21.458207],[-158.203438,21.458001],[-158.203256,21.457835],[-158.203199,21.457781],[-158.203094,21.457688],[-158.203006,21.457601],[-158.20294,21.457531],[-158.203048,21.457477],[-158.203409,21.457251],[-158.20344,21.45728],[-158.203484,21.457308],[-158.203541,21.457373],[-158.203579,21.457446],[-158.203616,21.457482],[-158.203663,21.457514],[-158.20369,21.457521],[-158.203868,21.457623],[-158.203973,21.45768],[-158.204012,21.457696],[-158.204066,21.457728],[-158.204115,21.457771],[-158.204184,21.457806],[-158.204265,21.457862],[-158.203765,21.458118],[-158.203757,21.458124]]]},"properties":{}},{"type":"Feature","geometry":{"type":"Polygon","coordinates":[[[-158.203409,21.457251],[-158.203048,21.457477],[-158.20292,21.457341],[-158.202758,21.45716],[-158.203161,21.456913],[-158.20323,21.457006],[-158.203277,21.457047],[-158.203319,21.457131],[-158.203351,21.457167],[-158.20338,21.457187],[-158.203409,21.457251]]]},"properties":{}},{"type":"Feature","geometry":{"type":"Polygon","coordinates":[[[-158.203161,21.456913],[-158.202758,21.45716],[-158.202652,21.457218],[-158.202609,21.457168],[-158.202408,21.45693],[-158.202319,21.456817],[-158.202423,21.456751],[-158.203043,21.45637],[-158.203048,21.456389],[-158.202982,21.45647],[-158.202969,21.456508],[-158.202977,21.456598],[-158.20304,21.456745],[-158.203088,21.45682],[-158.203161,21.456913]]]},"properties":{}},{"type":"Feature","geometry":{"type":"Polygon","coordinates":[[[-158.202423,21.456751],[-158.202363,21.456679],[-158.202225,21.456493],[-158.202931,21.456144],[-158.202929,21.456205],[-158.202967,21.456266],[-158.202972,21.456289],[-158.203043,21.45637],[-158.202423,21.456751]]]},"properties":{}},{"type":"Feature","geometry":{"type":"Polygon","coordinates":[[[-158.202931,21.456144],[-158.202225,21.456493],[-158.202176,21.456432],[-158.202147,21.456382],[-158.202104,21.456328],[-158.202717,21.456066],[-158.202845,21.456015],[-158.202913,21.456094],[-158.202931,21.456144]]]},"properties":{}},{"type":"Feature","geometry":{"type":"Polygon","coordinates":[[[-157.852804,21.451592],[-157.853626,21.451329],[-157.854936,21.450358],[-157.85579,21.449345],[-157.857064,21.452818],[-157.8576,21.454281],[-157.857191,21.454285],[-157.85667,21.454293],[-157.856381,21.453609],[-157.856144,21.453056],[-157.855765,21.452794],[-157.854997,21.453114],[-157.854288,21.453407],[-157.854073,21.453762],[-157.853204,21.452846],[-157.852913,21.45307],[-157.852869,21.453099],[-157.852778,21.453148],[-157.852351,21.453353],[-157.851976,21.452969],[-157.852036,21.452924],[-157.852058,21.452899],[-157.852099,21.452755],[-157.852111,21.452638],[-157.852124,21.452584],[-157.852078,21.452398],[-157.852051,21.452323],[-157.852037,21.452296],[-157.85202,21.452228],[-157.851992,21.452154],[-157.85198,21.452065],[-157.851988,21.452009],[-157.852018,21.451944],[-157.852059,21.451894],[-157.852138,21.451841],[-157.852194,21.451809],[-157.852248,21.451794],[-157.852334,21.451749],[-157.852353,21.451747],[-157.852408,21.451718],[-157.852493,21.451694],[-157.852534,21.451674],[-157.852634,21.451638],[-157.852743,21.451612],[-157.852804,21.451592]]]},"properties":{}},{"type":"Feature","geometry":{"type":"Polygon","coordinates":[[[-158.192438,21.449273],[-158.192482,21.449591],[-158.193448,21.449289],[-158.193402,21.449144],[-158.193421,21.449151],[-158.193719,21.449299],[-158.193857,21.449365],[-158.194089,21.449473],[-158.194113,21.449482],[-158.194722,21.449756],[-158.195694,21.448907],[-158.195744,21.448907],[-158.195828,21.448883],[-158.196045,21.448861],[-158.195904,21.449204],[-158.195746,21.449467],[-158.195751,21.449508],[-158.195897,21.449493],[-158.195919,21.449671],[-158.195829,21.449777],[-158.195954,21.450787],[-158.19463,21.452351],[-158.194378,21.452166],[-158.19507,21.450991],[-158.194484,21.450557],[-158.194358,21.450463],[-158.193469,21.451512],[-158.192379,21.45072],[-158.192689,21.450349],[-158.192089,21.449904],[-158.191759,21.44966],[-158.191431,21.450047],[-158.191311,21.449958],[-158.191226,21.449893],[-158.191077,21.44977],[-158.192438,21.449273]]]},"properties":{}},{"type":"Feature","geometry":{"type":"Polygon","coordinates":[[[-158.019761,21.454075],[-158.019114,21.45378],[-158.018798,21.453633],[-158.018503,21.45388],[-158.018463,21.453837],[-158.018413,21.453758],[-158.018373,21.453651],[-158.018258,21.453041],[-158.018216,21.452803],[-158.018297,21.452793],[-158.019082,21.452671],[-158.019499,21.452605],[-158.019518,21.452601],[-158.019761,21.45276],[-158.019791,21.452916],[-158.019853,21.453274],[-158.019896,21.453507],[-158.020053,21.453697],[-158.019844,21.45392],[-158.019761,21.454075]]]},"properties":{}},{"type":"Feature","geometry":{"type":"Polygon","coordinates":[[[-157.852804,21.451592],[-157.852718,21.451217],[-157.852611,21.451336],[-157.852407,21.451481],[-157.852112,21.451617],[-157.851542,21.451884],[-157.851136,21.452078],[-157.850608,21.452139],[-157.85044,21.45219],[-157.850232,21.452202],[-157.850028,21.452163],[-157.85008,21.452032],[-157.850249,21.452065],[-157.850432,21.452048],[-157.850578,21.452008],[-157.851091,21.451946],[-157.8512,21.451893],[-157.851594,21.451708],[-157.85196,21.451541],[-157.852316,21.451374],[-157.852495,21.451254],[-157.852672,21.451056],[-157.85254,21.450522],[-157.852388,21.44988],[-157.852378,21.449853],[-157.852075,21.448967],[-157.852247,21.448318],[-157.851565,21.447663],[-157.8511,21.446973],[-157.850879,21.446337],[-157.854557,21.445974],[-157.8556,21.448827],[-157.85579,21.449345],[-157.854936,21.450358],[-157.853626,21.451329],[-157.852804,21.451592]]]},"properties":{}},{"type":"Feature","geometry":{"type":"Polygon","coordinates":[[[-158.197262,21.453303],[-158.197153,21.453302],[-158.196702,21.453849],[-158.196004,21.453349],[-158.195648,21.453087],[-158.197234,21.451191],[-158.197262,21.451198],[-158.19837,21.451483],[-158.198327,21.451542],[-158.198315,21.451589],[-158.19835,21.45163],[-158.198416,21.451673],[-158.198471,21.451685],[-158.198543,21.45171],[-158.198653,21.45174],[-158.198675,21.451751],[-158.198736,21.451756],[-158.198855,21.451732],[-158.19892,21.451727],[-158.198996,21.451712],[-158.199051,21.451717],[-158.199152,21.451713],[-158.199188,21.451717],[-158.1993,21.451777],[-158.19934,21.451804],[-158.199382,21.451818],[-158.19946,21.451827],[-158.199524,21.451857],[-158.199664,21.451889],[-158.199757,21.451914],[-158.199772,21.451912],[-158.199883,21.451942],[-158.199924,21.451974],[-158.199956,21.452015],[-158.199994,21.45208],[-158.200018,21.452135],[-158.200051,21.452185],[-158.20007,21.452225],[-158.200084,21.452282],[-158.200083,21.452318],[-158.200064,21.45241],[-158.200016,21.452494],[-158.199996,21.452541],[-158.199984,21.452625],[-158.199966,21.452679],[-158.199956,21.452756],[-158.199951,21.452837],[-158.199956,21.452859],[-158.200005,21.452932],[-158.200053,21.452982],[-158.20011,21.453077],[-158.200113,21.453095],[-158.200151,21.453158],[-158.200215,21.453236],[-158.200281,21.453301],[-158.197262,21.453303]]]},"properties":{}},{"type":"Feature","geometry":{"type":"Polygon","coordinates":[[[-158.008634,21.451613],[-158.00857,21.451649],[-158.008391,21.451271],[-158.008091,21.450641],[-158.007911,21.450261],[-158.007851,21.450136],[-158.007492,21.449377],[-158.007395,21.449176],[-158.007473,21.449138],[-158.007605,21.449087],[-158.007744,21.449054],[-158.00785,21.449041],[-158.007976,21.449039],[-158.008083,21.449049],[-158.008171,21.449065],[-158.008291,21.4491],[-158.008405,21.449148],[-158.008513,21.449209],[-158.00857,21.449248],[-158.008675,21.449339],[-158.008734,21.449403],[-158.008796,21.449484],[-158.008848,21.449573],[-158.008903,21.449697],[-158.008923,21.449761],[-158.009095,21.450353],[-158.00914,21.45048],[-158.009176,21.450559],[-158.009227,21.450652],[-158.009528,21.451133],[-158.008634,21.451613]]]},"properties":{}},{"type":"Feature","geometry":{"type":"Polygon","coordinates":[[[-157.748364,21.389681],[-157.748741,21.389894],[-157.748726,21.389928],[-157.748564,21.390242],[-157.748514,21.390222],[-157.748157,21.390093],[-157.748157,21.390081],[-157.748213,21.389955],[-157.748274,21.389834],[-157.748364,21.389681]]]},"properties":{}},{"type":"Feature","geometry":{"type":"Polygon","coordinates":[[[-157.993921,21.313891],[-157.993918,21.313885],[-157.993747,21.313224],[-157.993766,21.313222],[-157.993936,21.313887],[-157.993921,21.313891]]]},"properties":{}},{"type":"Feature","geometry":{"type":"Polygon","coordinates":[[[-158.193402,21.449144],[-158.193426,21.449016],[-158.193716,21.449008],[-158.193916,21.448867],[-158.193968,21.448887],[-158.193998,21.448887],[-158.194082,21.448917],[-158.194152,21.448926],[-158.194213,21.448922],[-158.194233,21.448911],[-158.194271,21.448864],[-158.194308,21.448803],[-158.194349,21.448778],[-158.194422,21.448659],[-158.194455,21.448661],[-158.194489,21.44865],[-158.19454,21.448608],[-158.194587,21.448545],[-158.194628,21.448556],[-158.194639,21.448606],[-158.19472,21.448604],[-158.194758,21.448595],[-158.194827,21.448598],[-158.194883,21.448591],[-158.194929,21.448596],[-158.195063,21.448637],[-158.1951,21.448671],[-158.195154,21.448692],[-158.195203,21.448728],[-158.195338,21.448765],[-158.1954,21.448765],[-158.195442,21.448777],[-158.195557,21.448789],[-158.19565,21.448787],[-158.195738,21.448778],[-158.195813,21.448803],[-158.195694,21.448907],[-158.194722,21.449756],[-158.194113,21.449482],[-158.194089,21.449473],[-158.193857,21.449365],[-158.193719,21.449299],[-158.193421,21.449151],[-158.193402,21.449144]]]},"properties":{}},{"type":"Feature","geometry":{"type":"Polygon","coordinates":[[[-158.186581,21.447729],[-158.186703,21.448019],[-158.186904,21.448487],[-158.187139,21.449044],[-158.187245,21.449291],[-158.18713,21.449333],[-158.18704,21.44936],[-158.186907,21.449391],[-158.186558,21.449443],[-158.18598,21.449528],[-158.185682,21.449574],[-158.185619,21.449574],[-158.185526,21.449558],[-158.185486,21.449544],[-158.185331,21.449469],[-158.185189,21.449448],[-158.184923,21.449322],[-158.185277,21.448371],[-158.185632,21.447433],[-158.185926,21.446655],[-158.185961,21.446583],[-158.186005,21.446515],[-158.186048,21.446464],[-158.186222,21.446882],[-158.186329,21.447131],[-158.186581,21.447729]]]},"properties":{}},{"type":"Feature","geometry":{"type":"Polygon","coordinates":[[[-158.192438,21.449273],[-158.192421,21.449115],[-158.192602,21.449064],[-158.192717,21.44901],[-158.192815,21.448954],[-158.193448,21.449289],[-158.192482,21.449591],[-158.192438,21.449273]]]},"properties":{}},{"type":"Feature","geometry":{"type":"Polygon","coordinates":[[[-158.019751,21.445639],[-158.019612,21.445684],[-158.019513,21.445724],[-158.019452,21.445753],[-158.01934,21.445815],[-158.019199,21.445914],[-158.019118,21.445983],[-158.01904,21.44606],[-158.018749,21.446358],[-158.018635,21.446263],[-158.018474,21.446147],[-158.018378,21.446085],[-158.018303,21.446042],[-158.01797,21.445843],[-158.017951,21.445823],[-158.017941,21.445784],[-158.01795,21.445755],[-158.018017,21.445661],[-158.018069,21.445582],[-158.018138,21.445467],[-158.0182,21.445352],[-158.018428,21.444909],[-158.018526,21.444713],[-158.018827,21.444943],[-158.01927,21.445275],[-158.019323,21.445316],[-158.019512,21.445455],[-158.019751,21.445639]]]},"properties":{}},{"type":"Feature","geometry":{"type":"Polygon","coordinates":[[[-158.189241,21.445752],[-158.189193,21.445767],[-158.188738,21.445901],[-158.188371,21.44601],[-158.18832,21.445901],[-158.188743,21.445774],[-158.188757,21.445772],[-158.189184,21.445648],[-158.189241,21.445752]]]},"properties":{}},{"type":"Feature","geometry":{"type":"Polygon","coordinates":[[[-157.752229,21.376457],[-157.752597,21.375841],[-157.752787,21.375944],[-157.752894,21.376006],[-157.753232,21.376185],[-157.753443,21.376304],[-157.753472,21.376324],[-157.75349,21.376372],[-157.753486,21.376408],[-157.75347,21.37643],[-157.75329,21.376734],[-157.752229,21.376457]]]},"properties":{}},{"type":"Feature","geometry":{"type":"Polygon","coordinates":[[[-158.189241,21.445752],[-158.189184,21.445648],[-158.189078,21.445435],[-158.188983,21.445218],[-158.188927,21.44507],[-158.18888,21.444935],[-158.188814,21.444715],[-158.188774,21.444543],[-158.188744,21.444397],[-158.188722,21.444263],[-158.188702,21.44413],[-158.188685,21.444003],[-158.188661,21.44377],[-158.18865,21.443624],[-158.188638,21.443366],[-158.188637,21.443235],[-158.188646,21.443048],[-158.188667,21.442851],[-158.188695,21.442682],[-158.188636,21.442688],[-158.188632,21.442621],[-158.188546,21.442607],[-158.188551,21.442559],[-158.188586,21.442329],[-158.188595,21.442282],[-158.188704,21.441616],[-158.188795,21.441065],[-158.188825,21.441056],[-158.189307,21.440925],[-158.189633,21.440839],[-158.189824,21.441124],[-158.189975,21.441046],[-158.189971,21.440716],[-158.190011,21.440717],[-158.190076,21.440687],[-158.190114,21.440685],[-158.190176,21.440697],[-158.190232,21.440684],[-158.190307,21.440639],[-158.190356,21.440601],[-158.190403,21.440578],[-158.190513,21.440586],[-158.190541,21.440581],[-158.190601,21.440545],[-158.190695,21.44046],[-158.190726,21.440438],[-158.190813,21.440395],[-158.190868,21.440382],[-158.190948,21.440414],[-158.191,21.44041],[-158.191069,21.440392],[-158.191153,21.440356],[-158.191177,21.440307],[-158.191175,21.44027],[-158.191186,21.440243],[-158.191183,21.440196],[-158.191215,21.440173],[-158.191445,21.440123],[-158.19152,21.440087],[-158.191576,21.440076],[-158.191628,21.440092],[-158.191666,21.440124],[-158.19168,21.440153],[-158.19167,21.440182],[-158.191685,21.440196],[-158.191748,21.440181],[-158.191793,21.440151],[-158.191831,21.44014],[-158.19188,21.440154],[-158.191916,21.44019],[-158.191947,21.4402],[-158.191983,21.440247],[-158.19197,21.440281],[-158.191924,21.440355],[-158.191913,21.440391],[-158.191918,21.440434],[-158.191949,21.440446],[-158.192004,21.440369],[-158.192035,21.440356],[-158.192038,21.440399],[-158.19208,21.44053],[-158.192082,21.440571],[-158.192074,21.440623],[-158.192036,21.440665],[-158.191994,21.440683],[-158.191934,21.440699],[-158.191887,21.440701],[-158.191751,21.440718],[-158.191711,21.440738],[-158.191686,21.440761],[-158.191669,21.440795],[-158.19167,21.440817],[-158.191695,21.440851],[-158.191687,21.440887],[-158.191656,21.440923],[-158.191633,21.440937],[-158.191535,21.440959],[-158.191453,21.440965],[-158.191335,21.441017],[-158.191248,21.441032],[-158.191215,21.441043],[-158.191057,21.441139],[-158.190992,21.44115],[-158.190923,21.44113],[-158.190876,21.441089],[-158.190801,21.441068],[-158.19072,21.441102],[-158.190678,21.441108],[-158.190628,21.441061],[-158.190575,21.441044],[-158.190542,21.441015],[-158.190507,21.441022],[-158.190445,21.441078],[-158.190413,21.441098],[-158.190395,21.441136],[-158.190397,21.441157],[-158.190438,21.441168],[-158.190442,21.441202],[-158.190469,21.441225],[-158.190491,21.441277],[-158.190437,21.441342],[-158.190414,21.441355],[-158.190367,21.441353],[-158.190314,21.441416],[-158.190266,21.441431],[-158.190243,21.441506],[-158.190209,21.441564],[-158.190164,21.441598],[-158.190122,21.441643],[-158.190098,21.441654],[-158.190027,21.44167],[-158.189905,21.441723],[-158.189832,21.441728],[-158.189795,21.441723],[-158.189723,21.441725],[-158.189691,21.441734],[-158.189633,21.441797],[-158.189594,21.441878],[-158.189574,21.441893],[-158.189555,21.441938],[-158.189566,21.44197],[-158.189596,21.442002],[-158.1896,21.442034],[-158.189593,21.442169],[-158.189567,21.442187],[-158.189518,21.442164],[-158.189397,21.442155],[-158.189328,21.442134],[-158.189242,21.442115],[-158.189218,21.442129],[-158.189206,21.442165],[-158.189229,21.442201],[-158.189257,21.442226],[-158.189235,21.442262],[-158.189175,21.44228],[-158.189182,21.442343],[-158.189174,21.442382],[-158.189176,21.442434],[-158.189158,21.442494],[-158.189157,21.442531],[-158.18918,21.442617],[-158.189183,21.442673],[-158.189172,21.442766],[-158.189154,21.442829],[-158.189152,21.44293],[-158.189168,21.442989],[-158.189192,21.443037],[-158.1892,21.443084],[-158.189168,21.443168],[-158.189114,21.443253],[-158.189108,21.443292],[-158.189122,21.443357],[-158.189174,21.443454],[-158.189186,21.443509],[-158.189167,21.44359],[-158.189166,21.44366],[-158.189147,21.443721],[-158.189144,21.443771],[-158.189149,21.443813],[-158.189169,21.443872],[-158.189191,21.443961],[-158.189228,21.444017],[-158.189266,21.444146],[-158.189279,21.444173],[-158.188872,21.444316],[-158.188839,21.444252],[-158.188857,21.444359],[-158.188886,21.444508],[-158.188921,21.444655],[-158.188962,21.444802],[-158.189033,21.445019],[-158.189086,21.445162],[-158.189146,21.445302],[-158.18921,21.44544],[-158.18928,21.445576],[-158.189358,21.445716],[-158.189379,21.44599],[-158.189241,21.445752]]]},"properties":{}},{"type":"Feature","geometry":{"type":"Polygon","coordinates":[[[-157.840783,21.317357],[-157.840545,21.317536],[-157.840269,21.317213],[-157.840394,21.317121],[-157.840194,21.31689],[-157.84032,21.316902],[-157.840479,21.316903],[-157.840584,21.316895],[-157.840715,21.316875],[-157.840757,21.316864],[-157.841025,21.317176],[-157.840783,21.317357]]]},"properties":{}},{"type":"Feature","geometry":{"type":"Polygon","coordinates":[[[-158.189279,21.444173],[-158.189314,21.44425],[-158.189361,21.444275],[-158.189411,21.444325],[-158.189418,21.444359],[-158.189407,21.444404],[-158.189409,21.444431],[-158.189449,21.444486],[-158.189461,21.444524],[-158.189503,21.444583],[-158.18954,21.44466],[-158.189541,21.444719],[-158.189113,21.4449],[-158.189339,21.445441],[-158.189358,21.445716],[-158.18928,21.445576],[-158.18921,21.44544],[-158.189146,21.445302],[-158.189086,21.445162],[-158.189033,21.445019],[-158.188962,21.444802],[-158.188921,21.444655],[-158.188886,21.444508],[-158.188857,21.444359],[-158.188839,21.444252],[-158.188872,21.444316],[-158.189279,21.444173]]]},"properties":{}},{"type":"Feature","geometry":{"type":"Polygon","coordinates":[[[-157.808646,21.440316],[-157.808873,21.44055],[-157.808966,21.440289],[-157.808694,21.440188],[-157.808623,21.440194],[-157.808596,21.440171],[-157.808334,21.44],[-157.80838,21.439967],[-157.808495,21.439897],[-157.808605,21.439885],[-157.808727,21.439861],[-157.808811,21.439875],[-157.808893,21.439898],[-157.80901,21.439921],[-157.809274,21.439934],[-157.809361,21.439933],[-157.809476,21.439925],[-157.809602,21.439903],[-157.809709,21.439847],[-157.80978,21.439805],[-157.809861,21.439729],[-157.809917,21.439664],[-157.809983,21.43961],[-157.810051,21.439534],[-157.810102,21.439459],[-157.810201,21.439349],[-157.810317,21.439181],[-157.810394,21.439118],[-157.810479,21.438995],[-157.810523,21.438959],[-157.810569,21.438898],[-157.810608,21.438815],[-157.810654,21.438695],[-157.810677,21.438671],[-157.810754,21.438538],[-157.810781,21.438507],[-157.810809,21.438459],[-157.810819,21.438401],[-157.81089,21.438259],[-157.810972,21.438124],[-157.811006,21.438077],[-157.811014,21.43802],[-157.811041,21.437975],[-157.811074,21.43794],[-157.811085,21.437883],[-157.811125,21.437818],[-157.81114,21.437759],[-157.811181,21.437683],[-157.811227,21.437611],[-157.811255,21.437555],[-157.811288,21.437512],[-157.811316,21.437438],[-157.811371,21.43733],[-157.811479,21.437297],[-157.811718,21.43796],[-157.811729,21.437998],[-157.811739,21.438073],[-157.811738,21.438118],[-157.811727,21.438181],[-157.81169,21.438274],[-157.81166,21.438321],[-157.811609,21.438377],[-157.811347,21.438601],[-157.811005,21.438917],[-157.81093,21.438998],[-157.810863,21.439088],[-157.810782,21.439218],[-157.810737,21.439317],[-157.8107,21.439421],[-157.810683,21.439484],[-157.810599,21.439906],[-157.810583,21.43998],[-157.810564,21.440036],[-157.810512,21.44014],[-157.810459,21.440214],[-157.810414,21.440263],[-157.810361,21.44031],[-157.810252,21.440393],[-157.810034,21.440581],[-157.809972,21.440653],[-157.809921,21.440732],[-157.809895,21.440784],[-157.809861,21.440883],[-157.809848,21.44095],[-157.809842,21.441009],[-157.809845,21.441099],[-157.809862,21.441192],[-157.809887,21.441269],[-157.809928,21.441353],[-157.809974,21.441421],[-157.810012,21.441466],[-157.810091,21.441539],[-157.81017,21.441594],[-157.810256,21.441638],[-157.810449,21.441723],[-157.810409,21.441883],[-157.810309,21.441859],[-157.810233,21.441852],[-157.81017,21.441833],[-157.809945,21.44183],[-157.809805,21.441838],[-157.809741,21.441837],[-157.809595,21.441847],[-157.809512,21.441863],[-157.809292,21.441976],[-157.809172,21.442059],[-157.809073,21.442137],[-157.809011,21.442173],[-157.808902,21.442254],[-157.808852,21.442296],[-157.808785,21.442329],[-157.80872,21.44239],[-157.808672,21.442448],[-157.808564,21.442563],[-157.808488,21.442668],[-157.808442,21.442722],[-157.808416,21.442763],[-157.808369,21.442817],[-157.808286,21.442902],[-157.808159,21.442939],[-157.808108,21.44295],[-157.808005,21.442959],[-157.807856,21.442976],[-157.807802,21.442973],[-157.807641,21.442976],[-157.807575,21.442974],[-157.807506,21.442964],[-157.807439,21.442939],[-157.807407,21.442898],[-157.807386,21.44285],[-157.807298,21.442588],[-157.807282,21.442531],[-157.807246,21.442382],[-157.807231,21.442199],[-157.807234,21.442147],[-157.807257,21.44207],[-157.807302,21.442028],[-157.80741,21.44194],[-157.807439,21.441898],[-157.807464,21.441837],[-157.807489,21.441758],[-157.807537,21.441706],[-157.8076,21.441673],[-157.807693,21.441658],[-157.80791,21.441648],[-157.80797,21.441635],[-157.808192,21.441605],[-157.808395,21.441602],[-157.808499,21.441582],[-157.808582,21.441551],[-157.808632,21.441509],[-157.808682,21.44141],[-157.808699,21.441335],[-157.808705,21.441258],[-157.808703,21.441191],[-157.808715,21.441137],[-157.808727,21.441024],[-157.808713,21.440834],[-157.808697,21.440698],[-157.808705,21.440603],[-157.808698,21.440502],[-157.808657,21.440418],[-157.808644,21.44037],[-157.808646,21.440316]],[[-157.810087,21.439922],[-157.810272,21.440127],[-157.810489,21.439954],[-157.810309,21.439745],[-157.810087,21.439922]]]},"properties":{}},{"type":"Feature","geometry":{"type":"Polygon","coordinates":[[[-158.007501,21.441947],[-158.007554,21.441818],[-158.007577,21.441308],[-158.006837,21.440238],[-158.006848,21.440222],[-158.007098,21.43993],[-158.00747,21.439492],[-158.008333,21.439725],[-158.008502,21.441664],[-158.008324,21.441665],[-158.008203,21.441684],[-158.00811,21.441715],[-158.008044,21.441747],[-158.007957,21.441805],[-158.007891,21.441863],[-158.007833,21.441933],[-158.007803,21.441978],[-158.007773,21.442039],[-158.007501,21.441947]]]},"properties":{}},{"type":"Feature","geometry":{"type":"Polygon","coordinates":[[[-158.023082,21.443978],[-158.023022,21.443741],[-158.022978,21.443551],[-158.022912,21.443302],[-158.022895,21.443214],[-158.022868,21.443126],[-158.022802,21.442852],[-158.022836,21.442845],[-158.023065,21.442788],[-158.023975,21.442536],[-158.024012,21.442642],[-158.024123,21.442973],[-158.024252,21.44335],[-158.024321,21.443545],[-158.024053,21.44365],[-158.02376,21.443759],[-158.023464,21.443868],[-158.023353,21.443912],[-158.023091,21.444012],[-158.023082,21.443978]]]},"properties":{}},{"type":"Feature","geometry":{"type":"Polygon","coordinates":[[[-158.188685,21.444003],[-158.188702,21.44413],[-158.188319,21.444141],[-158.188315,21.444019],[-158.188685,21.444003]]]},"properties":{}},{"type":"Feature","geometry":{"type":"Polygon","coordinates":[[[-158.017135,21.442952],[-158.01719,21.442928],[-158.017323,21.442858],[-158.017449,21.442778],[-158.017568,21.442688],[-158.017613,21.44265],[-158.017719,21.442547],[-158.017796,21.442459],[-158.017899,21.442317],[-158.017959,21.442218],[-158.018012,21.442115],[-158.018056,21.442009],[-158.018101,21.441871],[-158.018121,21.441788],[-158.018137,21.441704],[-158.018148,21.441619],[-158.018155,21.441504],[-158.018152,21.441361],[-158.018144,21.441275],[-158.018131,21.441192],[-158.018104,21.44107],[-158.017374,21.438328],[-158.017381,21.438285],[-158.017415,21.438263],[-158.019106,21.437866],[-158.019568,21.439603],[-158.019186,21.439694],[-158.01953,21.440985],[-158.019845,21.442184],[-158.019763,21.442229],[-158.019682,21.44228],[-158.019113,21.442433],[-158.018286,21.442658],[-158.018118,21.442703],[-158.017806,21.442789],[-158.017647,21.442831],[-158.017309,21.442924],[-158.017141,21.442968],[-158.017135,21.442952]]]},"properties":{}},{"type":"Feature","geometry":{"type":"Polygon","coordinates":[[[-158.188281,21.443247],[-158.188637,21.443235],[-158.188638,21.443366],[-158.18865,21.443624],[-158.188297,21.443631],[-158.188281,21.443247]]]},"properties":{}},{"type":"Feature","geometry":{"type":"Polygon","coordinates":[[[-158.187788,21.443034],[-158.187837,21.443148],[-158.187977,21.44346],[-158.187447,21.443622],[-158.187438,21.443593],[-158.187755,21.443495],[-158.187735,21.443441],[-158.187614,21.443097],[-158.187788,21.443034]]]},"properties":{}},{"type":"Feature","geometry":{"type":"Polygon","coordinates":[[[-158.187977,21.44346],[-158.187837,21.443148],[-158.187788,21.443034],[-158.187946,21.442976],[-158.188132,21.44291],[-158.188144,21.442955],[-158.188163,21.443402],[-158.187977,21.44346]]]},"properties":{}},{"type":"Feature","geometry":{"type":"Polygon","coordinates":[[[-158.188281,21.443247],[-158.188272,21.443057],[-158.188646,21.443048],[-158.188637,21.443235],[-158.188281,21.443247]]]},"properties":{}},{"type":"Feature","geometry":{"type":"Polygon","coordinates":[[[-158.188272,21.443057],[-158.188267,21.442935],[-158.18825,21.442867],[-158.188667,21.442851],[-158.188646,21.443048],[-158.188272,21.443057]]]},"properties":{}},{"type":"Feature","geometry":{"type":"Polygon","coordinates":[[[-158.187788,21.443034],[-158.18762,21.442645],[-158.187797,21.442587],[-158.187946,21.442976],[-158.187788,21.443034]]]},"properties":{}},{"type":"Feature","geometry":{"type":"Polygon","coordinates":[[[-158.187946,21.442976],[-158.187797,21.442587],[-158.18799,21.44252],[-158.188132,21.44291],[-158.187946,21.442976]]]},"properties":{}},{"type":"Feature","geometry":{"type":"Polygon","coordinates":[[[-158.18825,21.442867],[-158.188196,21.442725],[-158.188425,21.442649],[-158.188546,21.442607],[-158.188632,21.442621],[-158.188636,21.442688],[-158.188695,21.442682],[-158.188667,21.442851],[-158.18825,21.442867]]]},"properties":{}},{"type":"Feature","geometry":{"type":"Polygon","coordinates":[[[-158.188196,21.442725],[-158.188107,21.442485],[-158.188339,21.442407],[-158.188425,21.442649],[-158.188196,21.442725]]]},"properties":{}},{"type":"Feature","geometry":{"type":"Polygon","coordinates":[[[-158.189846,21.440729],[-158.189804,21.440652],[-158.189623,21.440751],[-158.189588,21.440755],[-158.188931,21.440933],[-158.18892,21.440865],[-158.188894,21.440759],[-158.188863,21.440664],[-158.188826,21.440571],[-158.188782,21.44048],[-158.188743,21.44041],[-158.188562,21.440129],[-158.188107,21.439413],[-158.187252,21.438079],[-158.186534,21.436957],[-158.18558,21.435471],[-158.185079,21.434687],[-158.184916,21.434422],[-158.184762,21.434164],[-158.184762,21.434157],[-158.184604,21.433887],[-158.184328,21.433371],[-158.184088,21.4329],[-158.183792,21.432293],[-158.18371,21.432103],[-158.184436,21.432748],[-158.184434,21.432757],[-158.184459,21.432857],[-158.184487,21.432933],[-158.184518,21.433074],[-158.184562,21.433137],[-158.184647,21.433214],[-158.184703,21.433316],[-158.184754,21.433377],[-158.184763,21.433414],[-158.184865,21.433642],[-158.184896,21.433708],[-158.184926,21.433805],[-158.184956,21.433954],[-158.184978,21.434029],[-158.185002,21.434165],[-158.185052,21.434264],[-158.185106,21.434414],[-158.185145,21.434479],[-158.18518,21.434522],[-158.185249,21.434579],[-158.185335,21.434659],[-158.185404,21.434752],[-158.185439,21.434808],[-158.185448,21.434838],[-158.185463,21.434933],[-158.185464,21.434989],[-158.185474,21.435021],[-158.185508,21.435082],[-158.185577,21.435157],[-158.185623,21.435218],[-158.185724,21.435363],[-158.185763,21.435431],[-158.185833,21.435528],[-158.185892,21.435592],[-158.185932,21.435658],[-158.18603,21.435764],[-158.18608,21.435803],[-158.186106,21.435832],[-158.186188,21.43591],[-158.186199,21.435928],[-158.186268,21.435991],[-158.186342,21.436077],[-158.186375,21.436107],[-158.186597,21.436268],[-158.186642,21.436325],[-158.186685,21.436359],[-158.186719,21.4364],[-158.186802,21.436513],[-158.186868,21.43664],[-158.186921,21.436697],[-158.186949,21.436751],[-158.186972,21.436826],[-158.186991,21.436919],[-158.187034,21.43709],[-158.187098,21.437224],[-158.187131,21.437299],[-158.187148,21.43736],[-158.187195,21.437473],[-158.187228,21.437536],[-158.187245,21.437595],[-158.187279,21.43769],[-158.187329,21.437794],[-158.187394,21.43789],[-158.187437,21.437942],[-158.187508,21.438019],[-158.187553,21.438085],[-158.187616,21.4382],[-158.187661,21.438264],[-158.18774,21.438366],[-158.18779,21.438438],[-158.187811,21.438479],[-158.187885,21.438592],[-158.187981,21.438748],[-158.188049,21.438871],[-158.188126,21.438977],[-158.188266,21.439147],[-158.188312,21.439218],[-158.188362,21.439315],[-158.188411,21.439396],[-158.188485,21.439568],[-158.188486,21.439578],[-158.188554,21.439695],[-158.188587,21.439734],[-158.188621,21.439761],[-158.188671,21.439834],[-158.188785,21.439963],[-158.188854,21.440033],[-158.188921,21.44009],[-158.188978,21.440169],[-158.189024,21.440226],[-158.189075,21.440274],[-158.189131,21.440344],[-158.189188,21.440399],[-158.189225,21.440444],[-158.189327,21.440537],[-158.189392,21.440585],[-158.189451,21.44061],[-158.1895,21.440624],[-158.189622,21.44064],[-158.189743,21.440634],[-158.189781,21.440641],[-158.189866,21.440637],[-158.189904,21.440657],[-158.189911,21.440696],[-158.189846,21.440729]]]},"properties":{}},{"type":"Feature","geometry":{"type":"Polygon","coordinates":[[[-158.024142,21.439002],[-158.02408,21.439158],[-158.023886,21.439089],[-158.023405,21.438914],[-158.023273,21.438868],[-158.023172,21.438838],[-158.023039,21.438808],[-158.023038,21.438792],[-158.023118,21.438427],[-158.023153,21.438307],[-158.023187,21.438213],[-158.023431,21.437559],[-158.023437,21.437559],[-158.02385,21.437776],[-158.024082,21.437897],[-158.024497,21.438119],[-158.024313,21.438574],[-158.024271,21.438684],[-158.024142,21.439002]]]},"properties":{}},{"type":"Feature","geometry":{"type":"Polygon","coordinates":[[[-157.863444,21.31301],[-157.863368,21.312895],[-157.863426,21.312861],[-157.86384,21.312611],[-157.863942,21.312551],[-157.864013,21.312673],[-157.863734,21.312836],[-157.863725,21.312843],[-157.863444,21.31301]]]},"properties":{}},{"type":"Feature","geometry":{"type":"Polygon","coordinates":[[[-157.998421,21.313627],[-157.998246,21.312953],[-157.99826,21.312948],[-157.998439,21.313623],[-157.998421,21.313627]]]},"properties":{}},{"type":"Feature","geometry":{"type":"Polygon","coordinates":[[[-157.829002,21.436551],[-157.828934,21.436494],[-157.828703,21.436309],[-157.828542,21.436193],[-157.828378,21.436081],[-157.828209,21.435976],[-157.828016,21.435864],[-157.829037,21.43516],[-157.829254,21.435012],[-157.829802,21.435834],[-157.829733,21.435876],[-157.82969,21.435935],[-157.82967,21.436011],[-157.829674,21.436061],[-157.829707,21.436133],[-157.829002,21.436551]]]},"properties":{}},{"type":"Feature","geometry":{"type":"Polygon","coordinates":[[[-158.015514,21.436289],[-158.016016,21.436168],[-158.016455,21.436066],[-158.01648,21.436064],[-158.016519,21.436085],[-158.01653,21.436103],[-158.016603,21.436395],[-158.016753,21.436949],[-158.016851,21.437331],[-158.01684,21.437385],[-158.016811,21.437403],[-158.016595,21.437454],[-158.01606,21.437575],[-158.015868,21.437621],[-158.015514,21.436289]]]},"properties":{}},{"type":"Feature","geometry":{"type":"Polygon","coordinates":[[[-157.977305,21.434845],[-157.978103,21.434493],[-157.978948,21.435503],[-157.978338,21.435547],[-157.978009,21.435459],[-157.977681,21.435504],[-157.977305,21.434845]]]},"properties":{}},{"type":"Feature","geometry":{"type":"Polygon","coordinates":[[[-158.019103,21.433356],[-158.018932,21.432718],[-158.018832,21.432336],[-158.019281,21.432232],[-158.019353,21.432212],[-158.019467,21.432163],[-158.01957,21.432096],[-158.019654,21.432017],[-158.019854,21.432179],[-158.020446,21.432657],[-158.020563,21.433123],[-158.020399,21.433122],[-158.020298,21.433126],[-158.020146,21.433138],[-158.019994,21.433158],[-158.019844,21.433184],[-158.019103,21.433356]]]},"properties":{}},{"type":"Feature","geometry":{"type":"Polygon","coordinates":[[[-157.805764,21.430709],[-157.806009,21.430453],[-157.806031,21.430471],[-157.805776,21.430736],[-157.805764,21.430709]]]},"properties":{}},{"type":"Feature","geometry":{"type":"Polygon","coordinates":[[[-158.18298,21.430756],[-158.183003,21.430774],[-158.183125,21.430779],[-158.18316,21.430793],[-158.183238,21.430874],[-158.183293,21.430972],[-158.183329,21.431058],[-158.183353,21.431211],[-158.183409,21.431246],[-158.183582,21.431312],[-158.183607,21.431326],[-158.183651,21.431389],[-158.183648,21.431403],[-158.183704,21.431563],[-158.183709,21.431597],[-158.183735,21.431647],[-158.18374,21.431683],[-158.183774,21.43174],[-158.183802,21.431771],[-158.183867,21.431821],[-158.183913,21.431867],[-158.1837,21.432094],[-158.18355,21.431804],[-158.18323,21.431172],[-158.183129,21.430989],[-158.183019,21.430812],[-158.18298,21.430756]]]},"properties":{}},{"type":"Feature","geometry":{"type":"Polygon","coordinates":[[[-157.979049,21.430079],[-157.977846,21.429233],[-157.979149,21.428013],[-157.980153,21.427355],[-157.980654,21.427261],[-157.981356,21.428295],[-157.979049,21.430079]]]},"properties":{}},{"type":"Feature","geometry":{"type":"Polygon","coordinates":[[[-157.738551,21.42809],[-157.738521,21.428115],[-157.738183,21.428076],[-157.738191,21.428047],[-157.738551,21.42809]]]},"properties":{}},{"type":"Feature","geometry":{"type":"Polygon","coordinates":[[[-158.181902,21.4297],[-158.182116,21.429534],[-158.182133,21.429588],[-158.182165,21.429604],[-158.182228,21.429607],[-158.182282,21.429632],[-158.182335,21.429729],[-158.182379,21.429779],[-158.182449,21.429838],[-158.182555,21.429884],[-158.182644,21.429916],[-158.182895,21.429994],[-158.182949,21.430069],[-158.18297,21.430146],[-158.182961,21.430186],[-158.182934,21.430231],[-158.182929,21.430254],[-158.182983,21.430293],[-158.183018,21.430306],[-158.183054,21.430347],[-158.183077,21.43041],[-158.183071,21.430447],[-158.183036,21.43053],[-158.183031,21.430586],[-158.183019,21.430598],[-158.182984,21.430697],[-158.182963,21.430733],[-158.182899,21.430642],[-158.182813,21.430531],[-158.182723,21.430425],[-158.182582,21.430268],[-158.182483,21.430168],[-158.18238,21.430073],[-158.182274,21.42998],[-158.182164,21.429889],[-158.181993,21.429761],[-158.181902,21.4297]]]},"properties":{}},{"type":"Feature","geometry":{"type":"Polygon","coordinates":[[[-157.819214,21.268081],[-157.819197,21.268051],[-157.819232,21.26804],[-157.819243,21.268067],[-157.819214,21.268081]]]},"properties":{}},{"type":"Feature","geometry":{"type":"Polygon","coordinates":[[[-157.95195,21.426067],[-157.952444,21.426307],[-157.953953,21.425544],[-157.953971,21.424799],[-157.954394,21.424811],[-157.954381,21.425278],[-157.954786,21.425543],[-157.954613,21.425788],[-157.954518,21.425929],[-157.954352,21.426012],[-157.954173,21.426113],[-157.953986,21.426215],[-157.953706,21.426383],[-157.953542,21.426486],[-157.953201,21.426755],[-157.953,21.427036],[-157.9529,21.427105],[-157.952703,21.427251],[-157.952604,21.427329],[-157.952295,21.427492],[-157.952011,21.42703],[-157.951607,21.426496],[-157.9517,21.426406],[-157.951803,21.426287],[-157.951878,21.426184],[-157.95195,21.426067]]]},"properties":{}},{"type":"Feature","geometry":{"type":"Polygon","coordinates":[[[-157.73984,21.425855],[-157.739809,21.425844],[-157.739833,21.425586],[-157.739985,21.425346],[-157.740015,21.42536],[-157.739863,21.4256],[-157.73984,21.425855]]]},"properties":{}},{"type":"Feature","geometry":{"type":"Polygon","coordinates":[[[-158.178863,21.423002],[-158.17894,21.423459],[-158.178881,21.425082],[-158.179028,21.426951],[-158.179306,21.427763],[-158.179448,21.427795],[-158.179604,21.427947],[-158.179361,21.428147],[-158.179291,21.428061],[-158.1792,21.427936],[-158.179121,21.427816],[-158.179037,21.427674],[-158.17897,21.427547],[-158.178933,21.427468],[-158.178868,21.427316],[-158.17882,21.427182],[-158.178778,21.427047],[-158.178752,21.426952],[-158.178726,21.426834],[-158.178702,21.426705],[-158.178127,21.423104],[-158.178863,21.423002]]]},"properties":{}},{"type":"Feature","geometry":{"type":"Polygon","coordinates":[[[-157.953994,21.424634],[-157.953441,21.424622],[-157.953326,21.424621],[-157.953219,21.424632],[-157.953064,21.424665],[-157.953009,21.424682],[-157.952981,21.424384],[-157.952947,21.424068],[-157.953192,21.424083],[-157.95341,21.424077],[-157.953735,21.424201],[-157.953904,21.424227],[-157.954003,21.42423],[-157.953994,21.424634]]]},"properties":{}},{"type":"Feature","geometry":{"type":"Polygon","coordinates":[[[-157.764492,21.422873],[-157.764461,21.422841],[-157.764579,21.422839],[-157.764573,21.422869],[-157.764592,21.422946],[-157.764621,21.423011],[-157.764674,21.422991],[-157.764735,21.423044],[-157.764758,21.423071],[-157.764783,21.423191],[-157.764492,21.422873]]]},"properties":{}},{"type":"Feature","geometry":{"type":"Polygon","coordinates":[[[-157.764492,21.422873],[-157.764096,21.422879],[-157.763433,21.422881],[-157.7634,21.422901],[-157.763399,21.422853],[-157.764461,21.422841],[-157.764492,21.422873]]]},"properties":{}},{"type":"Feature","geometry":{"type":"Polygon","coordinates":[[[-157.809767,21.418388],[-157.809479,21.418049],[-157.809296,21.417653],[-157.80923,21.417165],[-157.80972,21.417143],[-157.809806,21.41713],[-157.810363,21.417035],[-157.810732,21.417873],[-157.810082,21.418316],[-157.809943,21.418416],[-157.809853,21.41849],[-157.809767,21.418388]]]},"properties":{}},{"type":"Feature","geometry":{"type":"Polygon","coordinates":[[[-158.172793,21.419668],[-158.173418,21.419581],[-158.173401,21.419472],[-158.173928,21.419398],[-158.174057,21.419922],[-158.174195,21.420501],[-158.172953,21.420669],[-158.172793,21.419668]]]},"properties":{}},{"type":"Feature","geometry":{"type":"Polygon","coordinates":[[[-157.667921,21.288798],[-157.667789,21.288867],[-157.667639,21.288613],[-157.667785,21.288565],[-157.667921,21.288798]]]},"properties":{}},{"type":"Feature","geometry":{"type":"Polygon","coordinates":[[[-157.831891,21.289805],[-157.832073,21.289965],[-157.832025,21.290084],[-157.831807,21.290006],[-157.831891,21.289805]]]},"properties":{}},{"type":"Feature","geometry":{"type":"Polygon","coordinates":[[[-158.007986,21.423615],[-158.007986,21.423479],[-158.007981,21.423355],[-158.007964,21.42317],[-158.007937,21.422982],[-158.007912,21.422858],[-158.007882,21.422733],[-158.007849,21.422613],[-158.007812,21.422493],[-158.00777,21.422376],[-158.007723,21.422258],[-158.007673,21.422143],[-158.00759,21.421973],[-158.00752,21.42185],[-158.005503,21.41864],[-157.999412,21.409351],[-157.99906,21.408813],[-157.998923,21.408609],[-157.998781,21.408405],[-157.999,21.408314],[-157.999046,21.408303],[-157.999248,21.408286],[-157.999345,21.408309],[-157.99951,21.4084],[-157.999686,21.408562],[-157.999855,21.408782],[-157.999942,21.408968],[-158.000057,21.409377],[-158.000094,21.409463],[-158.000179,21.409522],[-158.000282,21.409543],[-158.000665,21.409173],[-158.000653,21.409155],[-158.001732,21.408409],[-158.001905,21.408345],[-158.00203,21.408296],[-158.002236,21.408268],[-158.00279,21.408284],[-158.002969,21.408335],[-158.003074,21.408367],[-158.003336,21.408398],[-158.003635,21.408407],[-158.004321,21.408323],[-158.004835,21.408884],[-158.005228,21.409089],[-158.005282,21.409173],[-158.005272,21.409451],[-158.00525,21.409586],[-158.00519,21.409742],[-158.005062,21.409872],[-158.004777,21.410049],[-158.004543,21.410219],[-158.004632,21.410482],[-158.005516,21.410308],[-158.005771,21.410217],[-158.005897,21.41013],[-158.006063,21.40995],[-158.006244,21.409714],[-158.006556,21.409917],[-158.006576,21.410087],[-158.008115,21.41022],[-158.008131,21.410109],[-158.008349,21.409471],[-158.008412,21.409336],[-158.00851,21.409219],[-158.008795,21.408973],[-158.009227,21.40849],[-158.009765,21.408619],[-158.009861,21.408627],[-158.009928,21.408641],[-158.010048,21.408653],[-158.010109,21.408662],[-158.010229,21.408694],[-158.010272,21.408715],[-158.010391,21.408799],[-158.010573,21.409015],[-158.01078,21.409472],[-158.010896,21.409629],[-158.010513,21.410566],[-158.010594,21.411822],[-158.010639,21.412058],[-158.010422,21.412964],[-158.010829,21.41305],[-158.010575,21.413527],[-158.01026,21.414745],[-158.010404,21.414986],[-158.010665,21.415129],[-158.011,21.415122],[-158.011096,21.415552],[-158.011083,21.416087],[-158.011084,21.417257],[-158.01139,21.41868],[-158.01115,21.419204],[-158.010998,21.419109],[-158.010514,21.419693],[-158.010226,21.420145],[-158.00994,21.420805],[-158.009793,21.42185],[-158.009764,21.422101],[-158.008482,21.422757],[-158.008273,21.422952],[-158.008123,21.423304],[-158.007986,21.423615]],[[-158.010563,21.417907],[-158.010561,21.417889],[-158.010552,21.417773],[-158.01055,21.417683],[-158.010552,21.417358],[-158.00991,21.417354],[-158.009829,21.418171],[-158.01061,21.418178],[-158.010577,21.418013],[-158.010563,21.417907]]]},"properties":{}},{"type":"Feature","geometry":{"type":"Polygon","coordinates":[[[-158.178863,21.423002],[-158.178127,21.423104],[-158.178097,21.422912],[-158.179297,21.422747],[-158.179351,21.422934],[-158.178863,21.423002]]]},"properties":{}},{"type":"Feature","geometry":{"type":"Polygon","coordinates":[[[-157.974956,21.421469],[-157.975173,21.420684],[-157.976848,21.421094],[-157.976705,21.421866],[-157.974956,21.421469]]]},"properties":{}},{"type":"Feature","geometry":{"type":"Polygon","coordinates":[[[-158.179297,21.422747],[-158.178097,21.422912],[-158.178067,21.422722],[-158.179242,21.422559],[-158.179297,21.422747]]]},"properties":{}},{"type":"Feature","geometry":{"type":"Polygon","coordinates":[[[-157.954038,21.42145],[-157.953608,21.421624],[-157.953366,21.421215],[-157.953244,21.421179],[-157.953165,21.42121],[-157.952992,21.420978],[-157.953017,21.420965],[-157.952978,21.420917],[-157.953129,21.42078],[-157.9532,21.420447],[-157.953212,21.420313],[-157.953131,21.420268],[-157.953029,21.420265],[-157.954041,21.419442],[-157.9543,21.419234],[-157.955313,21.41842],[-157.956092,21.418229],[-157.956949,21.418225],[-157.95786,21.418219],[-157.958728,21.418207],[-157.959502,21.417491],[-157.959485,21.41745],[-157.959765,21.41719],[-157.959965,21.417006],[-157.959923,21.417065],[-157.959884,21.417139],[-157.959859,21.417218],[-157.95985,21.417324],[-157.959854,21.417378],[-157.95988,21.41748],[-157.959923,21.417564],[-157.959967,21.417623],[-157.960029,21.417682],[-157.960121,21.417741],[-157.96018,21.417766],[-157.960241,21.417785],[-157.960311,21.417797],[-157.960417,21.417797],[-157.960441,21.417793],[-157.960918,21.417735],[-157.960972,21.417742],[-157.96112,21.417727],[-157.961215,21.417705],[-157.961288,21.417696],[-157.961361,21.417677],[-157.961566,21.417639],[-157.96166,21.417617],[-157.9618,21.41756],[-157.961908,21.417506],[-157.962005,21.41745],[-157.962098,21.417388],[-157.962248,21.417269],[-157.962337,21.41719],[-157.962429,21.417114],[-157.962522,21.417024],[-157.962628,21.416939],[-157.96273,21.416872],[-157.962811,21.416827],[-157.962906,21.41679],[-157.962971,21.416781],[-157.963012,21.416788],[-157.962722,21.417109],[-157.962715,21.417111],[-157.962567,21.417311],[-157.962423,21.417502],[-157.962357,21.417674],[-157.962216,21.417811],[-157.962099,21.41797],[-157.962067,21.418146],[-157.961947,21.418272],[-157.96181,21.418328],[-157.96154,21.418287],[-157.961311,21.418413],[-157.961073,21.418571],[-157.960982,21.418763],[-157.960865,21.418999],[-157.960754,21.419143],[-157.960685,21.419305],[-157.960623,21.419458],[-157.960613,21.419653],[-157.960509,21.419821],[-157.960393,21.419992],[-157.960316,21.42017],[-157.960222,21.420339],[-157.96013,21.420526],[-157.960076,21.420745],[-157.960019,21.420841],[-157.960019,21.421142],[-157.9599,21.421148],[-157.959842,21.421156],[-157.959756,21.421176],[-157.959675,21.421203],[-157.959307,21.421347],[-157.959018,21.421472],[-157.958786,21.421563],[-157.958516,21.421546],[-157.958304,21.421413],[-157.958538,21.421352],[-157.958846,21.421155],[-157.959045,21.420957],[-157.959151,21.420707],[-157.959237,21.420459],[-157.959375,21.42],[-157.959456,21.419731],[-157.959622,21.419037],[-157.959364,21.418823],[-157.958982,21.418798],[-157.958825,21.418856],[-157.958553,21.418838],[-157.958132,21.418793],[-157.957583,21.418782],[-157.957403,21.418777],[-157.957233,21.418758],[-157.957032,21.418731],[-157.956686,21.418768],[-157.956625,21.418776],[-157.956383,21.418804],[-157.956379,21.418806],[-157.955914,21.419289],[-157.955772,21.419616],[-157.955708,21.419758],[-157.954898,21.420073],[-157.954788,21.420265],[-157.95462,21.42062],[-157.954502,21.420922],[-157.954324,21.421341],[-157.954354,21.42154],[-157.954038,21.42145]]]},"properties":{}},{"type":"Feature","geometry":{"type":"Polygon","coordinates":[[[-158.179242,21.422559],[-158.178067,21.422722],[-158.178006,21.42234],[-158.179074,21.422192],[-158.179242,21.422559]]]},"properties":{}},{"type":"Feature","geometry":{"type":"Polygon","coordinates":[[[-158.179074,21.422192],[-158.178006,21.42234],[-158.177942,21.421938],[-158.178557,21.421853],[-158.178558,21.421855],[-158.178927,21.421807],[-158.178947,21.421918],[-158.179074,21.422192]]]},"properties":{}},{"type":"Feature","geometry":{"type":"Polygon","coordinates":[[[-158.17852,21.417656],[-158.177286,21.417829],[-158.177251,21.417605],[-158.178594,21.417422],[-158.17852,21.417656]]]},"properties":{}},{"type":"Feature","geometry":{"type":"Polygon","coordinates":[[[-157.998901,21.419443],[-157.998388,21.4182],[-157.998357,21.418099],[-157.998654,21.417976],[-157.998582,21.417824],[-157.998627,21.417714],[-157.998487,21.41742],[-157.998147,21.41756],[-157.99811,21.41765],[-157.997911,21.417143],[-157.999332,21.416514],[-157.999546,21.416857],[-157.999813,21.417299],[-157.999867,21.417378],[-157.999921,21.417439],[-158.000013,21.417521],[-158.000059,21.417553],[-158.000156,21.417608],[-158.000247,21.417645],[-158.000301,21.417661],[-158.00039,21.417679],[-158.000491,21.41819],[-158.000601,21.418767],[-158.000042,21.418987],[-157.999203,21.419321],[-157.998901,21.419443]]]},"properties":{}},{"type":"Feature","geometry":{"type":"Polygon","coordinates":[[[-157.764444,21.41761],[-157.763802,21.417547],[-157.763772,21.417714],[-157.763243,21.417633],[-157.763326,21.417128],[-157.764044,21.416781],[-157.764263,21.416468],[-157.76397,21.416051],[-157.764371,21.415821],[-157.764689,21.416223],[-157.764644,21.416336],[-157.764607,21.416444],[-157.764573,21.416552],[-157.764532,21.416714],[-157.764509,21.416825],[-157.76449,21.416935],[-157.764475,21.417046],[-157.764464,21.417159],[-157.764457,21.417299],[-157.764444,21.41761]]]},"properties":{}},{"type":"Feature","geometry":{"type":"Polygon","coordinates":[[[-158.010561,21.417889],[-158.010563,21.417907],[-158.010577,21.418013],[-158.01061,21.418178],[-158.009829,21.418171],[-158.00991,21.417354],[-158.010552,21.417358],[-158.01055,21.417683],[-158.010552,21.417773],[-158.010561,21.417889]]]},"properties":{}},{"type":"Feature","geometry":{"type":"Polygon","coordinates":[[[-157.963722,21.417368],[-157.963894,21.41701],[-157.964006,21.416787],[-157.964058,21.416677],[-157.964155,21.416246],[-157.964321,21.416295],[-157.964142,21.416662],[-157.963718,21.417517],[-157.963722,21.417368]]]},"properties":{}},{"type":"Feature","geometry":{"type":"Polygon","coordinates":[[[-157.963722,21.417368],[-157.963702,21.417237],[-157.963667,21.417119],[-157.963632,21.41704],[-157.963575,21.416936],[-157.963527,21.416872],[-157.963455,21.4168],[-157.963371,21.416738],[-157.963309,21.416704],[-157.963245,21.416676],[-157.963177,21.416656],[-157.963049,21.416635],[-157.962954,21.416634],[-157.962907,21.416638],[-157.962826,21.416654],[-157.962758,21.416673],[-157.962641,21.416727],[-157.962564,21.416778],[-157.962525,21.416812],[-157.962265,21.416573],[-157.96232,21.416537],[-157.96245,21.416326],[-157.962965,21.41599],[-157.963434,21.415715],[-157.963445,21.415722],[-157.963478,21.416055],[-157.963874,21.416165],[-157.964155,21.416246],[-157.964058,21.416677],[-157.964006,21.416787],[-157.963894,21.41701],[-157.963722,21.417368]]]},"properties":{}},{"type":"Feature","geometry":{"type":"Polygon","coordinates":[[[-158.177393,21.418502],[-158.177389,21.418477],[-158.178349,21.418347],[-158.178347,21.418365],[-158.177393,21.418502]]]},"properties":{}},{"type":"Feature","geometry":{"type":"Polygon","coordinates":[[[-158.178349,21.418347],[-158.177389,21.418477],[-158.177355,21.418265],[-158.178386,21.418121],[-158.178349,21.418347]]]},"properties":{}},{"type":"Feature","geometry":{"type":"Polygon","coordinates":[[[-158.178386,21.418121],[-158.177355,21.418265],[-158.177321,21.418046],[-158.178446,21.417889],[-158.178399,21.418037],[-158.178386,21.418121]]]},"properties":{}},{"type":"Feature","geometry":{"type":"Polygon","coordinates":[[[-157.98091,21.416984],[-157.97887,21.416072],[-157.979543,21.41473],[-157.981805,21.415727],[-157.981157,21.416425],[-157.98091,21.416984]]]},"properties":{}},{"type":"Feature","geometry":{"type":"Polygon","coordinates":[[[-158.178446,21.417889],[-158.177321,21.418046],[-158.177286,21.417829],[-158.17852,21.417656],[-158.178446,21.417889]]]},"properties":{}},{"type":"Feature","geometry":{"type":"Polygon","coordinates":[[[-157.802327,21.415674],[-157.802126,21.415163],[-157.801918,21.414644],[-157.802081,21.414589],[-157.802368,21.414405],[-157.802979,21.414026],[-157.803085,21.413961],[-157.803374,21.414363],[-157.803712,21.41484],[-157.803922,21.415137],[-157.802868,21.415556],[-157.802659,21.415638],[-157.802327,21.415674]]]},"properties":{}},{"type":"Feature","geometry":{"type":"Polygon","coordinates":[[[-157.798243,21.413224],[-157.798122,21.412932],[-157.797923,21.412447],[-157.797639,21.411749],[-157.797701,21.411711],[-157.797735,21.41168],[-157.797839,21.411645],[-157.797922,21.4116],[-157.797958,21.411555],[-157.79804,21.41156],[-157.798101,21.411556],[-157.79819,21.411586],[-157.798159,21.411638],[-157.79828,21.411707],[-157.798479,21.411814],[-157.798543,21.411844],[-157.798622,21.411872],[-157.798718,21.411895],[-157.798858,21.411912],[-157.798944,21.411912],[-157.799021,21.411906],[-157.79914,21.411884],[-157.799309,21.412288],[-157.79927,21.412299],[-157.798902,21.412436],[-157.798823,21.412467],[-157.799003,21.412907],[-157.799033,21.412984],[-157.799426,21.412973],[-157.799482,21.412975],[-157.799537,21.412946],[-157.799565,21.412899],[-157.799703,21.413237],[-157.799708,21.413284],[-157.799699,21.413323],[-157.799675,21.413363],[-157.799632,21.413397],[-157.799572,21.413414],[-157.799187,21.41342],[-157.798891,21.413427],[-157.798875,21.413082],[-157.79861,21.413084],[-157.798243,21.413224]]]},"properties":{}},{"type":"Feature","geometry":{"type":"Polygon","coordinates":[[[-158.178233,21.415468],[-158.176937,21.415643],[-158.176904,21.415435],[-158.178184,21.415254],[-158.178233,21.415468]]]},"properties":{}},{"type":"Feature","geometry":{"type":"Polygon","coordinates":[[[-157.785769,21.412734],[-157.785788,21.412737],[-157.786061,21.412694],[-157.786288,21.412618],[-157.786492,21.41248],[-157.786674,21.412402],[-157.7868,21.41273],[-157.786135,21.41308],[-157.785974,21.412912],[-157.785717,21.412743],[-157.785769,21.412734]]]},"properties":{}},{"type":"Feature","geometry":{"type":"Polygon","coordinates":[[[-158.178184,21.415254],[-158.176904,21.415435],[-158.176869,21.415211],[-158.178133,21.415039],[-158.178184,21.415254]]]},"properties":{}},{"type":"Feature","geometry":{"type":"Polygon","coordinates":[[[-157.811261,21.412059],[-157.811068,21.41218],[-157.810256,21.412691],[-157.810071,21.412809],[-157.809767,21.412464],[-157.809354,21.411989],[-157.808652,21.411191],[-157.808338,21.410839],[-157.808327,21.410814],[-157.808321,21.410742],[-157.808334,21.410701],[-157.808365,21.410656],[-157.808398,21.410632],[-157.809404,21.410004],[-157.810348,21.40941],[-157.81119,21.410577],[-157.81228,21.412089],[-157.812169,21.412106],[-157.811763,21.412124],[-157.811541,21.412115],[-157.811261,21.412059]]]},"properties":{}},{"type":"Feature","geometry":{"type":"Polygon","coordinates":[[[-157.742581,21.410508],[-157.742565,21.410478],[-157.743379,21.410057],[-157.744075,21.409697],[-157.744091,21.409726],[-157.744048,21.409764],[-157.743768,21.409898],[-157.743519,21.410025],[-157.743004,21.410292],[-157.742581,21.410508]]]},"properties":{}},{"type":"Feature","geometry":{"type":"Polygon","coordinates":[[[-157.790677,21.409339],[-157.791098,21.410817],[-157.790797,21.410697],[-157.790594,21.410619],[-157.790176,21.410454],[-157.790073,21.410414],[-157.789873,21.410334],[-157.789661,21.410251],[-157.789461,21.410171],[-157.789524,21.41011],[-157.789574,21.410054],[-157.789637,21.409966],[-157.789661,21.409926],[-157.789812,21.409609],[-157.789946,21.40932],[-157.790021,21.409337],[-157.790092,21.409335],[-157.790479,21.409236],[-157.790535,21.409234],[-157.790574,21.409248],[-157.790677,21.409339]]]},"properties":{}},{"type":"Feature","geometry":{"type":"Polygon","coordinates":[[[-157.784748,21.410636],[-157.784462,21.409911],[-157.784201,21.409995],[-157.78394,21.409329],[-157.784739,21.408752],[-157.784768,21.408743],[-157.786546,21.408133],[-157.787018,21.409347],[-157.787224,21.409874],[-157.787208,21.410518],[-157.785132,21.410503],[-157.784748,21.410636]]]},"properties":{}},{"type":"Feature","geometry":{"type":"Polygon","coordinates":[[[-157.986713,21.411795],[-157.986359,21.41184],[-157.986011,21.408796],[-157.988592,21.408502],[-157.988642,21.408936],[-157.988962,21.411544],[-157.986713,21.411795]]]},"properties":{}},{"type":"Feature","geometry":{"type":"Polygon","coordinates":[[[-157.807533,21.409345],[-157.807511,21.409268],[-157.80746,21.409046],[-157.807496,21.409015],[-157.80821,21.408401],[-157.808824,21.407877],[-157.809091,21.407651],[-157.81028,21.409315],[-157.810288,21.409329],[-157.809863,21.409583],[-157.809126,21.410047],[-157.808448,21.410469],[-157.808299,21.410563],[-157.808247,21.410583],[-157.808177,21.41058],[-157.808139,21.410564],[-157.808111,21.410542],[-157.807996,21.410378],[-157.807882,21.410197],[-157.807846,21.410133],[-157.807818,21.410065],[-157.807755,21.409938],[-157.807696,21.409807],[-157.807643,21.409676],[-157.807594,21.409542],[-157.807533,21.409345]]]},"properties":{}},{"type":"Feature","geometry":{"type":"Polygon","coordinates":[[[-157.994,21.408927],[-157.994053,21.409018],[-157.994351,21.409564],[-157.994576,21.409981],[-157.995128,21.409716],[-157.995747,21.409419],[-157.995826,21.409383],[-157.995578,21.408937],[-157.995449,21.408699],[-157.995475,21.408701],[-157.995817,21.408717],[-157.995878,21.408722],[-157.995928,21.409034],[-157.995979,21.409052],[-157.995968,21.409104],[-157.995995,21.409165],[-157.995946,21.409201],[-157.995952,21.409504],[-157.995956,21.40961],[-157.995909,21.409607],[-157.995856,21.409625],[-157.99582,21.409657],[-157.995793,21.409724],[-157.995798,21.409767],[-157.995821,21.409808],[-157.995877,21.409844],[-157.995907,21.40984],[-157.995944,21.409876],[-157.995618,21.41003],[-157.994798,21.410421],[-157.994618,21.410508],[-157.994597,21.410465],[-157.994142,21.410155],[-157.993779,21.409904],[-157.993926,21.409693],[-157.994032,21.409513],[-157.994079,21.409325],[-157.994071,21.40912],[-157.994,21.408927]]]},"properties":{}},{"type":"Feature","geometry":{"type":"Polygon","coordinates":[[[-158.176801,21.411161],[-158.17691,21.410554],[-158.177028,21.409917],[-158.177101,21.409511],[-158.178,21.409653],[-158.177996,21.4098],[-158.177995,21.409956],[-158.177977,21.410044],[-158.177936,21.410211],[-158.177919,21.410258],[-158.177881,21.410342],[-158.177849,21.410391],[-158.17782,21.410454],[-158.177766,21.410538],[-158.177725,21.410587],[-158.177642,21.410652],[-158.177576,21.410693],[-158.177456,21.410735],[-158.177375,21.410753],[-158.177313,21.410782],[-158.177204,21.410824],[-158.177161,21.410867],[-158.177111,21.410957],[-158.177084,21.411045],[-158.177019,21.411137],[-158.176998,21.411193],[-158.176801,21.411161]]]},"properties":{}},{"type":"Feature","geometry":{"type":"Polygon","coordinates":[[[-157.994,21.408927],[-157.993992,21.408912],[-157.994151,21.408861],[-157.994432,21.408851],[-157.994625,21.408775],[-157.995014,21.408717],[-157.995123,21.408711],[-157.995352,21.408694],[-157.995449,21.408699],[-157.995578,21.408937],[-157.995826,21.409383],[-157.995747,21.409419],[-157.995128,21.409716],[-157.994576,21.409981],[-157.994351,21.409564],[-157.994053,21.409018],[-157.994,21.408927]]]},"properties":{}},{"type":"Feature","geometry":{"type":"Polygon","coordinates":[[[-157.802819,21.40785],[-157.802815,21.407708],[-157.802824,21.407622],[-157.802929,21.406783],[-157.802954,21.406577],[-157.803371,21.406625],[-157.80344,21.406631],[-157.803922,21.407038],[-157.804392,21.407441],[-157.804419,21.407471],[-157.804254,21.407461],[-157.804244,21.407596],[-157.803932,21.407621],[-157.80393,21.407856],[-157.802819,21.40785]]]},"properties":{}},{"type":"Feature","geometry":{"type":"Polygon","coordinates":[[[-157.969955,21.408754],[-157.969786,21.408629],[-157.96983,21.408623],[-157.969851,21.408609],[-157.969923,21.408519],[-157.969687,21.408369],[-157.969804,21.408236],[-157.969584,21.408047],[-157.969712,21.407929],[-157.969818,21.407843],[-157.969903,21.407785],[-157.97005,21.407696],[-157.970205,21.40762],[-157.970301,21.40758],[-157.970401,21.407544],[-157.971434,21.407223],[-157.971514,21.407203],[-157.971601,21.40717],[-157.97163,21.407168],[-157.971669,21.407193],[-157.971814,21.407478],[-157.970175,21.408568],[-157.970105,21.408507],[-157.970045,21.408572],[-157.969992,21.408642],[-157.96995,21.408709],[-157.969955,21.408754]]]},"properties":{}},{"type":"Feature","geometry":{"type":"Polygon","coordinates":[[[-158.177249,21.408692],[-158.177352,21.408135],[-158.177368,21.40804],[-158.177396,21.407848],[-158.177419,21.407616],[-158.177751,21.407547],[-158.178087,21.407474],[-158.178008,21.407591],[-158.177994,21.407602],[-158.177932,21.407704],[-158.177911,21.407771],[-158.177856,21.407895],[-158.177805,21.408042],[-158.177798,21.408076],[-158.177799,21.408146],[-158.177784,21.408234],[-158.177788,21.408317],[-158.177802,21.408399],[-158.17784,21.408498],[-158.177886,21.408643],[-158.177904,21.408679],[-158.177934,21.408799],[-158.177249,21.408692]]]},"properties":{}},{"type":"Feature","geometry":{"type":"Polygon","coordinates":[[[-157.739902,21.405704],[-157.740547,21.405208],[-157.741126,21.404763],[-157.741144,21.404788],[-157.740797,21.405056],[-157.740628,21.405186],[-157.740405,21.405353],[-157.740178,21.405532],[-157.739929,21.405725],[-157.739902,21.405704]]]},"properties":{}},{"type":"Feature","geometry":{"type":"Polygon","coordinates":[[[-158.164812,21.408308],[-158.164406,21.406567],[-158.166311,21.406179],[-158.166563,21.406126],[-158.16662,21.406424],[-158.166789,21.407292],[-158.166821,21.40745],[-158.166905,21.407887],[-158.164812,21.408308]]]},"properties":{}},{"type":"Feature","geometry":{"type":"Polygon","coordinates":[[[-157.754584,21.403747],[-157.754317,21.403203],[-157.754221,21.403011],[-157.753982,21.402532],[-157.753725,21.402011],[-157.753472,21.401494],[-157.753331,21.401202],[-157.753075,21.400674],[-157.752852,21.400223],[-157.752708,21.399928],[-157.752532,21.399572],[-157.752099,21.398686],[-157.751761,21.398004],[-157.751589,21.397808],[-157.751206,21.397378],[-157.751076,21.397235],[-157.750713,21.396828],[-157.750479,21.396569],[-157.750375,21.396451],[-157.750158,21.396208],[-157.75005,21.396085],[-157.74958,21.395562],[-157.749304,21.395255],[-157.748965,21.394871],[-157.748764,21.394646],[-157.74861,21.394066],[-157.748432,21.393385],[-157.748029,21.393545],[-157.7473,21.393819],[-157.747136,21.393879],[-157.746957,21.393948],[-157.746702,21.393919],[-157.74649,21.393892],[-157.746139,21.393854],[-157.745905,21.393635],[-157.745489,21.393241],[-157.74544,21.393173],[-157.745593,21.393082],[-157.745612,21.393104],[-157.74597,21.392884],[-157.746388,21.393275],[-157.746432,21.393318],[-157.746888,21.393378],[-157.747525,21.393137],[-157.749037,21.392561],[-157.749119,21.391954],[-157.747584,21.391412],[-157.747587,21.391387],[-157.747863,21.390698],[-157.748125,21.390074],[-157.748157,21.390081],[-157.748157,21.390093],[-157.748514,21.390222],[-157.748564,21.390242],[-157.748726,21.389928],[-157.748741,21.389894],[-157.748364,21.389681],[-157.748417,21.389602],[-157.748526,21.389456],[-157.748611,21.389358],[-157.748739,21.389214],[-157.748709,21.389187],[-157.749138,21.388718],[-157.749773,21.389228],[-157.749811,21.389258],[-157.750189,21.388843],[-157.750216,21.388821],[-157.750527,21.388787],[-157.75096,21.388743],[-157.750983,21.388736],[-157.751558,21.388851],[-157.751603,21.388858],[-157.751996,21.388303],[-157.752052,21.387996],[-157.752061,21.38794],[-157.752166,21.387792],[-157.752565,21.387219],[-157.752588,21.38719],[-157.752788,21.387406],[-157.753928,21.387541],[-157.754004,21.387548],[-157.754446,21.387504],[-157.75456,21.387491],[-157.755236,21.387422],[-157.75534,21.387409],[-157.755604,21.386702],[-157.755618,21.386657],[-157.755804,21.386367],[-157.756321,21.385896],[-157.756348,21.385874],[-157.7567,21.38545],[-157.757119,21.3848],[-157.757619,21.384036],[-157.757519,21.383954],[-157.757486,21.383931],[-157.757531,21.383834],[-157.758461,21.383173],[-157.75849,21.383155],[-157.758398,21.382953],[-157.758746,21.382258],[-157.758768,21.382204],[-157.759142,21.381859],[-157.759768,21.381985],[-157.760337,21.382102],[-157.762393,21.382511],[-157.763101,21.382654],[-157.763268,21.382686],[-157.763148,21.382837],[-157.76315,21.382864],[-157.763202,21.383142],[-157.763186,21.383196],[-157.762874,21.38414],[-157.762512,21.385244],[-157.762461,21.386651],[-157.762428,21.38668],[-157.761814,21.387274],[-157.761448,21.387953],[-157.761444,21.388021],[-157.761421,21.388608],[-157.761424,21.388642],[-157.761467,21.389028],[-157.761577,21.389953],[-157.761746,21.391397],[-157.761842,21.392231],[-157.761917,21.392306],[-157.762144,21.392525],[-157.761787,21.3939],[-157.761009,21.396846],[-157.760413,21.399089],[-157.760601,21.399095],[-157.762183,21.399117],[-157.76474,21.39915],[-157.765164,21.399158],[-157.765476,21.400169],[-157.766465,21.403395],[-157.766501,21.403492],[-157.765924,21.403743],[-157.765206,21.404059],[-157.764121,21.404536],[-157.763734,21.404709],[-157.763236,21.404787],[-157.762242,21.404956],[-157.761412,21.40509],[-157.761043,21.40515],[-157.759768,21.405645],[-157.758905,21.405977],[-157.756757,21.406799],[-157.756489,21.406901],[-157.75635,21.406809],[-157.756036,21.406599],[-157.755955,21.406533],[-157.756022,21.406448],[-157.755972,21.406425],[-157.755986,21.406384],[-157.755965,21.40621],[-157.755863,21.40576],[-157.755682,21.40463],[-157.755417,21.403422],[-157.755178,21.403508],[-157.754584,21.403747]],[[-157.74628,21.393342],[-157.745996,21.393514],[-157.74624,21.393669],[-157.746438,21.393553],[-157.74628,21.393342]]]},"properties":{}},{"type":"Feature","geometry":{"type":"Polygon","coordinates":[[[-157.793964,21.407005],[-157.793963,21.406951],[-157.793823,21.406722],[-157.793648,21.406815],[-157.793466,21.406916],[-157.793314,21.406666],[-157.793177,21.406735],[-157.793135,21.406663],[-157.793265,21.406589],[-157.793061,21.406251],[-157.793132,21.406222],[-157.793548,21.406072],[-157.793752,21.40596],[-157.793864,21.405902],[-157.794059,21.406222],[-157.794314,21.406093],[-157.794335,21.406075],[-157.79435,21.406035],[-157.794413,21.406137],[-157.794365,21.406123],[-157.794345,21.406129],[-157.794084,21.406265],[-157.794232,21.406506],[-157.794222,21.406512],[-157.793879,21.406695],[-157.794013,21.406913],[-157.794038,21.406936],[-157.794074,21.406947],[-157.793964,21.407005]]]},"properties":{}},{"type":"Feature","geometry":{"type":"Polygon","coordinates":[[[-157.755955,21.406533],[-157.755796,21.406424],[-157.755718,21.406265],[-157.755586,21.406031],[-157.755378,21.40561],[-157.755281,21.405419],[-157.755073,21.405436],[-157.755065,21.405264],[-157.7552,21.405256],[-157.755187,21.405166],[-157.755162,21.405041],[-157.755127,21.404912],[-157.755065,21.404736],[-157.754998,21.404586],[-157.754584,21.403747],[-157.755178,21.403508],[-157.755417,21.403422],[-157.755682,21.40463],[-157.755863,21.40576],[-157.755965,21.40621],[-157.755986,21.406384],[-157.755972,21.406425],[-157.756022,21.406448],[-157.755955,21.406533]]]},"properties":{}},{"type":"Feature","geometry":{"type":"Polygon","coordinates":[[[-157.814985,21.286959],[-157.813537,21.285693],[-157.813519,21.285656],[-157.813615,21.285237],[-157.813826,21.285422],[-157.813988,21.28556],[-157.814231,21.285774],[-157.814614,21.2854],[-157.814847,21.285189],[-157.815063,21.285396],[-157.81531,21.285631],[-157.815625,21.285931],[-157.815495,21.286104],[-157.815507,21.286113],[-157.81519,21.286567],[-157.814985,21.286959]]]},"properties":{}},{"type":"Feature","geometry":{"type":"Polygon","coordinates":[[[-157.944006,21.406522],[-157.943904,21.406568],[-157.943751,21.406631],[-157.943519,21.406717],[-157.943281,21.40679],[-157.943128,21.40683],[-157.942922,21.406876],[-157.942793,21.4069],[-157.942657,21.406922],[-157.942614,21.406913],[-157.942593,21.406883],[-157.942565,21.406646],[-157.94254,21.406476],[-157.942449,21.405791],[-157.943028,21.405723],[-157.943428,21.40563],[-157.943495,21.405606],[-157.943651,21.405889],[-157.943795,21.406143],[-157.944006,21.406522]]]},"properties":{}},{"type":"Feature","geometry":{"type":"Polygon","coordinates":[[[-157.739262,21.405514],[-157.73922,21.40546],[-157.739198,21.405441],[-157.739126,21.40535],[-157.738988,21.40516],[-157.738887,21.405042],[-157.738794,21.404919],[-157.73885,21.404876],[-157.739087,21.404675],[-157.739226,21.404559],[-157.739447,21.404368],[-157.739643,21.404207],[-157.740282,21.403661],[-157.740425,21.403831],[-157.740593,21.404043],[-157.740754,21.404252],[-157.74037,21.404578],[-157.740043,21.404854],[-157.739975,21.40491],[-157.739759,21.405096],[-157.739641,21.405194],[-157.739408,21.405396],[-157.739262,21.405514]]]},"properties":{}},{"type":"Feature","geometry":{"type":"Polygon","coordinates":[[[-157.952446,21.406412],[-157.951604,21.406014],[-157.951083,21.405771],[-157.950542,21.405515],[-157.950088,21.405306],[-157.950206,21.405075],[-157.950229,21.405039],[-157.950314,21.40487],[-157.950361,21.404764],[-157.950424,21.404604],[-157.950477,21.404439],[-157.950508,21.404329],[-157.950534,21.404218],[-157.950557,21.404106],[-157.950765,21.402942],[-157.950916,21.402073],[-157.951284,21.402125],[-157.951335,21.40182],[-157.951371,21.401577],[-157.951499,21.401609],[-157.951599,21.401621],[-157.951719,21.401647],[-157.951863,21.401688],[-157.952004,21.401737],[-157.952189,21.40181],[-157.952323,21.401874],[-157.952454,21.401945],[-157.952539,21.401995],[-157.952727,21.402123],[-157.953252,21.402508],[-157.953586,21.402754],[-157.953223,21.40319],[-157.953264,21.403224],[-157.953302,21.403267],[-157.953345,21.403335],[-157.953378,21.403425],[-157.953387,21.403491],[-157.953386,21.403538],[-157.953986,21.403761],[-157.953914,21.403849],[-157.953674,21.404132],[-157.95353,21.404393],[-157.953281,21.404857],[-157.953066,21.405253],[-157.952874,21.405615],[-157.952722,21.405897],[-157.952446,21.406412]]]},"properties":{}},{"type":"Feature","geometry":{"type":"Polygon","coordinates":[[[-157.786206,21.403609],[-157.786003,21.403919],[-157.7853,21.403512],[-157.785493,21.403215],[-157.785972,21.402485],[-157.786088,21.402303],[-157.786249,21.40206],[-157.786535,21.401624],[-157.786685,21.401623],[-157.786868,21.401624],[-157.787052,21.401628],[-157.787503,21.401631],[-157.787293,21.401952],[-157.787042,21.402334],[-157.787023,21.402361],[-157.786677,21.402894],[-157.786416,21.403292],[-157.786206,21.403609]]]},"properties":{}},{"type":"Feature","geometry":{"type":"Polygon","coordinates":[[[-158.176793,21.404037],[-158.176986,21.403997],[-158.176989,21.404029],[-158.177022,21.40414],[-158.177074,21.404255],[-158.177109,21.404323],[-158.177152,21.40438],[-158.177182,21.4044],[-158.177277,21.404439],[-158.177383,21.404469],[-158.177536,21.404506],[-158.177595,21.404513],[-158.177675,21.404531],[-158.177735,21.404552],[-158.177864,21.404629],[-158.177934,21.404704],[-158.178064,21.404825],[-158.178092,21.404856],[-158.178134,21.404938],[-158.178144,21.40501],[-158.178172,21.405078],[-158.178186,21.405139],[-158.178185,21.405214],[-158.178173,21.405315],[-158.17815,21.405421],[-158.178136,21.405557],[-158.178104,21.405717],[-158.178103,21.405787],[-158.178109,21.405839],[-158.178153,21.405959],[-158.178166,21.406034],[-158.177688,21.406135],[-158.177339,21.406208],[-158.177283,21.405957],[-158.176793,21.404037]]]},"properties":{}},{"type":"Feature","geometry":{"type":"Polygon","coordinates":[[[-157.741886,21.284571],[-157.740775,21.284678],[-157.740705,21.28405],[-157.741401,21.283983],[-157.741879,21.283934],[-157.741886,21.284571]]]},"properties":{}},{"type":"Feature","geometry":{"type":"Polygon","coordinates":[[[-157.963876,21.403642],[-157.963768,21.403533],[-157.963543,21.403265],[-157.963312,21.403417],[-157.963286,21.403383],[-157.962615,21.402548],[-157.962301,21.402153],[-157.963697,21.401181],[-157.963779,21.401311],[-157.963865,21.401429],[-157.963958,21.401542],[-157.964056,21.401651],[-157.964161,21.401756],[-157.964234,21.401822],[-157.964348,21.401917],[-157.964508,21.402036],[-157.964676,21.402143],[-157.964807,21.402216],[-157.964888,21.402255],[-157.964688,21.402719],[-157.964429,21.403309],[-157.964362,21.403467],[-157.964205,21.403504],[-157.963973,21.40374],[-157.963876,21.403642]]]},"properties":{}},{"type":"Feature","geometry":{"type":"Polygon","coordinates":[[[-157.93597,21.402807],[-157.935818,21.402712],[-157.93567,21.402609],[-157.935253,21.402311],[-157.935194,21.402382],[-157.935051,21.402278],[-157.93491,21.40218],[-157.934766,21.402082],[-157.935328,21.401381],[-157.935345,21.401367],[-157.935392,21.401358],[-157.935422,21.401372],[-157.935808,21.401646],[-157.935941,21.401725],[-157.936026,21.401769],[-157.93614,21.401819],[-157.936229,21.401852],[-157.93635,21.401888],[-157.936472,21.401916],[-157.93641,21.40218],[-157.936607,21.402308],[-157.936612,21.402319],[-157.936572,21.402382],[-157.936453,21.402582],[-157.936399,21.402663],[-157.936248,21.402909],[-157.93597,21.402807]]]},"properties":{}},{"type":"Feature","geometry":{"type":"Polygon","coordinates":[[[-158.176793,21.404037],[-158.176568,21.403157],[-158.176527,21.403019],[-158.176458,21.402813],[-158.176405,21.40268],[-158.176347,21.402546],[-158.176251,21.402352],[-158.176144,21.402161],[-158.176067,21.402039],[-158.175985,21.401917],[-158.175855,21.40174],[-158.175714,21.40157],[-158.175615,21.401461],[-158.175512,21.401354],[-158.17535,21.401202],[-158.175222,21.401093],[-158.174332,21.400359],[-158.17332,21.399525],[-158.173167,21.399403],[-158.173089,21.399343],[-158.172848,21.399173],[-158.172682,21.399066],[-158.172512,21.398963],[-158.172339,21.398868],[-158.172251,21.398822],[-158.172073,21.398735],[-158.171891,21.398653],[-158.171707,21.398578],[-158.171519,21.398509],[-158.171329,21.398445],[-158.171137,21.398387],[-158.170943,21.398337],[-158.170747,21.398293],[-158.17055,21.398256],[-158.170346,21.398223],[-158.168921,21.398024],[-158.168942,21.397887],[-158.1688,21.397865],[-158.168775,21.398005],[-158.167691,21.397853],[-158.167394,21.397807],[-158.167099,21.397755],[-158.16675,21.397686],[-158.166933,21.397447],[-158.167094,21.39755],[-158.167147,21.397591],[-158.16724,21.39763],[-158.167273,21.397603],[-158.167298,21.397555],[-158.167332,21.397517],[-158.167341,21.397488],[-158.167386,21.397465],[-158.16742,21.397436],[-158.167449,21.397396],[-158.167573,21.397347],[-158.167626,21.397336],[-158.167722,21.397325],[-158.167761,21.397325],[-158.167905,21.397308],[-158.167974,21.397304],[-158.168132,21.397309],[-158.168218,21.397298],[-158.168266,21.3973],[-158.168416,21.397331],[-158.168509,21.397372],[-158.168571,21.397413],[-158.16873,21.397499],[-158.168841,21.397545],[-158.16892,21.397566],[-158.169025,21.397571],[-158.169138,21.39758],[-158.169231,21.397597],[-158.169509,21.39767],[-158.16955,21.397689],[-158.169651,21.3977],[-158.169763,21.397723],[-158.169813,21.397737],[-158.169979,21.397797],[-158.170117,21.397822],[-158.170146,21.397825],[-158.170234,21.397848],[-158.170323,21.397866],[-158.170442,21.397898],[-158.170548,21.39789],[-158.170704,21.397904],[-158.17077,21.3979],[-158.17089,21.397935],[-158.170933,21.397939],[-158.171127,21.398024],[-158.171271,21.398122],[-158.171375,21.398161],[-158.171436,21.398204],[-158.171504,21.398261],[-158.171555,21.398288],[-158.171788,21.398388],[-158.171903,21.398418],[-158.172016,21.398442],[-158.17209,21.398453],[-158.172234,21.39847],[-158.172303,21.398472],[-158.172388,21.398482],[-158.172469,21.398511],[-158.17259,21.398548],[-158.172684,21.398603],[-158.172794,21.398682],[-158.172874,21.398717],[-158.172935,21.398751],[-158.173121,21.398881],[-158.173163,21.398917],[-158.173342,21.399033],[-158.1734,21.399078],[-158.173462,21.399119],[-158.173556,21.399203],[-158.173637,21.399305],[-158.173735,21.399414],[-158.173823,21.399498],[-158.173884,21.399562],[-158.173938,21.399634],[-158.173999,21.3997],[-158.174029,21.399723],[-158.174147,21.399782],[-158.174223,21.399828],[-158.174352,21.399975],[-158.17438,21.399998],[-158.174516,21.40006],[-158.174601,21.400085],[-158.17471,21.400126],[-158.174805,21.400138],[-158.174919,21.400138],[-158.175073,21.400155],[-158.175155,21.400178],[-158.175335,21.400258],[-158.175369,21.400276],[-158.175464,21.40034],[-158.17556,21.400413],[-158.17564,21.400465],[-158.175681,21.40051],[-158.175753,21.400565],[-158.175803,21.400642],[-158.17583,21.400671],[-158.175889,21.400751],[-158.175931,21.40083],[-158.175978,21.400873],[-158.176032,21.401045],[-158.176054,21.401074],[-158.176099,21.401118],[-158.176122,21.401156],[-158.176246,21.401258],[-158.176278,21.401308],[-158.176332,21.40141],[-158.176364,21.401453],[-158.176452,21.401508],[-158.176511,21.40158],[-158.176574,21.401635],[-158.17664,21.401683],[-158.176723,21.401726],[-158.176758,21.401751],[-158.176812,21.40181],[-158.176849,21.401878],[-158.176898,21.402009],[-158.176912,21.402109],[-158.176916,21.402192],[-158.176911,21.402269],[-158.176931,21.402411],[-158.176933,21.402495],[-158.176912,21.402596],[-158.176905,21.402703],[-158.176892,21.402777],[-158.176896,21.402892],[-158.176889,21.40294],[-158.176885,21.403028],[-158.176877,21.403125],[-158.176885,21.403278],[-158.17687,21.403348],[-158.17686,21.403436],[-158.176888,21.403622],[-158.176909,21.403719],[-158.17694,21.403825],[-158.176975,21.403927],[-158.176986,21.403997],[-158.176793,21.404037]]]},"properties":{}},{"type":"Feature","geometry":{"type":"Polygon","coordinates":[[[-157.821475,21.284348],[-157.821172,21.284649],[-157.820868,21.284963],[-157.820739,21.284851],[-157.821348,21.284239],[-157.821475,21.284348]]]},"properties":{}},{"type":"Feature","geometry":{"type":"Polygon","coordinates":[[[-157.997265,21.40288],[-157.99653,21.40289],[-157.99649,21.402833],[-157.995723,21.401733],[-157.995883,21.401634],[-157.995966,21.401592],[-157.996053,21.401556],[-157.996198,21.401514],[-157.996272,21.401501],[-157.996404,21.401489],[-157.996537,21.401492],[-157.996649,21.401506],[-157.99676,21.401531],[-157.996901,21.401582],[-157.996969,21.401614],[-157.99705,21.40166],[-157.997127,21.401712],[-157.997251,21.401821],[-157.997333,21.401919],[-157.997375,21.401978],[-157.997421,21.402057],[-157.997472,21.40217],[-157.997504,21.402272],[-157.997516,21.402324],[-157.997532,21.402448],[-157.997533,21.402536],[-157.997522,21.402873],[-157.997265,21.40288]]]},"properties":{}},{"type":"Feature","geometry":{"type":"Polygon","coordinates":[[[-158.004075,21.402693],[-158.003962,21.402697],[-158.003886,21.40269],[-158.003775,21.402664],[-158.003681,21.402627],[-158.003614,21.402593],[-158.003562,21.402559],[-158.003495,21.402504],[-158.003435,21.402443],[-158.003389,21.402384],[-158.002826,21.40168],[-158.002685,21.401501],[-158.002577,21.401367],[-158.002473,21.401236],[-158.00246,21.401195],[-158.002466,21.401161],[-158.002492,21.401127],[-158.003292,21.40057],[-158.003431,21.400478],[-158.003598,21.400389],[-158.003702,21.400342],[-158.003808,21.4003],[-158.00399,21.400242],[-158.004064,21.400222],[-158.004177,21.400198],[-158.00429,21.40018],[-158.004405,21.400168],[-158.00452,21.400159],[-158.004659,21.40016],[-158.004736,21.400714],[-158.004398,21.400757],[-158.004473,21.401291],[-158.005257,21.401196],[-158.005251,21.401248],[-158.005215,21.401306],[-158.005208,21.401336],[-158.005215,21.401385],[-158.005238,21.401419],[-158.005293,21.401451],[-158.005309,21.401569],[-158.005048,21.402572],[-158.004931,21.402554],[-158.004812,21.402553],[-158.00472,21.402566],[-158.004473,21.402616],[-158.004161,21.402682],[-158.004075,21.402693]]]},"properties":{}},{"type":"Feature","geometry":{"type":"Polygon","coordinates":[[[-157.969566,21.402096],[-157.968291,21.401614],[-157.967241,21.401219],[-157.967686,21.400194],[-157.968733,21.400587],[-157.969969,21.401055],[-157.969566,21.402096]]]},"properties":{}},{"type":"Feature","geometry":{"type":"Polygon","coordinates":[[[-157.974728,21.401927],[-157.974106,21.401763],[-157.97395,21.401723],[-157.973855,21.401696],[-157.973419,21.401578],[-157.973154,21.401486],[-157.973421,21.401052],[-157.973743,21.400534],[-157.974479,21.400918],[-157.975183,21.401297],[-157.974728,21.401927]]]},"properties":{}},{"type":"Feature","geometry":{"type":"Polygon","coordinates":[[[-157.733377,21.399257],[-157.733404,21.399268],[-157.733082,21.400013],[-157.733053,21.400002],[-157.733377,21.399257]]]},"properties":{}},{"type":"Feature","geometry":{"type":"Polygon","coordinates":[[[-157.733404,21.399268],[-157.733377,21.399257],[-157.733331,21.399238],[-157.733548,21.398761],[-157.733531,21.398709],[-157.733629,21.398748],[-157.733609,21.398796],[-157.733404,21.399268]]]},"properties":{}},{"type":"Feature","geometry":{"type":"Polygon","coordinates":[[[-157.762144,21.392525],[-157.762191,21.392552],[-157.762414,21.392694],[-157.762639,21.39277],[-157.762772,21.392773],[-157.76287,21.392896],[-157.762895,21.392948],[-157.763001,21.393188],[-157.7633,21.393265],[-157.763316,21.393261],[-157.763536,21.39317],[-157.763561,21.393075],[-157.763747,21.393117],[-157.763868,21.393215],[-157.763868,21.39338],[-157.763987,21.393494],[-157.76416,21.393579],[-157.764179,21.393572],[-157.76458,21.393455],[-157.764897,21.394404],[-157.764489,21.394683],[-157.764788,21.396652],[-157.764817,21.396847],[-157.765085,21.39861],[-157.765164,21.399158],[-157.76474,21.39915],[-157.762183,21.399117],[-157.760601,21.399095],[-157.760413,21.399089],[-157.761009,21.396846],[-157.761787,21.3939],[-157.762144,21.392525]]]},"properties":{}},{"type":"Feature","geometry":{"type":"Polygon","coordinates":[[[-157.954642,21.400423],[-157.954124,21.400054],[-157.953938,21.399924],[-157.953629,21.399768],[-157.953633,21.399766],[-157.954077,21.399231],[-157.95454,21.398676],[-157.955503,21.399369],[-157.955375,21.399519],[-157.955262,21.399659],[-157.955152,21.399805],[-157.954986,21.400005],[-157.954808,21.400223],[-157.954642,21.400423]]]},"properties":{}},{"type":"Feature","geometry":{"type":"Polygon","coordinates":[[[-157.846845,21.281979],[-157.846865,21.281975],[-157.846884,21.281997],[-157.846923,21.282011],[-157.846968,21.282016],[-157.847015,21.282034],[-157.847054,21.282066],[-157.847106,21.282121],[-157.847118,21.282173],[-157.84709,21.2822],[-157.846981,21.282165],[-157.846919,21.28214],[-157.846882,21.282103],[-157.846831,21.281988],[-157.846845,21.281979]]]},"properties":{}},{"type":"Feature","geometry":{"type":"Polygon","coordinates":[[[-157.727226,21.396755],[-157.726973,21.396826],[-157.726366,21.397284],[-157.726966,21.39763],[-157.727161,21.397672],[-157.728272,21.397917],[-157.729087,21.398091],[-157.729301,21.398137],[-157.729429,21.398007],[-157.729761,21.397673],[-157.729859,21.397573],[-157.730053,21.397378],[-157.730157,21.397421],[-157.730117,21.397439],[-157.729968,21.397587],[-157.729919,21.397632],[-157.729457,21.398089],[-157.728873,21.398663],[-157.728795,21.398617],[-157.728683,21.398591],[-157.728586,21.398577],[-157.72854,21.398565],[-157.728481,21.398542],[-157.728396,21.398533],[-157.728274,21.398543],[-157.728242,21.398538],[-157.727272,21.398176],[-157.72715,21.398207],[-157.727054,21.398147],[-157.726729,21.397989],[-157.726548,21.397938],[-157.726514,21.397933],[-157.726329,21.397837],[-157.726261,21.397818],[-157.726185,21.397822],[-157.72613,21.397813],[-157.726073,21.397794],[-157.726024,21.39774],[-157.725922,21.397619],[-157.725975,21.397548],[-157.726024,21.397514],[-157.726071,21.397449],[-157.72625,21.397252],[-157.726267,21.397243],[-157.726307,21.397191],[-157.72633,21.397178],[-157.726401,21.397097],[-157.726455,21.397063],[-157.726528,21.39701],[-157.726554,21.396985],[-157.726655,21.396909],[-157.726726,21.39686],[-157.726816,21.396818],[-157.726873,21.396777],[-157.726912,21.396701],[-157.726964,21.396649],[-157.726976,21.396686],[-157.727054,21.396729],[-157.727145,21.396752],[-157.727226,21.396755]]]},"properties":{}},{"type":"Feature","geometry":{"type":"Polygon","coordinates":[[[-157.727226,21.396755],[-157.727566,21.396659],[-157.727867,21.396862],[-157.728622,21.397373],[-157.728532,21.397463],[-157.728675,21.397559],[-157.728765,21.397469],[-157.728876,21.397545],[-157.728916,21.397504],[-157.729023,21.397577],[-157.728908,21.397694],[-157.729113,21.397879],[-157.729192,21.3978],[-157.7293,21.397896],[-157.729429,21.398007],[-157.729301,21.398137],[-157.729087,21.398091],[-157.728272,21.397917],[-157.727161,21.397672],[-157.726966,21.39763],[-157.726366,21.397284],[-157.726973,21.396826],[-157.727226,21.396755]],[[-157.727349,21.397565],[-157.72735,21.39747],[-157.727251,21.397469],[-157.727251,21.397564],[-157.727349,21.397565]]]},"properties":{}},{"type":"Feature","geometry":{"type":"Polygon","coordinates":[[[-157.727349,21.397565],[-157.727251,21.397564],[-157.727251,21.397469],[-157.72735,21.39747],[-157.727349,21.397565]]]},"properties":{}},{"type":"Feature","geometry":{"type":"Polygon","coordinates":[[[-157.723958,21.395786],[-157.724174,21.395903],[-157.724278,21.395963],[-157.724832,21.395249],[-157.726024,21.396051],[-157.726371,21.396288],[-157.726585,21.396437],[-157.726647,21.39643],[-157.726668,21.396444],[-157.726636,21.396478],[-157.726565,21.396506],[-157.726509,21.396499],[-157.726467,21.39651],[-157.726357,21.396622],[-157.726271,21.396725],[-157.726247,21.396741],[-157.726197,21.396757],[-157.726164,21.396761],[-157.726109,21.396756],[-157.726085,21.396742],[-157.726012,21.396719],[-157.72591,21.396696],[-157.725862,21.396677],[-157.725717,21.396649],[-157.72559,21.396632],[-157.725489,21.396604],[-157.725427,21.396593],[-157.72538,21.396567],[-157.725326,21.396553],[-157.725257,21.396519],[-157.725146,21.396502],[-157.725116,21.396489],[-157.725071,21.396484],[-157.724958,21.396458],[-157.72479,21.396405],[-157.72475,21.396404],[-157.724701,21.396391],[-157.724674,21.396395],[-157.724634,21.396379],[-157.724536,21.396383],[-157.72446,21.396393],[-157.724384,21.396372],[-157.724216,21.396281],[-157.724102,21.396226],[-157.724076,21.396198],[-157.723986,21.396146],[-157.723934,21.396123],[-157.723868,21.396079],[-157.723843,21.396075],[-157.723811,21.39605],[-157.723721,21.395999],[-157.723601,21.395921],[-157.723575,21.395899],[-157.723516,21.39588],[-157.72347,21.395837],[-157.723433,21.395814],[-157.723346,21.395748],[-157.723279,21.395689],[-157.723214,21.395641],[-157.723165,21.395597],[-157.723114,21.395568],[-157.723012,21.395542],[-157.722952,21.395515],[-157.722864,21.395494],[-157.722759,21.395461],[-157.722735,21.395443],[-157.722667,21.395422],[-157.722596,21.395379],[-157.722544,21.395335],[-157.722508,21.395333],[-157.722688,21.39509],[-157.722773,21.395136],[-157.723609,21.395594],[-157.723933,21.39577],[-157.723958,21.395786]]]},"properties":{}},{"type":"Feature","geometry":{"type":"Polygon","coordinates":[[[-157.946605,21.398017],[-157.946148,21.396632],[-157.947166,21.396333],[-157.947222,21.396343],[-157.947242,21.396365],[-157.947404,21.39685],[-157.947559,21.397318],[-157.947266,21.397531],[-157.946605,21.398017]]]},"properties":{}},{"type":"Feature","geometry":{"type":"Polygon","coordinates":[[[-157.726687,21.396381],[-157.726664,21.396317],[-157.726491,21.396199],[-157.726531,21.396143],[-157.72672,21.395898],[-157.727034,21.395758],[-157.727422,21.395596],[-157.727583,21.395701],[-157.727554,21.39573],[-157.727466,21.395772],[-157.727355,21.39586],[-157.727293,21.395922],[-157.727256,21.395943],[-157.727191,21.395994],[-157.727118,21.396036],[-157.727043,21.396049],[-157.726997,21.396051],[-157.726915,21.396071],[-157.726832,21.3961],[-157.72677,21.396106],[-157.726729,21.396126],[-157.726683,21.396198],[-157.726684,21.396248],[-157.726705,21.396315],[-157.726705,21.396354],[-157.726687,21.396381]]]},"properties":{}},{"type":"Feature","geometry":{"type":"Polygon","coordinates":[[[-157.697433,21.272159],[-157.697482,21.272006],[-157.697303,21.271953],[-157.697424,21.271583],[-157.697986,21.271746],[-157.697814,21.272271],[-157.697433,21.272159]]]},"properties":{}},{"type":"Feature","geometry":{"type":"Polygon","coordinates":[[[-157.817869,21.267906],[-157.817808,21.267897],[-157.817814,21.267843],[-157.817879,21.26785],[-157.817869,21.267906]]]},"properties":{}},{"type":"Feature","geometry":{"type":"Polygon","coordinates":[[[-157.726197,21.396757],[-157.726134,21.396819],[-157.726086,21.39686],[-157.726025,21.396931],[-157.726004,21.396943],[-157.725945,21.396996],[-157.725892,21.397059],[-157.725838,21.397102],[-157.725722,21.397232],[-157.725705,21.397243],[-157.725653,21.397303],[-157.725635,21.397333],[-157.725596,21.397371],[-157.725344,21.397193],[-157.724829,21.396836],[-157.723676,21.396211],[-157.723631,21.396166],[-157.723565,21.396161],[-157.72354,21.396147],[-157.723465,21.396072],[-157.723206,21.3959],[-157.722544,21.395566],[-157.722512,21.395536],[-157.72244,21.395506],[-157.72233,21.395496],[-157.722281,21.395498],[-157.722214,21.395511],[-157.722079,21.395553],[-157.72195,21.395563],[-157.721737,21.395519],[-157.721599,21.395461],[-157.721522,21.395449],[-157.721471,21.395456],[-157.721429,21.395473],[-157.721338,21.395538],[-157.721288,21.395585],[-157.721236,21.395612],[-157.721204,21.395619],[-157.721156,21.39565],[-157.721111,21.395724],[-157.721015,21.395847],[-157.720922,21.395885],[-157.720871,21.395912],[-157.720806,21.395936],[-157.720754,21.395931],[-157.720637,21.395935],[-157.720583,21.395946],[-157.720526,21.395966],[-157.72049,21.395992],[-157.720429,21.396021],[-157.720393,21.396014],[-157.720368,21.395982],[-157.720321,21.395939],[-157.72027,21.395932],[-157.720225,21.395934],[-157.720184,21.395927],[-157.720162,21.395906],[-157.720251,21.395679],[-157.720364,21.395716],[-157.720426,21.39573],[-157.720519,21.395742],[-157.720631,21.395743],[-157.720713,21.395734],[-157.720844,21.395704],[-157.720926,21.395673],[-157.721003,21.395633],[-157.721612,21.395269],[-157.721695,21.395229],[-157.721877,21.395154],[-157.721957,21.39513],[-157.722079,21.395113],[-157.722196,21.395118],[-157.722293,21.395139],[-157.722369,21.395167],[-157.722425,21.395179],[-157.722502,21.395177],[-157.722554,21.395166],[-157.722624,21.395137],[-157.722688,21.39509],[-157.722508,21.395333],[-157.722544,21.395335],[-157.722596,21.395379],[-157.722667,21.395422],[-157.722735,21.395443],[-157.722759,21.395461],[-157.722864,21.395494],[-157.722952,21.395515],[-157.723012,21.395542],[-157.723114,21.395568],[-157.723165,21.395597],[-157.723214,21.395641],[-157.723279,21.395689],[-157.723346,21.395748],[-157.723433,21.395814],[-157.72347,21.395837],[-157.723516,21.39588],[-157.723575,21.395899],[-157.723601,21.395921],[-157.723721,21.395999],[-157.723811,21.39605],[-157.723843,21.396075],[-157.723868,21.396079],[-157.723934,21.396123],[-157.723986,21.396146],[-157.724076,21.396198],[-157.724102,21.396226],[-157.724216,21.396281],[-157.724384,21.396372],[-157.72446,21.396393],[-157.724536,21.396383],[-157.724634,21.396379],[-157.724674,21.396395],[-157.724701,21.396391],[-157.72475,21.396404],[-157.72479,21.396405],[-157.724958,21.396458],[-157.725071,21.396484],[-157.725116,21.396489],[-157.725146,21.396502],[-157.725257,21.396519],[-157.725326,21.396553],[-157.72538,21.396567],[-157.725427,21.396593],[-157.725489,21.396604],[-157.72559,21.396632],[-157.725717,21.396649],[-157.725862,21.396677],[-157.72591,21.396696],[-157.726012,21.396719],[-157.726085,21.396742],[-157.726109,21.396756],[-157.726164,21.396761],[-157.726197,21.396757]]]},"properties":{}},{"type":"Feature","geometry":{"type":"Polygon","coordinates":[[[-158.023111,21.399286],[-158.022372,21.398602],[-158.022629,21.398378],[-158.022794,21.398264],[-158.023175,21.398051],[-158.023408,21.397919],[-158.023506,21.397861],[-158.0237,21.39775],[-158.02416,21.397481],[-158.024441,21.397896],[-158.024711,21.398293],[-158.023514,21.398982],[-158.023422,21.399042],[-158.023324,21.399112],[-158.023237,21.399179],[-158.023111,21.399286]]]},"properties":{}},{"type":"Feature","geometry":{"type":"Polygon","coordinates":[[[-156.649647,21.005556],[-156.649453,21.005725],[-156.649452,21.005572],[-156.64941,21.005284],[-156.649493,21.005003],[-156.649696,21.00486],[-156.650307,21.004543],[-156.650645,21.004302],[-156.650922,21.004211],[-156.651263,21.00419],[-156.651176,21.004936],[-156.651131,21.004958],[-156.65084,21.005015],[-156.650049,21.005293],[-156.649647,21.005556]]]},"properties":{}},{"type":"Feature","geometry":{"type":"Polygon","coordinates":[[[-157.736759,21.3954],[-157.737609,21.394546],[-157.737695,21.394463],[-157.738211,21.392929],[-157.738716,21.393084],[-157.739811,21.393424],[-157.739385,21.394625],[-157.739593,21.395011],[-157.740548,21.395305],[-157.740908,21.395942],[-157.740719,21.396056],[-157.740731,21.395986],[-157.740716,21.395956],[-157.740491,21.395557],[-157.738905,21.396336],[-157.738846,21.396276],[-157.738785,21.396224],[-157.738718,21.396178],[-157.738646,21.396137],[-157.738554,21.396098],[-157.736759,21.3954]]]},"properties":{}},{"type":"Feature","geometry":{"type":"Polygon","coordinates":[[[-157.926068,21.397464],[-157.926009,21.397091],[-157.925791,21.397125],[-157.924962,21.397235],[-157.925005,21.396849],[-157.925092,21.396075],[-157.925117,21.395859],[-157.925499,21.395904],[-157.925875,21.395947],[-157.925973,21.395957],[-157.926055,21.395982],[-157.926239,21.396004],[-157.926197,21.396369],[-157.926221,21.396372],[-157.926286,21.396803],[-157.926326,21.397054],[-157.926066,21.397089],[-157.926124,21.397455],[-157.926068,21.397464]]]},"properties":{}},{"type":"Feature","geometry":{"type":"Polygon","coordinates":[[[-157.724832,21.395249],[-157.724278,21.395963],[-157.724174,21.395903],[-157.723958,21.395786],[-157.724151,21.39553],[-157.724353,21.39567],[-157.724385,21.395627],[-157.724245,21.395531],[-157.724229,21.395495],[-157.72424,21.395461],[-157.724554,21.395062],[-157.724832,21.395249]]]},"properties":{}},{"type":"Feature","geometry":{"type":"Polygon","coordinates":[[[-157.723958,21.395786],[-157.723933,21.39577],[-157.724127,21.395514],[-157.723929,21.395382],[-157.72396,21.395339],[-157.724102,21.395437],[-157.724133,21.395444],[-157.724172,21.395429],[-157.724313,21.395238],[-157.724485,21.395014],[-157.724554,21.395062],[-157.72424,21.395461],[-157.724229,21.395495],[-157.724245,21.395531],[-157.724385,21.395627],[-157.724353,21.39567],[-157.724151,21.39553],[-157.723958,21.395786]]]},"properties":{}},{"type":"Feature","geometry":{"type":"Polygon","coordinates":[[[-157.723933,21.39577],[-157.723609,21.395594],[-157.722773,21.395136],[-157.722688,21.39509],[-157.722929,21.394783],[-157.72328,21.39432],[-157.723311,21.394293],[-157.723351,21.39428],[-157.723412,21.394292],[-157.724485,21.395014],[-157.724313,21.395238],[-157.724172,21.395429],[-157.724133,21.395444],[-157.724102,21.395437],[-157.72396,21.395339],[-157.723929,21.395382],[-157.724127,21.395514],[-157.723933,21.39577]]]},"properties":{}},{"type":"Feature","geometry":{"type":"Polygon","coordinates":[[[-157.947542,21.396851],[-157.947468,21.396626],[-157.947367,21.396328],[-157.947379,21.39628],[-157.947394,21.396267],[-157.947889,21.396117],[-157.947942,21.396097],[-157.948095,21.396027],[-157.948216,21.395958],[-157.948306,21.395898],[-157.948394,21.395828],[-157.948455,21.395775],[-157.948534,21.395696],[-157.948588,21.395635],[-157.948671,21.395527],[-157.948744,21.395413],[-157.948782,21.395341],[-157.948827,21.395242],[-157.948857,21.395165],[-157.949121,21.395813],[-157.948572,21.396654],[-157.948266,21.396851],[-157.947668,21.397233],[-157.947542,21.396851]]]},"properties":{}},{"type":"Feature","geometry":{"type":"Polygon","coordinates":[[[-158.027105,21.391954],[-158.026485,21.391008],[-158.026438,21.390947],[-158.026333,21.390827],[-158.026255,21.390754],[-158.026173,21.390688],[-158.026086,21.390624],[-158.025967,21.390553],[-158.025976,21.390542],[-158.026118,21.39031],[-158.026126,21.390304],[-158.026226,21.390081],[-158.026409,21.389693],[-158.026412,21.389684],[-158.027018,21.389292],[-158.027298,21.389109],[-158.028374,21.389894],[-158.028386,21.389906],[-158.028576,21.390209],[-158.028631,21.390314],[-158.028189,21.390406],[-158.027846,21.390549],[-158.027842,21.390562],[-158.027638,21.390947],[-158.027177,21.391823],[-158.027105,21.391954]]]},"properties":{}},{"type":"Feature","geometry":{"type":"Polygon","coordinates":[[[-157.80223,21.386303],[-157.802222,21.386278],[-157.802238,21.386086],[-157.802262,21.385966],[-157.802289,21.385899],[-157.802311,21.385777],[-157.802295,21.38559],[-157.802316,21.385463],[-157.802313,21.385436],[-157.802339,21.385317],[-157.802358,21.38526],[-157.802401,21.385224],[-157.802434,21.385186],[-157.802489,21.385155],[-157.802521,21.385146],[-157.802613,21.385097],[-157.802712,21.385017],[-157.802729,21.384996],[-157.802806,21.384879],[-157.802815,21.384814],[-157.802801,21.384724],[-157.802765,21.384633],[-157.802723,21.384556],[-157.802718,21.384533],[-157.802674,21.38444],[-157.802663,21.384377],[-157.802631,21.384309],[-157.802633,21.38428],[-157.802678,21.384178],[-157.802723,21.384134],[-157.802795,21.384053],[-157.802876,21.383904],[-157.802965,21.383797],[-157.803001,21.383758],[-157.80308,21.383653],[-157.803147,21.383547],[-157.803168,21.383493],[-157.803236,21.383363],[-157.803302,21.38332],[-157.803531,21.383306],[-157.803598,21.383295],[-157.803738,21.383258],[-157.804249,21.383702],[-157.804621,21.383546],[-157.80466,21.38328],[-157.804712,21.383039],[-157.804743,21.38287],[-157.804851,21.382638],[-157.804777,21.382084],[-157.805068,21.381714],[-157.80541,21.381549],[-157.80573,21.381398],[-157.805917,21.380875],[-157.805963,21.380597],[-157.805961,21.380527],[-157.805999,21.380616],[-157.806776,21.381089],[-157.806922,21.381539],[-157.807289,21.381555],[-157.807824,21.382223],[-157.80827,21.38266],[-157.807893,21.383028],[-157.807511,21.38335],[-157.807677,21.3835],[-157.807869,21.383344],[-157.808345,21.383354],[-157.808725,21.383108],[-157.809182,21.383559],[-157.808862,21.383834],[-157.808588,21.383816],[-157.808203,21.384182],[-157.808251,21.38453],[-157.808096,21.384682],[-157.808079,21.385039],[-157.808205,21.38539],[-157.80821,21.385392],[-157.808937,21.385714],[-157.809215,21.385682],[-157.809886,21.385357],[-157.810037,21.385491],[-157.810626,21.38498],[-157.810719,21.385074],[-157.811266,21.385391],[-157.811698,21.386108],[-157.811503,21.386254],[-157.810759,21.386777],[-157.810762,21.388285],[-157.809767,21.389087],[-157.809719,21.389125],[-157.810106,21.391646],[-157.809334,21.391889],[-157.809338,21.391927],[-157.809372,21.392081],[-157.809461,21.392344],[-157.809557,21.392615],[-157.809665,21.392871],[-157.809756,21.393064],[-157.809839,21.393218],[-157.809979,21.393443],[-157.810182,21.393772],[-157.810233,21.393858],[-157.810295,21.394016],[-157.810339,21.394154],[-157.810356,21.39424],[-157.810388,21.394421],[-157.810391,21.394557],[-157.810403,21.39471],[-157.810404,21.394783],[-157.810398,21.394857],[-157.810382,21.394954],[-157.810357,21.395044],[-157.810326,21.395125],[-157.810262,21.395249],[-157.810222,21.395312],[-157.810137,21.395418],[-157.810085,21.395472],[-157.809992,21.395552],[-157.809901,21.395615],[-157.809838,21.39565],[-157.809767,21.395677],[-157.808546,21.396181],[-157.808147,21.396336],[-157.808048,21.396383],[-157.807964,21.396437],[-157.807915,21.39649],[-157.807585,21.396734],[-157.807448,21.39662],[-157.807732,21.396281],[-157.807849,21.396181],[-157.807915,21.39614],[-157.808231,21.395978],[-157.809601,21.395452],[-157.809759,21.395381],[-157.809842,21.395318],[-157.809925,21.395242],[-157.809983,21.395173],[-157.810025,21.395071],[-157.810075,21.39497],[-157.810091,21.394878],[-157.810092,21.394442],[-157.810051,21.394263],[-157.810009,21.394069],[-157.809943,21.393921],[-157.809521,21.393229],[-157.809371,21.392932],[-157.809107,21.392201],[-157.809058,21.391993],[-157.805014,21.393236],[-157.80442,21.392753],[-157.804361,21.392705],[-157.804352,21.392675],[-157.804373,21.392655],[-157.804502,21.392606],[-157.804527,21.392593],[-157.804627,21.392555],[-157.804682,21.392526],[-157.804766,21.392475],[-157.804802,21.392435],[-157.804848,21.392403],[-157.804856,21.392383],[-157.804891,21.392352],[-157.804911,21.392304],[-157.80492,21.392259],[-157.804914,21.392214],[-157.804875,21.392151],[-157.804844,21.39208],[-157.804774,21.39203],[-157.804735,21.39201],[-157.804688,21.391973],[-157.804641,21.39195],[-157.804514,21.39192],[-157.804399,21.391912],[-157.804282,21.391873],[-157.804157,21.391809],[-157.804051,21.391743],[-157.803992,21.39172],[-157.803973,21.391697],[-157.804647,21.391442],[-157.804611,21.391363],[-157.804387,21.391445],[-157.804041,21.391625],[-157.803903,21.391541],[-157.803768,21.391449],[-157.803676,21.391401],[-157.803535,21.391321],[-157.803304,21.391216],[-157.803294,21.391234],[-157.803261,21.391215],[-157.803197,21.391192],[-157.803023,21.391105],[-157.802891,21.390976],[-157.802859,21.390948],[-157.802829,21.390937],[-157.802773,21.3909],[-157.802684,21.390859],[-157.802617,21.390811],[-157.802492,21.390711],[-157.802461,21.39067],[-157.802466,21.390616],[-157.802482,21.390568],[-157.802497,21.39055],[-157.802624,21.390432],[-157.80273,21.390254],[-157.802745,21.390148],[-157.802732,21.390109],[-157.802725,21.389992],[-157.802731,21.38994],[-157.802743,21.3899],[-157.802776,21.389828],[-157.802926,21.389695],[-157.802977,21.389642],[-157.803032,21.389563],[-157.803082,21.389509],[-157.803152,21.389453],[-157.803171,21.389426],[-157.803244,21.38935],[-157.803396,21.389245],[-157.803426,21.389209],[-157.803442,21.389143],[-157.803431,21.389103],[-157.803412,21.38908],[-157.803335,21.389048],[-157.803253,21.388991],[-157.803212,21.388954],[-157.803191,21.38895],[-157.803121,21.388965],[-157.802985,21.388973],[-157.80291,21.388995],[-157.802846,21.388999],[-157.802719,21.389016],[-157.802658,21.389034],[-157.802621,21.389031],[-157.802601,21.389],[-157.802558,21.38897],[-157.802511,21.388904],[-157.802501,21.388861],[-157.802512,21.388794],[-157.802499,21.388741],[-157.802497,21.388692],[-157.802445,21.388574],[-157.802411,21.388533],[-157.802383,21.388472],[-157.802302,21.388381],[-157.802284,21.388345],[-157.802298,21.388295],[-157.802333,21.388255],[-157.80235,21.38825],[-157.802366,21.388208],[-157.802412,21.388169],[-157.802438,21.388161],[-157.80249,21.388114],[-157.802522,21.388064],[-157.802564,21.388017],[-157.802593,21.38797],[-157.802614,21.38795],[-157.802641,21.387871],[-157.80267,21.387803],[-157.802709,21.387743],[-157.802761,21.387704],[-157.802865,21.387703],[-157.802898,21.387714],[-157.803018,21.387722],[-157.803083,21.387673],[-157.803129,21.387619],[-157.803184,21.387511],[-157.803191,21.387468],[-157.803208,21.387439],[-157.803205,21.387398],[-157.803178,21.387269],[-157.80314,21.387176],[-157.803094,21.387129],[-157.803033,21.387101],[-157.802914,21.387064],[-157.802777,21.387036],[-157.802712,21.38704],[-157.802513,21.387021],[-157.8025,21.387012],[-157.802458,21.387023],[-157.802336,21.387026],[-157.802265,21.387021],[-157.802191,21.387005],[-157.802138,21.386948],[-157.802134,21.386871],[-157.802155,21.386819],[-157.802175,21.386711],[-157.802181,21.386648],[-157.802201,21.386576],[-157.802219,21.386483],[-157.802231,21.386382],[-157.802225,21.386321],[-157.80223,21.386303]],[[-157.807435,21.3826],[-157.80738,21.382552],[-157.807122,21.382674],[-157.80676,21.383004],[-157.807048,21.383035],[-157.807435,21.3826]],[[-157.807523,21.384136],[-157.807501,21.384014],[-157.807705,21.383808],[-157.807698,21.383731],[-157.807612,21.383626],[-157.807456,21.383646],[-157.807176,21.383849],[-157.807313,21.38416],[-157.807523,21.384136]]]},"properties":{}},{"type":"Feature","geometry":{"type":"Polygon","coordinates":[[[-157.720359,21.395395],[-157.72065,21.395034],[-157.720845,21.394789],[-157.7208,21.394723],[-157.720969,21.394512],[-157.720956,21.39418],[-157.720721,21.39374],[-157.720656,21.392979],[-157.721333,21.392785],[-157.722524,21.392447],[-157.722697,21.392398],[-157.722791,21.392462],[-157.72271,21.392565],[-157.722527,21.392806],[-157.722241,21.393176],[-157.722077,21.393392],[-157.721844,21.39369],[-157.721682,21.393904],[-157.721457,21.394195],[-157.721462,21.3942],[-157.722175,21.39468],[-157.722605,21.394965],[-157.722556,21.394985],[-157.72247,21.394994],[-157.722333,21.394954],[-157.722247,21.394938],[-157.722171,21.39493],[-157.722071,21.39493],[-157.721983,21.394938],[-157.721885,21.394958],[-157.721823,21.394975],[-157.721689,21.395031],[-157.721069,21.395394],[-157.720906,21.395469],[-157.720846,21.395505],[-157.720768,21.395529],[-157.720705,21.395538],[-157.720617,21.395535],[-157.720537,21.395516],[-157.720438,21.395468],[-157.720376,21.395418],[-157.720359,21.395395]]]},"properties":{}},{"type":"Feature","geometry":{"type":"Polygon","coordinates":[[[-157.91191,21.395663],[-157.910895,21.396131],[-157.909488,21.396774],[-157.909365,21.396597],[-157.909577,21.396463],[-157.910631,21.395792],[-157.910906,21.39562],[-157.911017,21.395768],[-157.911336,21.395553],[-157.911695,21.395429],[-157.911735,21.395456],[-157.911769,21.395465],[-157.911831,21.395457],[-157.91191,21.395663]]]},"properties":{}},{"type":"Feature","geometry":{"type":"Polygon","coordinates":[[[-157.732396,21.393247],[-157.732662,21.393481],[-157.731877,21.394272],[-157.731848,21.394286],[-157.731799,21.394272],[-157.73178,21.394238],[-157.731814,21.393888],[-157.731864,21.393401],[-157.731878,21.393338],[-157.731917,21.393252],[-157.731949,21.393205],[-157.732135,21.393014],[-157.732396,21.393247]]]},"properties":{}},{"type":"Feature","geometry":{"type":"Polygon","coordinates":[[[-157.971594,21.394796],[-157.971401,21.395242],[-157.971154,21.395823],[-157.970514,21.395589],[-157.969794,21.395306],[-157.969908,21.395043],[-157.970226,21.394281],[-157.970631,21.394438],[-157.970956,21.394564],[-157.971594,21.394796]]]},"properties":{}},{"type":"Feature","geometry":{"type":"Polygon","coordinates":[[[-157.74628,21.393342],[-157.746438,21.393553],[-157.74624,21.393669],[-157.745996,21.393514],[-157.74628,21.393342]]]},"properties":{}},{"type":"Feature","geometry":{"type":"Polygon","coordinates":[[[-157.715115,21.391737],[-157.715579,21.391289],[-157.715603,21.391321],[-157.715139,21.391766],[-157.715115,21.391737]]]},"properties":{}},{"type":"Feature","geometry":{"type":"Polygon","coordinates":[[[-157.913705,21.392533],[-157.913539,21.392299],[-157.913094,21.391677],[-157.913305,21.391546],[-157.913592,21.391362],[-157.913854,21.391199],[-157.914141,21.391025],[-157.9148,21.391932],[-157.914883,21.392048],[-157.914515,21.392281],[-157.91414,21.392524],[-157.913834,21.392712],[-157.913705,21.392533]]]},"properties":{}},{"type":"Feature","geometry":{"type":"Polygon","coordinates":[[[-158.010919,21.391818],[-158.010846,21.391727],[-158.010593,21.391423],[-158.01046,21.39126],[-158.010264,21.391021],[-158.010146,21.390876],[-158.010613,21.390574],[-158.010966,21.390348],[-158.011108,21.390521],[-158.011832,21.39141],[-158.011841,21.391467],[-158.01182,21.391496],[-158.011091,21.392025],[-158.010919,21.391818]]]},"properties":{}},{"type":"Feature","geometry":{"type":"Polygon","coordinates":[[[-157.956433,21.39685],[-157.956362,21.396867],[-157.956309,21.396874],[-157.95624,21.396873],[-157.956163,21.396859],[-157.955779,21.396773],[-157.955757,21.396757],[-157.955744,21.396726],[-157.955759,21.396638],[-157.955774,21.396509],[-157.955777,21.396371],[-157.955775,21.396304],[-157.955765,21.396202],[-157.955739,21.396023],[-157.955768,21.395992],[-157.955812,21.395979],[-157.955938,21.395927],[-157.956102,21.395849],[-157.956173,21.395811],[-157.956202,21.395812],[-157.956235,21.395832],[-157.956276,21.395882],[-157.956336,21.395932],[-157.956686,21.396194],[-157.956722,21.396224],[-157.956757,21.396269],[-157.956782,21.396317],[-157.9568,21.396398],[-157.956795,21.396468],[-157.956765,21.396549],[-157.956737,21.39659],[-157.956614,21.396731],[-157.956548,21.396789],[-157.956512,21.396814],[-157.956433,21.39685]]]},"properties":{}},{"type":"Feature","geometry":{"type":"Polygon","coordinates":[[[-158.16675,21.397686],[-158.166511,21.397637],[-158.166218,21.39757],[-158.165927,21.397499],[-158.165637,21.397423],[-158.16535,21.397342],[-158.165062,21.397257],[-158.164815,21.397179],[-158.164467,21.397067],[-158.164207,21.396975],[-158.163889,21.396854],[-158.163693,21.396776],[-158.163431,21.39668],[-158.163181,21.396566],[-158.162952,21.396432],[-158.162688,21.396331],[-158.162442,21.39621],[-158.162178,21.396073],[-158.161915,21.395934],[-158.161656,21.395788],[-158.1614,21.39564],[-158.161551,21.395426],[-158.161253,21.395249],[-158.161102,21.395458],[-158.160898,21.395328],[-158.160403,21.395005],[-158.160164,21.394834],[-158.159929,21.394657],[-158.159686,21.394489],[-158.159456,21.394307],[-158.159228,21.394123],[-158.159002,21.393936],[-158.158781,21.393743],[-158.158566,21.393546],[-158.157392,21.392456],[-158.157281,21.39236],[-158.157109,21.392199],[-158.157426,21.391896],[-158.157534,21.391971],[-158.157625,21.392041],[-158.157715,21.392116],[-158.157786,21.392168],[-158.158099,21.392439],[-158.158182,21.392514],[-158.158289,21.392605],[-158.158497,21.392786],[-158.158635,21.392909],[-158.158749,21.393002],[-158.158836,21.393052],[-158.158869,21.393077],[-158.158942,21.393152],[-158.159133,21.393298],[-158.159315,21.393328],[-158.159368,21.39345],[-158.159426,21.393545],[-158.159519,21.393634],[-158.159641,21.393738],[-158.159715,21.393813],[-158.159763,21.393847],[-158.159968,21.394025],[-158.16008,21.394095],[-158.160279,21.394193],[-158.160375,21.394255],[-158.160428,21.394266],[-158.160574,21.39436],[-158.160701,21.394435],[-158.160753,21.394474],[-158.16091,21.394544],[-158.160993,21.39457],[-158.161057,21.394602],[-158.161171,21.39469],[-158.161224,21.394713],[-158.161275,21.394768],[-158.161313,21.394799],[-158.16139,21.394847],[-158.161462,21.394902],[-158.161625,21.394991],[-158.161711,21.395048],[-158.161858,21.395157],[-158.161976,21.395239],[-158.162133,21.395352],[-158.162167,21.3954],[-158.162241,21.39543],[-158.162379,21.395494],[-158.162428,21.395546],[-158.162551,21.395655],[-158.162609,21.395714],[-158.162678,21.395773],[-158.162768,21.395821],[-158.162892,21.395876],[-158.162982,21.395921],[-158.163131,21.395983],[-158.163366,21.396104],[-158.163576,21.396186],[-158.163747,21.396262],[-158.163853,21.396316],[-158.163972,21.396362],[-158.164032,21.396394],[-158.164152,21.396449],[-158.164249,21.396485],[-158.164347,21.396515],[-158.164496,21.39655],[-158.164624,21.3966],[-158.164775,21.396635],[-158.164868,21.396665],[-158.164919,21.396667],[-158.165002,21.396679],[-158.165122,21.396713],[-158.16523,21.396748],[-158.165261,21.396752],[-158.165309,21.396773],[-158.165349,21.396778],[-158.165404,21.396807],[-158.165489,21.396835],[-158.16561,21.396885],[-158.165673,21.396906],[-158.165803,21.396934],[-158.165861,21.396941],[-158.165971,21.396975],[-158.166077,21.396994],[-158.166134,21.397017],[-158.166192,21.397028],[-158.166265,21.397035],[-158.166315,21.397047],[-158.166336,21.397079],[-158.166319,21.397112],[-158.166285,21.397146],[-158.166286,21.397187],[-158.166276,21.397202],[-158.166297,21.397252],[-158.166287,21.397315],[-158.166316,21.397349],[-158.166337,21.397388],[-158.16638,21.397431],[-158.166446,21.397431],[-158.166453,21.397413],[-158.166521,21.397369],[-158.166541,21.39731],[-158.166577,21.397283],[-158.166672,21.397241],[-158.166767,21.397228],[-158.166803,21.397241],[-158.166817,21.397291],[-158.16684,21.397314],[-158.166849,21.397352],[-158.166885,21.397411],[-158.166933,21.397447],[-158.16675,21.397686]]]},"properties":{}},{"type":"Feature","geometry":{"type":"Polygon","coordinates":[[[-158.157109,21.392199],[-158.156539,21.391668],[-158.156338,21.391479],[-158.15536,21.39058],[-158.154163,21.389469],[-158.152794,21.388206],[-158.150919,21.386467],[-158.150204,21.385801],[-158.149947,21.385556],[-158.149804,21.385427],[-158.148649,21.384355],[-158.147695,21.383471],[-158.147989,21.383197],[-158.148062,21.383302],[-158.148148,21.383397],[-158.14821,21.383476],[-158.148302,21.383583],[-158.148401,21.383672],[-158.148504,21.383787],[-158.148664,21.383935],[-158.148772,21.384023],[-158.148811,21.384069],[-158.148883,21.384121],[-158.148957,21.384196],[-158.149003,21.384235],[-158.149073,21.38431],[-158.149152,21.384369],[-158.149244,21.384455],[-158.149312,21.384507],[-158.149403,21.384585],[-158.149505,21.384653],[-158.149712,21.384826],[-158.149824,21.384901],[-158.149847,21.384912],[-158.149944,21.38498],[-158.15,21.385008],[-158.15007,21.385049],[-158.150179,21.385137],[-158.150219,21.385187],[-158.15026,21.385224],[-158.150345,21.38531],[-158.150433,21.385387],[-158.150523,21.385482],[-158.150617,21.385573],[-158.150677,21.385616],[-158.150778,21.385721],[-158.150938,21.385871],[-158.151035,21.385955],[-158.151067,21.385959],[-158.151239,21.386112],[-158.151291,21.386173],[-158.15142,21.3863],[-158.151539,21.386404],[-158.15162,21.386468],[-158.151688,21.386563],[-158.151818,21.386681],[-158.15189,21.386763],[-158.151932,21.386793],[-158.151989,21.386863],[-158.152013,21.38687],[-158.152166,21.387011],[-158.15225,21.387101],[-158.152289,21.387124],[-158.152318,21.387172],[-158.152374,21.387231],[-158.152424,21.387306],[-158.152465,21.387353],[-158.152567,21.387444],[-158.152728,21.387594],[-158.152826,21.387692],[-158.152897,21.38778],[-158.153021,21.387912],[-158.153116,21.388003],[-158.153258,21.388146],[-158.153334,21.388198],[-158.153486,21.388321],[-158.153538,21.388382],[-158.153656,21.388511],[-158.153899,21.388718],[-158.153973,21.388797],[-158.15404,21.388859],[-158.154097,21.388904],[-158.154142,21.388959],[-158.154262,21.389022],[-158.154293,21.389095],[-158.154356,21.389138],[-158.154457,21.389233],[-158.154512,21.389272],[-158.154548,21.389311],[-158.154614,21.389359],[-158.154696,21.389445],[-158.154942,21.389685],[-158.155126,21.389869],[-158.155185,21.389908],[-158.155242,21.389938],[-158.155308,21.389985],[-158.155431,21.390112],[-158.155504,21.390172],[-158.15555,21.390235],[-158.155585,21.390298],[-158.155625,21.390355],[-158.155692,21.390435],[-158.155768,21.390514],[-158.155914,21.39063],[-158.155997,21.390689],[-158.156087,21.390798],[-158.156154,21.390855],[-158.156235,21.390912],[-158.15632,21.390978],[-158.156538,21.391157],[-158.156615,21.391225],[-158.156714,21.391307],[-158.156827,21.391393],[-158.157045,21.391568],[-158.157141,21.391652],[-158.157245,21.39173],[-158.157322,21.391796],[-158.157426,21.391896],[-158.157109,21.392199]]]},"properties":{}},{"type":"Feature","geometry":{"type":"Polygon","coordinates":[[[-157.949048,21.38931],[-157.949153,21.389257],[-157.94922,21.389235],[-157.949331,21.389215],[-157.949438,21.389216],[-157.949528,21.389232],[-157.949087,21.390666],[-157.949016,21.390665],[-157.948764,21.390655],[-157.948512,21.390642],[-157.948208,21.39062],[-157.948221,21.39036],[-157.948244,21.390249],[-157.948324,21.390067],[-157.948366,21.389986],[-157.948429,21.389882],[-157.948499,21.389784],[-157.948557,21.389712],[-157.948661,21.389599],[-157.948729,21.389537],[-157.948825,21.389458],[-157.948928,21.389384],[-157.949048,21.38931]]]},"properties":{}},{"type":"Feature","geometry":{"type":"Polygon","coordinates":[[[-157.970269,21.389864],[-157.969841,21.388683],[-157.969756,21.388448],[-157.969689,21.388339],[-157.970389,21.38812],[-157.970842,21.388059],[-157.972266,21.387688],[-157.972646,21.387589],[-157.972561,21.387916],[-157.972266,21.38905],[-157.972186,21.389359],[-157.972085,21.389397],[-157.972152,21.38923],[-157.970809,21.389737],[-157.970572,21.389787],[-157.970286,21.389869],[-157.970269,21.389864]]]},"properties":{}},{"type":"Feature","geometry":{"type":"Polygon","coordinates":[[[-158.004842,21.389772],[-158.004712,21.389776],[-158.004679,21.389744],[-158.004676,21.389721],[-158.004666,21.389008],[-158.004748,21.388882],[-158.00486,21.38872],[-158.004875,21.388767],[-158.004952,21.388806],[-158.005019,21.38882],[-158.005065,21.38882],[-158.005373,21.388806],[-158.005397,21.388802],[-158.005423,21.388777],[-158.005428,21.388743],[-158.005409,21.388621],[-158.005477,21.388547],[-158.005733,21.388445],[-158.006739,21.388238],[-158.006875,21.388373],[-158.007034,21.388687],[-158.006825,21.389224],[-158.005793,21.389708],[-158.005593,21.389736],[-158.004842,21.389772]]]},"properties":{}},{"type":"Feature","geometry":{"type":"Polygon","coordinates":[[[-157.943142,21.389083],[-157.942961,21.389019],[-157.942698,21.38892],[-157.942706,21.388895],[-157.942211,21.388714],[-157.942452,21.388149],[-157.942651,21.387673],[-157.942949,21.386973],[-157.943453,21.38717],[-157.94397,21.387375],[-157.944539,21.387604],[-157.944512,21.387658],[-157.944232,21.388316],[-157.943997,21.388863],[-157.943834,21.38923],[-157.943686,21.389177],[-157.94365,21.389267],[-157.943142,21.389083]]]},"properties":{}},{"type":"Feature","geometry":{"type":"Polygon","coordinates":[[[-157.71139,21.387361],[-157.711754,21.387235],[-157.712113,21.387109],[-157.712128,21.387147],[-157.711971,21.3872],[-157.711403,21.387397],[-157.71139,21.387361]]]},"properties":{}},{"type":"Feature","geometry":{"type":"Polygon","coordinates":[[[-157.80821,21.385392],[-157.809384,21.384348],[-157.809698,21.384068],[-157.809982,21.384348],[-157.810626,21.38498],[-157.810037,21.385491],[-157.809886,21.385357],[-157.809215,21.385682],[-157.808937,21.385714],[-157.80821,21.385392]]]},"properties":{}},{"type":"Feature","geometry":{"type":"Polygon","coordinates":[[[-157.809698,21.384068],[-157.809384,21.384348],[-157.80821,21.385392],[-157.808205,21.38539],[-157.808079,21.385039],[-157.808096,21.384682],[-157.808251,21.38453],[-157.808203,21.384182],[-157.808588,21.383816],[-157.808862,21.383834],[-157.809182,21.383559],[-157.809698,21.384068]]]},"properties":{}},{"type":"Feature","geometry":{"type":"Polygon","coordinates":[[[-158.000447,21.388976],[-158.000332,21.388869],[-158.000294,21.388828],[-157.998554,21.387033],[-157.999015,21.386641],[-157.999089,21.38658],[-157.999292,21.386424],[-157.999463,21.386303],[-157.999571,21.386229],[-157.999791,21.386086],[-158.000017,21.385951],[-158.000131,21.385887],[-158.000364,21.385761],[-158.000601,21.385645],[-158.000721,21.38559],[-158.000916,21.385503],[-158.001113,21.386107],[-158.001136,21.386166],[-158.001165,21.386272],[-158.00118,21.386351],[-158.001194,21.386471],[-158.001198,21.386622],[-158.001187,21.386785],[-158.001173,21.38688],[-158.00114,21.387022],[-158.001108,21.387119],[-158.000845,21.38786],[-158.000447,21.388976]]]},"properties":{}},{"type":"Feature","geometry":{"type":"Polygon","coordinates":[[[-157.753357,21.385822],[-157.753212,21.386074],[-157.7532,21.386088],[-157.75278,21.386276],[-157.752449,21.385791],[-157.752431,21.385763],[-157.752923,21.385363],[-157.752985,21.385316],[-157.753324,21.385768],[-157.753357,21.385822]]]},"properties":{}},{"type":"Feature","geometry":{"type":"Polygon","coordinates":[[[-157.955694,21.387602],[-157.955241,21.387396],[-157.955229,21.387407],[-157.954276,21.38697],[-157.953272,21.386514],[-157.952691,21.386248],[-157.952705,21.386221],[-157.952519,21.386137],[-157.952563,21.386058],[-157.952608,21.386002],[-157.952657,21.385955],[-157.952766,21.385813],[-157.952951,21.385606],[-157.952977,21.385568],[-157.953028,21.385514],[-157.953059,21.385469],[-157.953161,21.385353],[-157.953183,21.385335],[-157.953278,21.385211],[-157.953303,21.385189],[-157.953352,21.385128],[-157.953366,21.385099],[-157.953444,21.384993],[-157.953459,21.384959],[-157.953464,21.384869],[-157.953475,21.384824],[-157.953479,21.384736],[-157.954132,21.384695],[-157.95428,21.384687],[-157.954503,21.384686],[-157.954651,21.384691],[-157.954799,21.384701],[-157.954947,21.384716],[-157.955167,21.384746],[-157.955385,21.384788],[-157.9556,21.384842],[-157.955812,21.384904],[-157.95602,21.384977],[-157.956157,21.385032],[-157.956291,21.385092],[-157.956489,21.385188],[-157.956553,21.385222],[-157.956746,21.385334],[-157.956541,21.38566],[-157.956397,21.38589],[-157.956224,21.386377],[-157.956208,21.386426],[-157.95602,21.38696],[-157.955794,21.387587],[-157.955694,21.387602]]]},"properties":{}},{"type":"Feature","geometry":{"type":"Polygon","coordinates":[[[-157.80223,21.386303],[-157.802195,21.386296],[-157.802167,21.386248],[-157.802112,21.386182],[-157.802069,21.386119],[-157.801961,21.38603],[-157.801865,21.385934],[-157.801814,21.385893],[-157.801794,21.385886],[-157.801653,21.385725],[-157.801558,21.385623],[-157.80154,21.38558],[-157.801483,21.385545],[-157.801367,21.385605],[-157.801292,21.385831],[-157.801204,21.38592],[-157.80117,21.386029],[-157.800884,21.386092],[-157.800361,21.38621],[-157.800338,21.386108],[-157.80032,21.385991],[-157.800298,21.385934],[-157.800302,21.385812],[-157.80029,21.385785],[-157.800301,21.385718],[-157.800294,21.385645],[-157.80023,21.385588],[-157.800184,21.385554],[-157.800154,21.385522],[-157.799987,21.385408],[-157.799879,21.385346],[-157.799784,21.385316],[-157.799717,21.385273],[-157.799645,21.385218],[-157.799577,21.385152],[-157.799526,21.385118],[-157.799383,21.385063],[-157.799178,21.385003],[-157.799112,21.384986],[-157.798953,21.384958],[-157.798893,21.384951],[-157.798777,21.384948],[-157.798682,21.384961],[-157.798579,21.384996],[-157.798493,21.38505],[-157.798453,21.385099],[-157.798437,21.385137],[-157.798356,21.385236],[-157.798269,21.385254],[-157.798221,21.385278],[-157.798026,21.385394],[-157.797932,21.385411],[-157.797838,21.385413],[-157.797797,21.385408],[-157.797708,21.385387],[-157.797665,21.385385],[-157.797612,21.385393],[-157.797444,21.385401],[-157.797303,21.385384],[-157.797273,21.385377],[-157.79719,21.385336],[-157.79705,21.385245],[-157.79701,21.385235],[-157.796971,21.38524],[-157.796937,21.38526],[-157.796902,21.385318],[-157.796891,21.385372],[-157.796869,21.385442],[-157.796876,21.385526],[-157.796879,21.385607],[-157.796946,21.385809],[-157.796954,21.385845],[-157.796949,21.38591],[-157.796861,21.386047],[-157.79684,21.386068],[-157.796773,21.386105],[-157.796655,21.386127],[-157.796583,21.386106],[-157.796501,21.386101],[-157.796462,21.386115],[-157.796331,21.386177],[-157.796258,21.386194],[-157.796226,21.386192],[-157.796121,21.38616],[-157.795836,21.386038],[-157.795734,21.385999],[-157.795695,21.385978],[-157.795566,21.385952],[-157.795485,21.385949],[-157.795422,21.385938],[-157.795384,21.38594],[-157.795331,21.385966],[-157.79527,21.38602],[-157.795231,21.386033],[-157.795196,21.386017],[-157.795174,21.385988],[-157.795118,21.385942],[-157.795014,21.385865],[-157.79501,21.385842],[-157.795028,21.38579],[-157.795085,21.385718],[-157.795092,21.385691],[-157.79507,21.385666],[-157.795013,21.385639],[-157.794938,21.385641],[-157.794852,21.385656],[-157.794665,21.385679],[-157.794634,21.385686],[-157.794618,21.385713],[-157.794597,21.38578],[-157.794578,21.385814],[-157.794552,21.385834],[-157.794502,21.385845],[-157.794397,21.385849],[-157.794356,21.38586],[-157.794323,21.385887],[-157.794232,21.385995],[-157.794199,21.386058],[-157.794217,21.386123],[-157.79422,21.386157],[-157.794192,21.386225],[-157.794066,21.38633],[-157.793958,21.386349],[-157.793858,21.386374],[-157.793793,21.386371],[-157.793745,21.386352],[-157.79369,21.386318],[-157.793627,21.386297],[-157.793585,21.386277],[-157.793513,21.386258],[-157.793452,21.386235],[-157.79347,21.386136],[-157.793834,21.386218],[-157.794555,21.385087],[-157.79502,21.385129],[-157.795177,21.384624],[-157.795185,21.384626],[-157.795339,21.384173],[-157.795411,21.38395],[-157.794662,21.383723],[-157.793559,21.383393],[-157.793519,21.383376],[-157.793559,21.383271],[-157.793761,21.383114],[-157.793906,21.382849],[-157.794025,21.382757],[-157.794057,21.382705],[-157.794306,21.382526],[-157.795069,21.382227],[-157.796542,21.380918],[-157.796884,21.380706],[-157.797268,21.38047],[-157.798106,21.379952],[-157.799757,21.379302],[-157.802079,21.379093],[-157.804236,21.379506],[-157.805391,21.380049],[-157.805851,21.380267],[-157.805961,21.380527],[-157.805963,21.380597],[-157.805917,21.380875],[-157.80573,21.381398],[-157.80541,21.381549],[-157.805068,21.381714],[-157.804777,21.382084],[-157.804851,21.382638],[-157.804743,21.38287],[-157.804712,21.383039],[-157.80466,21.38328],[-157.804621,21.383546],[-157.804249,21.383702],[-157.803738,21.383258],[-157.803598,21.383295],[-157.803531,21.383306],[-157.803302,21.38332],[-157.803236,21.383363],[-157.803168,21.383493],[-157.803147,21.383547],[-157.80308,21.383653],[-157.803001,21.383758],[-157.802965,21.383797],[-157.802876,21.383904],[-157.802795,21.384053],[-157.802723,21.384134],[-157.802678,21.384178],[-157.802633,21.38428],[-157.802631,21.384309],[-157.802663,21.384377],[-157.802674,21.38444],[-157.802718,21.384533],[-157.802723,21.384556],[-157.802765,21.384633],[-157.802801,21.384724],[-157.802815,21.384814],[-157.802806,21.384879],[-157.802729,21.384996],[-157.802712,21.385017],[-157.802613,21.385097],[-157.802521,21.385146],[-157.802489,21.385155],[-157.802434,21.385186],[-157.802401,21.385224],[-157.802358,21.38526],[-157.802339,21.385317],[-157.802313,21.385436],[-157.802316,21.385463],[-157.802295,21.38559],[-157.802311,21.385777],[-157.802289,21.385899],[-157.802262,21.385966],[-157.802238,21.386086],[-157.802222,21.386278],[-157.80223,21.386303]]]},"properties":{}},{"type":"Feature","geometry":{"type":"Polygon","coordinates":[[[-157.73201,21.383743],[-157.732474,21.383509],[-157.732709,21.383235],[-157.732711,21.38209],[-157.733172,21.381872],[-157.733331,21.381799],[-157.733356,21.381844],[-157.733405,21.381955],[-157.733452,21.382089],[-157.733487,21.382232],[-157.73351,21.382376],[-157.733518,21.382491],[-157.733517,21.382607],[-157.7335,21.38278],[-157.733471,21.382925],[-157.733428,21.383064],[-157.733374,21.3832],[-157.733348,21.383254],[-157.733121,21.38367],[-157.732801,21.384266],[-157.732612,21.384608],[-157.732478,21.38453],[-157.732312,21.384425],[-157.732167,21.384324],[-157.731771,21.384041],[-157.73201,21.383743]]]},"properties":{}},{"type":"Feature","geometry":{"type":"Polygon","coordinates":[[[-157.936353,21.377391],[-157.936033,21.377916],[-157.935551,21.377556],[-157.935161,21.377104],[-157.935191,21.377025],[-157.935216,21.376975],[-157.934854,21.376697],[-157.93476,21.37662],[-157.934793,21.376582],[-157.934876,21.376508],[-157.934921,21.376477],[-157.935045,21.376367],[-157.935112,21.376286],[-157.935245,21.376214],[-157.935291,21.376199],[-157.935359,21.376213],[-157.935409,21.376254],[-157.935433,21.376304],[-157.935448,21.376369],[-157.935448,21.376414],[-157.935467,21.376516],[-157.935482,21.376677],[-157.935495,21.376772],[-157.935517,21.376817],[-157.93552,21.376864],[-157.93555,21.376923],[-157.935617,21.376994],[-157.935703,21.377071],[-157.93577,21.377108],[-157.935866,21.377153],[-157.935928,21.377176],[-157.935988,21.377184],[-157.936034,21.377159],[-157.936118,21.377169],[-157.93617,21.377198],[-157.936241,21.377291],[-157.936286,21.377337],[-157.936353,21.377391]]]},"properties":{}},{"type":"Feature","geometry":{"type":"Polygon","coordinates":[[[-158.012696,21.387273],[-158.012672,21.387259],[-158.01251,21.387098],[-158.012448,21.386825],[-158.012497,21.386567],[-158.012594,21.385967],[-158.012594,21.385798],[-158.012581,21.385732],[-158.012427,21.385783],[-158.012387,21.385607],[-158.01229,21.385376],[-158.012236,21.385272],[-158.012165,21.385161],[-158.012072,21.385038],[-158.011916,21.384845],[-158.011531,21.384353],[-158.011268,21.384015],[-158.01098,21.383649],[-158.011108,21.383601],[-158.011201,21.38363],[-158.011239,21.383651],[-158.011244,21.383707],[-158.011261,21.383823],[-158.01141,21.38381],[-158.011397,21.38376],[-158.011365,21.383679],[-158.011451,21.383711],[-158.011549,21.383732],[-158.011624,21.383737],[-158.011672,21.383733],[-158.011722,21.383742],[-158.011781,21.383745],[-158.011897,21.383709],[-158.011973,21.383691],[-158.012071,21.383683],[-158.012138,21.383659],[-158.012166,21.383641],[-158.012245,21.383616],[-158.012318,21.383617],[-158.01239,21.383608],[-158.012562,21.383625],[-158.012603,21.383623],[-158.012712,21.383601],[-158.01277,21.383561],[-158.012792,21.383491],[-158.012821,21.383434],[-158.012817,21.38334],[-158.012852,21.383328],[-158.012893,21.38336],[-158.012928,21.38341],[-158.012937,21.383442],[-158.012966,21.383494],[-158.012985,21.383544],[-158.013011,21.383589],[-158.013036,21.383657],[-158.013068,21.383761],[-158.013097,21.383847],[-158.013139,21.383951],[-158.013159,21.384017],[-158.01318,21.384247],[-158.013148,21.384369],[-158.013133,21.384453],[-158.013059,21.384567],[-158.013045,21.384685],[-158.012987,21.384804],[-158.012933,21.384874],[-158.012899,21.384926],[-158.012894,21.38495],[-158.012899,21.385079],[-158.012873,21.38526],[-158.012854,21.385287],[-158.012823,21.385365],[-158.012786,21.385514],[-158.01277,21.385548],[-158.012743,21.385677],[-158.012748,21.385751],[-158.012764,21.385824],[-158.012774,21.385925],[-158.012765,21.386038],[-158.012742,21.386104],[-158.012739,21.386135],[-158.012747,21.386232],[-158.012738,21.386318],[-158.012726,21.386399],[-158.012718,21.386523],[-158.012668,21.386656],[-158.012635,21.386713],[-158.012631,21.38678],[-158.012608,21.386855],[-158.012601,21.386923],[-158.012611,21.387017],[-158.012647,21.387103],[-158.012695,21.387174],[-158.012711,21.387266],[-158.012696,21.387273]]]},"properties":{}},{"type":"Feature","geometry":{"type":"Polygon","coordinates":[[[-158.012822,21.387224],[-158.012814,21.387193],[-158.012781,21.387145],[-158.012762,21.387086],[-158.012699,21.386993],[-158.012683,21.386955],[-158.012689,21.386876],[-158.012707,21.386783],[-158.012725,21.38672],[-158.012753,21.386589],[-158.01277,21.386537],[-158.01279,21.386436],[-158.012803,21.386395],[-158.012806,21.386318],[-158.012823,21.386219],[-158.012828,21.386147],[-158.012817,21.386099],[-158.012832,21.386039],[-158.012841,21.385973],[-158.012831,21.385853],[-158.012846,21.385747],[-158.012866,21.385682],[-158.01288,21.385601],[-158.012916,21.385499],[-158.012926,21.385348],[-158.01294,21.385276],[-158.012997,21.385136],[-158.013001,21.384998],[-158.013014,21.384956],[-158.013069,21.384859],[-158.013093,21.384798],[-158.013105,21.384748],[-158.013149,21.384645],[-158.013188,21.384534],[-158.013247,21.384388],[-158.01327,21.384241],[-158.013266,21.384169],[-158.013256,21.384137],[-158.013253,21.384063],[-158.01324,21.383961],[-158.013152,21.38373],[-158.01312,21.383626],[-158.01309,21.383479],[-158.013039,21.383382],[-158.012982,21.383284],[-158.012902,21.383189],[-158.012875,21.383173],[-158.012817,21.383168],[-158.012752,21.383147],[-158.012728,21.383152],[-158.012692,21.383181],[-158.012675,21.383237],[-158.012687,21.383309],[-158.01271,21.383382],[-158.012707,21.383429],[-158.012671,21.383452],[-158.012634,21.383463],[-158.012615,21.383481],[-158.012543,21.383485],[-158.012427,21.383482],[-158.012326,21.383486],[-158.012249,21.383481],[-158.01216,21.383505],[-158.012075,21.383538],[-158.011995,21.383581],[-158.011942,21.383583],[-158.011916,21.383574],[-158.011232,21.38324],[-158.011191,21.383188],[-158.011332,21.383182],[-158.01148,21.38316],[-158.011646,21.383123],[-158.011773,21.38308],[-158.011982,21.383],[-158.012134,21.382947],[-158.012349,21.382883],[-158.012453,21.382859],[-158.012627,21.382826],[-158.012825,21.3828],[-158.01301,21.38279],[-158.013187,21.382788],[-158.013341,21.382796],[-158.013422,21.382803],[-158.013616,21.382829],[-158.013736,21.382853],[-158.013843,21.38288],[-158.014,21.382935],[-158.014125,21.382993],[-158.014198,21.383031],[-158.014313,21.383104],[-158.014417,21.383182],[-158.014541,21.383295],[-158.014648,21.383416],[-158.014711,21.383502],[-158.014793,21.383638],[-158.01484,21.383733],[-158.014888,21.383855],[-158.014918,21.383957],[-158.014949,21.384111],[-158.014962,21.384242],[-158.014964,21.384321],[-158.014957,21.384452],[-158.014933,21.384608],[-158.014915,21.384684],[-158.014828,21.384966],[-158.014755,21.385228],[-158.01488,21.385192],[-158.014876,21.385271],[-158.014849,21.385766],[-158.014913,21.385879],[-158.014772,21.385935],[-158.014443,21.386102],[-158.014385,21.386134],[-158.014366,21.385991],[-158.014408,21.385858],[-158.014516,21.385683],[-158.014392,21.385569],[-158.014234,21.38548],[-158.014156,21.385382],[-158.013993,21.385431],[-158.013892,21.38536],[-158.013782,21.385367],[-158.013804,21.385457],[-158.013831,21.385602],[-158.013853,21.385794],[-158.013861,21.385938],[-158.013862,21.386085],[-158.013853,21.386232],[-158.013801,21.38681],[-158.01379,21.3869],[-158.013345,21.387101],[-158.013324,21.387047],[-158.012994,21.387164],[-158.013004,21.38725],[-158.012922,21.387272],[-158.012875,21.387206],[-158.012822,21.387224]]]},"properties":{}},{"type":"Feature","geometry":{"type":"Polygon","coordinates":[[[-158.01102,21.384237],[-158.011219,21.384188],[-158.011243,21.384179],[-158.01138,21.384352],[-158.012004,21.385137],[-158.012058,21.385207],[-158.0121,21.385269],[-158.01215,21.385352],[-158.012214,21.385482],[-158.01227,21.385636],[-158.012247,21.385649],[-158.012286,21.38583],[-158.012257,21.385839],[-158.011462,21.386094],[-158.010801,21.386356],[-158.010656,21.38636],[-158.010514,21.386314],[-158.010371,21.386248],[-158.009688,21.385885],[-158.009656,21.38588],[-158.00922,21.385708],[-158.009075,21.385653],[-158.009072,21.385612],[-158.009066,21.385099],[-158.009069,21.384968],[-158.008673,21.384912],[-158.008659,21.384855],[-158.008606,21.384589],[-158.008681,21.384551],[-158.009312,21.384222],[-158.009548,21.384133],[-158.009765,21.384067],[-158.010127,21.383958],[-158.010553,21.383834],[-158.010731,21.384143],[-158.010772,21.384328],[-158.010784,21.384382],[-158.010835,21.384545],[-158.011118,21.384479],[-158.011101,21.384425],[-158.011053,21.384406],[-158.01102,21.384237]]]},"properties":{}},{"type":"Feature","geometry":{"type":"Polygon","coordinates":[[[-157.709279,21.383478],[-157.70999,21.383231],[-157.710008,21.383267],[-157.70977,21.383349],[-157.709295,21.383514],[-157.709279,21.383478]]]},"properties":{}},{"type":"Feature","geometry":{"type":"Polygon","coordinates":[[[-157.807523,21.384136],[-157.807313,21.38416],[-157.807176,21.383849],[-157.807456,21.383646],[-157.807612,21.383626],[-157.807698,21.383731],[-157.807705,21.383808],[-157.807501,21.384014],[-157.807523,21.384136]]]},"properties":{}},{"type":"Feature","geometry":{"type":"Polygon","coordinates":[[[-157.781644,21.374779],[-157.781654,21.374733],[-157.781688,21.374634],[-157.781728,21.374538],[-157.781796,21.374393],[-157.781853,21.374286],[-157.782015,21.374004],[-157.782169,21.374044],[-157.782303,21.374061],[-157.782438,21.374057],[-157.782527,21.374044],[-157.782642,21.374013],[-157.782712,21.373987],[-157.782792,21.373947],[-157.782866,21.3739],[-157.782925,21.373855],[-157.783008,21.373774],[-157.783086,21.373671],[-157.783131,21.373592],[-157.783019,21.373542],[-157.783133,21.373292],[-157.783293,21.372952],[-157.783353,21.372858],[-157.783382,21.372829],[-157.783331,21.372783],[-157.783425,21.372671],[-157.783492,21.372574],[-157.783499,21.372574],[-157.783616,21.373022],[-157.784125,21.372836],[-157.785026,21.372509],[-157.785076,21.372489],[-157.784877,21.372054],[-157.784839,21.371976],[-157.784709,21.371695],[-157.784816,21.371721],[-157.784943,21.371745],[-157.78505,21.371759],[-157.785359,21.371793],[-157.785438,21.371796],[-157.785491,21.371791],[-157.785574,21.371776],[-157.785644,21.371754],[-157.785742,21.371707],[-157.785819,21.371654],[-157.785872,21.371607],[-157.786252,21.371253],[-157.78628,21.371228],[-157.786346,21.371195],[-157.786387,21.371186],[-157.786455,21.371186],[-157.786506,21.3712],[-157.786544,21.371219],[-157.786604,21.371273],[-157.786629,21.371325],[-157.786716,21.371545],[-157.786766,21.371663],[-157.78679,21.371706],[-157.786842,21.371772],[-157.786908,21.371827],[-157.787005,21.371875],[-157.787055,21.371889],[-157.78712,21.371898],[-157.787178,21.371899],[-157.787251,21.371888],[-157.787327,21.371863],[-157.787396,21.371826],[-157.787447,21.371785],[-157.787514,21.371705],[-157.78754,21.371655],[-157.787559,21.371603],[-157.787573,21.37152],[-157.787572,21.371233],[-157.787578,21.371172],[-157.78761,21.371053],[-157.787879,21.370424],[-157.787909,21.370377],[-157.787956,21.37033],[-157.787998,21.370301],[-157.788061,21.370274],[-157.788102,21.370266],[-157.788196,21.37026],[-157.788275,21.370233],[-157.788324,21.370195],[-157.788429,21.370123],[-157.788452,21.370101],[-157.788492,21.37009],[-157.788547,21.370115],[-157.788553,21.370142],[-157.788381,21.370794],[-157.788363,21.370882],[-157.788362,21.370947],[-157.788382,21.371045],[-157.788547,21.371398],[-157.788565,21.37147],[-157.788567,21.371502],[-157.78862,21.371941],[-157.788627,21.372015],[-157.788629,21.37223],[-157.78864,21.372304],[-157.788656,21.37235],[-157.788688,21.372409],[-157.788927,21.372785],[-157.788967,21.372837],[-157.789019,21.372894],[-157.789064,21.372935],[-157.789134,21.372988],[-157.789477,21.373212],[-157.789544,21.373275],[-157.789585,21.373332],[-157.789624,21.373414],[-157.789647,21.373481],[-157.789675,21.373529],[-157.78972,21.373577],[-157.789766,21.373611],[-157.789804,21.373629],[-157.789937,21.37368],[-157.79,21.373694],[-157.790089,21.373692],[-157.790161,21.373675],[-157.790246,21.373635],[-157.79031,21.373583],[-157.790367,21.3735],[-157.790391,21.373428],[-157.790428,21.373334],[-157.790468,21.37321],[-157.790486,21.37318],[-157.79055,21.373124],[-157.790606,21.373082],[-157.790666,21.373017],[-157.790689,21.372967],[-157.790687,21.372931],[-157.790665,21.37285],[-157.790613,21.372736],[-157.790516,21.3726],[-157.79044,21.372521],[-157.790434,21.372491],[-157.790467,21.372455],[-157.790543,21.372456],[-157.790652,21.372475],[-157.790721,21.372498],[-157.790801,21.372537],[-157.790901,21.37261],[-157.790945,21.372653],[-157.79098,21.372696],[-157.791021,21.372766],[-157.791051,21.372848],[-157.79108,21.372952],[-157.791114,21.373043],[-157.79113,21.37307],[-157.791175,21.373104],[-157.791205,21.373113],[-157.791268,21.373109],[-157.791462,21.372998],[-157.7915,21.372993],[-157.791527,21.373007],[-157.791546,21.373048],[-157.791535,21.373156],[-157.791507,21.373251],[-157.791224,21.374134],[-157.791197,21.374211],[-157.791165,21.374283],[-157.791127,21.374355],[-157.790882,21.374751],[-157.790866,21.374793],[-157.790795,21.374915],[-157.790735,21.375036],[-157.790623,21.375336],[-157.790436,21.375811],[-157.790406,21.375915],[-157.790399,21.375969],[-157.790401,21.376084],[-157.790415,21.37666],[-157.790434,21.377324],[-157.790441,21.377415],[-157.790473,21.37753],[-157.7905,21.377589],[-157.790538,21.37765],[-157.790632,21.377762],[-157.790696,21.377828],[-157.790773,21.377896],[-157.790884,21.37798],[-157.791174,21.378161],[-157.791725,21.378488],[-157.791873,21.378581],[-157.791961,21.378652],[-157.792002,21.378697],[-157.79218,21.378963],[-157.792206,21.379029],[-157.792234,21.379155],[-157.792242,21.379248],[-157.79231,21.379847],[-157.792395,21.380457],[-157.792389,21.380606],[-157.792372,21.380697],[-157.792349,21.380746],[-157.792325,21.380877],[-157.792293,21.38099],[-157.792241,21.381197],[-157.792142,21.381535],[-157.792024,21.382004],[-157.791912,21.382423],[-157.791731,21.383097],[-157.791632,21.383487],[-157.791558,21.383471],[-157.791523,21.383574],[-157.791123,21.383721],[-157.79084,21.383822],[-157.790073,21.38393],[-157.789897,21.383775],[-157.789879,21.383784],[-157.789524,21.383436],[-157.78836,21.382291],[-157.787124,21.38107],[-157.786075,21.380025],[-157.785946,21.379898],[-157.785953,21.379887],[-157.78569,21.379632],[-157.784927,21.378877],[-157.784735,21.378688],[-157.784459,21.378394],[-157.784471,21.378374],[-157.784405,21.378297],[-157.784211,21.378056],[-157.784195,21.378065],[-157.783854,21.377629],[-157.783763,21.37752],[-157.783597,21.377333],[-157.783479,21.377211],[-157.783116,21.376851],[-157.782814,21.376551],[-157.782433,21.376182],[-157.782525,21.376102],[-157.781883,21.375465],[-157.78179,21.375351],[-157.781756,21.375301],[-157.781705,21.375213],[-157.781673,21.37514],[-157.781644,21.375034],[-157.781634,21.374961],[-157.781632,21.374882],[-157.781644,21.374779]]]},"properties":{}},{"type":"Feature","geometry":{"type":"Polygon","coordinates":[[[-157.956307,21.384981],[-157.956073,21.384885],[-157.955858,21.384809],[-157.955785,21.384786],[-157.955566,21.384724],[-157.955417,21.384689],[-157.955267,21.384659],[-157.955117,21.384633],[-157.954889,21.384605],[-157.95466,21.384587],[-157.954506,21.384582],[-157.954277,21.384583],[-157.954124,21.384591],[-157.953475,21.38463],[-157.953433,21.384501],[-157.953418,21.38441],[-157.953413,21.384342],[-157.9534,21.38429],[-157.953393,21.38422],[-157.953367,21.384089],[-157.953326,21.383996],[-157.953307,21.383928],[-157.953273,21.383845],[-157.953233,21.383711],[-157.953199,21.383648],[-157.953157,21.383548],[-157.953131,21.383451],[-157.953092,21.383356],[-157.953039,21.383256],[-157.952997,21.38319],[-157.952987,21.383159],[-157.952923,21.383093],[-157.952803,21.382961],[-157.952704,21.382881],[-157.952681,21.38285],[-157.952667,21.382809],[-157.952682,21.382734],[-157.952686,21.382678],[-157.952704,21.38266],[-157.952781,21.382647],[-157.952842,21.38267],[-157.952914,21.382716],[-157.952951,21.382768],[-157.952996,21.382811],[-157.953043,21.382913],[-157.953081,21.382974],[-157.953115,21.383047],[-157.953143,21.383087],[-157.9533,21.383228],[-157.953335,21.383253],[-157.953401,21.383315],[-157.953465,21.383367],[-157.953505,21.383383],[-157.953621,21.383483],[-157.95369,21.383522],[-157.953777,21.383593],[-157.953857,21.383641],[-157.953898,21.383681],[-157.954012,21.38377],[-157.954125,21.383841],[-157.954215,21.383912],[-157.954246,21.383943],[-157.954337,21.384014],[-157.954375,21.384037],[-157.954456,21.384098],[-157.954498,21.384121],[-157.954557,21.384167],[-157.954654,21.384224],[-157.954733,21.384258],[-157.954807,21.384299],[-157.95486,21.384333],[-157.954955,21.384377],[-157.955062,21.384432],[-157.955158,21.384473],[-157.95525,21.384494],[-157.955416,21.384581],[-157.955469,21.384606],[-157.955579,21.384643],[-157.955654,21.384677],[-157.955737,21.384705],[-157.955787,21.384714],[-157.95587,21.384746],[-157.956064,21.384842],[-157.956094,21.384863],[-157.956162,21.38489],[-157.956298,21.384968],[-157.956307,21.384981]]]},"properties":{}},{"type":"Feature","geometry":{"type":"Polygon","coordinates":[[[-157.928129,21.384778],[-157.928057,21.384676],[-157.927857,21.384399],[-157.927909,21.384356],[-157.927973,21.384296],[-157.928038,21.384217],[-157.928091,21.384132],[-157.928117,21.384077],[-157.928155,21.383969],[-157.928279,21.383582],[-157.928318,21.383505],[-157.928714,21.382966],[-157.928751,21.382912],[-157.928825,21.382781],[-157.928872,21.382678],[-157.928976,21.382405],[-157.928999,21.382365],[-157.929053,21.382354],[-157.929089,21.382379],[-157.929168,21.382465],[-157.92958,21.382892],[-157.930057,21.383385],[-157.92991,21.383454],[-157.929837,21.383707],[-157.928955,21.384261],[-157.928811,21.384351],[-157.928129,21.384778]]]},"properties":{}},{"type":"Feature","geometry":{"type":"Polygon","coordinates":[[[-157.808725,21.383108],[-157.808345,21.383354],[-157.807869,21.383344],[-157.807677,21.3835],[-157.807511,21.38335],[-157.807893,21.383028],[-157.80827,21.38266],[-157.808725,21.383108]]]},"properties":{}},{"type":"Feature","geometry":{"type":"Polygon","coordinates":[[[-157.931105,21.384108],[-157.9307,21.383801],[-157.930456,21.383571],[-157.930294,21.383423],[-157.931035,21.382958],[-157.931132,21.38309],[-157.931634,21.38377],[-157.931793,21.383986],[-157.931669,21.384062],[-157.931323,21.384279],[-157.931105,21.384108]]]},"properties":{}},{"type":"Feature","geometry":{"type":"Polygon","coordinates":[[[-158.01102,21.384237],[-158.011053,21.384406],[-158.011101,21.384425],[-158.011118,21.384479],[-158.010835,21.384545],[-158.010784,21.384382],[-158.010772,21.384328],[-158.01102,21.384237]]]},"properties":{}},{"type":"Feature","geometry":{"type":"Polygon","coordinates":[[[-157.807435,21.3826],[-157.807048,21.383035],[-157.80676,21.383004],[-157.807122,21.382674],[-157.80738,21.382552],[-157.807435,21.3826]]]},"properties":{}},{"type":"Feature","geometry":{"type":"Polygon","coordinates":[[[-158.01102,21.384237],[-158.010772,21.384328],[-158.010731,21.384143],[-158.010993,21.384101],[-158.010947,21.383884],[-158.011,21.383873],[-158.011243,21.384179],[-158.011219,21.384188],[-158.01102,21.384237]]]},"properties":{}},{"type":"Feature","geometry":{"type":"Polygon","coordinates":[[[-158.010947,21.383884],[-158.010993,21.384101],[-158.010731,21.384143],[-158.010553,21.383834],[-158.010877,21.383717],[-158.010947,21.383884]]]},"properties":{}},{"type":"Feature","geometry":{"type":"Polygon","coordinates":[[[-157.995381,21.382656],[-157.995239,21.382729],[-157.995013,21.382837],[-157.994767,21.382941],[-157.994658,21.382983],[-157.99437,21.383086],[-157.994126,21.383159],[-157.993833,21.383263],[-157.99369,21.383307],[-157.993518,21.383379],[-157.993424,21.383426],[-157.993289,21.383504],[-157.993203,21.383562],[-157.993107,21.383634],[-157.99299,21.383735],[-157.99291,21.383815],[-157.992807,21.383937],[-157.992663,21.383764],[-157.992613,21.383699],[-157.992503,21.383544],[-157.992414,21.383406],[-157.992297,21.383202],[-157.992224,21.383055],[-157.992144,21.382874],[-157.992074,21.382688],[-157.992034,21.382566],[-157.991999,21.382444],[-157.991963,21.382297],[-157.991922,21.38208],[-157.991899,21.381908],[-157.991887,21.38177],[-157.991881,21.381666],[-157.991852,21.381666],[-157.9917,21.378363],[-157.991666,21.377907],[-157.997265,21.377448],[-157.997355,21.377439],[-157.997516,21.375457],[-157.997519,21.37543],[-157.997685,21.375519],[-157.997781,21.375554],[-157.997837,21.375568],[-157.997924,21.375582],[-157.997998,21.375587],[-157.9981,21.375583],[-157.998144,21.375576],[-158.000202,21.375256],[-158.000284,21.375916],[-158.00107,21.376305],[-158.001245,21.376268],[-158.001334,21.376629],[-158.00166,21.376559],[-158.00158,21.378607],[-158.001971,21.380759],[-158.001911,21.38077],[-158.000983,21.380948],[-157.998548,21.381414],[-157.998353,21.381454],[-157.998215,21.381485],[-157.998045,21.381527],[-157.997751,21.381606],[-157.997472,21.381693],[-157.997251,21.381768],[-157.997065,21.381837],[-157.996946,21.381884],[-157.996758,21.381962],[-157.996641,21.382013],[-157.996491,21.382082],[-157.996491,21.382046],[-157.996419,21.382082],[-157.996433,21.382111],[-157.99607,21.382299],[-157.995889,21.382388],[-157.995693,21.382488],[-157.995473,21.382604],[-157.995381,21.382656]]]},"properties":{}},{"type":"Feature","geometry":{"type":"Polygon","coordinates":[[[-158.011,21.383873],[-158.010947,21.383884],[-158.010877,21.383717],[-158.011,21.383873]]]},"properties":{}},{"type":"Feature","geometry":{"type":"Polygon","coordinates":[[[-157.754508,21.381718],[-157.754543,21.381608],[-157.754574,21.38147],[-157.754587,21.381378],[-157.754592,21.38126],[-157.754589,21.381166],[-157.75457,21.381025],[-157.754543,21.380912],[-157.754514,21.380822],[-157.754447,21.38067],[-157.754361,21.380527],[-157.754288,21.380432],[-157.75425,21.380388],[-157.754533,21.380095],[-157.754603,21.380131],[-157.755217,21.380475],[-157.755301,21.380566],[-157.755367,21.38067],[-157.755402,21.380749],[-157.75542,21.380808],[-157.755437,21.380905],[-157.755441,21.380978],[-157.755429,21.381099],[-157.755399,21.381205],[-157.755357,21.381295],[-157.755311,21.38137],[-157.75527,21.381414],[-157.755296,21.38144],[-157.754862,21.381917],[-157.754508,21.381718]]]},"properties":{}},{"type":"Feature","geometry":{"type":"Polygon","coordinates":[[[-157.933135,21.377856],[-157.933082,21.377772],[-157.933035,21.377772],[-157.933017,21.377749],[-157.932931,21.377796],[-157.932861,21.377604],[-157.933024,21.377571],[-157.933175,21.377834],[-157.933135,21.377856]]]},"properties":{}},{"type":"Feature","geometry":{"type":"Polygon","coordinates":[[[-158.027374,21.383266],[-158.027253,21.383202],[-158.027018,21.38298],[-158.025731,21.382988],[-158.025743,21.382952],[-158.025756,21.382819],[-158.025757,21.382729],[-158.025751,21.382638],[-158.025729,21.382505],[-158.025709,21.382428],[-158.026008,21.382262],[-158.026299,21.382099],[-158.026497,21.381985],[-158.026606,21.381925],[-158.027106,21.381636],[-158.027254,21.381554],[-158.027276,21.381576],[-158.027495,21.381837],[-158.027822,21.382226],[-158.028049,21.382496],[-158.027962,21.382565],[-158.027887,21.38263],[-158.027745,21.382772],[-158.027647,21.382884],[-158.027587,21.382963],[-158.027557,21.382981],[-158.027535,21.383023],[-158.0275,21.383071],[-158.027374,21.383266]]]},"properties":{}},{"type":"Feature","geometry":{"type":"Polygon","coordinates":[[[-157.708063,21.379487],[-157.707966,21.379527],[-157.707685,21.379588],[-157.707239,21.379677],[-157.70711,21.379706],[-157.706821,21.379882],[-157.706201,21.379909],[-157.705854,21.379807],[-157.705754,21.379799],[-157.70568,21.379695],[-157.705683,21.379674],[-157.705656,21.37959],[-157.705655,21.379557],[-157.705621,21.379439],[-157.705605,21.379405],[-157.70559,21.379242],[-157.705569,21.379106],[-157.705571,21.379082],[-157.705545,21.378969],[-157.705568,21.378921],[-157.705561,21.378905],[-157.705558,21.378808],[-157.705568,21.378752],[-157.705567,21.378682],[-157.705577,21.378632],[-157.705565,21.378573],[-157.70557,21.378551],[-157.705559,21.378472],[-157.70556,21.378429],[-157.705576,21.378309],[-157.705753,21.378076],[-157.705788,21.37771],[-157.705769,21.377405],[-157.705799,21.377144],[-157.705902,21.376623],[-157.705946,21.376284],[-157.706115,21.375983],[-157.70623,21.37567],[-157.706298,21.375347],[-157.706393,21.375073],[-157.706519,21.374735],[-157.706613,21.374372],[-157.706775,21.374039],[-157.707028,21.373576],[-157.707169,21.373277],[-157.707338,21.372975],[-157.70748,21.372626],[-157.707575,21.372347],[-157.707657,21.37198],[-157.707734,21.371845],[-157.708031,21.371382],[-157.708216,21.370816],[-157.708377,21.370373],[-157.708549,21.369911],[-157.708662,21.369618],[-157.708782,21.369152],[-157.708877,21.368796],[-157.709002,21.368553],[-157.709132,21.368328],[-157.709304,21.367981],[-157.709381,21.36784],[-157.709406,21.367614],[-157.70949,21.367251],[-157.709638,21.366911],[-157.709792,21.366495],[-157.709829,21.36619],[-157.709795,21.365856],[-157.709732,21.365629],[-157.70977,21.365189],[-157.709723,21.365089],[-157.709635,21.365012],[-157.709607,21.364748],[-157.709631,21.364567],[-157.709796,21.364435],[-157.709733,21.364286],[-157.709618,21.363257],[-157.70949,21.362143],[-157.709474,21.361698],[-157.709353,21.361351],[-157.709274,21.360707],[-157.709159,21.360056],[-157.709068,21.359522],[-157.708917,21.35908],[-157.708615,21.358507],[-157.708382,21.358015],[-157.708307,21.357757],[-157.708296,21.357497],[-157.708362,21.357321],[-157.708544,21.357158],[-157.708663,21.356992],[-157.708657,21.356877],[-157.708575,21.356795],[-157.708369,21.356908],[-157.708205,21.356936],[-157.707983,21.356621],[-157.707876,21.355811],[-157.707865,21.355574],[-157.707708,21.355419],[-157.707371,21.354448],[-157.707035,21.353495],[-157.70702,21.353445],[-157.707024,21.353411],[-157.706998,21.353345],[-157.706995,21.353314],[-157.706969,21.353237],[-157.706937,21.353173],[-157.706924,21.353121],[-157.706898,21.353076],[-157.706876,21.352949],[-157.706853,21.35289],[-157.706825,21.352754],[-157.70679,21.352666],[-157.706785,21.35261],[-157.706751,21.352512],[-157.706748,21.352472],[-157.70672,21.352422],[-157.706697,21.352345],[-157.706665,21.352263],[-157.706645,21.352236],[-157.706617,21.352177],[-157.706605,21.352125],[-157.706558,21.352055],[-157.706524,21.351962],[-157.706507,21.351932],[-157.706284,21.351811],[-157.706223,21.351715],[-157.707172,21.351569],[-157.707949,21.351643],[-157.708337,21.351935],[-157.708802,21.352517],[-157.709734,21.352592],[-157.709771,21.352587],[-157.710511,21.352521],[-157.710588,21.35303],[-157.710898,21.353321],[-157.711519,21.353468],[-157.710966,21.358272],[-157.711042,21.358708],[-157.711274,21.359437],[-157.712899,21.363005],[-157.713131,21.363661],[-157.713129,21.364388],[-157.712739,21.365043],[-157.711883,21.366134],[-157.711259,21.367224],[-157.711258,21.367807],[-157.711017,21.371881],[-157.710782,21.372975],[-157.710314,21.373482],[-157.70977,21.373701],[-157.709225,21.374282],[-157.70798,21.375225],[-157.707356,21.376096],[-157.706887,21.377335],[-157.707353,21.377772],[-157.707662,21.378572],[-157.707894,21.379009],[-157.708063,21.379487]]]},"properties":{}},{"type":"Feature","geometry":{"type":"Polygon","coordinates":[[[-158.012572,21.379571],[-158.011143,21.37991],[-158.010945,21.380045],[-158.010884,21.380083],[-158.010893,21.3799],[-158.010881,21.37976],[-158.010887,21.379726],[-158.010862,21.379561],[-158.010845,21.379425],[-158.010973,21.379415],[-158.010918,21.378942],[-158.011197,21.378949],[-158.011482,21.378961],[-158.011581,21.378978],[-158.01227,21.37905],[-158.012493,21.379071],[-158.012572,21.379571]]]},"properties":{}},{"type":"Feature","geometry":{"type":"Polygon","coordinates":[[[-158.147695,21.383471],[-158.147653,21.383431],[-158.147264,21.383072],[-158.146898,21.382736],[-158.14606,21.381959],[-158.146309,21.381728],[-158.146567,21.381485],[-158.146384,21.380822],[-158.146185,21.380101],[-158.146062,21.379664],[-158.145865,21.379568],[-158.14519,21.379251],[-158.145115,21.379212],[-158.144542,21.378758],[-158.144255,21.378533],[-158.143782,21.37898],[-158.143318,21.379425],[-158.14285,21.378993],[-158.141783,21.378008],[-158.14144,21.377676],[-158.141236,21.377468],[-158.141035,21.377259],[-158.140838,21.377043],[-158.140646,21.376825],[-158.140457,21.376605],[-158.140017,21.37603],[-158.139831,21.375769],[-158.139778,21.375692],[-158.139814,21.375622],[-158.139836,21.375498],[-158.139893,21.375444],[-158.139926,21.375424],[-158.139973,21.375377],[-158.140044,21.375366],[-158.140111,21.375305],[-158.140143,21.375289],[-158.140207,21.375285],[-158.14027,21.375306],[-158.140305,21.375299],[-158.14032,21.375279],[-158.140371,21.375155],[-158.140397,21.375121],[-158.140424,21.375069],[-158.140486,21.375027],[-158.140562,21.375002],[-158.140607,21.375],[-158.140684,21.374971],[-158.140793,21.374945],[-158.140888,21.374909],[-158.141007,21.374878],[-158.141037,21.374862],[-158.141091,21.374919],[-158.141159,21.37501],[-158.141198,21.375094],[-158.141243,21.375204],[-158.141324,21.37537],[-158.141332,21.375415],[-158.141366,21.375454],[-158.141422,21.37556],[-158.141442,21.375623],[-158.141479,21.375705],[-158.141502,21.375743],[-158.141534,21.375843],[-158.141537,21.375872],[-158.141574,21.375954],[-158.141634,21.376047],[-158.141652,21.376094],[-158.141682,21.376137],[-158.141682,21.376158],[-158.141745,21.376262],[-158.141797,21.376327],[-158.141831,21.376389],[-158.141854,21.376414],[-158.141868,21.376457],[-158.141914,21.376511],[-158.141967,21.376584],[-158.142025,21.376647],[-158.142102,21.376742],[-158.142123,21.376774],[-158.142276,21.376928],[-158.142354,21.376999],[-158.142388,21.377022],[-158.142481,21.37711],[-158.14264,21.377231],[-158.142672,21.377247],[-158.142871,21.377421],[-158.142967,21.377499],[-158.143068,21.377538],[-158.143153,21.377576],[-158.143178,21.377599],[-158.143212,21.377572],[-158.143328,21.377505],[-158.143405,21.377467],[-158.143456,21.377456],[-158.143535,21.377447],[-158.14361,21.377454],[-158.143691,21.377475],[-158.143785,21.377521],[-158.143819,21.377568],[-158.143856,21.37767],[-158.143876,21.377745],[-158.143908,21.377822],[-158.143938,21.377876],[-158.144001,21.378019],[-158.14406,21.378116],[-158.14412,21.378198],[-158.144327,21.378404],[-158.144381,21.378466],[-158.14449,21.378545],[-158.14461,21.378616],[-158.144653,21.37865],[-158.144834,21.378771],[-158.144977,21.378846],[-158.145101,21.378894],[-158.145225,21.378937],[-158.145394,21.379004],[-158.145504,21.379063],[-158.145567,21.37909],[-158.145663,21.379152],[-158.145738,21.379175],[-158.14582,21.379189],[-158.145911,21.379221],[-158.145974,21.379235],[-158.146082,21.379249],[-158.146136,21.37926],[-158.146236,21.37929],[-158.146305,21.379324],[-158.14638,21.379447],[-158.146398,21.379512],[-158.146423,21.379632],[-158.14643,21.379786],[-158.146422,21.379858],[-158.146416,21.37998],[-158.146429,21.380068],[-158.14646,21.380143],[-158.146522,21.380258],[-158.146591,21.380367],[-158.146604,21.380399],[-158.146655,21.380474],[-158.146669,21.380505],[-158.14671,21.380645],[-158.146714,21.380731],[-158.146737,21.380844],[-158.146745,21.380937],[-158.14677,21.381088],[-158.146777,21.381183],[-158.146792,21.381204],[-158.146797,21.381244],[-158.146818,21.381283],[-158.146862,21.381344],[-158.146909,21.381441],[-158.146935,21.381478],[-158.146974,21.381564],[-158.147013,21.381602],[-158.147014,21.38162],[-158.147093,21.381761],[-158.147113,21.381858],[-158.147143,21.38189],[-158.147168,21.381949],[-158.147251,21.382071],[-158.147302,21.382117],[-158.147374,21.382234],[-158.147419,21.382323],[-158.147463,21.382382],[-158.147529,21.382479],[-158.147538,21.382508],[-158.147582,21.382572],[-158.147599,21.382617],[-158.147637,21.382674],[-158.147668,21.38273],[-158.147706,21.38278],[-158.147711,21.382801],[-158.147783,21.382912],[-158.147795,21.382943],[-158.14784,21.382991],[-158.14786,21.383027],[-158.147989,21.383197],[-158.147695,21.383471]]]},"properties":{}},{"type":"Feature","geometry":{"type":"Polygon","coordinates":[[[-158.012572,21.379571],[-158.012493,21.379071],[-158.012938,21.379115],[-158.013166,21.379127],[-158.013318,21.379128],[-158.013471,21.379124],[-158.013623,21.379116],[-158.013774,21.379104],[-158.014,21.379073],[-158.01415,21.379047],[-158.014273,21.379023],[-158.014389,21.378994],[-158.014631,21.379908],[-158.014152,21.37996],[-158.013656,21.379724],[-158.012707,21.379626],[-158.012572,21.379571]]]},"properties":{}},{"type":"Feature","geometry":{"type":"Polygon","coordinates":[[[-157.752229,21.376457],[-157.751358,21.376238],[-157.751508,21.375725],[-157.75163,21.375312],[-157.752335,21.375699],[-157.752597,21.375841],[-157.752229,21.376457]]]},"properties":{}},{"type":"Feature","geometry":{"type":"Polygon","coordinates":[[[-157.987858,21.371854],[-157.98787,21.371771],[-157.987867,21.371665],[-157.987859,21.371617],[-157.987811,21.371416],[-157.987755,21.371239],[-157.987727,21.371169],[-157.987717,21.371106],[-157.987671,21.371004],[-157.987647,21.370936],[-157.987576,21.370775],[-157.987536,21.3707],[-157.987513,21.370646],[-157.987482,21.370612],[-157.987419,21.370508],[-157.987392,21.370476],[-157.987363,21.370397],[-157.98734,21.370302],[-157.987303,21.370229],[-157.988932,21.369695],[-157.995337,21.368786],[-158.001686,21.368329],[-158.001855,21.369186],[-158.001846,21.369272],[-158.001843,21.369344],[-158.001858,21.369448],[-158.001879,21.369887],[-158.001909,21.36993],[-158.001937,21.369946],[-158.001988,21.369957],[-158.002032,21.369955],[-158.002144,21.369961],[-158.002204,21.36999],[-158.002232,21.370033],[-158.002374,21.370533],[-158.002385,21.370624],[-158.002383,21.370691],[-158.002365,21.370777],[-158.002322,21.370824],[-158.002268,21.370871],[-158.002204,21.370912],[-158.002151,21.370977],[-158.00213,21.371038],[-158.002126,21.371096],[-158.002133,21.371133],[-158.002133,21.371295],[-158.002144,21.371388],[-158.002163,21.371458],[-158.002233,21.371657],[-158.00224,21.371718],[-158.00228,21.371879],[-158.002384,21.371852],[-158.002476,21.371805],[-158.002506,21.371769],[-158.002617,21.371732],[-158.002717,21.371703],[-158.002777,21.371715],[-158.002828,21.371771],[-158.002884,21.371869],[-158.00295,21.372077],[-158.003044,21.372274],[-158.00314,21.37248],[-158.003339,21.372741],[-158.004129,21.372524],[-158.004687,21.372365],[-158.005726,21.372071],[-158.005962,21.372004],[-158.006035,21.371994],[-158.006509,21.371915],[-158.007492,21.371756],[-158.007658,21.371895],[-158.007653,21.372333],[-158.007653,21.372414],[-158.007613,21.372757],[-158.007593,21.372904],[-158.007372,21.373228],[-158.007334,21.373282],[-158.00717,21.373642],[-158.007129,21.37375],[-158.007016,21.374027],[-158.006953,21.37412],[-158.006813,21.374333],[-158.006724,21.374466],[-158.006692,21.374592],[-158.006676,21.374638],[-158.006634,21.374714],[-158.006594,21.37475],[-158.006547,21.374779],[-158.006418,21.374826],[-158.006366,21.374857],[-158.006297,21.374909],[-158.006225,21.374931],[-158.006143,21.374975],[-158.006082,21.375043],[-158.006029,21.37511],[-158.005993,21.375173],[-158.005934,21.375241],[-158.005902,21.375304],[-158.005847,21.375373],[-158.005836,21.375409],[-158.00581,21.375434],[-158.005727,21.375565],[-158.005705,21.375623],[-158.005642,21.3757],[-158.005592,21.375747],[-158.005567,21.37579],[-158.005529,21.375828],[-158.005493,21.375913],[-158.005452,21.375947],[-158.005024,21.376378],[-158.004933,21.376441],[-158.004867,21.376492],[-158.004828,21.376542],[-158.004609,21.376841],[-158.004478,21.37724],[-158.004585,21.375662],[-158.004428,21.375042],[-158.004086,21.374358],[-158.002836,21.373377],[-157.999759,21.373991],[-157.994794,21.373876],[-157.994443,21.374147],[-157.994287,21.374237],[-157.994081,21.374344],[-157.993905,21.374449],[-157.993716,21.374543],[-157.993563,21.374637],[-157.993382,21.374728],[-157.99315,21.374813],[-157.992841,21.374973],[-157.991062,21.376029],[-157.991034,21.375979],[-157.991025,21.375922],[-157.990996,21.37583],[-157.990996,21.375812],[-157.990968,21.375728],[-157.990954,21.375662],[-157.99093,21.375619],[-157.990907,21.375563],[-157.990883,21.375538],[-157.990865,21.37549],[-157.990821,21.375413],[-157.990801,21.375361],[-157.990772,21.375322],[-157.990775,21.375286],[-157.990752,21.375261],[-157.990717,21.375193],[-157.990692,21.375107],[-157.990498,21.375016],[-157.990018,21.374776],[-157.989656,21.374602],[-157.989579,21.374534],[-157.989139,21.374138],[-157.988642,21.374119],[-157.988617,21.374024],[-157.988574,21.373902],[-157.988556,21.373862],[-157.988481,21.373631],[-157.988467,21.373545],[-157.988467,21.37343],[-157.988418,21.373242],[-157.988355,21.373052],[-157.988332,21.37295],[-157.988315,21.372916],[-157.988298,21.372832],[-157.988257,21.372737],[-157.988181,21.372635],[-157.988162,21.372601],[-157.988097,21.372513],[-157.988016,21.372445],[-157.987979,21.372372],[-157.987962,21.372315],[-157.987939,21.372259],[-157.987877,21.372044],[-157.987863,21.371985],[-157.987855,21.371874],[-157.987858,21.371854]]]},"properties":{}},{"type":"Feature","geometry":{"type":"Polygon","coordinates":[[[-157.934682,21.376559],[-157.934281,21.376249],[-157.93435,21.376206],[-157.934397,21.376195],[-157.934545,21.376181],[-157.934655,21.37615],[-157.93471,21.376109],[-157.934746,21.376064],[-157.934821,21.375947],[-157.934848,21.375893],[-157.934885,21.375851],[-157.934924,21.375885],[-157.934971,21.375939],[-157.934991,21.376005],[-157.934993,21.376168],[-157.934945,21.376253],[-157.934883,21.376339],[-157.934844,21.376377],[-157.934682,21.376559]]]},"properties":{}},{"type":"Feature","geometry":{"type":"Polygon","coordinates":[[[-156.68567,20.955679],[-156.685904,20.955303],[-156.685762,20.955254],[-156.685878,20.95491],[-156.686087,20.954321],[-156.686266,20.954403],[-156.686646,20.953708],[-156.687145,20.95402],[-156.687077,20.954102],[-156.686932,20.954301],[-156.68681,20.95455],[-156.686671,20.954824],[-156.686567,20.955156],[-156.686519,20.955269],[-156.686449,20.955245],[-156.68633,20.955532],[-156.68625,20.95568],[-156.686076,20.955764],[-156.68567,20.955679]]]},"properties":{}},{"type":"Feature","geometry":{"type":"Polygon","coordinates":[[[-157.914957,21.375537],[-157.914752,21.375179],[-157.914345,21.374487],[-157.914297,21.374383],[-157.914269,21.37429],[-157.914251,21.374157],[-157.914252,21.374075],[-157.91426,21.374008],[-157.914289,21.373888],[-157.914337,21.373776],[-157.914413,21.373661],[-157.914758,21.373245],[-157.914797,21.373196],[-157.914869,21.373077],[-157.914907,21.372989],[-157.914942,21.372865],[-157.914951,21.372813],[-157.915002,21.372456],[-157.915035,21.372441],[-157.915063,21.372443],[-157.915789,21.372545],[-157.916416,21.37263],[-157.916567,21.37267],[-157.916626,21.37269],[-157.916855,21.373092],[-157.916929,21.373131],[-157.917027,21.373201],[-157.917144,21.37331],[-157.917188,21.373363],[-157.917256,21.373374],[-157.917354,21.373375],[-157.917389,21.373371],[-157.91772,21.373319],[-157.91807,21.373359],[-157.918222,21.373369],[-157.918337,21.373372],[-157.918653,21.373368],[-157.919102,21.373357],[-157.91854,21.373654],[-157.918198,21.373832],[-157.917861,21.374011],[-157.917686,21.374102],[-157.91732,21.374296],[-157.917016,21.374455],[-157.916708,21.374618],[-157.916552,21.374698],[-157.916441,21.374758],[-157.916085,21.374943],[-157.91562,21.375189],[-157.915298,21.375356],[-157.915136,21.375443],[-157.914957,21.375537]]]},"properties":{}},{"type":"Feature","geometry":{"type":"Polygon","coordinates":[[[-157.880857,21.373953],[-157.88125,21.374125],[-157.881146,21.374339],[-157.88101,21.37439],[-157.880777,21.374483],[-157.88052,21.374373],[-157.880103,21.374199],[-157.88002,21.37423],[-157.879933,21.374268],[-157.879537,21.374148],[-157.879078,21.374],[-157.879102,21.373959],[-157.879119,21.373914],[-157.879129,21.37382],[-157.879115,21.373743],[-157.879057,21.373627],[-157.879047,21.373566],[-157.879624,21.37371],[-157.879839,21.373592],[-157.880283,21.373782],[-157.880669,21.373943],[-157.880751,21.373907],[-157.880857,21.373953]]]},"properties":{}},{"type":"Feature","geometry":{"type":"Polygon","coordinates":[[[-157.761274,21.371847],[-157.761312,21.371402],[-157.762211,21.371551],[-157.763098,21.3717],[-157.763037,21.371946],[-157.763753,21.371829],[-157.763675,21.371993],[-157.763653,21.372072],[-157.763613,21.37225],[-157.763606,21.372327],[-157.763601,21.372463],[-157.763605,21.372537],[-157.763621,21.372655],[-157.763649,21.372775],[-157.763696,21.372908],[-157.763762,21.373049],[-157.763784,21.37309],[-157.762879,21.373227],[-157.762868,21.373232],[-157.762174,21.373335],[-157.761954,21.372123],[-157.762152,21.372088],[-157.761267,21.371937],[-157.761274,21.371847]]]},"properties":{}},{"type":"Feature","geometry":{"type":"Polygon","coordinates":[[[-158.030222,21.374416],[-158.030065,21.374462],[-158.029979,21.374482],[-158.030244,21.373964],[-158.030307,21.373861],[-158.030377,21.373773],[-158.030411,21.373737],[-158.030483,21.373672],[-158.030535,21.373634],[-158.030649,21.373564],[-158.030754,21.373518],[-158.030899,21.373476],[-158.030948,21.373467],[-158.031284,21.373424],[-158.031043,21.372428],[-158.031265,21.372272],[-158.031499,21.372099],[-158.031727,21.371883],[-158.031872,21.371719],[-158.03186,21.371265],[-158.032052,21.3713],[-158.032285,21.371347],[-158.032427,21.37156],[-158.032491,21.37166],[-158.032638,21.371902],[-158.032849,21.372294],[-158.032862,21.37233],[-158.032864,21.372369],[-158.032849,21.372425],[-158.032826,21.372457],[-158.032791,21.372486],[-158.032753,21.372499],[-158.032692,21.372539],[-158.032605,21.372589],[-158.032539,21.372633],[-158.032477,21.372683],[-158.032373,21.372782],[-158.032053,21.373082],[-158.031936,21.37319],[-158.031874,21.373239],[-158.031756,21.373316],[-158.031653,21.373367],[-158.031442,21.373589],[-158.031322,21.373611],[-158.031019,21.37365],[-158.030967,21.373659],[-158.030861,21.373685],[-158.030751,21.373732],[-158.030653,21.373788],[-158.030559,21.373864],[-158.030499,21.373925],[-158.030426,21.374024],[-158.030397,21.374073],[-158.030317,21.374233],[-158.030264,21.37433],[-158.030222,21.374416]]]},"properties":{}},{"type":"Feature","geometry":{"type":"Polygon","coordinates":[[[-158.141037,21.374862],[-158.141007,21.374878],[-158.140888,21.374909],[-158.140793,21.374945],[-158.140684,21.374971],[-158.140607,21.375],[-158.140562,21.375002],[-158.140486,21.375027],[-158.140424,21.375069],[-158.140397,21.375121],[-158.140371,21.375155],[-158.14032,21.375279],[-158.140305,21.375299],[-158.14027,21.375306],[-158.140207,21.375285],[-158.140143,21.375289],[-158.140111,21.375305],[-158.140044,21.375366],[-158.139973,21.375377],[-158.139926,21.375424],[-158.139893,21.375444],[-158.139836,21.375498],[-158.139814,21.375622],[-158.139778,21.375692],[-158.139491,21.375264],[-158.139413,21.375141],[-158.139472,21.37511],[-158.139592,21.375284],[-158.139846,21.375146],[-158.139736,21.374969],[-158.140868,21.374367],[-158.141011,21.373656],[-158.14091,21.37301],[-158.140847,21.372601],[-158.140594,21.372204],[-158.140464,21.372267],[-158.140069,21.372452],[-158.139658,21.372649],[-158.139489,21.372732],[-158.139122,21.372366],[-158.139182,21.372333],[-158.139229,21.372292],[-158.139325,21.372281],[-158.139378,21.372288],[-158.139548,21.372341],[-158.139615,21.372344],[-158.139643,21.372335],[-158.139758,21.372254],[-158.139811,21.372198],[-158.139885,21.372162],[-158.139962,21.372147],[-158.140094,21.372127],[-158.140186,21.372085],[-158.140253,21.372028],[-158.140313,21.372004],[-158.140381,21.371995],[-158.14057,21.372028],[-158.140673,21.372049],[-158.140744,21.372085],[-158.140813,21.372144],[-158.140872,21.372205],[-158.140894,21.372262],[-158.140895,21.372298],[-158.140907,21.372337],[-158.140904,21.372377],[-158.140923,21.372481],[-158.140956,21.372529],[-158.141008,21.372628],[-158.14104,21.37271],[-158.141097,21.372807],[-158.141121,21.372918],[-158.141124,21.373002],[-158.141145,21.373117],[-158.141157,21.373153],[-158.141165,21.373207],[-158.141163,21.373248],[-158.141172,21.373318],[-158.141196,21.373384],[-158.141203,21.373443],[-158.141179,21.3736],[-158.141165,21.373618],[-158.141098,21.373657],[-158.141076,21.373722],[-158.141099,21.373731],[-158.141166,21.373734],[-158.141214,21.373757],[-158.141246,21.3738],[-158.141256,21.373852],[-158.141253,21.373951],[-158.141244,21.373987],[-158.141212,21.374048],[-158.141165,21.374115],[-158.141134,21.374149],[-158.141096,21.374178],[-158.141051,21.37423],[-158.141038,21.37435],[-158.141022,21.374435],[-158.141043,21.374567],[-158.141055,21.374664],[-158.141075,21.374734],[-158.141037,21.374862]]]},"properties":{}},{"type":"Feature","geometry":{"type":"Polygon","coordinates":[[[-157.736524,21.371863],[-157.73648,21.371847],[-157.735205,21.371323],[-157.735058,21.371157],[-157.735719,21.370629],[-157.736042,21.370369],[-157.736483,21.370917],[-157.736624,21.371085],[-157.736751,21.371255],[-157.736918,21.371532],[-157.736958,21.371612],[-157.737388,21.37243],[-157.737337,21.372771],[-157.737094,21.372753],[-157.737047,21.372753],[-157.736851,21.372738],[-157.736507,21.372715],[-157.7363,21.3727],[-157.736524,21.371863]]]},"properties":{}},{"type":"Feature","geometry":{"type":"Polygon","coordinates":[[[-158.030222,21.374416],[-158.030264,21.37433],[-158.030317,21.374233],[-158.030397,21.374073],[-158.030426,21.374024],[-158.030499,21.373925],[-158.030559,21.373864],[-158.030653,21.373788],[-158.030751,21.373732],[-158.030861,21.373685],[-158.030967,21.373659],[-158.031019,21.37365],[-158.031322,21.373611],[-158.031442,21.373589],[-158.031069,21.373933],[-158.030966,21.374022],[-158.030894,21.374079],[-158.030753,21.374179],[-158.030581,21.374271],[-158.030422,21.374342],[-158.030367,21.374365],[-158.030222,21.374416]]]},"properties":{}},{"type":"Feature","geometry":{"type":"Polygon","coordinates":[[[-158.021415,21.372639],[-158.021381,21.37265],[-158.021386,21.372504],[-158.02138,21.372366],[-158.021369,21.372244],[-158.021353,21.372151],[-158.021332,21.372067],[-158.021252,21.371834],[-158.021381,21.371821],[-158.021635,21.372126],[-158.021415,21.372639]]]},"properties":{}},{"type":"Feature","geometry":{"type":"Polygon","coordinates":[[[-156.355728,20.935598],[-156.355307,20.934594],[-156.355488,20.93445],[-156.355799,20.934073],[-156.35621,20.933755],[-156.357717,20.932965],[-156.358426,20.932773],[-156.35948,20.932914],[-156.359986,20.932987],[-156.360338,20.932832],[-156.360011,20.933529],[-156.359987,20.933536],[-156.359267,20.933371],[-156.358951,20.933409],[-156.358482,20.93332],[-156.358078,20.933402],[-156.357621,20.933535],[-156.357275,20.933649],[-156.356865,20.933864],[-156.356519,20.934003],[-156.356074,20.934283],[-156.355816,20.934486],[-156.355746,20.934657],[-156.355734,20.93486],[-156.355904,20.935048],[-156.355945,20.935152],[-156.355822,20.935443],[-156.355728,20.935598]]]},"properties":{}},{"type":"Feature","geometry":{"type":"Polygon","coordinates":[[[-158.031043,21.372428],[-158.031284,21.373424],[-158.030948,21.373467],[-158.030899,21.373476],[-158.030754,21.373518],[-158.030649,21.373564],[-158.030535,21.373634],[-158.030483,21.373672],[-158.030411,21.373737],[-158.030377,21.373773],[-158.030307,21.373861],[-158.030244,21.373964],[-158.029979,21.374482],[-158.029817,21.374524],[-158.029754,21.374497],[-158.029732,21.37446],[-158.029642,21.374139],[-158.029649,21.374094],[-158.029683,21.374072],[-158.029638,21.373913],[-158.029608,21.373913],[-158.029566,21.373874],[-158.029261,21.373949],[-158.029214,21.373956],[-158.029128,21.373955],[-158.029044,21.373939],[-158.028972,21.373912],[-158.028915,21.373877],[-158.028859,21.373832],[-158.028119,21.373123],[-158.028434,21.372836],[-158.02827,21.372677],[-158.028127,21.37254],[-158.027862,21.37218],[-158.027802,21.371746],[-158.027798,21.371678],[-158.027801,21.371585],[-158.027817,21.371479],[-158.027846,21.371378],[-158.027877,21.371303],[-158.02791,21.37124],[-158.027963,21.371159],[-158.027538,21.369958],[-158.027262,21.369933],[-158.027278,21.369771],[-158.02724,21.369753],[-158.027225,21.36971],[-158.027049,21.369695],[-158.027034,21.369729],[-158.026985,21.369747],[-158.026394,21.369698],[-158.026356,21.369687],[-158.026323,21.369652],[-158.026314,21.369607],[-158.026378,21.368935],[-158.026517,21.368285],[-158.026566,21.367996],[-158.026603,21.367789],[-158.026673,21.367267],[-158.026693,21.367105],[-158.026708,21.366827],[-158.026727,21.3665],[-158.026737,21.366375],[-158.026779,21.366163],[-158.02687,21.36564],[-158.027105,21.365418],[-158.02732,21.36482],[-158.027427,21.364527],[-158.027495,21.364329],[-158.027522,21.364178],[-158.027575,21.363855],[-158.027611,21.36365],[-158.027789,21.363337],[-158.027939,21.363071],[-158.02836,21.363205],[-158.029527,21.363078],[-158.030279,21.362816],[-158.030131,21.363506],[-158.030158,21.363507],[-158.030413,21.363429],[-158.030352,21.363115],[-158.031103,21.362798],[-158.031151,21.362871],[-158.031455,21.362827],[-158.031504,21.362943],[-158.032006,21.362774],[-158.032348,21.363524],[-158.032051,21.363567],[-158.03162,21.363757],[-158.031751,21.36411],[-158.032051,21.364026],[-158.032266,21.363964],[-158.032546,21.363836],[-158.032462,21.364008],[-158.032333,21.364673],[-158.032257,21.364833],[-158.032051,21.364812],[-158.031844,21.364786],[-158.031357,21.365716],[-158.030952,21.366025],[-158.031089,21.366252],[-158.031134,21.366292],[-158.031192,21.366313],[-158.031272,21.366305],[-158.03113,21.366383],[-158.031063,21.366317],[-158.030746,21.366699],[-158.030677,21.366674],[-158.030636,21.366592],[-158.030592,21.366529],[-158.030555,21.366508],[-158.030462,21.366422],[-158.03039,21.366372],[-158.030352,21.366317],[-158.030302,21.366283],[-158.030233,21.366244],[-158.0302,21.366237],[-158.03018,21.366219],[-158.030155,21.366158],[-158.03013,21.36614],[-158.030082,21.366126],[-158.03001,21.366117],[-158.029934,21.366057],[-158.02987,21.36598],[-158.029836,21.365919],[-158.029778,21.365865],[-158.029721,21.365837],[-158.029681,21.36581],[-158.029591,21.365778],[-158.029535,21.365752],[-158.029356,21.365711],[-158.029242,21.365708],[-158.029196,21.365701],[-158.029053,21.366228],[-158.028927,21.366454],[-158.028769,21.366871],[-158.028671,21.367035],[-158.028352,21.367191],[-158.028065,21.367549],[-158.028141,21.367574],[-158.028389,21.36788],[-158.02829,21.368031],[-158.028184,21.368308],[-158.028141,21.368428],[-158.028061,21.368542],[-158.027901,21.369029],[-158.028008,21.369434],[-158.028219,21.369345],[-158.028433,21.369251],[-158.028358,21.368921],[-158.028625,21.368857],[-158.028691,21.369142],[-158.028888,21.36906],[-158.029101,21.368973],[-158.029242,21.369457],[-158.02926,21.369658],[-158.029595,21.369778],[-158.029672,21.369663],[-158.029662,21.369484],[-158.030057,21.369631],[-158.030071,21.36964],[-158.030033,21.369791],[-158.029989,21.369848],[-158.029974,21.369933],[-158.029966,21.370044],[-158.029973,21.370134],[-158.030129,21.37011],[-158.030136,21.370137],[-158.030243,21.370323],[-158.030298,21.370522],[-158.030365,21.370563],[-158.030937,21.371048],[-158.031062,21.371168],[-158.031415,21.371504],[-158.031226,21.371704],[-158.031499,21.372099],[-158.031265,21.372272],[-158.031002,21.371857],[-158.030808,21.372029],[-158.031043,21.372428]]]},"properties":{}},{"type":"Feature","geometry":{"type":"Polygon","coordinates":[[[-157.859638,21.310959],[-157.859872,21.31078],[-157.860399,21.310388],[-157.860478,21.310328],[-157.86078,21.310102],[-157.861072,21.30988],[-157.86117,21.309982],[-157.860767,21.310287],[-157.860504,21.310484],[-157.860284,21.310652],[-157.860014,21.310855],[-157.859978,21.31088],[-157.859718,21.311081],[-157.859462,21.311274],[-157.859351,21.311119],[-157.859374,21.311131],[-157.859415,21.311127],[-157.859638,21.310959]]]},"properties":{}},{"type":"Feature","geometry":{"type":"Polygon","coordinates":[[[-158.021415,21.372639],[-158.021635,21.372126],[-158.021381,21.371821],[-158.021252,21.371834],[-158.021099,21.371409],[-158.021022,21.371191],[-158.021057,21.37118],[-158.021297,21.370814],[-158.021174,21.370797],[-158.021263,21.370387],[-158.020868,21.370041],[-158.020651,21.370153],[-158.020568,21.369843],[-158.02052,21.369659],[-158.020494,21.369574],[-158.020459,21.369485],[-158.020385,21.369313],[-158.020345,21.369229],[-158.020261,21.369062],[-158.020171,21.368896],[-158.020074,21.368733],[-158.019972,21.368574],[-158.019701,21.368171],[-158.019443,21.367785],[-158.019396,21.367708],[-158.019359,21.367631],[-158.019316,21.367505],[-158.019291,21.367371],[-158.019286,21.367288],[-158.019288,21.367222],[-158.019303,21.367105],[-158.019338,21.366976],[-158.01937,21.366897],[-158.0194,21.366837],[-158.019445,21.366765],[-158.019485,21.366708],[-158.019541,21.366643],[-158.019615,21.366574],[-158.019684,21.366518],[-158.019803,21.366444],[-158.019866,21.366412],[-158.019998,21.366364],[-158.020582,21.366211],[-158.020698,21.366176],[-158.020838,21.366122],[-158.020947,21.366071],[-158.021053,21.366013],[-158.021152,21.365948],[-158.021248,21.365876],[-158.021359,21.365777],[-158.021441,21.365694],[-158.021516,21.365604],[-158.021569,21.365535],[-158.021631,21.365438],[-158.022265,21.364382],[-158.022266,21.366797],[-158.022033,21.366644],[-158.021938,21.366594],[-158.0219,21.36658],[-158.021687,21.366525],[-158.021639,21.366509],[-158.021575,21.366477],[-158.02154,21.366752],[-158.0214,21.366738],[-158.02082,21.366671],[-158.020465,21.366655],[-158.02044,21.366651],[-158.019888,21.366487],[-158.019701,21.36657],[-158.019528,21.366736],[-158.019449,21.366864],[-158.019356,21.367132],[-158.019353,21.367351],[-158.01937,21.367496],[-158.019424,21.367641],[-158.019519,21.367804],[-158.019765,21.368171],[-158.019875,21.368267],[-158.020015,21.368511],[-158.020281,21.368874],[-158.020347,21.368967],[-158.020535,21.369179],[-158.020621,21.36929],[-158.020694,21.369412],[-158.020895,21.369614],[-158.021137,21.369961],[-158.021249,21.370054],[-158.021384,21.370132],[-158.021567,21.3703],[-158.021639,21.370436],[-158.02189,21.370919],[-158.021841,21.37095],[-158.021634,21.370554],[-158.02141,21.370679],[-158.021369,21.370839],[-158.021253,21.371026],[-158.021252,21.371148],[-158.021319,21.371286],[-158.021466,21.371499],[-158.02162,21.371762],[-158.021903,21.371951],[-158.022018,21.372119],[-158.022147,21.372379],[-158.022787,21.372189],[-158.022823,21.372234],[-158.022265,21.3724],[-158.021415,21.372639]]]},"properties":{}},{"type":"Feature","geometry":{"type":"Polygon","coordinates":[[[-158.031265,21.372272],[-158.031043,21.372428],[-158.030808,21.372029],[-158.031002,21.371857],[-158.031265,21.372272]]]},"properties":{}},{"type":"Feature","geometry":{"type":"Polygon","coordinates":[[[-158.138968,21.372212],[-158.138838,21.37208],[-158.138611,21.371855],[-158.13838,21.371628],[-158.138047,21.371295],[-158.137836,21.371086],[-158.137605,21.370854],[-158.137576,21.370816],[-158.137695,21.370376],[-158.137771,21.370074],[-158.137662,21.369924],[-158.137733,21.369913],[-158.137762,21.369924],[-158.13779,21.369866],[-158.13785,21.36983],[-158.137917,21.369799],[-158.137953,21.369808],[-158.138018,21.369856],[-158.13807,21.369885],[-158.138092,21.369919],[-158.138086,21.369964],[-158.13806,21.37003],[-158.138041,21.370111],[-158.13804,21.37019],[-158.138051,21.370285],[-158.138069,21.370348],[-158.13806,21.370409],[-158.138042,21.370468],[-158.13801,21.370515],[-158.137798,21.370742],[-158.137763,21.370769],[-158.137738,21.370835],[-158.137765,21.3709],[-158.137792,21.370887],[-158.137904,21.370892],[-158.137933,21.370903],[-158.137995,21.370958],[-158.138038,21.370983],[-158.138087,21.370992],[-158.138136,21.37101],[-158.138149,21.371029],[-158.138125,21.371099],[-158.13816,21.371101],[-158.138193,21.37114],[-158.138248,21.371255],[-158.138307,21.371391],[-158.138334,21.371436],[-158.138396,21.371464],[-158.138452,21.371498],[-158.138518,21.371566],[-158.138555,21.371584],[-158.138598,21.37162],[-158.138671,21.371641],[-158.138727,21.371646],[-158.138787,21.371723],[-158.138861,21.371839],[-158.138898,21.371931],[-158.138913,21.371956],[-158.138944,21.372058],[-158.138941,21.372087],[-158.13895,21.372139],[-158.138996,21.372207],[-158.138968,21.372212]]]},"properties":{}},{"type":"Feature","geometry":{"type":"Polygon","coordinates":[[[-157.74429,21.36904],[-157.744265,21.36913],[-157.744217,21.369252],[-157.743064,21.359347],[-157.742952,21.358388],[-157.741612,21.355804],[-157.742947,21.35428],[-157.74304,21.354173],[-157.743154,21.354097],[-157.743253,21.354059],[-157.743314,21.354048],[-157.743396,21.354119],[-157.743472,21.354167],[-157.743581,21.354213],[-157.743647,21.354245],[-157.743722,21.354273],[-157.743782,21.3543],[-157.74384,21.354334],[-157.743957,21.354394],[-157.744007,21.354401],[-157.744065,21.354417],[-157.744125,21.354427],[-157.744192,21.354423],[-157.744297,21.354426],[-157.744359,21.35444],[-157.744406,21.354476],[-157.744467,21.354549],[-157.744512,21.354581],[-157.744569,21.3546],[-157.744664,21.354641],[-157.744773,21.354673],[-157.744829,21.354685],[-157.744924,21.35467],[-157.744975,21.354657],[-157.745089,21.354649],[-157.745185,21.354656],[-157.745246,21.354675],[-157.745321,21.354687],[-157.745382,21.354687],[-157.745448,21.354715],[-157.74549,21.354717],[-157.745549,21.354733],[-157.74561,21.354736],[-157.745767,21.354758],[-157.745828,21.354763],[-157.7459,21.354752],[-157.745999,21.354716],[-157.746067,21.354701],[-157.746231,21.354691],[-157.74637,21.354674],[-157.746434,21.354661],[-157.746536,21.354614],[-157.746585,21.354608],[-157.746623,21.354613],[-157.746754,21.354652],[-157.746857,21.35466],[-157.746967,21.354672],[-157.747028,21.354665],[-157.747095,21.354648],[-157.747184,21.354619],[-157.747238,21.354606],[-157.747286,21.354586],[-157.747365,21.354562],[-157.747422,21.354537],[-157.747536,21.354511],[-157.747586,21.354496],[-157.74766,21.35448],[-157.747822,21.354434],[-157.747872,21.354473],[-157.747862,21.354624],[-157.747863,21.354681],[-157.747886,21.354778],[-157.747955,21.354919],[-157.74799,21.354996],[-157.748021,21.355052],[-157.748091,21.355161],[-157.748157,21.355286],[-157.748194,21.355587],[-157.748208,21.355648],[-157.748237,21.355727],[-157.748287,21.355813],[-157.748384,21.355897],[-157.748437,21.355993],[-157.74846,21.35607],[-157.748465,21.356108],[-157.748501,21.356208],[-157.748543,21.356307],[-157.748591,21.356409],[-157.748603,21.356516],[-157.748622,21.356579],[-157.74864,21.356617],[-157.748715,21.356878],[-157.748786,21.35714],[-157.748852,21.357403],[-157.74892,21.357699],[-157.748952,21.35786],[-157.74899,21.358018],[-157.74906,21.358253],[-157.749111,21.358389],[-157.749246,21.358686],[-157.749269,21.358768],[-157.749311,21.35898],[-157.749364,21.359193],[-157.749379,21.359315],[-157.749352,21.359412],[-157.749327,21.35945],[-157.749218,21.359592],[-157.749202,21.359619],[-157.749195,21.359664],[-157.749212,21.359722],[-157.74924,21.359757],[-157.749331,21.359821],[-157.749531,21.359924],[-157.74959,21.359974],[-157.749702,21.360078],[-157.749779,21.360163],[-157.749875,21.360278],[-157.749925,21.360347],[-157.750021,21.360456],[-157.750157,21.36059],[-157.750265,21.360686],[-157.750315,21.360724],[-157.750397,21.36084],[-157.75049,21.361026],[-157.750525,21.361092],[-157.750571,21.361131],[-157.750627,21.361169],[-157.75053,21.3613],[-157.750308,21.361567],[-157.750292,21.36158],[-157.750259,21.361636],[-157.750254,21.361688],[-157.750249,21.361882],[-157.75027,21.362025],[-157.750277,21.36214],[-157.750271,21.362312],[-157.750252,21.362454],[-157.75023,21.362567],[-157.750207,21.362648],[-157.750184,21.362704],[-157.750144,21.362781],[-157.750101,21.362841],[-157.750035,21.362915],[-157.749978,21.362965],[-157.749859,21.363056],[-157.749817,21.363081],[-157.749703,21.363127],[-157.749631,21.363167],[-157.749565,21.363214],[-157.749493,21.363277],[-157.749431,21.363347],[-157.749399,21.363389],[-157.749353,21.363468],[-157.749331,21.363527],[-157.749262,21.363601],[-157.74893,21.36391],[-157.748847,21.363986],[-157.748788,21.364053],[-157.748723,21.364143],[-157.748689,21.364199],[-157.748649,21.364278],[-157.748607,21.364379],[-157.74858,21.364463],[-157.748561,21.364544],[-157.748534,21.364688],[-157.748541,21.364819],[-157.748534,21.364887],[-157.748509,21.364973],[-157.7485,21.365031],[-157.748483,21.365083],[-157.748434,21.365162],[-157.748408,21.365234],[-157.748381,21.365292],[-157.748327,21.365382],[-157.748278,21.365445],[-157.748191,21.365528],[-157.748142,21.365564],[-157.748036,21.365606],[-157.747993,21.365612],[-157.74786,21.365675],[-157.747586,21.365783],[-157.747435,21.36585],[-157.747335,21.365897],[-157.747238,21.365948],[-157.747095,21.36603],[-157.747003,21.366091],[-157.746869,21.366184],[-157.746773,21.36627],[-157.746721,21.366301],[-157.74667,21.366321],[-157.746615,21.366334],[-157.746314,21.366472],[-157.746273,21.366487],[-157.746217,21.366518],[-157.74615,21.366567],[-157.746111,21.366606],[-157.745834,21.366854],[-157.745809,21.36689],[-157.745744,21.36696],[-157.745695,21.367],[-157.745632,21.36704],[-157.745554,21.367078],[-157.745471,21.367104],[-157.745374,21.367151],[-157.745217,21.36724],[-157.745104,21.367314],[-157.745035,21.367365],[-157.745007,21.367395],[-157.744794,21.367547],[-157.744757,21.367594],[-157.744743,21.367673],[-157.744724,21.367738],[-157.744699,21.367797],[-157.744694,21.367837],[-157.744669,21.367887],[-157.744659,21.367932],[-157.744627,21.367995],[-157.744578,21.368053],[-157.744527,21.368093],[-157.744484,21.368154],[-157.744473,21.368204],[-157.744473,21.368251],[-157.744495,21.368412],[-157.74447,21.368522],[-157.744441,21.368632],[-157.74439,21.368797],[-157.74435,21.368905],[-157.74429,21.36904]]]},"properties":{}},{"type":"Feature","geometry":{"type":"Polygon","coordinates":[[[-157.933571,21.369311],[-157.933339,21.36919],[-157.933289,21.369162],[-157.933104,21.368897],[-157.93304,21.368867],[-157.932933,21.368803],[-157.932913,21.368796],[-157.932653,21.368661],[-157.932529,21.368593],[-157.932298,21.368472],[-157.932253,21.368282],[-157.932317,21.368061],[-157.932331,21.368031],[-157.932394,21.36793],[-157.932437,21.367849],[-157.932496,21.367813],[-157.932824,21.367538],[-157.933041,21.367363],[-157.933392,21.367119],[-157.933567,21.366917],[-157.933657,21.366863],[-157.934031,21.366866],[-157.934124,21.366869],[-157.934216,21.366924],[-157.934125,21.367081],[-157.933438,21.368305],[-157.9335,21.368766],[-157.933571,21.369311]]]},"properties":{}},{"type":"Feature","geometry":{"type":"Polygon","coordinates":[[[-157.910876,21.346834],[-157.91081,21.346696],[-157.910645,21.346361],[-157.910661,21.346151],[-157.910672,21.345954],[-157.910749,21.345736],[-157.910881,21.345364],[-157.911235,21.345477],[-157.911103,21.345833],[-157.911645,21.346006],[-157.911713,21.346029],[-157.912178,21.346179],[-157.912113,21.346442],[-157.912024,21.346817],[-157.911893,21.346791],[-157.911775,21.346759],[-157.911714,21.346758],[-157.911684,21.346769],[-157.911642,21.34681],[-157.911287,21.346819],[-157.910946,21.34683],[-157.910876,21.346834]]]},"properties":{}},{"type":"Feature","geometry":{"type":"Polygon","coordinates":[[[-158.022266,21.366797],[-158.022265,21.364382],[-158.022938,21.363264],[-158.023054,21.363325],[-158.023556,21.362536],[-158.023366,21.362424],[-158.023382,21.362365],[-158.023402,21.362273],[-158.023419,21.362153],[-158.023427,21.362031],[-158.023426,21.361909],[-158.023416,21.361787],[-158.023407,21.361726],[-158.023376,21.361577],[-158.023351,21.361489],[-158.023315,21.36138],[-158.02327,21.361267],[-158.022228,21.358846],[-158.022171,21.358708],[-158.022107,21.358536],[-158.022049,21.358362],[-158.021998,21.358188],[-158.021953,21.358009],[-158.021921,21.357806],[-158.022266,21.357787],[-158.022674,21.357767],[-158.02295,21.357755],[-158.023091,21.357747],[-158.023373,21.357735],[-158.023398,21.357961],[-158.023508,21.358086],[-158.023747,21.358352],[-158.023975,21.358567],[-158.024284,21.358863],[-158.0245,21.358884],[-158.024678,21.359107],[-158.024755,21.359204],[-158.025048,21.359285],[-158.024962,21.359553],[-158.025385,21.360446],[-158.025459,21.360597],[-158.025678,21.361062],[-158.025659,21.361448],[-158.026188,21.361754],[-158.026429,21.36189],[-158.026648,21.362059],[-158.026892,21.36244],[-158.027468,21.362825],[-158.027386,21.362928],[-158.026945,21.363669],[-158.02659,21.363992],[-158.026139,21.365236],[-158.026215,21.365474],[-158.026188,21.365589],[-158.026134,21.365859],[-158.026093,21.36611],[-158.025949,21.367222],[-158.025853,21.369356],[-158.025235,21.369655],[-158.02513,21.369655],[-158.024953,21.36966],[-158.024905,21.369635],[-158.024883,21.369592],[-158.024866,21.369475],[-158.024846,21.369366],[-158.024854,21.369339],[-158.02489,21.369314],[-158.024858,21.369197],[-158.024987,21.369166],[-158.025043,21.369146],[-158.025096,21.369117],[-158.02515,21.369072],[-158.02521,21.368989],[-158.025229,21.368946],[-158.025243,21.368881],[-158.025284,21.368075],[-158.02528,21.367944],[-158.025266,21.36786],[-158.025242,21.367774],[-158.025204,21.367679],[-158.025176,21.367624],[-158.025095,21.367491],[-158.025128,21.367423],[-158.024864,21.367309],[-158.024835,21.367367],[-158.02474,21.367324],[-158.024736,21.367331],[-158.024645,21.367283],[-158.024387,21.367168],[-158.02405,21.367022],[-158.023929,21.366967],[-158.023769,21.366941],[-158.023521,21.366752],[-158.023299,21.366527],[-158.023151,21.366468],[-158.02286,21.366439],[-158.0226,21.36648],[-158.022342,21.366775],[-158.022306,21.366822],[-158.022266,21.366797]]]},"properties":{}},{"type":"Feature","geometry":{"type":"Polygon","coordinates":[[[-157.859397,21.352497],[-157.859968,21.352831],[-157.859767,21.353313],[-157.859499,21.353966],[-157.859552,21.353987],[-157.859359,21.354453],[-157.859221,21.354766],[-157.859183,21.354793],[-157.859005,21.354794],[-157.859006,21.354945],[-157.85893,21.355044],[-157.858293,21.355051],[-157.858139,21.35489],[-157.858548,21.3547],[-157.85886,21.354319],[-157.858489,21.354054],[-157.858879,21.35354],[-157.859038,21.353209],[-157.859182,21.352866],[-157.859246,21.352731],[-157.859313,21.35265],[-157.859363,21.352542],[-157.859397,21.352497]]]},"properties":{}},{"type":"Feature","geometry":{"type":"Polygon","coordinates":[[[-158.136813,21.369682],[-158.136776,21.369687],[-158.136757,21.3697],[-158.136395,21.369888],[-158.136286,21.369949],[-158.136227,21.369858],[-158.136119,21.369647],[-158.136016,21.36943],[-158.135917,21.369186],[-158.135851,21.368973],[-158.135814,21.368835],[-158.135915,21.368734],[-158.135926,21.368736],[-158.135976,21.368831],[-158.136011,21.368992],[-158.136028,21.369085],[-158.13611,21.369239],[-158.136142,21.369261],[-158.136194,21.36928],[-158.136259,21.369312],[-158.136451,21.369378],[-158.136527,21.369367],[-158.136576,21.36934],[-158.136605,21.369316],[-158.136654,21.369201],[-158.136695,21.369169],[-158.136738,21.369158],[-158.136798,21.369158],[-158.13685,21.369165],[-158.136889,21.369188],[-158.136968,21.36922],[-158.137023,21.369277],[-158.137014,21.369345],[-158.136925,21.369435],[-158.136871,21.369561],[-158.136815,21.369651],[-158.136882,21.369649],[-158.136924,21.369597],[-158.137059,21.369501],[-158.137112,21.369454],[-158.137184,21.369373],[-158.137303,21.369258],[-158.137349,21.369224],[-158.137389,21.369209],[-158.13746,21.369191],[-158.137529,21.369182],[-158.137611,21.369158],[-158.137683,21.369131],[-158.137717,21.369158],[-158.137779,21.369256],[-158.137815,21.369267],[-158.137844,21.369288],[-158.137845,21.369322],[-158.137834,21.369371],[-158.137767,21.369477],[-158.137805,21.369559],[-158.137801,21.369644],[-158.137763,21.369708],[-158.13772,21.369766],[-158.137676,21.369782],[-158.137649,21.369782],[-158.137577,21.369806],[-158.137469,21.369659],[-158.137268,21.369669],[-158.136813,21.369682]]]},"properties":{}},{"type":"Feature","geometry":{"type":"Polygon","coordinates":[[[-157.793254,21.367206],[-157.793214,21.367285],[-157.79285,21.367161],[-157.792749,21.367151],[-157.792719,21.367047],[-157.792476,21.366819],[-157.792688,21.366683],[-157.793115,21.366404],[-157.793034,21.36627],[-157.793105,21.366214],[-157.793287,21.36608],[-157.793399,21.365956],[-157.793429,21.365731],[-157.793501,21.365465],[-157.793561,21.365332],[-157.793683,21.365389],[-157.793784,21.365426],[-157.793754,21.36555],[-157.793723,21.365654],[-157.793703,21.365825],[-157.793621,21.366109],[-157.7936,21.366299],[-157.793641,21.366412],[-157.793732,21.366517],[-157.793863,21.366556],[-157.794117,21.366546],[-157.794359,21.366499],[-157.794501,21.366859],[-157.794126,21.366935],[-157.793529,21.36666],[-157.793266,21.366859],[-157.793225,21.367087],[-157.793276,21.367161],[-157.793254,21.367206]]]},"properties":{}},{"type":"Feature","geometry":{"type":"Polygon","coordinates":[[[-158.031272,21.366305],[-158.031478,21.366191],[-158.031487,21.366204],[-158.031723,21.366072],[-158.031831,21.366032],[-158.031912,21.366028],[-158.031992,21.366042],[-158.032193,21.366107],[-158.032444,21.36614],[-158.032864,21.366122],[-158.032853,21.366167],[-158.032465,21.366178],[-158.032194,21.366143],[-158.031992,21.366081],[-158.031952,21.366071],[-158.031872,21.366071],[-158.031832,21.36608],[-158.031773,21.366104],[-158.031187,21.366433],[-158.03113,21.366383],[-158.031272,21.366305]]]},"properties":{}},{"type":"Feature","geometry":{"type":"Polygon","coordinates":[[[-158.090651,21.366516],[-158.090587,21.366524],[-158.090499,21.366203],[-158.090273,21.365389],[-158.09033,21.365104],[-158.090843,21.365202],[-158.091148,21.365025],[-158.091215,21.365148],[-158.091274,21.365236],[-158.091251,21.365252],[-158.091268,21.365275],[-158.091291,21.365259],[-158.09139,21.365377],[-158.091503,21.365486],[-158.091606,21.365568],[-158.091739,21.365655],[-158.092435,21.366061],[-158.092353,21.366184],[-158.092131,21.366321],[-158.091978,21.36634],[-158.091812,21.366364],[-158.090651,21.366516]]]},"properties":{}},{"type":"Feature","geometry":{"type":"Polygon","coordinates":[[[-158.130004,21.353859],[-158.130438,21.353974],[-158.130445,21.354076],[-158.13048,21.354132],[-158.130491,21.354187],[-158.130478,21.354275],[-158.130485,21.354444],[-158.1305,21.354535],[-158.130528,21.354618],[-158.130523,21.354652],[-158.130538,21.354673],[-158.130551,21.354722],[-158.130545,21.354774],[-158.130566,21.354835],[-158.130554,21.35489],[-158.130558,21.354917],[-158.130557,21.355097],[-158.130598,21.355177],[-158.130617,21.35526],[-158.130639,21.355315],[-158.130631,21.35543],[-158.130619,21.355455],[-158.130604,21.355529],[-158.130615,21.355572],[-158.130651,21.355629],[-158.130685,21.355647],[-158.130694,21.355667],[-158.13068,21.35571],[-158.130623,21.35578],[-158.130629,21.355805],[-158.130684,21.355816],[-158.130715,21.355839],[-158.13075,21.355884],[-158.130789,21.355946],[-158.130812,21.356004],[-158.130843,21.356057],[-158.130867,21.356154],[-158.13089,21.356161],[-158.130911,21.356195],[-158.130901,21.356249],[-158.130928,21.356274],[-158.130945,21.35633],[-158.130991,21.356365],[-158.130978,21.356396],[-158.131003,21.356417],[-158.131015,21.356453],[-158.131004,21.356473],[-158.131032,21.356507],[-158.131041,21.356539],[-158.13105,21.35662],[-158.131069,21.356661],[-158.131079,21.356747],[-158.131116,21.356797],[-158.131183,21.356914],[-158.131256,21.357016],[-158.131327,21.357132],[-158.13135,21.357195],[-158.131366,21.357275],[-158.131392,21.357304],[-158.131398,21.357336],[-158.131401,21.35746],[-158.131414,21.357489],[-158.131434,21.357625],[-158.131461,21.3577],[-158.13146,21.357743],[-158.13147,21.357813],[-158.131487,21.357878],[-158.131502,21.357899],[-158.13152,21.357985],[-158.131537,21.358014],[-158.131541,21.358071],[-158.131557,21.358095],[-158.131547,21.35812],[-158.131557,21.358152],[-158.131586,21.358197],[-158.131604,21.358297],[-158.131648,21.358342],[-158.131723,21.35848],[-158.131759,21.358593],[-158.13182,21.3587],[-158.131837,21.358741],[-158.131866,21.358766],[-158.131881,21.358836],[-158.131904,21.358897],[-158.131924,21.358929],[-158.131971,21.359073],[-158.132004,21.359148],[-158.132009,21.359173],[-158.132048,21.359293],[-158.132078,21.359408],[-158.132079,21.359541],[-158.132102,21.359594],[-158.132107,21.359668],[-158.132118,21.359725],[-158.132128,21.359811],[-158.132146,21.359831],[-158.132149,21.35986],[-158.13214,21.359917],[-158.132156,21.359935],[-158.132199,21.360025],[-158.132245,21.360096],[-158.132282,21.36013],[-158.132293,21.360159],[-158.13235,21.360259],[-158.13238,21.36027],[-158.132385,21.360291],[-158.13244,21.360399],[-158.132485,21.360524],[-158.132504,21.36061],[-158.132505,21.360648],[-158.13252,21.360682],[-158.132513,21.360725],[-158.132535,21.360761],[-158.132563,21.36087],[-158.132568,21.360906],[-158.132562,21.360953],[-158.132595,21.36101],[-158.132602,21.361058],[-158.132639,21.361139],[-158.132644,21.361186],[-158.132679,21.361252],[-158.132709,21.361329],[-158.132717,21.361379],[-158.132738,21.361415],[-158.132781,21.361447],[-158.132814,21.361495],[-158.132823,21.361531],[-158.132851,21.361587],[-158.132857,21.361635],[-158.132926,21.361759],[-158.132974,21.361803],[-158.132996,21.361846],[-158.133062,21.361939],[-158.133095,21.362004],[-158.13311,21.362049],[-158.133167,21.362147],[-158.133199,21.362185],[-158.133218,21.362287],[-158.133237,21.362294],[-158.133243,21.362344],[-158.133268,21.362391],[-158.133282,21.362473],[-158.133315,21.362563],[-158.133307,21.362604],[-158.133315,21.362631],[-158.133353,21.362672],[-158.133354,21.362703],[-158.133378,21.362758],[-158.133413,21.362875],[-158.13347,21.362928],[-158.133513,21.362991],[-158.13352,21.363034],[-158.133551,21.363077],[-158.133602,21.363206],[-158.133638,21.363254],[-158.133665,21.363313],[-158.133746,21.36346],[-158.133785,21.363575],[-158.133846,21.363673],[-158.13385,21.363711],[-158.133911,21.363809],[-158.133933,21.363861],[-158.133968,21.363899],[-158.134017,21.364008],[-158.134078,21.364065],[-158.134102,21.364137],[-158.134112,21.364196],[-158.134109,21.364239],[-158.134091,21.364254],[-158.13412,21.36434],[-158.134124,21.364397],[-158.13414,21.36446],[-158.134174,21.364508],[-158.134184,21.364535],[-158.134218,21.36456],[-158.134239,21.36456],[-158.134262,21.36459],[-158.134282,21.364583],[-158.134314,21.364606],[-158.13432,21.364628],[-158.134298,21.364678],[-158.134309,21.364707],[-158.134288,21.364728],[-158.1343,21.36475],[-158.134351,21.36478],[-158.134421,21.364789],[-158.134448,21.364816],[-158.134479,21.364866],[-158.134499,21.364941],[-158.134527,21.364998],[-158.13456,21.365029],[-158.134592,21.365111],[-158.134613,21.365134],[-158.13465,21.365199],[-158.134696,21.365254],[-158.134765,21.365279],[-158.134796,21.365297],[-158.134787,21.365317],[-158.134827,21.365365],[-158.1349,21.365426],[-158.134907,21.365508],[-158.134922,21.365535],[-158.134953,21.365562],[-158.134946,21.365619],[-158.134913,21.365661],[-158.134894,21.365715],[-158.134898,21.365738],[-158.134658,21.365859],[-158.134653,21.365857],[-158.134073,21.364839],[-158.133736,21.364255],[-158.133437,21.363734],[-158.13312,21.363186],[-158.132773,21.362565],[-158.132653,21.362354],[-158.132579,21.362237],[-158.132536,21.362175],[-158.132371,21.361881],[-158.132283,21.361706],[-158.132232,21.361611],[-158.13218,21.361505],[-158.132107,21.36134],[-158.132026,21.361147],[-158.131973,21.361005],[-158.131921,21.360882],[-158.131854,21.36069],[-158.131728,21.360344],[-158.131594,21.360004],[-158.131491,21.359735],[-158.131452,21.359622],[-158.131308,21.359257],[-158.131183,21.358934],[-158.130871,21.358108],[-158.130688,21.357639],[-158.130548,21.357273],[-158.130447,21.357003],[-158.130337,21.356727],[-158.130258,21.356505],[-158.130213,21.356395],[-158.130149,21.356218],[-158.130107,21.356087],[-158.130049,21.355874],[-158.130027,21.355766],[-158.129992,21.355576],[-158.129977,21.355481],[-158.129953,21.355289],[-158.129944,21.355191],[-158.129925,21.354941],[-158.129922,21.354852],[-158.129933,21.354421],[-158.129947,21.354338],[-158.129954,21.354234],[-158.130004,21.353859]]]},"properties":{}},{"type":"Feature","geometry":{"type":"Polygon","coordinates":[[[-158.086072,21.365489],[-158.086052,21.365408],[-158.086028,21.365331],[-158.086001,21.365263],[-158.085953,21.365163],[-158.085528,21.364424],[-158.085078,21.363667],[-158.085027,21.36357],[-158.084992,21.363493],[-158.084945,21.363368],[-158.084912,21.363262],[-158.084885,21.363153],[-158.084866,21.363056],[-158.086093,21.362898],[-158.086218,21.362881],[-158.086447,21.362853],[-158.086445,21.364158],[-158.087109,21.365226],[-158.086827,21.365297],[-158.086072,21.365489]]]},"properties":{}},{"type":"Feature","geometry":{"type":"Polygon","coordinates":[[[-158.032006,21.362774],[-158.031504,21.362943],[-158.031455,21.362827],[-158.031151,21.362871],[-158.031103,21.362798],[-158.030352,21.363115],[-158.030413,21.363429],[-158.030158,21.363507],[-158.030131,21.363506],[-158.030279,21.362816],[-158.031384,21.362427],[-158.031477,21.362654],[-158.032006,21.362774]]]},"properties":{}},{"type":"Feature","geometry":{"type":"Polygon","coordinates":[[[-158.001085,21.31215],[-158.000918,21.311487],[-158.000934,21.311483],[-158.001102,21.312145],[-158.001085,21.31215]]]},"properties":{}},{"type":"Feature","geometry":{"type":"Polygon","coordinates":[[[-157.85753,21.358447],[-157.857818,21.358763],[-157.858592,21.359611],[-157.859767,21.36003],[-157.86013,21.360159],[-157.860152,21.360279],[-157.860149,21.36034],[-157.860164,21.36038],[-157.86017,21.360446],[-157.860146,21.360531],[-157.86014,21.360588],[-157.860079,21.360673],[-157.860063,21.360736],[-157.860066,21.360752],[-157.860049,21.360802],[-157.860066,21.360895],[-157.86008,21.360922],[-157.860067,21.361087],[-157.86002,21.361208],[-157.860019,21.361244],[-157.860034,21.361292],[-157.860055,21.361321],[-157.86007,21.3614],[-157.86009,21.361441],[-157.860104,21.36152],[-157.860096,21.361584],[-157.860098,21.361681],[-157.860121,21.361785],[-157.860122,21.361821],[-157.860141,21.361873],[-157.860179,21.362],[-157.86018,21.362031],[-157.859768,21.361627],[-157.859722,21.361583],[-157.859386,21.361418],[-157.858916,21.361189],[-157.858175,21.360825],[-157.857553,21.360521],[-157.857036,21.360269],[-157.856343,21.35993],[-157.856458,21.35982],[-157.856606,21.359665],[-157.856713,21.359546],[-157.856854,21.35938],[-157.856975,21.359225],[-157.857174,21.358955],[-157.857258,21.358836],[-157.857528,21.358467],[-157.85753,21.358447]]]},"properties":{}},{"type":"Feature","geometry":{"type":"Polygon","coordinates":[[[-157.904912,21.357747],[-157.904821,21.358004],[-157.904647,21.358504],[-157.904476,21.359],[-157.904442,21.359103],[-157.904376,21.359284],[-157.90422,21.35935],[-157.903815,21.359528],[-157.903986,21.359701],[-157.903676,21.360135],[-157.903238,21.360414],[-157.903318,21.360625],[-157.902031,21.360851],[-157.901439,21.360545],[-157.901168,21.360157],[-157.900917,21.360047],[-157.900921,21.360042],[-157.901374,21.359241],[-157.901849,21.357941],[-157.902119,21.357216],[-157.902327,21.356664],[-157.902454,21.356317],[-157.902589,21.356166],[-157.903052,21.355659],[-157.903237,21.355459],[-157.903678,21.354977],[-157.903826,21.354822],[-157.904447,21.355345],[-157.905017,21.355204],[-157.905503,21.355594],[-157.907075,21.355333],[-157.907598,21.355248],[-157.908746,21.355066],[-157.909474,21.354129],[-157.909352,21.35336],[-157.909767,21.352826],[-157.910008,21.352513],[-157.910674,21.35256],[-157.910834,21.352573],[-157.911758,21.352637],[-157.912001,21.352657],[-157.911784,21.353062],[-157.911618,21.353255],[-157.911388,21.353534],[-157.910984,21.35401],[-157.910796,21.354242],[-157.91054,21.35471],[-157.910088,21.354698],[-157.909796,21.354809],[-157.909507,21.35492],[-157.909322,21.355126],[-157.909027,21.355461],[-157.908856,21.355649],[-157.908309,21.355917],[-157.907974,21.35608],[-157.907758,21.356108],[-157.907597,21.356131],[-157.906875,21.356228],[-157.905936,21.356355],[-157.905369,21.356435],[-157.905264,21.356746],[-157.905074,21.357276],[-157.904912,21.357747]]]},"properties":{}},{"type":"Feature","geometry":{"type":"Polygon","coordinates":[[[-157.85753,21.358447],[-157.857616,21.358373],[-157.857847,21.358625],[-157.857888,21.358657],[-157.857935,21.358664],[-157.857818,21.358763],[-157.85753,21.358447]]]},"properties":{}},{"type":"Feature","geometry":{"type":"Polygon","coordinates":[[[-157.924733,21.357607],[-157.924755,21.357589],[-157.925053,21.357324],[-157.925268,21.357138],[-157.925518,21.356919],[-157.925718,21.356739],[-157.926173,21.356345],[-157.926464,21.357372],[-157.925842,21.357542],[-157.925348,21.357688],[-157.9251,21.357704],[-157.924846,21.357928],[-157.924855,21.358369],[-157.924163,21.358393],[-157.923822,21.3584],[-157.923904,21.358331],[-157.924158,21.358109],[-157.924361,21.357929],[-157.924712,21.357625],[-157.924733,21.357607]]]},"properties":{}},{"type":"Feature","geometry":{"type":"Polygon","coordinates":[[[-157.859397,21.352497],[-157.859759,21.351924],[-157.859781,21.351856],[-157.859844,21.351744],[-157.859858,21.351751],[-157.860134,21.35194],[-157.860298,21.352054],[-157.860333,21.352084],[-157.860163,21.3525],[-157.860135,21.352493],[-157.859992,21.352843],[-157.859968,21.352831],[-157.859397,21.352497]]]},"properties":{}},{"type":"Feature","geometry":{"type":"Polygon","coordinates":[[[-157.859638,21.310959],[-157.859415,21.311127],[-157.859374,21.311131],[-157.859351,21.311119],[-157.859273,21.311031],[-157.859562,21.310809],[-157.859602,21.310855],[-157.85957,21.310879],[-157.859638,21.310959]]]},"properties":{}},{"type":"Feature","geometry":{"type":"Polygon","coordinates":[[[-157.904912,21.357747],[-157.905074,21.357276],[-157.905264,21.356746],[-157.905369,21.356435],[-157.905936,21.356355],[-157.906875,21.356228],[-157.907597,21.356131],[-157.907758,21.356108],[-157.907974,21.35608],[-157.908309,21.355917],[-157.908856,21.355649],[-157.909027,21.355461],[-157.909322,21.355126],[-157.909507,21.35492],[-157.909796,21.354809],[-157.910088,21.354698],[-157.91054,21.35471],[-157.910796,21.354242],[-157.910984,21.35401],[-157.911388,21.353534],[-157.911618,21.353255],[-157.911784,21.353062],[-157.912001,21.352657],[-157.912654,21.352702],[-157.913138,21.351544],[-157.913448,21.350785],[-157.914484,21.350636],[-157.914531,21.350634],[-157.914577,21.350659],[-157.914643,21.350745],[-157.915461,21.351959],[-157.915673,21.352256],[-157.915756,21.352349],[-157.91586,21.352447],[-157.915927,21.352504],[-157.915978,21.352538],[-157.916116,21.352614],[-157.916209,21.352655],[-157.916396,21.352713],[-157.91654,21.352741],[-157.916476,21.353059],[-157.916559,21.35303],[-157.916837,21.353084],[-157.917191,21.353154],[-157.917804,21.353266],[-157.918067,21.353315],[-157.918509,21.353395],[-157.918916,21.353463],[-157.919049,21.353486],[-157.919914,21.353652],[-157.919978,21.353739],[-157.920181,21.354063],[-157.920394,21.354367],[-157.920589,21.354671],[-157.92035,21.355028],[-157.920318,21.355082],[-157.920276,21.355184],[-157.920249,21.355292],[-157.920242,21.355369],[-157.920249,21.355486],[-157.92027,21.355583],[-157.920294,21.355649],[-157.920319,21.355703],[-157.920379,21.355796],[-157.920373,21.355821],[-157.919969,21.355773],[-157.918833,21.355642],[-157.918549,21.355613],[-157.91829,21.355469],[-157.917558,21.355067],[-157.917286,21.354918],[-157.917216,21.354882],[-157.917081,21.354833],[-157.916957,21.354808],[-157.916881,21.3548],[-157.916785,21.3548],[-157.916642,21.354817],[-157.916527,21.354848],[-157.915976,21.35502],[-157.915348,21.355215],[-157.915283,21.35523],[-157.915213,21.35523],[-157.915138,21.355211],[-157.914342,21.354951],[-157.913806,21.354622],[-157.91356,21.354465],[-157.913297,21.354185],[-157.91314,21.354015],[-157.912808,21.354248],[-157.9126,21.354398],[-157.912428,21.354641],[-157.912459,21.354722],[-157.911803,21.354923],[-157.911659,21.355022],[-157.91116,21.35536],[-157.91048,21.355825],[-157.90998,21.356163],[-157.909563,21.356449],[-157.909247,21.356655],[-157.909044,21.356791],[-157.908879,21.35686],[-157.908699,21.356927],[-157.908169,21.356937],[-157.907431,21.356961],[-157.907348,21.356972],[-157.906968,21.35706],[-157.90663,21.357132],[-157.906429,21.357187],[-157.906133,21.357262],[-157.906015,21.357327],[-157.905578,21.357584],[-157.905142,21.35769],[-157.904912,21.357747]]]},"properties":{}},{"type":"Feature","geometry":{"type":"Polygon","coordinates":[[[-157.924733,21.357607],[-157.924712,21.357625],[-157.924514,21.357427],[-157.924539,21.357404],[-157.924688,21.357559],[-157.924733,21.357607]]]},"properties":{}},{"type":"Feature","geometry":{"type":"Polygon","coordinates":[[[-157.924755,21.357589],[-157.924733,21.357607],[-157.924688,21.357559],[-157.924709,21.357541],[-157.924755,21.357589]]]},"properties":{}},{"type":"Feature","geometry":{"type":"Polygon","coordinates":[[[-158.084571,21.358035],[-158.08449,21.357698],[-158.083993,21.357973],[-158.083472,21.357708],[-158.08318,21.357562],[-158.083154,21.357551],[-158.08326,21.357418],[-158.083375,21.357287],[-158.083515,21.357146],[-158.083644,21.357031],[-158.083732,21.356957],[-158.08387,21.356852],[-158.083966,21.356785],[-158.084113,21.356691],[-158.084214,21.356633],[-158.084368,21.356552],[-158.084475,21.356501],[-158.084498,21.356505],[-158.08476,21.356798],[-158.084765,21.356803],[-158.085026,21.357105],[-158.084904,21.357362],[-158.084583,21.358017],[-158.084571,21.358035]]]},"properties":{}},{"type":"Feature","geometry":{"type":"Polygon","coordinates":[[[-157.861505,21.311066],[-157.861488,21.311078],[-157.861426,21.310984],[-157.861421,21.310971],[-157.861449,21.310985],[-157.861505,21.311066]]]},"properties":{}},{"type":"Feature","geometry":{"type":"Polygon","coordinates":[[[-158.028056,21.353634],[-158.027447,21.353779],[-158.027302,21.353803],[-158.027156,21.353818],[-158.027046,21.353822],[-158.026936,21.353821],[-158.026789,21.353811],[-158.026643,21.353793],[-158.026464,21.353755],[-158.02613,21.353661],[-158.025663,21.353527],[-158.02559,21.353502],[-158.025495,21.353463],[-158.025357,21.353392],[-158.025209,21.353294],[-158.025111,21.353215],[-158.025004,21.353108],[-158.024955,21.353051],[-158.02488,21.352951],[-158.02484,21.352888],[-158.024792,21.352802],[-158.024751,21.352711],[-158.024725,21.352643],[-158.024689,21.352525],[-158.02448,21.351695],[-158.024051,21.350749],[-158.024605,21.350086],[-158.025031,21.349578],[-158.025171,21.34968],[-158.025147,21.349802],[-158.025141,21.349883],[-158.025144,21.349996],[-158.025155,21.350075],[-158.025173,21.350152],[-158.025724,21.35217],[-158.02574,21.352209],[-158.025774,21.352247],[-158.025816,21.35227],[-158.025883,21.352279],[-158.025925,21.352271],[-158.025964,21.352251],[-158.025994,21.352221],[-158.026013,21.35219],[-158.026025,21.352131],[-158.026012,21.352077],[-158.025994,21.35205],[-158.025934,21.352004],[-158.025879,21.35199],[-158.025845,21.351949],[-158.025775,21.351692],[-158.027532,21.351273],[-158.02817,21.353607],[-158.028056,21.353634]]]},"properties":{}},{"type":"Feature","geometry":{"type":"Polygon","coordinates":[[[-158.130004,21.353859],[-158.130045,21.353534],[-158.130058,21.353398],[-158.130069,21.353261],[-158.130083,21.352987],[-158.130087,21.352712],[-158.130085,21.352574],[-158.130074,21.352301],[-158.130064,21.352163],[-158.130037,21.351889],[-158.13,21.351618],[-158.129953,21.351347],[-158.129926,21.351211],[-158.129896,21.351078],[-158.129829,21.350811],[-158.129792,21.350677],[-158.129752,21.350544],[-158.129671,21.3503],[-158.129412,21.349544],[-158.129571,21.349493],[-158.129639,21.34959],[-158.129676,21.349678],[-158.129701,21.349789],[-158.129686,21.349832],[-158.129705,21.349873],[-158.129705,21.3499],[-158.129684,21.349974],[-158.129693,21.350022],[-158.129788,21.350208],[-158.129825,21.350257],[-158.129853,21.350321],[-158.129883,21.350359],[-158.12991,21.350423],[-158.129971,21.350504],[-158.130003,21.350566],[-158.130028,21.350633],[-158.130041,21.350704],[-158.13003,21.350785],[-158.130011,21.350866],[-158.130051,21.350941],[-158.130085,21.350993],[-158.13018,21.351061],[-158.130206,21.351097],[-158.130183,21.351156],[-158.130172,21.35121],[-158.130172,21.35126],[-158.130188,21.351337],[-158.130217,21.351421],[-158.130239,21.351455],[-158.130271,21.351475],[-158.130271,21.351495],[-158.130309,21.351568],[-158.130344,21.3516],[-158.130364,21.351647],[-158.130394,21.351674],[-158.130416,21.351717],[-158.13046,21.351758],[-158.130475,21.351792],[-158.130477,21.351842],[-158.130439,21.351885],[-158.130396,21.351887],[-158.130345,21.351909],[-158.130306,21.351947],[-158.130341,21.351988],[-158.130341,21.352038],[-158.130329,21.352047],[-158.130328,21.352101],[-158.130314,21.352139],[-158.130318,21.3522],[-158.130334,21.352221],[-158.130373,21.352223],[-158.13042,21.352167],[-158.13047,21.352145],[-158.130518,21.352143],[-158.130528,21.352219],[-158.130555,21.352299],[-158.130579,21.352396],[-158.130578,21.352459],[-158.13056,21.352534],[-158.130548,21.352561],[-158.130546,21.352601],[-158.130589,21.352663],[-158.130676,21.352749],[-158.130738,21.352837],[-158.130816,21.352912],[-158.130843,21.352978],[-158.130841,21.353014],[-158.130789,21.353118],[-158.130742,21.353176],[-158.130699,21.353221],[-158.130619,21.353325],[-158.130607,21.353376],[-158.130614,21.353465],[-158.130662,21.353612],[-158.130656,21.353645],[-158.130615,21.353704],[-158.130575,21.353717],[-158.130489,21.353762],[-158.130464,21.353791],[-158.130441,21.353839],[-158.130432,21.353927],[-158.130438,21.353974],[-158.130004,21.353859]]]},"properties":{}},{"type":"Feature","geometry":{"type":"Polygon","coordinates":[[[-158.039792,21.344263],[-158.039525,21.344067],[-158.039497,21.344062],[-158.039044,21.344003],[-158.038913,21.343984],[-158.038636,21.343949],[-158.03849,21.343928],[-158.038053,21.343871],[-158.037907,21.34385],[-158.037467,21.343791],[-158.037354,21.343917],[-158.037087,21.344209],[-158.037081,21.344218],[-158.036925,21.344926],[-158.036893,21.345077],[-158.036787,21.345558],[-158.036718,21.345876],[-158.036539,21.34685],[-158.036856,21.34713],[-158.037188,21.346956],[-158.03733,21.34688],[-158.037588,21.346746],[-158.037716,21.346676],[-158.037974,21.346542],[-158.038115,21.346466],[-158.038385,21.346326],[-158.038623,21.346099],[-158.038736,21.345993],[-158.039151,21.345598],[-158.039255,21.345502],[-158.039671,21.345107],[-158.039775,21.34501],[-158.04019,21.344615],[-158.039925,21.344372],[-158.039995,21.344223],[-158.040033,21.344122],[-158.040062,21.344018],[-158.040084,21.343912],[-158.0401,21.343779],[-158.040104,21.343671],[-158.040097,21.343535],[-158.040088,21.343456],[-158.040067,21.34335],[-158.040047,21.343271],[-158.040022,21.343194],[-158.039972,21.343069],[-158.039936,21.342994],[-158.039874,21.342886],[-158.039868,21.342856],[-158.039878,21.342816],[-158.039906,21.342786],[-158.040076,21.342681],[-158.040205,21.342614],[-158.040342,21.342559],[-158.040445,21.342525],[-158.040568,21.342494],[-158.040599,21.34249],[-158.04147,21.342319],[-158.041594,21.342292],[-158.041717,21.342259],[-158.041876,21.342206],[-158.042032,21.342141],[-158.042108,21.342106],[-158.042219,21.342048],[-158.042396,21.341938],[-158.042465,21.341889],[-158.043324,21.341266],[-158.043488,21.341163],[-158.043592,21.341107],[-158.04377,21.341027],[-158.043918,21.340973],[-158.044069,21.340929],[-158.044977,21.340697],[-158.045098,21.340662],[-158.045247,21.340606],[-158.045362,21.340552],[-158.045499,21.340476],[-158.045604,21.340407],[-158.045704,21.340333],[-158.045718,21.340349],[-158.045822,21.340273],[-158.04627,21.340799],[-158.046539,21.340695],[-158.046681,21.340641],[-158.047077,21.340488],[-158.04736,21.340381],[-158.047757,21.340227],[-158.047996,21.34005],[-158.048106,21.339922],[-158.048552,21.339408],[-158.048369,21.339154],[-158.048003,21.338725],[-158.047902,21.338604],[-158.047792,21.338477],[-158.047599,21.338248],[-158.04735,21.337958],[-158.046984,21.337935],[-158.046819,21.337927],[-158.046672,21.337918],[-158.046379,21.337902],[-158.046232,21.337892],[-158.045792,21.33787],[-158.045645,21.33786],[-158.045205,21.337837],[-158.045059,21.337827],[-158.044766,21.337812],[-158.044619,21.337802],[-158.044233,21.337782],[-158.043805,21.338102],[-158.043988,21.338316],[-158.04439,21.33879],[-158.044684,21.339133],[-158.044958,21.339457],[-158.045142,21.33967],[-158.045416,21.339995],[-158.045616,21.340229],[-158.045545,21.340282],[-158.045437,21.340356],[-158.045362,21.340401],[-158.045225,21.34047],[-158.045145,21.340504],[-158.045053,21.340537],[-158.044939,21.34057],[-158.044031,21.340802],[-158.043714,21.340907],[-158.043395,21.341061],[-158.043378,21.341072],[-158.043325,21.341072],[-158.043302,21.341062],[-158.043264,21.341024],[-158.043447,21.340892],[-158.044304,21.340269],[-158.044124,21.340053],[-158.043778,21.339633],[-158.043547,21.339356],[-158.043432,21.339216],[-158.043087,21.3388],[-158.042719,21.338358],[-158.0426,21.338213],[-158.042243,21.337784],[-158.042124,21.337639],[-158.041767,21.33721],[-158.041529,21.336922],[-158.041264,21.337065],[-158.040914,21.336645],[-158.040307,21.335921],[-158.040841,21.335418],[-158.040882,21.335382],[-158.040917,21.335369],[-158.040976,21.33538],[-158.041981,21.335935],[-158.042151,21.336024],[-158.042333,21.336106],[-158.042457,21.336157],[-158.042646,21.336226],[-158.042709,21.336246],[-158.042902,21.336302],[-158.043033,21.336334],[-158.04323,21.336373],[-158.043363,21.336395],[-158.043497,21.336411],[-158.043699,21.336428],[-158.043833,21.336433],[-158.043968,21.336434],[-158.04417,21.336429],[-158.044372,21.336412],[-158.044572,21.336386],[-158.044638,21.336375],[-158.044836,21.336335],[-158.044967,21.336304],[-158.045096,21.336269],[-158.045224,21.336229],[-158.045351,21.336185],[-158.045537,21.336111],[-158.045719,21.336026],[-158.047266,21.335274],[-158.047866,21.334982],[-158.048064,21.334897],[-158.04822,21.334844],[-158.048418,21.334791],[-158.048622,21.334756],[-158.048786,21.334739],[-158.048992,21.334733],[-158.049157,21.334741],[-158.049321,21.33476],[-158.049523,21.334797],[-158.049721,21.334852],[-158.049875,21.334907],[-158.050062,21.33499],[-158.05017,21.335047],[-158.050308,21.335131],[-158.050436,21.33522],[-158.052626,21.339381],[-158.052364,21.339483],[-158.047302,21.341471],[-158.047266,21.341485],[-158.045309,21.342255],[-158.043628,21.342914],[-158.039466,21.346856],[-158.037555,21.348663],[-158.036543,21.349558],[-158.034766,21.351129],[-158.034463,21.351396],[-158.03236,21.351899],[-158.032087,21.351965],[-158.032034,21.352094],[-158.031833,21.352208],[-158.030714,21.352678],[-158.030092,21.352789],[-158.029424,21.352923],[-158.028524,21.353135],[-158.027767,21.350359],[-158.02834,21.35083],[-158.029379,21.350881],[-158.030588,21.350943],[-158.030944,21.350633],[-158.031006,21.350669],[-158.031177,21.350763],[-158.03127,21.350614],[-158.031285,21.350567],[-158.031319,21.350592],[-158.031386,21.350629],[-158.031419,21.35064],[-158.031382,21.350676],[-158.031307,21.350793],[-158.031589,21.350951],[-158.031819,21.350923],[-158.032033,21.350836],[-158.032409,21.351215],[-158.032433,21.351159],[-158.032499,21.35103],[-158.03257,21.350913],[-158.032663,21.350783],[-158.032721,21.350711],[-158.032808,21.350614],[-158.032896,21.350527],[-158.032974,21.350457],[-158.033317,21.350161],[-158.033671,21.349851],[-158.033947,21.349613],[-158.034765,21.348902],[-158.035153,21.348563],[-158.034951,21.348359],[-158.035035,21.348292],[-158.035096,21.348227],[-158.035146,21.348157],[-158.035197,21.348062],[-158.035228,21.347977],[-158.035548,21.347674],[-158.035537,21.345307],[-158.035316,21.344942],[-158.035698,21.344684],[-158.035901,21.344487],[-158.035674,21.344309],[-158.036486,21.343381],[-158.036719,21.343224],[-158.036775,21.343159],[-158.037194,21.342681],[-158.037452,21.342386],[-158.037697,21.342105],[-158.03804,21.342351],[-158.038355,21.342574],[-158.038519,21.342693],[-158.038706,21.342825],[-158.038966,21.343011],[-158.039501,21.342725],[-158.039641,21.342914],[-158.039708,21.343011],[-158.039757,21.343097],[-158.03979,21.343165],[-158.039836,21.343278],[-158.039865,21.343373],[-158.039887,21.343468],[-158.039905,21.34359],[-158.03991,21.343665],[-158.039907,21.343812],[-158.039893,21.343934],[-158.039878,21.344006],[-158.039854,21.344101],[-158.039812,21.344218],[-158.039792,21.344263]]]},"properties":{}},{"type":"Feature","geometry":{"type":"Polygon","coordinates":[[[-158.130058,21.353398],[-158.12995,21.353396],[-158.12996,21.353258],[-158.130069,21.353261],[-158.130058,21.353398]]]},"properties":{}},{"type":"Feature","geometry":{"type":"Polygon","coordinates":[[[-157.893708,21.350834],[-157.893796,21.350767],[-157.893852,21.350731],[-157.89414,21.350469],[-157.894191,21.350406],[-157.894237,21.350334],[-157.894272,21.350269],[-157.89431,21.350172],[-157.894347,21.350017],[-157.894374,21.349811],[-157.894411,21.349601],[-157.894468,21.34917],[-157.894481,21.349141],[-157.894491,21.349069],[-157.89461,21.349399],[-157.894746,21.349768],[-157.894794,21.349859],[-157.894947,21.350109],[-157.895084,21.350322],[-157.895289,21.350955],[-157.894737,21.35102],[-157.894356,21.350902],[-157.894318,21.351017],[-157.893708,21.350834]]]},"properties":{}},{"type":"Feature","geometry":{"type":"Polygon","coordinates":[[[-157.893276,21.350698],[-157.893253,21.350694],[-157.89292,21.350414],[-157.892378,21.349963],[-157.892748,21.349566],[-157.892773,21.349541],[-157.892777,21.349134],[-157.892778,21.348798],[-157.892774,21.348757],[-157.892739,21.348689],[-157.892433,21.348086],[-157.892376,21.347978],[-157.893083,21.347813],[-157.893409,21.348321],[-157.894318,21.348702],[-157.89442,21.348745],[-157.894389,21.348971],[-157.894231,21.350025],[-157.894215,21.350104],[-157.894195,21.350167],[-157.894165,21.350239],[-157.894133,21.350297],[-157.894085,21.350367],[-157.894016,21.350443],[-157.893753,21.350663],[-157.893645,21.35073],[-157.893557,21.350768],[-157.893276,21.350698]]]},"properties":{}},{"type":"Feature","geometry":{"type":"Polygon","coordinates":[[[-157.700746,21.341416],[-157.701919,21.341185],[-157.702722,21.341027],[-157.703356,21.340905],[-157.704047,21.34077],[-157.704606,21.340664],[-157.704681,21.340728],[-157.705156,21.341118],[-157.70604,21.341827],[-157.706825,21.342461],[-157.707523,21.343026],[-157.708051,21.343453],[-157.70977,21.344843],[-157.710177,21.345174],[-157.709842,21.345573],[-157.70973,21.345487],[-157.709482,21.345286],[-157.709154,21.345017],[-157.708902,21.344832],[-157.70868,21.344641],[-157.708393,21.344417],[-157.70801,21.344469],[-157.707668,21.344527],[-157.707338,21.344549],[-157.70686,21.344611],[-157.706322,21.344668],[-157.706224,21.344692],[-157.706094,21.344738],[-157.705981,21.344794],[-157.705923,21.344816],[-157.705868,21.34485],[-157.705679,21.34495],[-157.705554,21.345028],[-157.705424,21.345124],[-157.705378,21.345166],[-157.705318,21.345213],[-157.705212,21.345307],[-157.70518,21.345346],[-157.705131,21.345384],[-157.704954,21.345588],[-157.704904,21.345623],[-157.704881,21.34568],[-157.704818,21.345765],[-157.704716,21.345927],[-157.704663,21.346037],[-157.704631,21.346111],[-157.704592,21.346188],[-157.704499,21.346458],[-157.704467,21.346593],[-157.704421,21.346772],[-157.704406,21.346846],[-157.704227,21.347784],[-157.704003,21.347477],[-157.703689,21.346953],[-157.703444,21.346698],[-157.70317,21.346428],[-157.702895,21.346035],[-157.702668,21.345818],[-157.702358,21.345547],[-157.701494,21.343501],[-157.701446,21.343442],[-157.701353,21.343302],[-157.701293,21.343206],[-157.701204,21.343093],[-157.701138,21.34299],[-157.701094,21.342936],[-157.700979,21.342757],[-157.700898,21.342645],[-157.700815,21.342523],[-157.700704,21.342386],[-157.700642,21.342289],[-157.700591,21.342223],[-157.700474,21.342053],[-157.700413,21.341984],[-157.700368,21.341912],[-157.700284,21.341791],[-157.700158,21.341641],[-157.700088,21.341542],[-157.700285,21.341505],[-157.700746,21.341416]]]},"properties":{}},{"type":"Feature","geometry":{"type":"Polygon","coordinates":[[[-158.126374,21.344877],[-158.126455,21.344815],[-158.126571,21.344705],[-158.126635,21.34463],[-158.126692,21.344556],[-158.126727,21.344502],[-158.12684,21.344618],[-158.12698,21.34477],[-158.127129,21.344942],[-158.127224,21.345056],[-158.127409,21.345287],[-158.127497,21.345407],[-158.127662,21.345636],[-158.127734,21.345749],[-158.127875,21.345976],[-158.128009,21.346207],[-158.128134,21.346443],[-158.128251,21.346683],[-158.128306,21.346805],[-158.128409,21.347049],[-158.128457,21.347174],[-158.128701,21.347848],[-158.129037,21.348826],[-158.129291,21.349545],[-158.129277,21.349568],[-158.129241,21.349468],[-158.129168,21.34931],[-158.1291,21.349188],[-158.129042,21.349099],[-158.128959,21.348986],[-158.128843,21.348852],[-158.128741,21.348752],[-158.128659,21.348682],[-158.128574,21.348616],[-158.128455,21.348534],[-158.128393,21.348497],[-158.127887,21.348206],[-158.127815,21.348162],[-158.12759,21.348035],[-158.127355,21.347898],[-158.127233,21.347834],[-158.126968,21.347699],[-158.126793,21.347608],[-158.126633,21.347533],[-158.126662,21.347483],[-158.126531,21.347415],[-158.126461,21.347383],[-158.126867,21.346807],[-158.127243,21.346276],[-158.127275,21.346219],[-158.127296,21.346129],[-158.12729,21.346066],[-158.127269,21.346007],[-158.127235,21.345952],[-158.126374,21.344877]]]},"properties":{}},{"type":"Feature","geometry":{"type":"Polygon","coordinates":[[[-158.129412,21.349544],[-158.129,21.348367],[-158.128875,21.348005],[-158.12867,21.347417],[-158.128521,21.347003],[-158.128375,21.346661],[-158.128251,21.3464],[-158.128134,21.34619],[-158.127969,21.345909],[-158.127815,21.34566],[-158.127649,21.345417],[-158.127573,21.34531],[-158.127458,21.345156],[-158.128521,21.344622],[-158.12875,21.344508],[-158.128815,21.3448],[-158.1288,21.344851],[-158.128766,21.345034],[-158.128726,21.345102],[-158.12871,21.345169],[-158.128733,21.345224],[-158.128761,21.345244],[-158.128808,21.345254],[-158.128821,21.345292],[-158.128825,21.345337],[-158.128784,21.345445],[-158.128809,21.345511],[-158.128875,21.345584],[-158.128897,21.345665],[-158.128907,21.345832],[-158.128902,21.345859],[-158.128916,21.345945],[-158.128895,21.346026],[-158.1289,21.346144],[-158.128911,21.346198],[-158.128894,21.3463],[-158.128866,21.346385],[-158.128814,21.346489],[-158.12876,21.346667],[-158.128734,21.34671],[-158.128709,21.346791],[-158.128691,21.347008],[-158.128699,21.347085],[-158.128727,21.347202],[-158.128757,21.347255],[-158.128778,21.347316],[-158.128867,21.347447],[-158.128915,21.347535],[-158.128958,21.347565],[-158.129006,21.347619],[-158.129013,21.347676],[-158.129034,21.347721],[-158.129037,21.347775],[-158.129027,21.347816],[-158.12904,21.347857],[-158.129037,21.347947],[-158.129068,21.34809],[-158.129111,21.348164],[-158.129129,21.348235],[-158.12913,21.348323],[-158.129168,21.348429],[-158.1292,21.348587],[-158.129223,21.348671],[-158.129243,21.348838],[-158.129274,21.348911],[-158.129304,21.34901],[-158.129334,21.349051],[-158.129375,21.349092],[-158.129394,21.349173],[-158.129408,21.349203],[-158.12941,21.349255],[-158.129429,21.349314],[-158.129468,21.349377],[-158.129571,21.349493],[-158.129412,21.349544]]]},"properties":{}},{"type":"Feature","geometry":{"type":"Polygon","coordinates":[[[-157.902415,21.346616],[-157.902344,21.346505],[-157.902288,21.346423],[-157.902034,21.346065],[-157.90202,21.346033],[-157.902021,21.346002],[-157.902046,21.345959],[-157.90209,21.345939],[-157.903455,21.345697],[-157.903521,21.345689],[-157.90362,21.345689],[-157.90353,21.346027],[-157.903865,21.346106],[-157.903822,21.346266],[-157.904389,21.346401],[-157.904334,21.346609],[-157.903171,21.346011],[-157.902871,21.345856],[-157.902321,21.345954],[-157.902266,21.345972],[-157.902234,21.345994],[-157.9022,21.346034],[-157.902181,21.346082],[-157.902178,21.346127],[-157.902191,21.346179],[-157.902205,21.346204],[-157.902411,21.346494],[-157.902415,21.346616]]]},"properties":{}},{"type":"Feature","geometry":{"type":"Polygon","coordinates":[[[-157.833509,21.345287],[-157.833412,21.345177],[-157.833265,21.345025],[-157.832895,21.344632],[-157.832769,21.344459],[-157.832698,21.344396],[-157.832573,21.344275],[-157.832443,21.344159],[-157.832377,21.344082],[-157.832214,21.3439],[-157.832091,21.343779],[-157.832056,21.343723],[-157.832214,21.343498],[-157.832289,21.343544],[-157.832401,21.343384],[-157.832501,21.343247],[-157.832553,21.343202],[-157.832601,21.343175],[-157.832682,21.343153],[-157.832732,21.343151],[-157.832791,21.343141],[-157.832863,21.343112],[-157.832926,21.343069],[-157.83299,21.342995],[-157.833014,21.34295],[-157.833031,21.342896],[-157.833036,21.342799],[-157.833025,21.342745],[-157.83298,21.34264],[-157.832974,21.342575],[-157.832982,21.342539],[-157.833009,21.342474],[-157.833093,21.342255],[-157.833312,21.341963],[-157.833606,21.341597],[-157.833646,21.34155],[-157.833622,21.341529],[-157.833792,21.341332],[-157.834034,21.34106],[-157.834302,21.340768],[-157.834566,21.340499],[-157.834527,21.340463],[-157.834625,21.340364],[-157.834791,21.340203],[-157.834893,21.340106],[-157.834869,21.340081],[-157.834945,21.340021],[-157.834973,21.340023],[-157.835008,21.340064],[-157.835032,21.340046],[-157.835071,21.339913],[-157.835462,21.339575],[-157.835759,21.339322],[-157.835917,21.339183],[-157.836121,21.33901],[-157.836292,21.338862],[-157.836409,21.338764],[-157.836373,21.338721],[-157.836474,21.338629],[-157.836774,21.338434],[-157.836928,21.338302],[-157.83695,21.338289],[-157.837273,21.338531],[-157.837495,21.338695],[-157.837854,21.338966],[-157.838132,21.339173],[-157.838236,21.339253],[-157.838465,21.339424],[-157.838119,21.339821],[-157.838092,21.339851],[-157.838272,21.340159],[-157.838357,21.340302],[-157.838231,21.340732],[-157.838161,21.340942],[-157.838112,21.341389],[-157.838067,21.341508],[-157.838005,21.341589],[-157.8379,21.341843],[-157.837775,21.341937],[-157.837681,21.342032],[-157.837565,21.342123],[-157.837431,21.342303],[-157.837368,21.342404],[-157.837279,21.342478],[-157.837183,21.342536],[-157.837096,21.342604],[-157.836968,21.342698],[-157.836847,21.34281],[-157.836753,21.342852],[-157.836589,21.342973],[-157.836476,21.343024],[-157.836376,21.343086],[-157.83624,21.343146],[-157.835997,21.343319],[-157.835859,21.343437],[-157.835724,21.343543],[-157.835558,21.343652],[-157.835193,21.343869],[-157.8349,21.344131],[-157.83476,21.344227],[-157.834589,21.344355],[-157.834412,21.344468],[-157.834212,21.344612],[-157.83409,21.344735],[-157.833989,21.344845],[-157.833873,21.344934],[-157.833766,21.345033],[-157.833609,21.345163],[-157.833509,21.345287]]]},"properties":{}},{"type":"Feature","geometry":{"type":"Polygon","coordinates":[[[-157.862034,21.344776],[-157.862497,21.344535],[-157.862538,21.344528],[-157.862577,21.344556],[-157.862898,21.345095],[-157.862903,21.345145],[-157.862876,21.345172],[-157.862635,21.345297],[-157.8624,21.345392],[-157.862223,21.345091],[-157.862034,21.344776]]]},"properties":{}},{"type":"Feature","geometry":{"type":"Polygon","coordinates":[[[-157.716407,21.344203],[-157.716402,21.344228],[-157.715834,21.344091],[-157.715686,21.344062],[-157.715078,21.343976],[-157.714894,21.343937],[-157.714118,21.343669],[-157.713633,21.343446],[-157.713041,21.343164],[-157.713561,21.342102],[-157.714174,21.340864],[-157.714869,21.341102],[-157.716306,21.341583],[-157.717317,21.341925],[-157.716668,21.343553],[-157.716407,21.344203]]]},"properties":{}},{"type":"Feature","geometry":{"type":"Polygon","coordinates":[[[-157.868762,21.342707],[-157.868827,21.342789],[-157.869228,21.34246],[-157.86939,21.342194],[-157.869548,21.341969],[-157.870031,21.342652],[-157.870516,21.34334],[-157.8707,21.343601],[-157.870422,21.343857],[-157.87027,21.343993],[-157.870094,21.344146],[-157.870072,21.344216],[-157.870097,21.344261],[-157.870077,21.344279],[-157.870432,21.344613],[-157.870176,21.344855],[-157.869871,21.345142],[-157.869673,21.344974],[-157.869586,21.344754],[-157.869581,21.344714],[-157.86959,21.344698],[-157.869579,21.344542],[-157.869318,21.343881],[-157.869255,21.343874],[-157.869251,21.34393],[-157.868789,21.343902],[-157.868372,21.34384],[-157.868376,21.343786],[-157.868081,21.343757],[-157.867953,21.343754],[-157.867979,21.343343],[-157.868021,21.343319],[-157.868424,21.342987],[-157.868762,21.342707]]]},"properties":{}},{"type":"Feature","geometry":{"type":"Polygon","coordinates":[[[-157.861505,21.311066],[-157.861449,21.310985],[-157.861421,21.310971],[-157.86141,21.310946],[-157.861309,21.310783],[-157.861624,21.310604],[-157.861848,21.310924],[-157.861665,21.311034],[-157.861637,21.310995],[-157.861505,21.311066]]]},"properties":{}},{"type":"Feature","geometry":{"type":"Polygon","coordinates":[[[-158.083855,21.345648],[-158.083732,21.34551],[-158.083621,21.345389],[-158.083546,21.345247],[-158.08341,21.345002],[-158.083235,21.344649],[-158.083152,21.344486],[-158.083001,21.344176],[-158.083293,21.344055],[-158.083734,21.343868],[-158.083883,21.344178],[-158.08424,21.344907],[-158.084542,21.345496],[-158.084545,21.345505],[-158.084468,21.345525],[-158.084376,21.345558],[-158.0843,21.345592],[-158.084196,21.345648],[-158.084094,21.345717],[-158.083987,21.345803],[-158.083855,21.345648]]]},"properties":{}},{"type":"Feature","geometry":{"type":"Polygon","coordinates":[[[-158.126374,21.344877],[-158.126243,21.344965],[-158.126186,21.344996],[-158.125059,21.345675],[-158.124969,21.345735],[-158.124754,21.34552],[-158.124884,21.345441],[-158.126027,21.344763],[-158.126137,21.344696],[-158.126215,21.344637],[-158.126288,21.344572],[-158.126356,21.344505],[-158.126455,21.344381],[-158.126512,21.344289],[-158.126727,21.344502],[-158.126692,21.344556],[-158.126635,21.34463],[-158.126571,21.344705],[-158.126455,21.344815],[-158.126374,21.344877]]]},"properties":{}},{"type":"Feature","geometry":{"type":"Polygon","coordinates":[[[-157.863458,21.343247],[-157.863677,21.343136],[-157.863229,21.342378],[-157.863415,21.342255],[-157.863545,21.3422],[-157.863616,21.342187],[-157.863698,21.34216],[-157.863741,21.34216],[-157.86392,21.342119],[-157.86396,21.342117],[-157.86414,21.342059],[-157.864278,21.34197],[-157.864316,21.34195],[-157.86435,21.341921],[-157.864424,21.341885],[-157.864491,21.341822],[-157.864762,21.34228],[-157.864851,21.342425],[-157.864919,21.342548],[-157.865058,21.342788],[-157.864804,21.342922],[-157.864801,21.342922],[-157.86447,21.343094],[-157.864215,21.343227],[-157.864186,21.343178],[-157.864231,21.343153],[-157.864206,21.343112],[-157.864152,21.343123],[-157.864071,21.34298],[-157.863995,21.343027],[-157.864064,21.343145],[-157.863808,21.343279],[-157.863736,21.343156],[-157.863482,21.343288],[-157.863458,21.343247]]]},"properties":{}},{"type":"Feature","geometry":{"type":"Polygon","coordinates":[[[-158.121844,21.328926],[-158.122162,21.328754],[-158.122346,21.328863],[-158.122525,21.328977],[-158.122738,21.32905],[-158.122934,21.32908],[-158.122962,21.329182],[-158.122972,21.329356],[-158.123012,21.329643],[-158.123104,21.329933],[-158.123226,21.330245],[-158.123319,21.33037],[-158.123377,21.330612],[-158.123209,21.330695],[-158.123008,21.330707],[-158.122795,21.330781],[-158.122639,21.330875],[-158.122381,21.331043],[-158.122247,21.331324],[-158.12218,21.331597],[-158.122226,21.331997],[-158.122338,21.332206],[-158.122573,21.332415],[-158.122875,21.332541],[-158.123177,21.332603],[-158.123378,21.33255],[-158.123546,21.332499],[-158.123839,21.332478],[-158.123885,21.332625],[-158.123883,21.332772],[-158.123858,21.332837],[-158.123857,21.333081],[-158.123945,21.333282],[-158.124011,21.333439],[-158.123987,21.333615],[-158.123977,21.333594],[-158.123747,21.33371],[-158.123623,21.333827],[-158.123471,21.333989],[-158.123385,21.334391],[-158.123433,21.334739],[-158.123548,21.335044],[-158.123682,21.335196],[-158.124026,21.33541],[-158.12437,21.335491],[-158.124628,21.33549],[-158.124832,21.335403],[-158.124848,21.33541],[-158.124872,21.335568],[-158.124921,21.335704],[-158.124978,21.335713],[-158.125252,21.336081],[-158.125468,21.336272],[-158.125567,21.33639],[-158.125372,21.336666],[-158.125347,21.336698],[-158.125306,21.336718],[-158.125198,21.336708],[-158.125099,21.336715],[-158.125025,21.336735],[-158.124947,21.336773],[-158.124895,21.336811],[-158.124846,21.33686],[-158.124801,21.336923],[-158.12475,21.337016],[-158.124703,21.337119],[-158.124686,21.33718],[-158.12467,21.337275],[-158.124665,21.337368],[-158.12467,21.337462],[-158.124686,21.337555],[-158.124703,21.337614],[-158.12475,21.337732],[-158.124798,21.337813],[-158.124854,21.33789],[-158.124919,21.337961],[-158.124967,21.338004],[-158.125073,21.338079],[-158.125129,21.338111],[-158.125219,21.338152],[-158.125313,21.338184],[-158.125371,21.338198],[-158.125477,21.338214],[-158.125544,21.338219],[-158.125644,21.338217],[-158.125764,21.3382],[-158.125828,21.33818],[-158.125888,21.338149],[-158.125942,21.33811],[-158.126009,21.338041],[-158.126044,21.337984],[-158.126065,21.337937],[-158.126101,21.337874],[-158.126124,21.337852],[-158.126173,21.337831],[-158.126458,21.337743],[-158.126482,21.337774],[-158.126569,21.33805],[-158.12677,21.338318],[-158.126917,21.338517],[-158.126854,21.338858],[-158.126798,21.338894],[-158.126725,21.338948],[-158.126625,21.339038],[-158.126595,21.338751],[-158.126415,21.338454],[-158.126313,21.338397],[-158.126127,21.338421],[-158.126056,21.338481],[-158.125714,21.338667],[-158.125342,21.338652],[-158.125179,21.339116],[-158.125346,21.339207],[-158.125192,21.339633],[-158.125076,21.339635],[-158.125116,21.339701],[-158.125122,21.339775],[-158.125104,21.339825],[-158.125075,21.339863],[-158.125029,21.339904],[-158.125007,21.339937],[-158.12495,21.340118],[-158.124906,21.340237],[-158.124858,21.340355],[-158.124766,21.34056],[-158.124692,21.340702],[-158.124628,21.340814],[-158.124544,21.340951],[-158.124396,21.341177],[-158.124384,21.34121],[-158.12439,21.341251],[-158.124412,21.341281],[-158.124594,21.341372],[-158.125771,21.341958],[-158.126108,21.342109],[-158.126224,21.342171],[-158.126279,21.342205],[-158.126411,21.342298],[-158.12651,21.342382],[-158.126622,21.342496],[-158.126684,21.342568],[-158.126776,21.342698],[-158.126825,21.342779],[-158.126869,21.342863],[-158.126907,21.342949],[-158.126949,21.343067],[-158.126975,21.343157],[-158.127007,21.343311],[-158.127016,21.343374],[-158.127027,21.343498],[-158.127027,21.343623],[-158.127013,21.343781],[-158.126997,21.343873],[-158.126975,21.343966],[-158.126937,21.344088],[-158.126903,21.344175],[-158.126848,21.344293],[-158.12679,21.344396],[-158.126582,21.344196],[-158.126648,21.344045],[-158.12668,21.343955],[-158.126712,21.343833],[-158.126729,21.343739],[-158.126741,21.343614],[-158.126741,21.34352],[-158.126727,21.343364],[-158.126702,21.343242],[-158.126666,21.343122],[-158.126631,21.343033],[-158.126574,21.342922],[-158.126525,21.342841],[-158.12647,21.342764],[-158.126409,21.342689],[-158.126343,21.342621],[-158.126271,21.342555],[-158.126169,21.342475],[-158.126031,21.342389],[-158.125973,21.342359],[-158.124454,21.34162],[-158.124195,21.341492],[-158.124079,21.34143],[-158.12388,21.341319],[-158.123685,21.3412],[-158.123575,21.341129],[-158.12336,21.340984],[-158.123126,21.340811],[-158.122999,21.340711],[-158.122824,21.340565],[-158.122265,21.340025],[-158.121275,21.339067],[-158.121487,21.338896],[-158.121522,21.338926],[-158.121555,21.33893],[-158.121587,21.338922],[-158.121668,21.338856],[-158.121767,21.338769],[-158.121837,21.338699],[-158.121946,21.338578],[-158.122029,21.33847],[-158.122265,21.338209],[-158.122621,21.337795],[-158.122672,21.337741],[-158.122769,21.337649],[-158.122872,21.337564],[-158.123019,21.337463],[-158.123063,21.337438],[-158.12311,21.337375],[-158.123156,21.337333],[-158.123228,21.337306],[-158.123299,21.337311],[-158.123324,21.337221],[-158.12376,21.337004],[-158.124095,21.337019],[-158.124151,21.336818],[-158.124256,21.336629],[-158.124409,21.336499],[-158.124571,21.336382],[-158.124786,21.336239],[-158.124566,21.335921],[-158.124494,21.335833],[-158.124333,21.335848],[-158.124044,21.335795],[-158.123736,21.335644],[-158.123453,21.335421],[-158.123266,21.33519],[-158.123145,21.334893],[-158.123089,21.334633],[-158.123089,21.334353],[-158.123144,21.334046],[-158.123215,21.333882],[-158.123391,21.333663],[-158.123484,21.333567],[-158.123407,21.333341],[-158.12332,21.332997],[-158.12331,21.332834],[-158.123068,21.332869],[-158.122739,21.332788],[-158.122372,21.332608],[-158.122092,21.332356],[-158.121899,21.331966],[-158.12184,21.331578],[-158.122004,21.331025],[-158.122265,21.330789],[-158.122564,21.33059],[-158.122728,21.330561],[-158.122612,21.330271],[-158.122505,21.329882],[-158.122418,21.329448],[-158.122402,21.329301],[-158.122179,21.329167],[-158.121955,21.32901],[-158.121844,21.328926]],[[-158.124904,21.339589],[-158.124876,21.339532],[-158.12501,21.339079],[-158.1251,21.339089],[-158.125229,21.338619],[-158.125035,21.33856],[-158.12476,21.338396],[-158.124421,21.338139],[-158.124241,21.337883],[-158.124151,21.337584],[-158.124076,21.337132],[-158.123897,21.337117],[-158.123827,21.337268],[-158.123518,21.337438],[-158.123429,21.337447],[-158.123431,21.337481],[-158.123416,21.337537],[-158.123398,21.337567],[-158.123359,21.337603],[-158.123357,21.337605],[-158.123312,21.337627],[-158.123267,21.337636],[-158.123212,21.337629],[-158.123162,21.337635],[-158.12316,21.337635],[-158.123124,21.337651],[-158.123001,21.337752],[-158.122923,21.337813],[-158.122801,21.337925],[-158.122735,21.337997],[-158.122265,21.338539],[-158.122102,21.338732],[-158.122036,21.338806],[-158.12192,21.338923],[-158.121775,21.339056],[-158.121752,21.339087],[-158.121746,21.339117],[-158.121767,21.33918],[-158.122265,21.339646],[-158.122787,21.340136],[-158.122881,21.340222],[-158.123002,21.340329],[-158.123277,21.340554],[-158.123406,21.340652],[-158.123563,21.340766],[-158.123778,21.340911],[-158.124027,21.341066],[-158.124083,21.341098],[-158.124104,21.341101],[-158.124107,21.341101],[-158.124137,21.341096],[-158.124173,21.341074],[-158.124306,21.340883],[-158.124421,21.340702],[-158.124492,21.340579],[-158.124559,21.340452],[-158.124649,21.340261],[-158.124704,21.34013],[-158.124754,21.339997],[-158.124797,21.339866],[-158.124796,21.339841],[-158.124773,21.339774],[-158.124771,21.339737],[-158.124792,21.33967],[-158.124822,21.339632],[-158.12486,21.339605],[-158.124902,21.339589],[-158.124904,21.339589]]]},"properties":{}},{"type":"Feature","geometry":{"type":"Polygon","coordinates":[[[-157.868762,21.342707],[-157.868998,21.342514],[-157.869127,21.342339],[-157.869373,21.342009],[-157.869478,21.341867],[-157.869548,21.341969],[-157.86939,21.342194],[-157.869228,21.34246],[-157.868827,21.342789],[-157.868762,21.342707]]]},"properties":{}},{"type":"Feature","geometry":{"type":"Polygon","coordinates":[[[-157.848804,21.338721],[-157.848732,21.338901],[-157.848814,21.339066],[-157.848906,21.339173],[-157.848862,21.339299],[-157.848891,21.339313],[-157.848893,21.339419],[-157.848919,21.339494],[-157.848927,21.339745],[-157.848938,21.339769],[-157.848973,21.339797],[-157.848798,21.3398],[-157.848825,21.339771],[-157.848832,21.339742],[-157.848829,21.339552],[-157.848819,21.339516],[-157.848782,21.339493],[-157.848285,21.339496],[-157.84811,21.339495],[-157.848,21.339458],[-157.847898,21.339552],[-157.84777,21.339457],[-157.847508,21.339256],[-157.847712,21.339251],[-157.847985,21.339135],[-157.848212,21.339101],[-157.848508,21.338985],[-157.848745,21.338741],[-157.848751,21.338738],[-157.848599,21.338554],[-157.848754,21.33844],[-157.84886,21.338576],[-157.848804,21.338721]]]},"properties":{}},{"type":"Feature","geometry":{"type":"Polygon","coordinates":[[[-158.033723,21.340646],[-158.032999,21.34014],[-158.033895,21.339073],[-158.035074,21.339897],[-158.035077,21.339979],[-158.035153,21.340114],[-158.034994,21.340315],[-158.034647,21.34052],[-158.033723,21.340646]]]},"properties":{}},{"type":"Feature","geometry":{"type":"Polygon","coordinates":[[[-158.002835,21.311754],[-158.002819,21.311758],[-158.002729,21.311405],[-158.002648,21.311095],[-158.002663,21.311091],[-158.002835,21.311754]]]},"properties":{}},{"type":"Feature","geometry":{"type":"Polygon","coordinates":[[[-156.499289,20.932657],[-156.499201,20.932619],[-156.498972,20.932494],[-156.498533,20.932406],[-156.498164,20.932351],[-156.498322,20.932046],[-156.498633,20.931803],[-156.498768,20.931714],[-156.498879,20.931684],[-156.499055,20.931646],[-156.499183,20.931639],[-156.499482,20.931662],[-156.499611,20.93174],[-156.499781,20.932023],[-156.499734,20.932185],[-156.499645,20.932314],[-156.499563,20.932417],[-156.499289,20.932657]]]},"properties":{}},{"type":"Feature","geometry":{"type":"Polygon","coordinates":[[[-156.509613,20.929593],[-156.510062,20.929225],[-156.510086,20.92921],[-156.510488,20.92976],[-156.510673,20.93004],[-156.510634,20.930112],[-156.510081,20.930365],[-156.510032,20.93036],[-156.510001,20.930335],[-156.509976,20.930298],[-156.509613,20.929593]]]},"properties":{}},{"type":"Feature","geometry":{"type":"Polygon","coordinates":[[[-157.700746,21.341416],[-157.700285,21.341505],[-157.700088,21.341542],[-157.700034,21.341489],[-157.700015,21.341457],[-157.699946,21.341378],[-157.69992,21.341357],[-157.699885,21.34131],[-157.69982,21.341246],[-157.699723,21.341173],[-157.699622,21.341048],[-157.699586,21.340987],[-157.699529,21.340907],[-157.699495,21.340837],[-157.699464,21.340803],[-157.699422,21.340735],[-157.699235,21.340521],[-157.699076,21.340323],[-157.699026,21.340223],[-157.698956,21.340114],[-157.698915,21.340067],[-157.698817,21.339928],[-157.698793,21.339878],[-157.698737,21.339794],[-157.698703,21.339713],[-157.698686,21.339636],[-157.698626,21.339513],[-157.698593,21.339466],[-157.698517,21.339343],[-157.698425,21.339218],[-157.698356,21.339107],[-157.698302,21.339034],[-157.698286,21.339003],[-157.698193,21.338846],[-157.698175,21.338812],[-157.69814,21.338771],[-157.69809,21.338678],[-157.698056,21.338633],[-157.698023,21.338558],[-157.697988,21.338506],[-157.697962,21.33844],[-157.697883,21.338313],[-157.697872,21.338286],[-157.697762,21.338116],[-157.697694,21.338007],[-157.697635,21.337934],[-157.697617,21.337893],[-157.697559,21.337809],[-157.697535,21.337748],[-157.697468,21.337623],[-157.697387,21.337503],[-157.697351,21.337458],[-157.697297,21.33734],[-157.697204,21.33724],[-157.697161,21.337151],[-157.697136,21.337117],[-157.697097,21.337035],[-157.697064,21.336986],[-157.697033,21.336927],[-157.696923,21.336777],[-157.696857,21.336695],[-157.696768,21.33657],[-157.696703,21.336443],[-157.696618,21.336307],[-157.696521,21.336168],[-157.696459,21.336096],[-157.696348,21.335941],[-157.696277,21.335873],[-157.69622,21.335829],[-157.69615,21.33575],[-157.696106,21.33568],[-157.696013,21.335566],[-157.69581,21.335282],[-157.695745,21.335193],[-157.695656,21.335082],[-157.695571,21.334987],[-157.695527,21.334932],[-157.695421,21.334839],[-157.695378,21.334789],[-157.695286,21.334646],[-157.695271,21.334632],[-157.695216,21.334552],[-157.695128,21.334407],[-157.695113,21.334366],[-157.695103,21.334312],[-157.695036,21.334147],[-157.695001,21.334054],[-157.694982,21.333984],[-157.694957,21.333925],[-157.694911,21.333861],[-157.695125,21.333741],[-157.695451,21.334229],[-157.695561,21.334393],[-157.695737,21.334658],[-157.696016,21.335074],[-157.696031,21.335099],[-157.696293,21.335494],[-157.69672,21.336134],[-157.696958,21.336488],[-157.697103,21.336713],[-157.697272,21.336965],[-157.697382,21.337135],[-157.6975,21.33731],[-157.697591,21.337448],[-157.6978,21.337761],[-157.697955,21.337993],[-157.698353,21.33859],[-157.698588,21.338946],[-157.698735,21.339167],[-157.699053,21.339648],[-157.699286,21.340009],[-157.699437,21.340231],[-157.699552,21.340406],[-157.700068,21.341185],[-157.700203,21.341384],[-157.700663,21.341291],[-157.700746,21.341416]]]},"properties":{}},{"type":"Feature","geometry":{"type":"Polygon","coordinates":[[[-157.880545,21.340327],[-157.880511,21.340295],[-157.880371,21.339557],[-157.880696,21.339365],[-157.880919,21.339231],[-157.881188,21.339068],[-157.881581,21.339477],[-157.881492,21.339554],[-157.880866,21.340078],[-157.880578,21.340318],[-157.880545,21.340327]]]},"properties":{}},{"type":"Feature","geometry":{"type":"Polygon","coordinates":[[[-158.106562,21.341281],[-158.106496,21.341443],[-158.106298,21.341424],[-158.106201,21.341416],[-158.105903,21.341383],[-158.10586,21.341374],[-158.105566,21.341341],[-158.105365,21.341297],[-158.105265,21.341271],[-158.105067,21.341216],[-158.10487,21.341156],[-158.104676,21.34109],[-158.10458,21.341053],[-158.10453,21.341017],[-158.10453,21.340816],[-158.104808,21.340657],[-158.105123,21.340616],[-158.105405,21.340464],[-158.105707,21.340397],[-158.106031,21.340284],[-158.106159,21.340181],[-158.106292,21.339971],[-158.106413,21.339875],[-158.106656,21.33991],[-158.10686,21.340153],[-158.106965,21.340185],[-158.106684,21.34096],[-158.106595,21.341208],[-158.106562,21.341281]]]},"properties":{}},{"type":"Feature","geometry":{"type":"Polygon","coordinates":[[[-156.303285,20.925748],[-156.301259,20.924868],[-156.300725,20.923817],[-156.300151,20.922675],[-156.300081,20.922552],[-156.300602,20.922249],[-156.300473,20.921877],[-156.300474,20.921764],[-156.300708,20.921781],[-156.300965,20.921957],[-156.301223,20.922507],[-156.301457,20.922799],[-156.301668,20.922943],[-156.302043,20.923021],[-156.302395,20.923148],[-156.302752,20.923348],[-156.302898,20.923472],[-156.303056,20.923714],[-156.303068,20.923922],[-156.303045,20.924201],[-156.30308,20.924346],[-156.303203,20.924578],[-156.303361,20.924978],[-156.303374,20.925235],[-156.303303,20.925622],[-156.303285,20.925748]]]},"properties":{}},{"type":"Feature","geometry":{"type":"Polygon","coordinates":[[[-158.124904,21.339589],[-158.124902,21.339589],[-158.12486,21.339605],[-158.124822,21.339632],[-158.124792,21.33967],[-158.124771,21.339737],[-158.124773,21.339774],[-158.124796,21.339841],[-158.124797,21.339866],[-158.124754,21.339997],[-158.124704,21.34013],[-158.124649,21.340261],[-158.124559,21.340452],[-158.124492,21.340579],[-158.124421,21.340702],[-158.124306,21.340883],[-158.124173,21.341074],[-158.124137,21.341096],[-158.124107,21.341101],[-158.124104,21.341101],[-158.124083,21.341098],[-158.124027,21.341066],[-158.123778,21.340911],[-158.123563,21.340766],[-158.123406,21.340652],[-158.123277,21.340554],[-158.123002,21.340329],[-158.122881,21.340222],[-158.122787,21.340136],[-158.122265,21.339646],[-158.121767,21.33918],[-158.121746,21.339117],[-158.121752,21.339087],[-158.121775,21.339056],[-158.12192,21.338923],[-158.122036,21.338806],[-158.122102,21.338732],[-158.122265,21.338539],[-158.122735,21.337997],[-158.122801,21.337925],[-158.122923,21.337813],[-158.123001,21.337752],[-158.123124,21.337651],[-158.12316,21.337635],[-158.123162,21.337635],[-158.123212,21.337629],[-158.123267,21.337636],[-158.123312,21.337627],[-158.123357,21.337605],[-158.123359,21.337603],[-158.123398,21.337567],[-158.123416,21.337537],[-158.123431,21.337481],[-158.123429,21.337447],[-158.123518,21.337438],[-158.123827,21.337268],[-158.123897,21.337117],[-158.124076,21.337132],[-158.124151,21.337584],[-158.124241,21.337883],[-158.124421,21.338139],[-158.12476,21.338396],[-158.125035,21.33856],[-158.125229,21.338619],[-158.1251,21.339089],[-158.12501,21.339079],[-158.124876,21.339532],[-158.124904,21.339589]]]},"properties":{}},{"type":"Feature","geometry":{"type":"Polygon","coordinates":[[[-158.075526,21.338468],[-158.075142,21.338814],[-158.074927,21.338546],[-158.074859,21.338467],[-158.074762,21.33836],[-158.074661,21.338258],[-158.074565,21.338167],[-158.074447,21.338065],[-158.074334,21.337974],[-158.074492,21.338022],[-158.074556,21.337978],[-158.07464,21.337951],[-158.074705,21.337951],[-158.074744,21.337961],[-158.0754,21.338179],[-158.075526,21.338468]]]},"properties":{}},{"type":"Feature","geometry":{"type":"Polygon","coordinates":[[[-156.479691,20.898178],[-156.479681,20.898162],[-156.47704,20.899206],[-156.474398,20.900251],[-156.474281,20.900326],[-156.474163,20.90045],[-156.474047,20.900444],[-156.473936,20.900411],[-156.473876,20.90036],[-156.473871,20.900265],[-156.473877,20.900184],[-156.474006,20.900078],[-156.474088,20.900065],[-156.474163,20.90008],[-156.474246,20.900113],[-156.475575,20.899613],[-156.477227,20.896699],[-156.477884,20.896356],[-156.478193,20.896232],[-156.478329,20.896553],[-156.478736,20.896692],[-156.479551,20.896386],[-156.479905,20.897009],[-156.480082,20.897384],[-156.480243,20.897764],[-156.479828,20.897918],[-156.479907,20.898081],[-156.479691,20.898178]]]},"properties":{}},{"type":"Feature","geometry":{"type":"Polygon","coordinates":[[[-158.037109,21.339342],[-158.034871,21.337717],[-158.035013,21.337546],[-158.035049,21.337539],[-158.035242,21.337491],[-158.035381,21.337451],[-158.035588,21.337384],[-158.035741,21.337329],[-158.035908,21.337262],[-158.03604,21.337204],[-158.036191,21.337133],[-158.036366,21.337041],[-158.036567,21.336925],[-158.036732,21.336819],[-158.03685,21.336739],[-158.03705,21.336591],[-158.037215,21.336456],[-158.037295,21.336387],[-158.037412,21.336279],[-158.037538,21.336156],[-158.038005,21.335668],[-158.038084,21.33559],[-158.038197,21.335491],[-158.038348,21.335379],[-158.038476,21.335298],[-158.038609,21.335227],[-158.038712,21.335178],[-158.03889,21.335109],[-158.039037,21.335064],[-158.039186,21.335029],[-158.0393,21.335009],[-158.039453,21.334992],[-158.039607,21.334984],[-158.039684,21.334985],[-158.039838,21.334992],[-158.039914,21.334999],[-158.040029,21.335016],[-158.040142,21.335037],[-158.040254,21.335065],[-158.040364,21.335097],[-158.040543,21.335163],[-158.040601,21.335189],[-158.040632,21.335211],[-158.040648,21.335243],[-158.04065,21.335277],[-158.040637,21.335308],[-158.040579,21.335365],[-158.040573,21.335358],[-158.04024,21.33567],[-158.040246,21.335677],[-158.039893,21.336009],[-158.039785,21.336114],[-158.03968,21.336222],[-158.039577,21.336332],[-158.039376,21.336557],[-158.039279,21.336672],[-158.039073,21.336923],[-158.037942,21.338326],[-158.037836,21.338463],[-158.037731,21.338603],[-158.03763,21.338744],[-158.037531,21.338886],[-158.037341,21.339174],[-158.03724,21.339338],[-158.037217,21.339356],[-158.037159,21.339367],[-158.037109,21.339342]]]},"properties":{}},{"type":"Feature","geometry":{"type":"Polygon","coordinates":[[[-158.018833,21.338965],[-158.018611,21.338629],[-158.017973,21.337664],[-158.019256,21.336307],[-158.019304,21.33628],[-158.019366,21.336289],[-158.019469,21.336376],[-158.019597,21.33649],[-158.01972,21.336608],[-158.019839,21.33673],[-158.019953,21.336858],[-158.020063,21.336987],[-158.020167,21.337118],[-158.020278,21.337273],[-158.020361,21.337395],[-158.02045,21.337538],[-158.020533,21.337683],[-158.020611,21.337833],[-158.020684,21.337982],[-158.020751,21.338136],[-158.020785,21.338222],[-158.018833,21.338965]]]},"properties":{}},{"type":"Feature","geometry":{"type":"Polygon","coordinates":[[[-158.075669,21.336134],[-158.075349,21.336105],[-158.074681,21.335302],[-158.073364,21.336268],[-158.073557,21.336633],[-158.073901,21.336976],[-158.073519,21.33731],[-158.073374,21.337158],[-158.073157,21.336918],[-158.073113,21.336856],[-158.073026,21.336714],[-158.072992,21.33665],[-158.072928,21.33651],[-158.072865,21.336356],[-158.072799,21.33613],[-158.072782,21.336055],[-158.07276,21.335902],[-158.072744,21.33575],[-158.072736,21.335594],[-158.072745,21.335439],[-158.072765,21.335276],[-158.07297,21.334762],[-158.072988,21.334731],[-158.073218,21.334531],[-158.075132,21.333914],[-158.075539,21.333977],[-158.076025,21.334359],[-158.076216,21.334509],[-158.075745,21.335351],[-158.075669,21.336134]]]},"properties":{}},{"type":"Feature","geometry":{"type":"Polygon","coordinates":[[[-157.856898,21.310635],[-157.856521,21.310034],[-157.85652,21.309991],[-157.856538,21.309976],[-157.856615,21.309938],[-157.856709,21.309882],[-157.856737,21.309882],[-157.856757,21.3099],[-157.857135,21.310501],[-157.856898,21.310635]]]},"properties":{}},{"type":"Feature","geometry":{"type":"Polygon","coordinates":[[[-158.075526,21.338468],[-158.0754,21.338179],[-158.075273,21.337875],[-158.075591,21.337753],[-158.075627,21.336556],[-158.075669,21.336134],[-158.075745,21.335351],[-158.076216,21.334509],[-158.076025,21.334359],[-158.075539,21.333977],[-158.075132,21.333914],[-158.073218,21.334531],[-158.072988,21.334731],[-158.072966,21.334518],[-158.073014,21.334358],[-158.073169,21.333928],[-158.073201,21.333883],[-158.073247,21.333854],[-158.073282,21.333845],[-158.073404,21.333848],[-158.075885,21.333931],[-158.076091,21.333924],[-158.076214,21.333911],[-158.076377,21.333884],[-158.076498,21.333858],[-158.076657,21.333814],[-158.076849,21.333745],[-158.076962,21.333696],[-158.077107,21.333622],[-158.077177,21.333582],[-158.077314,21.333494],[-158.077475,21.333373],[-158.077596,21.333268],[-158.077687,21.333176],[-158.077732,21.333156],[-158.07778,21.33316],[-158.077806,21.333176],[-158.080383,21.335349],[-158.080418,21.335383],[-158.080432,21.335433],[-158.080412,21.33548],[-158.080343,21.335582],[-158.080288,21.335674],[-158.080238,21.335769],[-158.080183,21.335888],[-158.080141,21.335994],[-158.080105,21.336102],[-158.079992,21.336497],[-158.079958,21.336605],[-158.07992,21.336704],[-158.079842,21.336871],[-158.079785,21.33697],[-158.079685,21.337118],[-158.079627,21.33719],[-158.079379,21.337403],[-158.078767,21.336662],[-158.078244,21.336029],[-158.07769,21.336525],[-158.076542,21.337557],[-158.075526,21.338468]]]},"properties":{}},{"type":"Feature","geometry":{"type":"Polygon","coordinates":[[[-157.838676,21.335636],[-157.839133,21.336301],[-157.839002,21.336377],[-157.838856,21.336448],[-157.838657,21.336537],[-157.838504,21.336622],[-157.838355,21.336715],[-157.838318,21.336729],[-157.83826,21.336717],[-157.838221,21.336692],[-157.838078,21.33642],[-157.837973,21.336248],[-157.837837,21.336039],[-157.837719,21.335896],[-157.837551,21.335705],[-157.837486,21.335628],[-157.837643,21.335446],[-157.837851,21.335246],[-157.837951,21.335166],[-157.838148,21.335061],[-157.838295,21.334967],[-157.838521,21.334817],[-157.838744,21.334733],[-157.838813,21.334702],[-157.839074,21.334568],[-157.839115,21.334629],[-157.839208,21.334738],[-157.83932,21.334911],[-157.839464,21.335135],[-157.838676,21.335636]]]},"properties":{}},{"type":"Feature","geometry":{"type":"Polygon","coordinates":[[[-158.074334,21.337974],[-158.073592,21.337383],[-158.073519,21.33731],[-158.073901,21.336976],[-158.073557,21.336633],[-158.073364,21.336268],[-158.074681,21.335302],[-158.075349,21.336105],[-158.075669,21.336134],[-158.075627,21.336556],[-158.075591,21.337753],[-158.075273,21.337875],[-158.0754,21.338179],[-158.074744,21.337961],[-158.074705,21.337951],[-158.07464,21.337951],[-158.074556,21.337978],[-158.074492,21.338022],[-158.074334,21.337974]],[[-158.074253,21.336761],[-158.074598,21.336903],[-158.074697,21.336664],[-158.074356,21.336531],[-158.074253,21.336761]]]},"properties":{}},{"type":"Feature","geometry":{"type":"Polygon","coordinates":[[[-158.00458,21.311362],[-158.004545,21.311217],[-158.004413,21.310695],[-158.004428,21.31069],[-158.004514,21.31103],[-158.004598,21.311358],[-158.00458,21.311362]]]},"properties":{}},{"type":"Feature","geometry":{"type":"Polygon","coordinates":[[[-157.872612,21.335738],[-157.872288,21.336],[-157.87227,21.335978],[-157.871446,21.335044],[-157.871329,21.33491],[-157.871176,21.335024],[-157.871052,21.335071],[-157.870969,21.335084],[-157.871018,21.335037],[-157.871157,21.334911],[-157.871424,21.334687],[-157.871475,21.334647],[-157.871863,21.334353],[-157.872114,21.334213],[-157.872382,21.334097],[-157.872516,21.334087],[-157.872672,21.334088],[-157.872797,21.3341],[-157.873516,21.334209],[-157.873716,21.334237],[-157.874054,21.334418],[-157.873847,21.334554],[-157.873601,21.334891],[-157.873508,21.335017],[-157.872946,21.335467],[-157.872859,21.335539],[-157.872612,21.335738]]]},"properties":{}},{"type":"Feature","geometry":{"type":"Polygon","coordinates":[[[-157.872612,21.335738],[-157.872859,21.335539],[-157.872983,21.335689],[-157.872728,21.335875],[-157.872612,21.335738]]]},"properties":{}},{"type":"Feature","geometry":{"type":"Polygon","coordinates":[[[-158.074253,21.336761],[-158.074356,21.336531],[-158.074697,21.336664],[-158.074598,21.336903],[-158.074253,21.336761]]]},"properties":{}},{"type":"Feature","geometry":{"type":"Polygon","coordinates":[[[-157.694911,21.333861],[-157.694864,21.333813],[-157.694792,21.333716],[-157.694682,21.333543],[-157.694582,21.333407],[-157.694465,21.333219],[-157.694419,21.333155],[-157.694363,21.333064],[-157.694271,21.332899],[-157.694257,21.332867],[-157.694177,21.33276],[-157.694093,21.332642],[-157.694038,21.332581],[-157.69401,21.33254],[-157.693786,21.33212],[-157.69371,21.332011],[-157.693678,21.331982],[-157.693531,21.331798],[-157.693503,21.331766],[-157.693424,21.3317],[-157.693301,21.331617],[-157.693119,21.331487],[-157.693016,21.331417],[-157.692884,21.331334],[-157.692792,21.331284],[-157.692714,21.331247],[-157.692604,21.331181],[-157.692538,21.331121],[-157.692462,21.331067],[-157.692414,21.331019],[-157.692389,21.330983],[-157.692348,21.330944],[-157.692255,21.330869],[-157.692178,21.330832],[-157.692083,21.330757],[-157.692037,21.330711],[-157.691954,21.33062],[-157.691816,21.330511],[-157.691714,21.330444],[-157.691645,21.330385],[-157.691632,21.330367],[-157.69154,21.330289],[-157.691462,21.330219],[-157.691275,21.330037],[-157.691235,21.329989],[-157.691217,21.329898],[-157.691196,21.329846],[-157.691191,21.329799],[-157.691285,21.329754],[-157.691367,21.329692],[-157.691445,21.329557],[-157.691462,21.329539],[-157.691512,21.32951],[-157.692075,21.329763],[-157.69241,21.329917],[-157.694307,21.330781],[-157.694371,21.330811],[-157.695996,21.331555],[-157.696219,21.331665],[-157.696336,21.331731],[-157.69645,21.3318],[-157.696561,21.331873],[-157.696723,21.33199],[-157.696827,21.332072],[-157.696928,21.332156],[-157.697026,21.332245],[-157.697121,21.332336],[-157.697212,21.332432],[-157.697388,21.332627],[-157.697153,21.332765],[-157.696904,21.332908],[-157.696658,21.333051],[-157.696481,21.33316],[-157.69629,21.333269],[-157.695972,21.333456],[-157.695863,21.333487],[-157.695754,21.333522],[-157.695357,21.33361],[-157.695125,21.333741],[-157.694911,21.333861]],[[-157.693227,21.330761],[-157.693338,21.330945],[-157.693431,21.330903],[-157.693316,21.330716],[-157.693199,21.330526],[-157.693104,21.330557],[-157.693227,21.330761]]]},"properties":{}},{"type":"Feature","geometry":{"type":"Polygon","coordinates":[[[-157.875649,21.33474],[-157.875343,21.334352],[-157.875212,21.334184],[-157.875487,21.334001],[-157.875783,21.334384],[-157.87625,21.334999],[-157.876237,21.335008],[-157.875749,21.334784],[-157.875649,21.33474]]]},"properties":{}},{"type":"Feature","geometry":{"type":"Polygon","coordinates":[[[-157.847269,21.33476],[-157.84721,21.334672],[-157.847179,21.334613],[-157.847146,21.334536],[-157.847111,21.334425],[-157.847091,21.334294],[-157.847087,21.334203],[-157.847094,21.334099],[-157.847104,21.334032],[-157.847124,21.333948],[-157.847145,21.333883],[-157.847179,21.333804],[-157.847211,21.333743],[-157.847273,21.333649],[-157.847526,21.333953],[-157.847616,21.333886],[-157.847982,21.334325],[-157.847311,21.334812],[-157.847269,21.33476]]]},"properties":{}},{"type":"Feature","geometry":{"type":"Polygon","coordinates":[[[-157.875212,21.334184],[-157.875343,21.334352],[-157.875649,21.33474],[-157.875214,21.334543],[-157.874992,21.334422],[-157.875079,21.334359],[-157.875064,21.334343],[-157.87506,21.334307],[-157.875087,21.334267],[-157.875212,21.334184]]]},"properties":{}},{"type":"Feature","geometry":{"type":"Polygon","coordinates":[[[-157.897817,21.334045],[-157.8955,21.333697],[-157.895474,21.333487],[-157.895399,21.33303],[-157.895255,21.332047],[-157.895132,21.331181],[-157.894587,21.330502],[-157.895064,21.330167],[-157.895543,21.329831],[-157.89664,21.329059],[-157.897734,21.328287],[-157.898729,21.327589],[-157.9005,21.329362],[-157.901311,21.330169],[-157.901929,21.330785],[-157.901978,21.330793],[-157.901841,21.331593],[-157.901776,21.331961],[-157.901518,21.331921],[-157.901326,21.331893],[-157.901236,21.332055],[-157.901199,21.332052],[-157.900686,21.332029],[-157.900495,21.331718],[-157.900348,21.331604],[-157.899934,21.331608],[-157.899464,21.331756],[-157.899194,21.331845],[-157.89904,21.331988],[-157.898821,21.332197],[-157.898684,21.332325],[-157.89836,21.332896],[-157.898183,21.332972],[-157.89785,21.333478],[-157.897839,21.333738],[-157.897817,21.334045]]]},"properties":{}},{"type":"Feature","geometry":{"type":"Polygon","coordinates":[[[-158.027777,21.334355],[-158.027322,21.334536],[-158.027246,21.334355],[-158.026875,21.333481],[-158.026653,21.332955],[-158.026485,21.332559],[-158.027887,21.332034],[-158.028064,21.331968],[-158.0281,21.331988],[-158.028121,21.332024],[-158.028738,21.333914],[-158.028742,21.33395],[-158.028729,21.333982],[-158.02868,21.334017],[-158.028577,21.334046],[-158.02841,21.334104],[-158.027777,21.334355]]]},"properties":{}},{"type":"Feature","geometry":{"type":"Polygon","coordinates":[[[-158.068633,21.334185],[-158.068616,21.334207],[-158.068176,21.333925],[-158.068092,21.333875],[-158.067982,21.33382],[-158.067845,21.333767],[-158.067726,21.333733],[-158.067579,21.333705],[-158.067456,21.333693],[-158.067306,21.333692],[-158.067133,21.333709],[-158.067012,21.333733],[-158.066909,21.333762],[-158.066426,21.332486],[-158.067945,21.331982],[-158.068838,21.33268],[-158.069823,21.333451],[-158.069716,21.333509],[-158.069562,21.333608],[-158.06945,21.333688],[-158.069309,21.333805],[-158.069242,21.333865],[-158.069146,21.333962],[-158.069055,21.334063],[-158.069006,21.334122],[-158.068633,21.334185]]]},"properties":{}},{"type":"Feature","geometry":{"type":"Polygon","coordinates":[[[-157.693316,21.330716],[-157.693431,21.330903],[-157.693338,21.330945],[-157.693227,21.330761],[-157.693316,21.330716]]]},"properties":{}},{"type":"Feature","geometry":{"type":"Polygon","coordinates":[[[-157.693316,21.330716],[-157.693227,21.330761],[-157.693104,21.330557],[-157.693199,21.330526],[-157.693316,21.330716]]]},"properties":{}},{"type":"Feature","geometry":{"type":"Polygon","coordinates":[[[-157.87875,21.331439],[-157.878508,21.331471],[-157.878351,21.331318],[-157.878467,21.3312],[-157.87875,21.331439]]]},"properties":{}},{"type":"Feature","geometry":{"type":"Polygon","coordinates":[[[-157.87875,21.331439],[-157.878467,21.3312],[-157.878567,21.331096],[-157.878939,21.331413],[-157.87875,21.331439]]]},"properties":{}},{"type":"Feature","geometry":{"type":"Polygon","coordinates":[[[-157.868933,21.330747],[-157.8691,21.330985],[-157.868931,21.33109],[-157.868717,21.331227],[-157.868562,21.331034],[-157.86856,21.330993],[-157.868572,21.330973],[-157.868933,21.330747]]]},"properties":{}},{"type":"Feature","geometry":{"type":"Polygon","coordinates":[[[-157.866202,21.331007],[-157.866194,21.331025],[-157.866102,21.331108],[-157.866076,21.331053],[-157.865822,21.330654],[-157.865444,21.33085],[-157.865431,21.330832],[-157.865972,21.330549],[-157.865995,21.330563],[-157.866021,21.330578],[-157.866124,21.330857],[-157.866114,21.330891],[-157.866126,21.330965],[-157.866202,21.331007]]]},"properties":{}},{"type":"Feature","geometry":{"type":"Polygon","coordinates":[[[-157.685971,21.326994],[-157.68615,21.327074],[-157.689289,21.328501],[-157.691481,21.329494],[-157.691366,21.329601],[-157.691335,21.32966],[-157.691277,21.329727],[-157.691149,21.329767],[-157.691052,21.329753],[-157.69089,21.329715],[-157.6908,21.329703],[-157.690693,21.329693],[-157.690629,21.329682],[-157.69049,21.329638],[-157.690283,21.32955],[-157.690215,21.329498],[-157.689992,21.329306],[-157.689923,21.329238],[-157.689837,21.329165],[-157.689767,21.329097],[-157.689672,21.329037],[-157.689637,21.329008],[-157.689497,21.328914],[-157.689416,21.328877],[-157.689214,21.328751],[-157.689077,21.328678],[-157.688923,21.328584],[-157.688885,21.328568],[-157.688748,21.328497],[-157.688629,21.328412],[-157.688534,21.328371],[-157.688371,21.328279],[-157.688347,21.32827],[-157.688269,21.32822],[-157.688211,21.328165],[-157.688119,21.328092],[-157.688051,21.328071],[-157.687929,21.327987],[-157.687688,21.327865],[-157.687593,21.327819],[-157.687454,21.327737],[-157.687409,21.327721],[-157.687244,21.327609],[-157.687176,21.32757],[-157.687043,21.327513],[-157.686915,21.327462],[-157.686753,21.327406],[-157.686711,21.327381],[-157.686634,21.327306],[-157.686545,21.327262],[-157.686455,21.327232],[-157.686278,21.327152],[-157.686176,21.327111],[-157.686067,21.327051],[-157.685971,21.326994]]]},"properties":{}},{"type":"Feature","geometry":{"type":"Polygon","coordinates":[[[-158.044596,21.308205],[-158.050795,21.307159],[-158.050846,21.309359],[-158.050865,21.310182],[-158.04469,21.310119],[-158.044669,21.310119],[-158.044596,21.308205]]]},"properties":{}},{"type":"Feature","geometry":{"type":"Polygon","coordinates":[[[-157.866202,21.331007],[-157.866126,21.330965],[-157.866114,21.330891],[-157.866124,21.330857],[-157.866021,21.330578],[-157.865995,21.330563],[-157.866014,21.330554],[-157.865986,21.330495],[-157.865751,21.330362],[-157.865697,21.330222],[-157.865691,21.330186],[-157.865722,21.330012],[-157.865706,21.32991],[-157.86571,21.329883],[-157.865737,21.329827],[-157.865758,21.329752],[-157.865829,21.329708],[-157.866176,21.329495],[-157.866353,21.329384],[-157.866417,21.329721],[-157.866382,21.329863],[-157.866362,21.329973],[-157.866319,21.330348],[-157.866271,21.330738],[-157.866263,21.330797],[-157.866231,21.330925],[-157.866202,21.331007]]]},"properties":{}},{"type":"Feature","geometry":{"type":"Polygon","coordinates":[[[-157.8691,21.330985],[-157.868933,21.330747],[-157.869232,21.330566],[-157.869626,21.330325],[-157.869668,21.330314],[-157.869752,21.330416],[-157.869975,21.33068],[-157.869631,21.330772],[-157.869204,21.330882],[-157.869223,21.330909],[-157.8691,21.330985]]]},"properties":{}},{"type":"Feature","geometry":{"type":"Polygon","coordinates":[[[-157.85761,21.330806],[-157.857438,21.330807],[-157.857125,21.330787],[-157.857051,21.330707],[-157.857032,21.330628],[-157.857039,21.330617],[-157.856874,21.330516],[-157.856783,21.330464],[-157.85675,21.33043],[-157.856724,21.330382],[-157.856716,21.330344],[-157.85672,21.33029],[-157.856743,21.330238],[-157.856822,21.330139],[-157.857007,21.329899],[-157.857081,21.329788],[-157.857103,21.329791],[-157.857127,21.329834],[-157.857164,21.329884],[-157.857222,21.329936],[-157.857285,21.329975],[-157.857459,21.330073],[-157.857495,21.330096],[-157.857878,21.330313],[-157.857766,21.330568],[-157.857692,21.330748],[-157.85761,21.330806]]]},"properties":{}},{"type":"Feature","geometry":{"type":"Polygon","coordinates":[[[-158.059503,21.32977],[-158.059907,21.330825],[-158.059766,21.330874],[-158.058717,21.331229],[-158.058689,21.331166],[-158.058644,21.331026],[-158.058629,21.330953],[-158.058617,21.330827],[-158.058618,21.330755],[-158.058624,21.330682],[-158.058647,21.330556],[-158.058668,21.330486],[-158.058716,21.330367],[-158.058791,21.330236],[-158.05887,21.330133],[-158.058963,21.330038],[-158.059068,21.329958],[-158.059132,21.329915],[-158.059199,21.329877],[-158.059322,21.329821],[-158.059396,21.329797],[-158.059503,21.32977]]]},"properties":{}},{"type":"Feature","geometry":{"type":"Polygon","coordinates":[[[-157.866353,21.329384],[-157.866485,21.329093],[-157.866537,21.329006],[-157.866577,21.329058],[-157.866483,21.32945],[-157.866417,21.329721],[-157.866353,21.329384]]]},"properties":{}},{"type":"Feature","geometry":{"type":"Polygon","coordinates":[[[-158.059503,21.32977],[-158.059767,21.329709],[-158.060465,21.329548],[-158.060834,21.330512],[-158.059907,21.330825],[-158.059503,21.32977]]]},"properties":{}},{"type":"Feature","geometry":{"type":"Polygon","coordinates":[[[-157.877391,21.328412],[-157.877366,21.328412],[-157.876715,21.327857],[-157.876719,21.327848],[-157.876291,21.327488],[-157.876104,21.327679],[-157.876007,21.327601],[-157.875925,21.327433],[-157.875586,21.327144],[-157.875782,21.326933],[-157.875834,21.326968],[-157.875946,21.327023],[-157.876065,21.327062],[-157.876188,21.327085],[-157.876283,21.327093],[-157.876393,21.327089],[-157.876517,21.327069],[-157.876623,21.327038],[-157.876681,21.327016],[-157.876806,21.326951],[-157.876905,21.32688],[-157.876962,21.326828],[-157.877049,21.326736],[-157.87725,21.32653],[-157.877277,21.326555],[-157.877312,21.326573],[-157.877373,21.326576],[-157.877419,21.326554],[-157.877441,21.326554],[-157.877478,21.326583],[-157.877462,21.326601],[-157.877987,21.32705],[-157.877809,21.327231],[-157.878503,21.327826],[-157.877692,21.328663],[-157.877391,21.328412]]]},"properties":{}},{"type":"Feature","geometry":{"type":"Polygon","coordinates":[[[-157.685971,21.326994],[-157.685874,21.326964],[-157.685825,21.326943],[-157.685766,21.326929],[-157.685626,21.326885],[-157.685596,21.326871],[-157.685533,21.326857],[-157.685472,21.326816],[-157.685414,21.326797],[-157.685358,21.326797],[-157.685152,21.326725],[-157.685018,21.326684],[-157.684885,21.326667],[-157.684808,21.326653],[-157.684639,21.326629],[-157.684603,21.326628],[-157.684467,21.326609],[-157.684403,21.326591],[-157.684301,21.326579],[-157.684187,21.326571],[-157.684132,21.326575],[-157.684,21.32656],[-157.683873,21.32655],[-157.683724,21.326493],[-157.683492,21.326435],[-157.683318,21.326386],[-157.683219,21.326347],[-157.683115,21.326316],[-157.683086,21.326298],[-157.682921,21.326225],[-157.682827,21.326185],[-157.682719,21.32613],[-157.682564,21.326048],[-157.682514,21.326011],[-157.682356,21.325927],[-157.682304,21.325901],[-157.682191,21.325857],[-157.682124,21.325816],[-157.682014,21.325763],[-157.681956,21.325718],[-157.681857,21.325676],[-157.682092,21.325231],[-157.683752,21.325985],[-157.684772,21.326449],[-157.685971,21.326994]]]},"properties":{}},{"type":"Feature","geometry":{"type":"Polygon","coordinates":[[[-157.861126,21.325904],[-157.861327,21.325876],[-157.861484,21.325857],[-157.861772,21.325816],[-157.861946,21.325795],[-157.86206,21.325777],[-157.862196,21.325737],[-157.86222,21.325763],[-157.862255,21.325751],[-157.862657,21.326468],[-157.862776,21.326676],[-157.862779,21.326733],[-157.862752,21.326767],[-157.862282,21.326976],[-157.86196,21.327116],[-157.861896,21.327147],[-157.861622,21.327258],[-157.861148,21.32742],[-157.861057,21.327453],[-157.860791,21.327544],[-157.860518,21.327641],[-157.860438,21.327668],[-157.86037,21.327654],[-157.86033,21.327606],[-157.860105,21.32727],[-157.860792,21.327318],[-157.860823,21.326993],[-157.8615,21.327034],[-157.861539,21.326632],[-157.861126,21.325904]]]},"properties":{}},{"type":"Feature","geometry":{"type":"Polygon","coordinates":[[[-158.122162,21.328754],[-158.121844,21.328926],[-158.121536,21.329091],[-158.121498,21.329032],[-158.121459,21.329005],[-158.12151,21.328757],[-158.121215,21.327412],[-158.121575,21.327332],[-158.121389,21.326498],[-158.121518,21.326444],[-158.121673,21.326368],[-158.121792,21.326296],[-158.12196,21.326178],[-158.122038,21.32611],[-158.122137,21.326018],[-158.12225,21.325892],[-158.122331,21.325784],[-158.122405,21.325672],[-158.12247,21.325555],[-158.122539,21.325404],[-158.122584,21.32528],[-158.12262,21.325153],[-158.12265,21.324991],[-158.122664,21.32486],[-158.122667,21.324706],[-158.12276,21.325328],[-158.122753,21.325567],[-158.122764,21.326008],[-158.122847,21.326182],[-158.122858,21.32651],[-158.122893,21.326763],[-158.122799,21.326848],[-158.122781,21.327209],[-158.122716,21.32722],[-158.122684,21.327241],[-158.12262,21.327258],[-158.122557,21.327285],[-158.122473,21.327337],[-158.122423,21.327382],[-158.122381,21.327431],[-158.122345,21.327485],[-158.122287,21.327623],[-158.122253,21.327744],[-158.122241,21.327808],[-158.122228,21.327932],[-158.122227,21.327995],[-158.122233,21.32809],[-158.122247,21.328183],[-158.12226,21.328244],[-158.122298,21.328361],[-158.122335,21.328449],[-158.122427,21.32861],[-158.122162,21.328754]]]},"properties":{}},{"type":"Feature","geometry":{"type":"Polygon","coordinates":[[[-157.857346,21.326707],[-157.857204,21.326564],[-157.857066,21.326416],[-157.856991,21.326344],[-157.857046,21.326306],[-157.857071,21.326279],[-157.857306,21.326061],[-157.857311,21.326048],[-157.857589,21.326354],[-157.857739,21.326516],[-157.857576,21.32665],[-157.857417,21.326776],[-157.857346,21.326707]]]},"properties":{}},{"type":"Feature","geometry":{"type":"Polygon","coordinates":[[[-157.857619,21.326217],[-157.857384,21.32596],[-157.85741,21.325911],[-157.857532,21.325787],[-157.857636,21.325659],[-157.857668,21.325668],[-157.857738,21.325669],[-157.857773,21.325637],[-157.857887,21.325692],[-157.858002,21.325811],[-157.857968,21.325849],[-157.857962,21.325935],[-157.857851,21.326069],[-157.85767,21.326172],[-157.857619,21.326217]]]},"properties":{}},{"type":"Feature","geometry":{"type":"Polygon","coordinates":[[[-157.847269,21.325828],[-157.847102,21.325644],[-157.846906,21.325423],[-157.846687,21.325223],[-157.846821,21.325021],[-157.846842,21.324919],[-157.846778,21.324697],[-157.846642,21.324407],[-157.84668,21.324281],[-157.846753,21.324214],[-157.846825,21.324169],[-157.846887,21.324407],[-157.847243,21.32482],[-157.847376,21.324909],[-157.847498,21.324987],[-157.847838,21.325156],[-157.848173,21.325321],[-157.848047,21.32549],[-157.847882,21.325703],[-157.847714,21.325912],[-157.847536,21.326125],[-157.847269,21.325828]]]},"properties":{}},{"type":"Feature","geometry":{"type":"Polygon","coordinates":[[[-157.866964,21.324631],[-157.866897,21.324674],[-157.866791,21.324651],[-157.866722,21.324594],[-157.866779,21.324533],[-157.866848,21.324482],[-157.867082,21.324368],[-157.867089,21.324368],[-157.867142,21.324468],[-157.867188,21.32445],[-157.867219,21.324468],[-157.866964,21.324631]]]},"properties":{}},{"type":"Feature","geometry":{"type":"Polygon","coordinates":[[[-158.020232,21.324552],[-158.01838,21.325271],[-158.018076,21.324799],[-158.017765,21.324328],[-158.017553,21.324008],[-158.017498,21.323926],[-158.017243,21.323503],[-158.016768,21.322718],[-158.016602,21.322446],[-158.017302,21.322166],[-158.018317,21.321856],[-158.018713,21.321736],[-158.020232,21.324552]]]},"properties":{}},{"type":"Feature","geometry":{"type":"Polygon","coordinates":[[[-157.672273,21.320188],[-157.672966,21.320794],[-157.67316,21.32096],[-157.673385,21.321131],[-157.673463,21.321186],[-157.67362,21.321291],[-157.67378,21.321392],[-157.673944,21.321486],[-157.674113,21.321577],[-157.67437,21.321701],[-157.674741,21.321867],[-157.675295,21.322118],[-157.675776,21.322338],[-157.67609,21.322476],[-157.675977,21.322701],[-157.67596,21.322728],[-157.675927,21.322728],[-157.675931,21.322696],[-157.675901,21.322685],[-157.675885,21.322651],[-157.675781,21.322614],[-157.67571,21.322606],[-157.675665,21.322588],[-157.675615,21.322576],[-157.675534,21.32253],[-157.675469,21.32251],[-157.675385,21.322489],[-157.675332,21.322466],[-157.675261,21.322449],[-157.675178,21.322449],[-157.675092,21.322439],[-157.675012,21.322438],[-157.674898,21.322399],[-157.674847,21.322362],[-157.674806,21.322342],[-157.67472,21.322273],[-157.674645,21.322225],[-157.674612,21.322196],[-157.674502,21.322125],[-157.674464,21.322095],[-157.674325,21.322015],[-157.674268,21.321994],[-157.674219,21.321987],[-157.67407,21.32199],[-157.673977,21.321956],[-157.673913,21.321915],[-157.673859,21.321887],[-157.673757,21.321816],[-157.673689,21.321777],[-157.673612,21.321727],[-157.673547,21.321677],[-157.673415,21.321558],[-157.673353,21.321488],[-157.673241,21.321376],[-157.673144,21.32133],[-157.673071,21.321278],[-157.67301,21.321248],[-157.672966,21.321236],[-157.672853,21.321152],[-157.672784,21.321115],[-157.672685,21.321049],[-157.672592,21.320981],[-157.67252,21.32091],[-157.672493,21.320874],[-157.672464,21.320821],[-157.672421,21.320701],[-157.672403,21.320674],[-157.67233,21.320592],[-157.672257,21.320477],[-157.672218,21.320431],[-157.672185,21.320377],[-157.67202,21.320154],[-157.671978,21.320077],[-157.671932,21.319968],[-157.6719,21.31992],[-157.671852,21.319877],[-157.671673,21.319733],[-157.671636,21.319699],[-157.671566,21.319649],[-157.671532,21.319613],[-157.671473,21.319562],[-157.671355,21.319476],[-157.671292,21.319439],[-157.671231,21.319391],[-157.671076,21.319259],[-157.671011,21.319206],[-157.670945,21.319168],[-157.670929,21.319152],[-157.670813,21.319099],[-157.670791,21.319096],[-157.670732,21.319109],[-157.670686,21.319138],[-157.670621,21.319149],[-157.670614,21.319122],[-157.670626,21.319084],[-157.670626,21.319041],[-157.670607,21.319005],[-157.670527,21.318947],[-157.670448,21.318904],[-157.67029,21.318842],[-157.670233,21.318823],[-157.67017,21.318814],[-157.670106,21.318793],[-157.670009,21.318794],[-157.669935,21.318787],[-157.669935,21.318735],[-157.669953,21.318708],[-157.66999,21.318695],[-157.670012,21.31867],[-157.670016,21.318634],[-157.669977,21.318607],[-157.669968,21.318584],[-157.670189,21.318346],[-157.670688,21.318788],[-157.671428,21.319438],[-157.672273,21.320188]]]},"properties":{}},{"type":"Feature","geometry":{"type":"Polygon","coordinates":[[[-157.866805,21.323856],[-157.866696,21.323699],[-157.866946,21.323651],[-157.8671,21.323555],[-157.867284,21.323443],[-157.867428,21.323643],[-157.867305,21.323705],[-157.867057,21.323828],[-157.86681,21.323862],[-157.866805,21.323856]]]},"properties":{}},{"type":"Feature","geometry":{"type":"Polygon","coordinates":[[[-157.864274,21.323685],[-157.864588,21.323558],[-157.864559,21.323599],[-157.86433,21.323767],[-157.864309,21.323762],[-157.864274,21.323685]]]},"properties":{}},{"type":"Feature","geometry":{"type":"Polygon","coordinates":[[[-157.864274,21.323685],[-157.864145,21.323736],[-157.863979,21.323708],[-157.864582,21.323468],[-157.864594,21.3235],[-157.864588,21.323558],[-157.864274,21.323685]]]},"properties":{}},{"type":"Feature","geometry":{"type":"Polygon","coordinates":[[[-158.03015,21.320703],[-158.03062,21.320521],[-158.030624,21.320527],[-158.031658,21.322797],[-158.029865,21.323613],[-158.028701,21.321266],[-158.03015,21.320703]]]},"properties":{}},{"type":"Feature","geometry":{"type":"Polygon","coordinates":[[[-158.021883,21.306215],[-158.02184,21.306142],[-158.021943,21.306172],[-158.021883,21.306215]]]},"properties":{}},{"type":"Feature","geometry":{"type":"Polygon","coordinates":[[[-158.010448,21.322259],[-158.010813,21.321868],[-158.010984,21.321681],[-158.011212,21.321437],[-158.01146,21.321167],[-158.011677,21.320933],[-158.011784,21.320875],[-158.011867,21.320835],[-158.012122,21.32125],[-158.012364,21.321647],[-158.012468,21.32183],[-158.012476,21.321875],[-158.012458,21.321916],[-158.012428,21.321938],[-158.011783,21.322115],[-158.010991,21.32233],[-158.010824,21.322372],[-158.010649,21.322409],[-158.010484,21.322437],[-158.010448,21.322259]]]},"properties":{}},{"type":"Feature","geometry":{"type":"Polygon","coordinates":[[[-157.866433,21.32103],[-157.866577,21.321228],[-157.866547,21.321212],[-157.866503,21.32122],[-157.866276,21.321363],[-157.866045,21.321511],[-157.865954,21.321386],[-157.866424,21.321086],[-157.866438,21.321055],[-157.866433,21.32103]]]},"properties":{}},{"type":"Feature","geometry":{"type":"Polygon","coordinates":[[[-157.843023,21.320803],[-157.842902,21.320843],[-157.84255,21.320962],[-157.842523,21.32096],[-157.842508,21.320942],[-157.842394,21.320299],[-157.842335,21.319983],[-157.842294,21.319752],[-157.842322,21.319718],[-157.842511,21.319657],[-157.842818,21.319552],[-157.843136,21.319496],[-157.843508,21.319433],[-157.843547,21.319456],[-157.843578,21.319632],[-157.843669,21.320136],[-157.843755,21.320605],[-157.84375,21.320627],[-157.84372,21.320643],[-157.843456,21.320686],[-157.843237,21.320737],[-157.843129,21.320767],[-157.843023,21.320803]]]},"properties":{}},{"type":"Feature","geometry":{"type":"Polygon","coordinates":[[[-157.857176,21.318777],[-157.857038,21.318984],[-157.857108,21.319221],[-157.856995,21.31925],[-157.856988,21.319403],[-157.856962,21.319464],[-157.85693,21.319453],[-157.856959,21.319374],[-157.856869,21.319398],[-157.856749,21.31937],[-157.856556,21.319545],[-157.856447,21.319616],[-157.855931,21.320065],[-157.855518,21.320258],[-157.85541,21.320307],[-157.855058,21.320472],[-157.855129,21.320633],[-157.854965,21.320738],[-157.854917,21.320686],[-157.854664,21.32039],[-157.85451,21.320213],[-157.854388,21.32007],[-157.854598,21.320058],[-157.855117,21.319899],[-157.855138,21.31989],[-157.855045,21.319593],[-157.855433,21.319332],[-157.855814,21.319047],[-157.855887,21.318915],[-157.856185,21.318698],[-157.856282,21.318664],[-157.856355,21.318647],[-157.856508,21.318589],[-157.856592,21.318504],[-157.856619,21.318251],[-157.856581,21.318185],[-157.85655,21.318117],[-157.856553,21.318059],[-157.856701,21.317938],[-157.856839,21.317839],[-157.857118,21.31818],[-157.857253,21.318348],[-157.85742,21.31855],[-157.857482,21.318627],[-157.857413,21.318679],[-157.857375,21.318631],[-157.857172,21.318774],[-157.857176,21.318777]]]},"properties":{}},{"type":"Feature","geometry":{"type":"Polygon","coordinates":[[[-157.852838,21.318806],[-157.853011,21.31897],[-157.853268,21.319215],[-157.852704,21.319814],[-157.852445,21.320088],[-157.8524,21.32012],[-157.852133,21.320118],[-157.85208,21.320036],[-157.851893,21.319737],[-157.85214,21.319492],[-157.852167,21.31949],[-157.852214,21.319466],[-157.852393,21.319282],[-157.852393,21.319243],[-157.852506,21.319108],[-157.852838,21.318806]]]},"properties":{}},{"type":"Feature","geometry":{"type":"Polygon","coordinates":[[[-157.858562,21.317411],[-157.858315,21.317608],[-157.858036,21.317827],[-157.858011,21.317793],[-157.857793,21.317966],[-157.857661,21.317804],[-157.857461,21.317527],[-157.85711,21.317051],[-157.856945,21.316824],[-157.856618,21.316379],[-157.856401,21.316111],[-157.856657,21.315842],[-157.856849,21.315635],[-157.857176,21.315287],[-157.857242,21.315216],[-157.857638,21.314798],[-157.857665,21.314776],[-157.857704,21.314762],[-157.857775,21.314772],[-157.857814,21.314802],[-157.858055,21.315101],[-157.858078,21.315126],[-157.858486,21.315637],[-157.85902,21.316303],[-157.858786,21.31647],[-157.858962,21.316688],[-157.859197,21.316523],[-157.859224,21.316555],[-157.859238,21.316614],[-157.859228,21.316645],[-157.859169,21.316721],[-157.859285,21.316822],[-157.859197,21.316907],[-157.859055,21.317021],[-157.858562,21.317411]]]},"properties":{}},{"type":"Feature","geometry":{"type":"Polygon","coordinates":[[[-157.860536,21.319762],[-157.860507,21.3198],[-157.860498,21.319843],[-157.860509,21.319892],[-157.86053,21.319922],[-157.860606,21.319974],[-157.860659,21.320058],[-157.860686,21.32009],[-157.860584,21.320159],[-157.860134,21.319752],[-157.860245,21.319649],[-157.859993,21.31939],[-157.859867,21.319484],[-157.859769,21.319391],[-157.859196,21.318858],[-157.858976,21.318414],[-157.859211,21.318635],[-157.859368,21.31878],[-157.859792,21.318474],[-157.860054,21.318794],[-157.860378,21.319194],[-157.860428,21.319273],[-157.860467,21.319361],[-157.860497,21.319481],[-157.860536,21.319762]]]},"properties":{}},{"type":"Feature","geometry":{"type":"Polygon","coordinates":[[[-157.66505,21.316207],[-157.665471,21.315935],[-157.665829,21.315705],[-157.666047,21.315703],[-157.666227,21.315711],[-157.666346,21.315721],[-157.666525,21.315743],[-157.666644,21.315762],[-157.666762,21.315785],[-157.666878,21.315813],[-157.667051,21.315862],[-157.667221,21.315918],[-157.667388,21.315982],[-157.66755,21.316056],[-157.667709,21.316136],[-157.667862,21.316225],[-157.66801,21.316321],[-157.668153,21.316424],[-157.66829,21.316534],[-157.66842,21.31665],[-157.668544,21.316773],[-157.668623,21.316859],[-157.668834,21.31708],[-157.668993,21.317253],[-157.669097,21.317362],[-157.669312,21.317574],[-157.669536,21.317776],[-157.670043,21.318216],[-157.670115,21.31828],[-157.669899,21.318504],[-157.669865,21.318463],[-157.66982,21.318427],[-157.669785,21.318386],[-157.6697,21.318302],[-157.669643,21.318229],[-157.669613,21.318208],[-157.669574,21.318161],[-157.66955,21.318145],[-157.669488,21.318076],[-157.669437,21.31799],[-157.669373,21.317908],[-157.669288,21.317813],[-157.669204,21.317711],[-157.669191,21.317688],[-157.669123,21.31762],[-157.669089,21.317592],[-157.669077,21.31757],[-157.669046,21.317547],[-157.669001,21.317472],[-157.668979,21.317445],[-157.668937,21.317363],[-157.668893,21.317322],[-157.668797,21.317204],[-157.668717,21.317131],[-157.668697,21.317086],[-157.668646,21.317013],[-157.66859,21.31697],[-157.66843,21.316826],[-157.668401,21.316783],[-157.668343,21.316728],[-157.668334,21.316712],[-157.668242,21.316626],[-157.668169,21.316564],[-157.66806,21.31648],[-157.667988,21.316441],[-157.667911,21.316368],[-157.667849,21.316325],[-157.667793,21.316301],[-157.667667,21.316269],[-157.667635,21.316269],[-157.66754,21.316236],[-157.667447,21.316181],[-157.667403,21.316179],[-157.667283,21.316119],[-157.667233,21.316103],[-157.667054,21.316031],[-157.666979,21.316019],[-157.666804,21.315962],[-157.666647,21.315904],[-157.666463,21.315866],[-157.666343,21.315859],[-157.666148,21.315916],[-157.666111,21.315943],[-157.666005,21.315973],[-157.665928,21.315975],[-157.665814,21.315988],[-157.665709,21.316018],[-157.665609,21.316067],[-157.665467,21.316111],[-157.665444,21.316113],[-157.665364,21.316142],[-157.665248,21.316168],[-157.665099,21.316205],[-157.66505,21.316207]]]},"properties":{}},{"type":"Feature","geometry":{"type":"Polygon","coordinates":[[[-157.850049,21.318529],[-157.849899,21.318664],[-157.849744,21.318448],[-157.849609,21.318461],[-157.849601,21.318411],[-157.849344,21.318412],[-157.849205,21.31802],[-157.849413,21.317924],[-157.849777,21.31776],[-157.84964,21.317361],[-157.849678,21.31733],[-157.849822,21.317744],[-157.850081,21.317669],[-157.850096,21.31773],[-157.850222,21.318266],[-157.850201,21.318275],[-157.850273,21.318472],[-157.850248,21.31849],[-157.850049,21.318529]]]},"properties":{}},{"type":"Feature","geometry":{"type":"Polygon","coordinates":[[[-157.857953,21.318163],[-157.858294,21.317892],[-157.858983,21.317346],[-157.859225,21.317158],[-157.859347,21.317059],[-157.859481,21.31697],[-157.859506,21.316929],[-157.859503,21.316898],[-157.859597,21.317018],[-157.859415,21.31713],[-157.85897,21.317486],[-157.859096,21.317622],[-157.859218,21.317749],[-157.859191,21.317772],[-157.858943,21.317506],[-157.858704,21.317696],[-157.858385,21.317947],[-157.858281,21.318032],[-157.858044,21.31822],[-157.858148,21.318345],[-157.858267,21.318493],[-157.858237,21.318515],[-157.858093,21.318338],[-157.857953,21.318163]]]},"properties":{}},{"type":"Feature","geometry":{"type":"Polygon","coordinates":[[[-157.862219,21.31653],[-157.862307,21.316623],[-157.862335,21.31661],[-157.862375,21.316617],[-157.86241,21.316649],[-157.862622,21.316892],[-157.862827,21.317123],[-157.862864,21.317178],[-157.862904,21.317268],[-157.862918,21.317332],[-157.862923,21.31742],[-157.862915,21.317485],[-157.862895,21.317555],[-157.862875,21.3176],[-157.862831,21.31767],[-157.862805,21.317701],[-157.862743,21.317757],[-157.862269,21.318125],[-157.862049,21.317857],[-157.861558,21.317253],[-157.861071,21.316653],[-157.86158,21.316331],[-157.861819,21.316182],[-157.861865,21.31615],[-157.861919,21.316139],[-157.861972,21.316165],[-157.862231,21.316449],[-157.862244,21.316485],[-157.862219,21.31653]]]},"properties":{}},{"type":"Feature","geometry":{"type":"Polygon","coordinates":[[[-157.66505,21.316207],[-157.664946,21.316258],[-157.6648,21.316354],[-157.66475,21.316408],[-157.664706,21.316446],[-157.664662,21.316462],[-157.664533,21.316497],[-157.664481,21.316499],[-157.664408,21.316489],[-157.664333,21.316502],[-157.664189,21.316469],[-157.664128,21.316433],[-157.664075,21.316419],[-157.66395,21.316366],[-157.663871,21.316347],[-157.663779,21.316355],[-157.663756,21.316366],[-157.663682,21.316436],[-157.663579,21.316491],[-157.663568,21.316514],[-157.663509,21.316568],[-157.663435,21.316621],[-157.663355,21.316625],[-157.663304,21.316602],[-157.663252,21.316568],[-157.663215,21.316563],[-157.66316,21.316542],[-157.663095,21.31651],[-157.663048,21.316494],[-157.662999,21.316453],[-157.662959,21.316439],[-157.662936,21.316376],[-157.662931,21.316339],[-157.662915,21.316333],[-157.662933,21.316285],[-157.662872,21.316138],[-157.662828,21.316104],[-157.662803,21.316101],[-157.66277,21.316144],[-157.662719,21.316171],[-157.662674,21.316211],[-157.662598,21.31619],[-157.662569,21.316167],[-157.662523,21.316052],[-157.662478,21.315959],[-157.662467,21.315918],[-157.66243,21.315888],[-157.662425,21.315868],[-157.662337,21.315723],[-157.66231,21.315671],[-157.662206,21.315548],[-157.66215,21.31552],[-157.662055,21.315517],[-157.662012,21.31551],[-157.661874,21.315538],[-157.661781,21.315551],[-157.661751,21.315562],[-157.661639,21.315582],[-157.661546,21.315574],[-157.661469,21.315544],[-157.661419,21.31551],[-157.661408,21.315469],[-157.661436,21.315422],[-157.661476,21.315325],[-157.661513,21.315287],[-157.661586,21.315222],[-157.661622,21.31515],[-157.661635,21.315085],[-157.661622,21.314974],[-157.661506,21.314804],[-157.661485,21.314763],[-157.661371,21.314645],[-157.66129,21.314551],[-157.661222,21.314456],[-157.661182,21.314408],[-157.661121,21.314349],[-157.661065,21.314276],[-157.660984,21.314187],[-157.660962,21.314158],[-157.660794,21.313989],[-157.660707,21.313928],[-157.660646,21.31388],[-157.66058,21.313809],[-157.66051,21.31373],[-157.660469,21.313662],[-157.660442,21.313628],[-157.660426,21.313553],[-157.660387,21.313471],[-157.660356,21.31343],[-157.660313,21.313344],[-157.660273,21.313231],[-157.660265,21.313168],[-157.660278,21.31315],[-157.66032,21.313064],[-157.660376,21.313015],[-157.660421,21.312952],[-157.660463,21.312867],[-157.660494,21.312792],[-157.660489,21.312736],[-157.660478,21.312702],[-157.660413,21.312638],[-157.6604,21.312586],[-157.660365,21.312523],[-157.660354,21.312491],[-157.660357,21.312412],[-157.660849,21.311817],[-157.661445,21.311382],[-157.661475,21.311445],[-157.661531,21.31159],[-157.661565,21.311703],[-157.661594,21.311817],[-157.661609,21.311894],[-157.661627,21.312009],[-157.661638,21.312124],[-157.661644,21.312278],[-157.661648,21.312314],[-157.66164,21.312461],[-157.661639,21.312598],[-157.661644,21.312711],[-157.661653,21.312822],[-157.661673,21.312989],[-157.661693,21.3131],[-157.661716,21.313209],[-157.661743,21.313317],[-157.661792,21.31348],[-157.661829,21.313587],[-157.661892,21.313743],[-157.661964,21.313897],[-157.662045,21.314047],[-157.662103,21.314145],[-157.662198,21.314288],[-157.662265,21.314378],[-157.662372,21.314515],[-157.662447,21.314601],[-157.662526,21.314685],[-157.662608,21.314767],[-157.66278,21.314922],[-157.66287,21.314995],[-157.662964,21.315066],[-157.663158,21.315196],[-157.663342,21.315304],[-157.663448,21.315359],[-157.663609,21.315435],[-157.66372,21.315481],[-157.663888,21.315543],[-157.664002,21.31558],[-157.664176,21.315629],[-157.664351,21.315669],[-157.664529,21.3157],[-157.664709,21.315721],[-157.664829,21.315731],[-157.66495,21.315737],[-157.66513,21.315738],[-157.665487,21.315725],[-157.665817,21.315708],[-157.665829,21.315705],[-157.665471,21.315935],[-157.66505,21.316207]]]},"properties":{}},{"type":"Feature","geometry":{"type":"Polygon","coordinates":[[[-157.826557,21.312339],[-157.82648,21.31256],[-157.826367,21.312839],[-157.826181,21.313107],[-157.826081,21.313282],[-157.825645,21.313783],[-157.824973,21.313909],[-157.824512,21.314376],[-157.824163,21.315412],[-157.82293,21.316578],[-157.822259,21.316541],[-157.822072,21.316705],[-157.821438,21.316574],[-157.820927,21.316842],[-157.820865,21.317297],[-157.820218,21.3176],[-157.820355,21.317226],[-157.818763,21.316969],[-157.818875,21.316922],[-157.818975,21.316864],[-157.81905,21.316783],[-157.819087,21.3167],[-157.819087,21.316585],[-157.818988,21.316444],[-157.818814,21.316456],[-157.81859,21.316491],[-157.818415,21.316526],[-157.818254,21.316617],[-157.818142,21.316653],[-157.81808,21.316607],[-157.818018,21.316514],[-157.817894,21.316174],[-157.817671,21.315522],[-157.817671,21.31543],[-157.817758,21.315405],[-157.817944,21.315429],[-157.818156,21.315395],[-157.81833,21.315324],[-157.818467,21.315185],[-157.818716,21.314906],[-157.819102,21.314604],[-157.819973,21.313741],[-157.820148,21.313661],[-157.820695,21.313463],[-157.821019,21.313323],[-157.821255,21.313194],[-157.821604,21.312858],[-157.822114,21.312322],[-157.82265,21.311774],[-157.823073,21.311332],[-157.82341,21.310937],[-157.823758,21.310646],[-157.824069,21.310425],[-157.824293,21.310343],[-157.824194,21.310647],[-157.824753,21.310694],[-157.824964,21.310496],[-157.825139,21.310669],[-157.82525,21.310821],[-157.825449,21.310997],[-157.825673,21.311172],[-157.826008,21.311346],[-157.826294,21.311581],[-157.82658,21.31179],[-157.826642,21.311884],[-157.826617,21.312035],[-157.826592,21.312199],[-157.826557,21.312339]]]},"properties":{}},{"type":"Feature","geometry":{"type":"Polygon","coordinates":[[[-157.830664,21.309752],[-157.830722,21.309784],[-157.830614,21.310025],[-157.830484,21.310449],[-157.830397,21.311115],[-157.830396,21.311519],[-157.830353,21.311882],[-157.830202,21.312204],[-157.829879,21.312708],[-157.829512,21.313152],[-157.829426,21.313495],[-157.829748,21.313757],[-157.829943,21.313375],[-157.8299,21.313273],[-157.829706,21.313253],[-157.82962,21.313171],[-157.829706,21.313131],[-157.829921,21.313011],[-157.830266,21.312769],[-157.830654,21.312426],[-157.831278,21.31277],[-157.830027,21.314685],[-157.82936,21.314746],[-157.829166,21.314907],[-157.829122,21.315349],[-157.829208,21.31551],[-157.829187,21.315693],[-157.829165,21.315815],[-157.828949,21.315976],[-157.828712,21.316257],[-157.828281,21.316742],[-157.827937,21.316559],[-157.827829,21.316741],[-157.827678,21.31664],[-157.827613,21.316841],[-157.827376,21.31676],[-157.827506,21.316499],[-157.827571,21.316378],[-157.827463,21.316135],[-157.827593,21.315872],[-157.827894,21.315813],[-157.827959,21.315874],[-157.828088,21.315733],[-157.827959,21.315691],[-157.828197,21.315106],[-157.828003,21.314906],[-157.828025,21.314682],[-157.828176,21.314482],[-157.828348,21.314301],[-157.828478,21.314119],[-157.828564,21.313695],[-157.82878,21.313473],[-157.828866,21.313211],[-157.828845,21.312949],[-157.828996,21.312889],[-157.829017,21.312808],[-157.829104,21.312768],[-157.829276,21.312708],[-157.829599,21.312566],[-157.829793,21.312405],[-157.830009,21.312063],[-157.830181,21.311739],[-157.830246,21.311477],[-157.830225,21.311235],[-157.830204,21.310953],[-157.830225,21.310831],[-157.830376,21.310672],[-157.830398,21.310308],[-157.830398,21.309904],[-157.830571,21.309702],[-157.830577,21.309707],[-157.830664,21.309752]]]},"properties":{}},{"type":"Feature","geometry":{"type":"Polygon","coordinates":[[[-157.807547,21.314988],[-157.806729,21.31402],[-157.806662,21.31404],[-157.806618,21.314039],[-157.806555,21.314021],[-157.806499,21.31398],[-157.806472,21.313946],[-157.806452,21.313889],[-157.80645,21.313848],[-157.806465,21.31379],[-157.806491,21.313752],[-157.806387,21.313674],[-157.806466,21.313593],[-157.806588,21.313396],[-157.806566,21.31338],[-157.806843,21.312889],[-157.806917,21.312944],[-157.807056,21.312771],[-157.807178,21.312659],[-157.807332,21.312549],[-157.807645,21.312292],[-157.807724,21.312209],[-157.807731,21.312189],[-157.807795,21.312232],[-157.807813,21.31216],[-157.808062,21.311823],[-157.808119,21.311753],[-157.808097,21.311735],[-157.808167,21.311661],[-157.808375,21.311859],[-157.80857,21.312045],[-157.808755,21.312221],[-157.808964,21.312421],[-157.809123,21.312524],[-157.809319,21.312694],[-157.809272,21.312784],[-157.809758,21.31317],[-157.80962,21.313356],[-157.809778,21.313454],[-157.810075,21.313637],[-157.810072,21.313691],[-157.809892,21.313972],[-157.809883,21.314024],[-157.80981,21.314118],[-157.809806,21.314152],[-157.80996,21.314305],[-157.8102,21.314548],[-157.810527,21.314878],[-157.810702,21.315055],[-157.810911,21.315265],[-157.810728,21.315378],[-157.810231,21.315716],[-157.810437,21.315961],[-157.809545,21.31659],[-157.809411,21.316485],[-157.809111,21.316128],[-157.808327,21.315192],[-157.807853,21.31476],[-157.807547,21.314988]]]},"properties":{}},{"type":"Feature","geometry":{"type":"Polygon","coordinates":[[[-157.861176,21.315276],[-157.861129,21.315307],[-157.860816,21.315511],[-157.860797,21.315522],[-157.860467,21.315764],[-157.860371,21.31586],[-157.860316,21.315932],[-157.860256,21.316035],[-157.860231,21.31609],[-157.860152,21.316317],[-157.86009,21.316461],[-157.860032,21.316569],[-157.859965,21.316677],[-157.859901,21.316769],[-157.859896,21.316824],[-157.859906,21.316851],[-157.859739,21.31664],[-157.859762,21.316649],[-157.859803,21.316644],[-157.859825,21.316627],[-157.859883,21.316539],[-157.859941,21.316435],[-157.85998,21.316354],[-157.860014,21.316273],[-157.860085,21.31607],[-157.86012,21.315987],[-157.860173,21.315893],[-157.860259,21.315774],[-157.860322,21.315706],[-157.860485,21.315563],[-157.860641,21.315458],[-157.861235,21.315071],[-157.861402,21.314964],[-157.861852,21.314666],[-157.86193,21.314617],[-157.861992,21.314572],[-157.862098,21.314481],[-157.862099,21.314463],[-157.862243,21.314669],[-157.862194,21.314644],[-157.862136,21.314655],[-157.86191,21.3148],[-157.861817,21.314863],[-157.861508,21.315062],[-157.861176,21.315276]]]},"properties":{}},{"type":"Feature","geometry":{"type":"Polygon","coordinates":[[[-157.85534,21.312885],[-157.855052,21.31315],[-157.854733,21.313446],[-157.854663,21.313506],[-157.854791,21.313661],[-157.854993,21.313899],[-157.854849,21.314007],[-157.854508,21.313605],[-157.853704,21.312642],[-157.855337,21.311745],[-157.855383,21.311727],[-157.855415,21.311727],[-157.85546,21.311743],[-157.855488,21.311768],[-157.855596,21.311916],[-157.854914,21.312295],[-157.85534,21.312885]]]},"properties":{}},{"type":"Feature","geometry":{"type":"Polygon","coordinates":[[[-157.660357,21.312412],[-157.660374,21.312326],[-157.660433,21.312212],[-157.660483,21.312131],[-157.660518,21.312102],[-157.660531,21.312079],[-157.660552,21.311998],[-157.660564,21.311885],[-157.660555,21.311826],[-157.660527,21.311738],[-157.660491,21.311695],[-157.660474,21.311661],[-157.660459,21.311566],[-157.660364,21.311389],[-157.660303,21.3113],[-157.660227,21.311164],[-157.66018,21.31104],[-157.660137,21.310972],[-157.660084,21.310874],[-157.660055,21.310842],[-157.659995,21.31069],[-157.659946,21.310625],[-157.659831,21.310486],[-157.659761,21.310406],[-157.659722,21.310374],[-157.659672,21.310306],[-157.6596,21.31024],[-157.659568,21.310192],[-157.659492,21.310117],[-157.659425,21.310081],[-157.659389,21.310076],[-157.659327,21.310032],[-157.659278,21.310012],[-157.65922,21.310011],[-157.659186,21.309952],[-157.659125,21.310038],[-157.659125,21.310056],[-157.659037,21.310181],[-157.659005,21.310211],[-157.658983,21.310188],[-157.658957,21.310118],[-157.658942,21.310104],[-157.658944,21.310057],[-157.658929,21.310052],[-157.658912,21.309977],[-157.658919,21.309943],[-157.65895,21.309885],[-157.658956,21.309858],[-157.658987,21.309817],[-157.659,21.309815],[-157.659026,21.309755],[-157.659024,21.309685],[-157.658916,21.309666],[-157.658854,21.309665],[-157.658758,21.309671],[-157.658673,21.309682],[-157.658589,21.309679],[-157.658531,21.309647],[-157.658412,21.309614],[-157.658303,21.309638],[-157.658227,21.309662],[-157.658174,21.309621],[-157.658133,21.30956],[-157.658094,21.30953],[-157.65803,21.309507],[-157.657872,21.309472],[-157.657811,21.309449],[-157.657729,21.309442],[-157.657644,21.309443],[-157.657543,21.309454],[-157.657355,21.30945],[-157.657218,21.30946],[-157.657174,21.309471],[-157.657053,21.309461],[-157.657023,21.309447],[-157.656931,21.309367],[-157.656881,21.309362],[-157.656797,21.309396],[-157.656718,21.309388],[-157.656651,21.309345],[-157.656566,21.309306],[-157.656549,21.30931],[-157.656467,21.309377],[-157.656443,21.309377],[-157.656354,21.309347],[-157.656239,21.309348],[-157.656202,21.309357],[-157.656124,21.30939],[-157.655955,21.309448],[-157.655816,21.309519],[-157.655778,21.309552],[-157.655656,21.309633],[-157.655516,21.309711],[-157.655429,21.309773],[-157.655315,21.309878],[-157.655185,21.309963],[-157.655117,21.31003],[-157.655083,21.310046],[-157.655032,21.3101],[-157.654923,21.3102],[-157.654873,21.310236],[-157.654811,21.310263],[-157.654729,21.310321],[-157.654569,21.310423],[-157.654419,21.310497],[-157.654357,21.310517],[-157.654221,21.310549],[-157.654163,21.310576],[-157.654079,21.310607],[-157.653965,21.310631],[-157.653729,21.310676],[-157.653691,21.310674],[-157.653549,21.310686],[-157.653461,21.310683],[-157.653399,21.310694],[-157.653304,21.31072],[-157.653155,21.310748],[-157.653101,21.310753],[-157.653029,21.31075],[-157.652876,21.310762],[-157.652812,21.310775],[-157.65275,21.310781],[-157.651945,21.309348],[-157.651623,21.308774],[-157.651493,21.308635],[-157.652826,21.308747],[-157.652796,21.308822],[-157.652784,21.308878],[-157.652803,21.308939],[-157.652804,21.308964],[-157.652823,21.309014],[-157.652869,21.30908],[-157.652908,21.309114],[-157.652952,21.309128],[-157.653019,21.309128],[-157.653134,21.309104],[-157.653234,21.309076],[-157.65337,21.309052],[-157.653485,21.309053],[-157.653518,21.30906],[-157.653599,21.309094],[-157.653676,21.309163],[-157.653791,21.309252],[-157.65388,21.309307],[-157.653999,21.309371],[-157.654174,21.309436],[-157.65425,21.30947],[-157.654335,21.309498],[-157.654407,21.309512],[-157.654589,21.309516],[-157.654669,21.30951],[-157.654797,21.309486],[-157.654905,21.309473],[-157.654972,21.309449],[-157.655011,21.309429],[-157.65513,21.309355],[-157.655185,21.309317],[-157.655244,21.309284],[-157.65542,21.309172],[-157.655498,21.309137],[-157.655554,21.309126],[-157.655652,21.309127],[-157.655784,21.309146],[-157.655859,21.309176],[-157.655939,21.309195],[-157.65601,21.309195],[-157.656109,21.309185],[-157.656211,21.309201],[-157.656299,21.309222],[-157.65641,21.309232],[-157.656478,21.309219],[-157.65654,21.30922],[-157.656667,21.309187],[-157.656792,21.309165],[-157.656833,21.309143],[-157.656951,21.309058],[-157.657021,21.308998],[-157.657081,21.308953],[-157.65712,21.308944],[-157.657211,21.308904],[-157.65734,21.308894],[-157.657405,21.309003],[-157.657469,21.309089],[-157.657527,21.309155],[-157.657589,21.309217],[-157.657673,21.309288],[-157.657727,21.309326],[-157.65782,21.309386],[-157.657899,21.309427],[-157.658023,21.30948],[-157.658129,21.309515],[-157.658283,21.309548],[-157.658614,21.309582],[-157.658786,21.309597],[-157.658845,21.3096],[-157.659057,21.309622],[-157.6593,21.309644],[-157.659435,21.309654],[-157.659516,21.309666],[-157.659637,21.309689],[-157.659745,21.309717],[-157.659888,21.309766],[-157.660038,21.30983],[-157.66017,21.309901],[-157.660258,21.309956],[-157.660406,21.310066],[-157.660491,21.310141],[-157.66054,21.310189],[-157.660669,21.310339],[-157.661159,21.310926],[-157.661198,21.310973],[-157.661289,21.311101],[-157.661351,21.311203],[-157.661445,21.311382],[-157.660849,21.311817],[-157.660357,21.312412]]]},"properties":{}},{"type":"Feature","geometry":{"type":"Polygon","coordinates":[[[-157.862822,21.313627],[-157.862691,21.313434],[-157.862779,21.313381],[-157.862911,21.313574],[-157.862822,21.313627]]]},"properties":{}},{"type":"Feature","geometry":{"type":"Polygon","coordinates":[[[-157.995535,21.314278],[-157.995373,21.313649],[-157.995393,21.31365],[-157.995556,21.314274],[-157.995535,21.314278]]]},"properties":{}},{"type":"Feature","geometry":{"type":"Polygon","coordinates":[[[-157.859616,21.316487],[-157.859398,21.316219],[-157.859431,21.31624],[-157.859482,21.316245],[-157.859519,21.316234],[-157.859554,21.316205],[-157.859595,21.31611],[-157.859642,21.315973],[-157.859678,21.315878],[-157.859733,21.315763],[-157.859813,21.31563],[-157.85989,21.315527],[-157.859977,21.315431],[-157.860053,21.315359],[-157.860132,21.315294],[-157.860444,21.315104],[-157.860747,21.314905],[-157.86131,21.314534],[-157.861546,21.314378],[-157.861725,21.314261],[-157.861759,21.314221],[-157.861762,21.314173],[-157.861752,21.314151],[-157.861955,21.314299],[-157.861941,21.314299],[-157.861654,21.314487],[-157.861243,21.314753],[-157.860847,21.31501],[-157.860228,21.315414],[-157.860202,21.31543],[-157.860128,21.31549],[-157.860062,21.315558],[-157.860003,21.315627],[-157.859913,21.315758],[-157.859859,21.315857],[-157.859827,21.315929],[-157.859793,21.316019],[-157.85976,21.316138],[-157.859727,21.316222],[-157.859612,21.316453],[-157.859616,21.316487]]]},"properties":{}},{"type":"Feature","geometry":{"type":"Polygon","coordinates":[[[-157.864107,21.31479],[-157.864108,21.314889],[-157.864112,21.315964],[-157.864108,21.316175],[-157.864092,21.316222],[-157.864061,21.316249],[-157.86403,21.316258],[-157.863989,21.316253],[-157.863931,21.316209],[-157.863748,21.316003],[-157.863441,21.31566],[-157.863154,21.315339],[-157.862824,21.314973],[-157.862933,21.314884],[-157.863495,21.314838],[-157.864107,21.31479]]]},"properties":{}},{"type":"Feature","geometry":{"type":"Polygon","coordinates":[[[-157.861176,21.315276],[-157.861744,21.316032],[-157.861698,21.316061],[-157.861531,21.315843],[-157.861329,21.315573],[-157.861129,21.315307],[-157.861176,21.315276]]]},"properties":{}},{"type":"Feature","geometry":{"type":"Polygon","coordinates":[[[-157.864107,21.31479],[-157.863495,21.314838],[-157.862933,21.314884],[-157.862824,21.314973],[-157.862484,21.314592],[-157.862282,21.314367],[-157.862428,21.314293],[-157.862578,21.314226],[-157.862732,21.314166],[-157.862836,21.314131],[-157.862941,21.3141],[-157.863133,21.314049],[-157.863322,21.314015],[-157.863512,21.313991],[-157.863873,21.31396],[-157.863892,21.313955],[-157.863971,21.314075],[-157.864005,21.314137],[-157.86404,21.314216],[-157.864077,21.314331],[-157.864094,21.314417],[-157.864104,21.314519],[-157.864107,21.31479]]]},"properties":{}},{"type":"Feature","geometry":{"type":"Polygon","coordinates":[[[-158.006773,21.315813],[-158.006095,21.313182],[-158.007572,21.312855],[-158.00769,21.312833],[-158.007798,21.312822],[-158.007959,21.312821],[-158.008104,21.312835],[-158.0082,21.312852],[-158.008294,21.312875],[-158.008387,21.312905],[-158.00852,21.31296],[-158.008647,21.313028],[-158.008766,21.313108],[-158.009066,21.313347],[-158.008882,21.313545],[-158.006773,21.315813]]]},"properties":{}},{"type":"Feature","geometry":{"type":"Polygon","coordinates":[[[-157.991312,21.315023],[-157.991215,21.314639],[-157.991021,21.313888],[-157.991129,21.313857],[-157.991489,21.313768],[-157.992048,21.313634],[-157.992218,21.313597],[-157.992562,21.314949],[-157.991361,21.315222],[-157.991312,21.315023]]]},"properties":{}},{"type":"Feature","geometry":{"type":"Polygon","coordinates":[[[-157.860658,21.312192],[-157.860741,21.312324],[-157.861158,21.312071],[-157.86108,21.31196],[-157.861242,21.311857],[-157.86139,21.311768],[-157.861635,21.312135],[-157.861649,21.31216],[-157.861645,21.312194],[-157.861627,21.312217],[-157.861378,21.312362],[-157.861141,21.312502],[-157.860828,21.312686],[-157.860796,21.312699],[-157.860748,21.312683],[-157.860433,21.312326],[-157.860658,21.312192]]]},"properties":{}},{"type":"Feature","geometry":{"type":"Polygon","coordinates":[[[-157.995346,21.313545],[-157.995172,21.312876],[-157.995193,21.312867],[-157.995363,21.313539],[-157.995346,21.313545]]]},"properties":{}},{"type":"Feature","geometry":{"type":"Polygon","coordinates":[[[-157.652826,21.308747],[-157.651493,21.308635],[-157.651623,21.308774],[-157.651945,21.309348],[-157.65275,21.310781],[-157.652671,21.310783],[-157.651961,21.310606],[-157.65182,21.310614],[-157.651631,21.310671],[-157.651561,21.310666],[-157.651421,21.310633],[-157.651309,21.310478],[-157.651168,21.310242],[-157.651168,21.310224],[-157.651068,21.310111],[-157.650968,21.310065],[-157.650756,21.310077],[-157.650674,21.310139],[-157.650598,21.310242],[-157.650409,21.310426],[-157.65025,21.310524],[-157.650204,21.310582],[-157.650174,21.310673],[-157.64998,21.310919],[-157.649727,21.311098],[-157.649622,21.31112],[-157.649516,21.311101],[-157.648987,21.311011],[-157.648928,21.310979],[-157.648922,21.310942],[-157.648929,21.310893],[-157.649017,21.310735],[-157.649076,21.310605],[-157.649076,21.310469],[-157.649052,21.310402],[-157.649005,21.310324],[-157.648987,21.310275],[-157.648765,21.30997],[-157.648647,21.309685],[-157.648641,21.309572],[-157.648699,21.309351],[-157.64877,21.309243],[-157.648959,21.309059],[-157.64903,21.308811],[-157.649064,21.308735],[-157.649059,21.308645],[-157.649029,21.308595],[-157.649053,21.308243],[-157.649076,21.308184],[-157.649106,21.308139],[-157.6492,21.308117],[-157.649229,21.308095],[-157.64923,21.308041],[-157.649182,21.307991],[-157.648983,21.307854],[-157.648877,21.307758],[-157.648847,21.307699],[-157.648848,21.307622],[-157.648889,21.307559],[-157.648994,21.307533],[-157.649036,21.307493],[-157.649036,21.307443],[-157.649012,21.307416],[-157.649018,21.307325],[-157.649011,21.307267],[-157.65037,21.306833],[-157.650413,21.306822],[-157.651104,21.306683],[-157.651461,21.306805],[-157.651602,21.306929],[-157.652513,21.307713],[-157.652974,21.308107],[-157.65302,21.308525],[-157.652826,21.308747]]]},"properties":{}},{"type":"Feature","geometry":{"type":"Polygon","coordinates":[[[-157.99986,21.313299],[-157.999681,21.312609],[-157.999693,21.3126],[-157.999874,21.313299],[-157.99986,21.313299]]]},"properties":{}},{"type":"Feature","geometry":{"type":"Polygon","coordinates":[[[-158.001298,21.312976],[-158.001201,21.3126],[-158.001116,21.312263],[-158.001132,21.312259],[-158.001192,21.312496],[-158.001316,21.312971],[-158.001298,21.312976]]]},"properties":{}},{"type":"Feature","geometry":{"type":"Polygon","coordinates":[[[-157.998217,21.312844],[-157.998045,21.312177],[-157.998067,21.312172],[-157.998235,21.312838],[-157.998217,21.312844]]]},"properties":{}},{"type":"Feature","geometry":{"type":"Polygon","coordinates":[[[-157.841733,21.311771],[-157.83988,21.311768],[-157.839882,21.310934],[-157.840874,21.310939],[-157.84106,21.31054],[-157.840938,21.310497],[-157.841154,21.309915],[-157.841253,21.309979],[-157.84139,21.31005],[-157.841534,21.310108],[-157.841633,21.310138],[-157.841709,21.310156],[-157.841837,21.310178],[-157.841967,21.31019],[-157.842096,21.310191],[-157.842227,21.31018],[-157.842352,21.310163],[-157.842164,21.310654],[-157.841975,21.311138],[-157.841836,21.311503],[-157.841733,21.311771]]]},"properties":{}},{"type":"Feature","geometry":{"type":"Polygon","coordinates":[[[-157.858836,21.311452],[-157.858168,21.3118],[-157.858136,21.311739],[-157.858212,21.311658],[-157.858306,21.311548],[-157.858393,21.311434],[-157.858448,21.311355],[-157.85854,21.311211],[-157.858562,21.311164],[-157.858664,21.310991],[-157.858722,21.310921],[-157.858775,21.310896],[-157.858845,21.310904],[-157.858885,21.310931],[-157.858998,21.311054],[-157.858721,21.311269],[-157.858836,21.311452]]]},"properties":{}},{"type":"Feature","geometry":{"type":"Polygon","coordinates":[[[-158.003043,21.312582],[-158.003026,21.312586],[-158.002843,21.311871],[-158.002858,21.311867],[-158.002915,21.312091],[-158.002988,21.312367],[-158.003043,21.312582]]]},"properties":{}},{"type":"Feature","geometry":{"type":"Polygon","coordinates":[[[-157.999655,21.312491],[-157.999483,21.311831],[-157.999502,21.311826],[-157.99967,21.312487],[-157.999655,21.312491]]]},"properties":{}},{"type":"Feature","geometry":{"type":"Polygon","coordinates":[[[-157.859735,21.31002],[-157.859594,21.310024],[-157.859736,21.309923],[-157.859855,21.309917],[-157.859936,21.309895],[-157.859977,21.309873],[-157.860143,21.309768],[-157.860388,21.30962],[-157.860525,21.30951],[-157.860774,21.309679],[-157.86069,21.30967],[-157.860601,21.309676],[-157.860441,21.309718],[-157.860366,21.309771],[-157.860171,21.309896],[-157.86009,21.309955],[-157.85999,21.309997],[-157.859925,21.310012],[-157.859872,21.310019],[-157.859735,21.31002]]]},"properties":{}},{"type":"Feature","geometry":{"type":"Polygon","coordinates":[[[-157.830664,21.309752],[-157.830577,21.309707],[-157.830621,21.309522],[-157.830576,21.309077],[-157.830508,21.308724],[-157.830565,21.308715],[-157.830661,21.308677],[-157.830712,21.308644],[-157.830752,21.308608],[-157.830795,21.308556],[-157.830815,21.308523],[-157.830879,21.308356],[-157.830928,21.308212],[-157.831009,21.307989],[-157.831051,21.307887],[-157.831094,21.3078],[-157.831131,21.307775],[-157.831172,21.30778],[-157.8312,21.307809],[-157.831259,21.308024],[-157.831282,21.308151],[-157.831288,21.308214],[-157.83129,21.30832],[-157.831279,21.308447],[-157.831265,21.30853],[-157.831238,21.308634],[-157.831217,21.308695],[-157.830999,21.309192],[-157.830739,21.309782],[-157.830664,21.309752]]]},"properties":{}},{"type":"Feature","geometry":{"type":"Polygon","coordinates":[[[-157.861958,21.309224],[-157.862089,21.309304],[-157.861765,21.309535],[-157.861734,21.309555],[-157.861549,21.309698],[-157.861297,21.309891],[-157.861187,21.309793],[-157.861359,21.309663],[-157.861627,21.309459],[-157.861745,21.309374],[-157.861958,21.309224]]]},"properties":{}},{"type":"Feature","geometry":{"type":"Polygon","coordinates":[[[-158.007137,21.310677],[-158.007131,21.310679],[-158.006989,21.310127],[-158.007,21.310125],[-158.007137,21.310677]]]},"properties":{}},{"type":"Feature","geometry":{"type":"Polygon","coordinates":[[[-157.85015,21.309354],[-157.850032,21.309242],[-157.849943,21.309163],[-157.84984,21.309083],[-157.849974,21.30896],[-157.849954,21.308894],[-157.849805,21.308873],[-157.849637,21.308659],[-157.84976,21.308525],[-157.850023,21.308231],[-157.850379,21.307838],[-157.850609,21.308018],[-157.850906,21.308252],[-157.8511,21.3082],[-157.851207,21.308523],[-157.851352,21.308976],[-157.851335,21.309019],[-157.851207,21.309092],[-157.851075,21.309159],[-157.851021,21.309184],[-157.850881,21.309235],[-157.850755,21.30927],[-157.850705,21.309288],[-157.850451,21.309354],[-157.850348,21.309387],[-157.850233,21.30942],[-157.850208,21.309413],[-157.85015,21.309354]]]},"properties":{}},{"type":"Feature","geometry":{"type":"Polygon","coordinates":[[[-157.861958,21.309224],[-157.861745,21.309374],[-157.861618,21.309211],[-157.861527,21.309269],[-157.861436,21.309146],[-157.861538,21.309072],[-157.86157,21.309034],[-157.86172,21.308929],[-157.861958,21.309224]]]},"properties":{}},{"type":"Feature","geometry":{"type":"Polygon","coordinates":[[[-157.862244,21.309199],[-157.862187,21.309093],[-157.862753,21.308789],[-157.862819,21.308894],[-157.862244,21.309199]]]},"properties":{}},{"type":"Feature","geometry":{"type":"Polygon","coordinates":[[[-158.011,21.310052],[-158.010981,21.310047],[-158.010819,21.30942],[-158.010835,21.309407],[-158.010916,21.30973],[-158.011,21.310052]]]},"properties":{}},{"type":"Feature","geometry":{"type":"Polygon","coordinates":[[[-157.79608,21.30818],[-157.795857,21.30805],[-157.796142,21.307235],[-157.796322,21.306723],[-157.796564,21.306382],[-157.796619,21.306339],[-157.796657,21.306335],[-157.797129,21.306381],[-157.797374,21.306232],[-157.797605,21.306506],[-157.798347,21.305963],[-157.798919,21.30554],[-157.79947,21.305131],[-157.800052,21.30469],[-157.800228,21.304558],[-157.800767,21.303979],[-157.800996,21.303732],[-157.801289,21.303418],[-157.801422,21.303291],[-157.801548,21.303151],[-157.801759,21.302909],[-157.801867,21.30279],[-157.801979,21.302673],[-157.802291,21.302339],[-157.804804,21.304853],[-157.805274,21.305793],[-157.803944,21.30664],[-157.803642,21.306613],[-157.803491,21.306585],[-157.80334,21.306611],[-157.803219,21.306752],[-157.803128,21.306979],[-157.799577,21.308583],[-157.798927,21.307699],[-157.798832,21.307681],[-157.798782,21.307664],[-157.798735,21.307639],[-157.798666,21.307632],[-157.798617,21.307641],[-157.798498,21.307617],[-157.798467,21.307631],[-157.798372,21.307623],[-157.798257,21.307593],[-157.798245,21.307577],[-157.798173,21.307531],[-157.7981,21.307508],[-157.798044,21.307481],[-157.798019,21.307483],[-157.797938,21.307462],[-157.797807,21.307472],[-157.797722,21.307447],[-157.797689,21.307458],[-157.79759,21.307439],[-157.797552,21.307437],[-157.797401,21.307447],[-157.797307,21.307437],[-157.797211,21.307439],[-157.797085,21.307456],[-157.796939,21.307513],[-157.796861,21.307549],[-157.796808,21.307546],[-157.796787,21.307567],[-157.796703,21.307613],[-157.796687,21.307613],[-157.796619,21.307642],[-157.796474,21.307752],[-157.796415,21.307765],[-157.79633,21.307828],[-157.79623,21.307956],[-157.796175,21.308061],[-157.796116,21.308126],[-157.79608,21.30818]]]},"properties":{}},{"type":"Feature","geometry":{"type":"Polygon","coordinates":[[[-157.862939,21.308885],[-157.862835,21.308713],[-157.862876,21.308722],[-157.863397,21.308448],[-157.86343,21.30841],[-157.863422,21.308371],[-157.863584,21.308488],[-157.863326,21.308621],[-157.862987,21.3088],[-157.862964,21.308806],[-157.862936,21.30884],[-157.862939,21.308885]]]},"properties":{}},{"type":"Feature","geometry":{"type":"Polygon","coordinates":[[[-157.85766,21.308694],[-157.857634,21.308705],[-157.857581,21.308698],[-157.857557,21.308677],[-157.857472,21.308528],[-157.857389,21.30841],[-157.857291,21.308305],[-157.857064,21.30805],[-157.858031,21.307472],[-157.858522,21.308074],[-157.858543,21.30811],[-157.85849,21.308153],[-157.85766,21.308694]]]},"properties":{}},{"type":"Feature","geometry":{"type":"Polygon","coordinates":[[[-157.864065,21.308005],[-157.864106,21.308175],[-157.86377,21.308365],[-157.863727,21.308392],[-157.86371,21.308425],[-157.863711,21.308466],[-157.863721,21.308491],[-157.863542,21.308316],[-157.864044,21.308041],[-157.864065,21.308005]]]},"properties":{}},{"type":"Feature","geometry":{"type":"Polygon","coordinates":[[[-157.683696,21.307121],[-157.683427,21.307006],[-157.682798,21.306741],[-157.682348,21.30655],[-157.682599,21.306037],[-157.682902,21.305409],[-157.683424,21.305413],[-157.68377,21.305421],[-157.684025,21.305423],[-157.684258,21.305433],[-157.68449,21.305431],[-157.684494,21.305541],[-157.684493,21.305616],[-157.684486,21.305697],[-157.684464,21.305814],[-157.684443,21.305891],[-157.684397,21.306013],[-157.684292,21.306229],[-157.683937,21.306964],[-157.683833,21.307178],[-157.683696,21.307121]]]},"properties":{}},{"type":"Feature","geometry":{"type":"Polygon","coordinates":[[[-158.053132,21.3011],[-158.053366,21.301081],[-158.053466,21.301066],[-158.053588,21.301069],[-158.053647,21.301076],[-158.05378,21.301066],[-158.053845,21.30107],[-158.05398,21.301067],[-158.054094,21.30107],[-158.054132,21.301061],[-158.054263,21.301041],[-158.054302,21.301046],[-158.054427,21.301029],[-158.054481,21.301031],[-158.054533,21.30102],[-158.054697,21.301001],[-158.054725,21.301008],[-158.054783,21.300997],[-158.054848,21.300972],[-158.054913,21.300964],[-158.054988,21.300964],[-158.05506,21.300951],[-158.055164,21.300924],[-158.055282,21.300905],[-158.055402,21.300901],[-158.055526,21.300886],[-158.055591,21.300888],[-158.055639,21.300882],[-158.055858,21.300879],[-158.055963,21.300868],[-158.056036,21.30085],[-158.056085,21.300848],[-158.056137,21.300833],[-158.056252,21.300813],[-158.056311,21.300807],[-158.056381,21.300787],[-158.056602,21.300761],[-158.056657,21.300743],[-158.056799,21.30073],[-158.057381,21.30182],[-158.057792,21.302398],[-158.057519,21.303813],[-158.057382,21.306065],[-158.053745,21.306387],[-158.053132,21.3011]]]},"properties":{}},{"type":"Feature","geometry":{"type":"Polygon","coordinates":[[[-157.859769,21.306438],[-157.859919,21.306634],[-157.860057,21.306802],[-157.860157,21.306933],[-157.860171,21.306981],[-157.860169,21.307015],[-157.860141,21.307075],[-157.86011,21.307102],[-157.859769,21.30733],[-157.859703,21.307373],[-157.859451,21.307543],[-157.858746,21.30801],[-157.858707,21.308023],[-157.858668,21.308018],[-157.858629,21.307991],[-157.85737,21.306454],[-157.85853,21.305468],[-157.858706,21.305571],[-157.858945,21.305717],[-157.859056,21.30579],[-157.859164,21.305867],[-157.85927,21.305947],[-157.859372,21.306031],[-157.859473,21.306122],[-157.859637,21.306288],[-157.859769,21.306438]]]},"properties":{}},{"type":"Feature","geometry":{"type":"Polygon","coordinates":[[[-157.864365,21.307969],[-157.864331,21.307883],[-157.864274,21.307783],[-157.863743,21.306944],[-157.864555,21.306353],[-157.865223,21.307494],[-157.864641,21.307826],[-157.864365,21.307969]]]},"properties":{}},{"type":"Feature","geometry":{"type":"Polygon","coordinates":[[[-157.856549,21.307442],[-157.856302,21.307144],[-157.856209,21.30704],[-157.856101,21.306931],[-157.855998,21.306835],[-157.855987,21.306803],[-157.85599,21.306774],[-157.856014,21.306742],[-157.856834,21.306125],[-157.856869,21.306091],[-157.856902,21.3061],[-157.856923,21.306119],[-157.857932,21.307352],[-157.857004,21.307903],[-157.856974,21.307853],[-157.856742,21.307574],[-157.856694,21.307533],[-157.85662,21.307501],[-157.856549,21.307442]]]},"properties":{}},{"type":"Feature","geometry":{"type":"Polygon","coordinates":[[[-157.832094,21.306506],[-157.831951,21.306647],[-157.831842,21.306531],[-157.831725,21.306413],[-157.831874,21.306269],[-157.832094,21.306506]]]},"properties":{}},{"type":"Feature","geometry":{"type":"Polygon","coordinates":[[[-158.052439,21.301112],[-158.053265,21.30645],[-158.044579,21.307744],[-158.04448,21.305167],[-158.044962,21.305167],[-158.045854,21.305746],[-158.046472,21.305874],[-158.046609,21.305039],[-158.04654,21.304074],[-158.047226,21.303945],[-158.048255,21.304587],[-158.049079,21.30478],[-158.049353,21.304137],[-158.049284,21.303107],[-158.049627,21.302465],[-158.050381,21.301758],[-158.05044,21.301322],[-158.050573,21.301285],[-158.050692,21.301258],[-158.050799,21.301225],[-158.050842,21.301205],[-158.05088,21.3012],[-158.050918,21.301178],[-158.051016,21.301149],[-158.051068,21.301145],[-158.051183,21.30111],[-158.051237,21.301103],[-158.051332,21.301083],[-158.051418,21.30107],[-158.051556,21.301033],[-158.051689,21.301011],[-158.051818,21.301],[-158.0519,21.301012],[-158.051997,21.301033],[-158.05212,21.301067],[-158.05216,21.301063],[-158.052439,21.301112]]]},"properties":{}},{"type":"Feature","geometry":{"type":"Polygon","coordinates":[[[-157.709772,21.303497],[-157.709481,21.303597],[-157.709359,21.303636],[-157.709061,21.30374],[-157.708999,21.3036],[-157.708963,21.303505],[-157.708908,21.303344],[-157.708807,21.303007],[-157.708738,21.302586],[-157.708766,21.302505],[-157.708762,21.302383],[-157.708764,21.302261],[-157.708761,21.302006],[-157.708786,21.301904],[-157.709046,21.302071],[-157.709486,21.302352],[-157.709551,21.302396],[-157.709816,21.302102],[-157.710144,21.302355],[-157.71055,21.302428],[-157.710544,21.302546],[-157.710546,21.302704],[-157.710551,21.302785],[-157.710571,21.302943],[-157.710585,21.303022],[-157.710617,21.303158],[-157.710015,21.303413],[-157.709772,21.303497]]]},"properties":{}},{"type":"Feature","geometry":{"type":"Polygon","coordinates":[[[-158.027663,21.306736],[-158.027608,21.306537],[-158.027492,21.306135],[-158.027579,21.306128],[-158.027654,21.30614],[-158.027755,21.306125],[-158.027801,21.306089],[-158.027846,21.306067],[-158.027914,21.306044],[-158.028061,21.306007],[-158.028141,21.30598],[-158.02823,21.30596],[-158.0283,21.305961],[-158.028322,21.305977],[-158.028371,21.305991],[-158.028424,21.305982],[-158.02847,21.305966],[-158.028565,21.305919],[-158.028719,21.305866],[-158.028922,21.305781],[-158.029115,21.305697],[-158.02921,21.305643],[-158.029284,21.305614],[-158.029362,21.305576],[-158.02945,21.305527],[-158.029494,21.305509],[-158.029644,21.305431],[-158.029675,21.305409],[-158.029748,21.305368],[-158.029821,21.305339],[-158.029895,21.30532],[-158.030145,21.305235],[-158.030331,21.305182],[-158.030437,21.30514],[-158.030552,21.305082],[-158.030601,21.305066],[-158.030737,21.305001],[-158.03081,21.304975],[-158.030927,21.304964],[-158.031005,21.304951],[-158.031058,21.304933],[-158.0311,21.304911],[-158.031261,21.304858],[-158.031329,21.30484],[-158.031531,21.304771],[-158.031579,21.304751],[-158.031732,21.304702],[-158.031905,21.304629],[-158.032013,21.304602],[-158.032217,21.304529],[-158.032306,21.304487],[-158.032383,21.30444],[-158.03243,21.304424],[-158.032496,21.304411],[-158.032578,21.304387],[-158.032637,21.304376],[-158.03278,21.304379],[-158.032948,21.304377],[-158.03299,21.304384],[-158.033142,21.304383],[-158.033188,21.30437],[-158.033295,21.304327],[-158.033272,21.304497],[-158.033181,21.305135],[-158.033062,21.305984],[-158.032927,21.306945],[-158.032919,21.306995],[-158.032447,21.307108],[-158.032039,21.307207],[-158.030596,21.307562],[-158.030418,21.307606],[-158.030378,21.307522],[-158.030333,21.307441],[-158.030266,21.307337],[-158.030211,21.307262],[-158.030151,21.307189],[-158.030044,21.307075],[-158.029927,21.306971],[-158.029877,21.306932],[-158.029746,21.306841],[-158.029636,21.306777],[-158.029522,21.30672],[-158.029342,21.306649],[-158.029188,21.306603],[-158.029093,21.306582],[-158.028965,21.306563],[-158.028821,21.306551],[-158.028642,21.30655],[-158.028519,21.306558],[-158.028427,21.306569],[-158.028288,21.306593],[-158.02825,21.306604],[-158.027663,21.306736]]]},"properties":{}},{"type":"Feature","geometry":{"type":"Polygon","coordinates":[[[-158.024618,21.307039],[-158.024646,21.306698],[-158.024682,21.306233],[-158.024815,21.306216],[-158.024936,21.306187],[-158.024965,21.30619],[-158.02505,21.306184],[-158.025104,21.306186],[-158.025283,21.306176],[-158.025433,21.306174],[-158.025542,21.30618],[-158.025676,21.306196],[-158.025814,21.306199],[-158.026006,21.306214],[-158.026083,21.307028],[-158.025805,21.307049],[-158.025501,21.30706],[-158.025349,21.307064],[-158.025197,21.307063],[-158.024893,21.307057],[-158.024741,21.307049],[-158.024618,21.307039]]]},"properties":{}},{"type":"Feature","geometry":{"type":"Polygon","coordinates":[[[-158.024177,21.307012],[-158.02428,21.306283],[-158.024479,21.306257],[-158.024682,21.306233],[-158.024646,21.306698],[-158.024618,21.307039],[-158.024177,21.307012]]]},"properties":{}},{"type":"Feature","geometry":{"type":"Polygon","coordinates":[[[-158.026083,21.307028],[-158.026006,21.306214],[-158.026187,21.306222],[-158.02632,21.306223],[-158.026472,21.30621],[-158.026546,21.306208],[-158.02664,21.306193],[-158.026691,21.306191],[-158.026806,21.306171],[-158.026876,21.306154],[-158.02699,21.306118],[-158.027089,21.306096],[-158.027158,21.30609],[-158.027347,21.306028],[-158.027457,21.306008],[-158.027492,21.306135],[-158.027608,21.306537],[-158.027663,21.306736],[-158.027472,21.306792],[-158.02716,21.306867],[-158.027011,21.306897],[-158.026712,21.30695],[-158.026561,21.306972],[-158.02626,21.307011],[-158.026083,21.307028]]]},"properties":{}},{"type":"Feature","geometry":{"type":"Polygon","coordinates":[[[-158.023742,21.306984],[-158.023798,21.30668],[-158.023864,21.306305],[-158.02414,21.306293],[-158.02428,21.306283],[-158.024177,21.307012],[-158.023742,21.306984]]]},"properties":{}},{"type":"Feature","geometry":{"type":"Polygon","coordinates":[[[-158.023234,21.30695],[-158.023331,21.306657],[-158.023443,21.306274],[-158.023751,21.306307],[-158.023864,21.306305],[-158.023798,21.30668],[-158.023742,21.306984],[-158.02349,21.306969],[-158.023234,21.30695]]]},"properties":{}},{"type":"Feature","geometry":{"type":"Polygon","coordinates":[[[-158.023234,21.30695],[-158.022714,21.306927],[-158.022864,21.306573],[-158.023055,21.306142],[-158.023282,21.306216],[-158.023443,21.306274],[-158.023331,21.306657],[-158.023234,21.30695]]]},"properties":{}},{"type":"Feature","geometry":{"type":"Polygon","coordinates":[[[-158.058272,21.302399],[-158.058821,21.301882],[-158.064106,21.305418],[-158.06246,21.305483],[-158.062391,21.30677],[-158.057794,21.306772],[-158.057931,21.305422],[-158.057999,21.303748],[-158.058272,21.302399]]]},"properties":{}},{"type":"Feature","geometry":{"type":"Polygon","coordinates":[[[-157.786226,21.302486],[-157.786114,21.302228],[-157.786117,21.302228],[-157.786255,21.302172],[-157.786375,21.302426],[-157.786226,21.302486]]]},"properties":{}},{"type":"Feature","geometry":{"type":"Polygon","coordinates":[[[-157.836815,21.302358],[-157.836836,21.30236],[-157.8369,21.302395],[-157.837057,21.302531],[-157.837299,21.30275],[-157.837487,21.302914],[-157.837599,21.303018],[-157.837618,21.30305],[-157.837627,21.303113],[-157.837605,21.303172],[-157.837534,21.303255],[-157.837405,21.303412],[-157.837212,21.303639],[-157.837112,21.303742],[-157.836976,21.303872],[-157.836623,21.304215],[-157.836359,21.304476],[-157.836329,21.304493],[-157.836277,21.304495],[-157.836058,21.304381],[-157.836041,21.30441],[-157.835866,21.304316],[-157.835381,21.30406],[-157.835081,21.303904],[-157.835051,21.303861],[-157.835056,21.303821],[-157.835072,21.3038],[-157.835831,21.303049],[-157.836424,21.302464],[-157.836531,21.302361],[-157.836556,21.302343],[-157.836602,21.302327],[-157.836643,21.302327],[-157.836815,21.302358]]]},"properties":{}},{"type":"Feature","geometry":{"type":"Polygon","coordinates":[[[-157.841725,21.303806],[-157.841943,21.303586],[-157.841968,21.303595],[-157.842015,21.303634],[-157.842025,21.303656],[-157.842002,21.303715],[-157.841825,21.303894],[-157.841725,21.303806]]]},"properties":{}},{"type":"Feature","geometry":{"type":"Polygon","coordinates":[[[-157.81951,21.302705],[-157.818949,21.303638],[-157.818769,21.303542],[-157.818182,21.303235],[-157.818655,21.30273],[-157.818686,21.302685],[-157.818933,21.302676],[-157.819006,21.30269],[-157.819056,21.302629],[-157.819311,21.302676],[-157.819418,21.302657],[-157.81951,21.302705]]]},"properties":{}},{"type":"Feature","geometry":{"type":"Polygon","coordinates":[[[-157.849364,21.30365],[-157.849327,21.303668],[-157.849272,21.303663],[-157.848617,21.303426],[-157.848202,21.303274],[-157.84839,21.302813],[-157.84852,21.302488],[-157.848619,21.302247],[-157.848804,21.301786],[-157.848824,21.301741],[-157.848861,21.301709],[-157.8489,21.301694],[-157.848957,21.301694],[-157.84899,21.301708],[-157.849349,21.301834],[-157.849732,21.301968],[-157.84992,21.302037],[-157.849958,21.302055],[-157.849994,21.302103],[-157.849997,21.30213],[-157.849983,21.302169],[-157.849637,21.303018],[-157.84941,21.303572],[-157.849392,21.303617],[-157.849364,21.30365]]]},"properties":{}},{"type":"Feature","geometry":{"type":"Polygon","coordinates":[[[-157.785547,21.302468],[-157.785685,21.302412],[-157.785799,21.302661],[-157.78566,21.302719],[-157.785547,21.302468]]]},"properties":{}},{"type":"Feature","geometry":{"type":"Polygon","coordinates":[[[-157.785799,21.302661],[-157.785685,21.302412],[-157.785821,21.302357],[-157.785824,21.302354],[-157.785938,21.302604],[-157.785799,21.302661]]]},"properties":{}},{"type":"Feature","geometry":{"type":"Polygon","coordinates":[[[-157.833184,21.302773],[-157.832997,21.302959],[-157.832974,21.302986],[-157.832748,21.302888],[-157.832714,21.302851],[-157.832704,21.30282],[-157.832711,21.302772],[-157.833034,21.302291],[-157.83307,21.302321],[-157.833342,21.302533],[-157.833357,21.302551],[-157.83336,21.302591],[-157.833345,21.302609],[-157.833184,21.302773]]]},"properties":{}},{"type":"Feature","geometry":{"type":"Polygon","coordinates":[[[-157.785938,21.302604],[-157.785824,21.302354],[-157.785969,21.302294],[-157.786083,21.302544],[-157.785938,21.302604]]]},"properties":{}},{"type":"Feature","geometry":{"type":"Polygon","coordinates":[[[-157.786083,21.302544],[-157.785969,21.302294],[-157.786114,21.302228],[-157.786226,21.302486],[-157.786083,21.302544]]]},"properties":{}},{"type":"Feature","geometry":{"type":"Polygon","coordinates":[[[-157.837678,21.30261],[-157.837842,21.302756],[-157.837742,21.302857],[-157.837608,21.302734],[-157.837599,21.302709],[-157.83761,21.302677],[-157.837678,21.30261]]]},"properties":{}},{"type":"Feature","geometry":{"type":"Polygon","coordinates":[[[-157.785685,21.302412],[-157.785547,21.302468],[-157.785574,21.302416],[-157.785606,21.302308],[-157.785627,21.302175],[-157.785657,21.30213],[-157.785702,21.302101],[-157.785821,21.302357],[-157.785685,21.302412]]]},"properties":{}},{"type":"Feature","geometry":{"type":"Polygon","coordinates":[[[-157.786516,21.302366],[-157.786375,21.302426],[-157.786255,21.302172],[-157.786264,21.302168],[-157.786396,21.302115],[-157.786516,21.302366]]]},"properties":{}},{"type":"Feature","geometry":{"type":"Polygon","coordinates":[[[-157.837842,21.302756],[-157.837678,21.30261],[-157.837776,21.302516],[-157.837938,21.302662],[-157.837842,21.302756]]]},"properties":{}},{"type":"Feature","geometry":{"type":"Polygon","coordinates":[[[-157.786651,21.302302],[-157.786516,21.302366],[-157.786396,21.302115],[-157.786418,21.302108],[-157.786545,21.302059],[-157.786651,21.302302]]]},"properties":{}},{"type":"Feature","geometry":{"type":"Polygon","coordinates":[[[-157.785824,21.302354],[-157.785821,21.302357],[-157.785702,21.302101],[-157.785862,21.302034],[-157.785955,21.302256],[-157.785969,21.302294],[-157.785824,21.302354]]]},"properties":{}},{"type":"Feature","geometry":{"type":"Polygon","coordinates":[[[-157.837644,21.302578],[-157.837545,21.302677],[-157.837379,21.302524],[-157.837456,21.302448],[-157.837481,21.302433],[-157.837644,21.302578]]]},"properties":{}},{"type":"Feature","geometry":{"type":"Polygon","coordinates":[[[-157.786545,21.302059],[-157.786642,21.302019],[-157.786882,21.302211],[-157.786766,21.30226],[-157.786651,21.302302],[-157.786545,21.302059]]]},"properties":{}},{"type":"Feature","geometry":{"type":"Polygon","coordinates":[[[-157.786114,21.302228],[-157.785969,21.302294],[-157.785955,21.302256],[-157.785862,21.302034],[-157.786,21.301972],[-157.786117,21.302228],[-157.786114,21.302228]]]},"properties":{}},{"type":"Feature","geometry":{"type":"Polygon","coordinates":[[[-157.786255,21.302172],[-157.786117,21.302228],[-157.786,21.301972],[-157.786148,21.301914],[-157.786264,21.302168],[-157.786255,21.302172]]]},"properties":{}},{"type":"Feature","geometry":{"type":"Polygon","coordinates":[[[-157.786264,21.302168],[-157.786148,21.301914],[-157.786297,21.301854],[-157.786418,21.302108],[-157.786396,21.302115],[-157.786264,21.302168]]]},"properties":{}},{"type":"Feature","geometry":{"type":"Polygon","coordinates":[[[-157.785452,21.301785],[-157.785521,21.30176],[-157.785633,21.301994],[-157.785474,21.302058],[-157.78537,21.301832],[-157.785362,21.301825],[-157.785452,21.301785]]]},"properties":{}},{"type":"Feature","geometry":{"type":"Polygon","coordinates":[[[-157.786088,21.301803],[-157.785929,21.30187],[-157.785825,21.301638],[-157.785907,21.301605],[-157.785983,21.301574],[-157.786088,21.301803]]]},"properties":{}},{"type":"Feature","geometry":{"type":"Polygon","coordinates":[[[-157.786088,21.301803],[-157.785983,21.301574],[-157.786059,21.301543],[-157.786136,21.301507],[-157.786246,21.301739],[-157.786088,21.301803]]]},"properties":{}},{"type":"Feature","geometry":{"type":"Polygon","coordinates":[[[-157.785452,21.301785],[-157.785351,21.301563],[-157.785507,21.301501],[-157.785608,21.30172],[-157.785521,21.30176],[-157.785452,21.301785]]]},"properties":{}},{"type":"Feature","geometry":{"type":"Polygon","coordinates":[[[-157.79565,21.300302],[-157.795489,21.3001],[-157.79581,21.299917],[-157.795706,21.299769],[-157.795382,21.299964],[-157.794831,21.29928],[-157.794765,21.299331],[-157.79474,21.299313],[-157.794693,21.299342],[-157.794387,21.299469],[-157.794317,21.299529],[-157.794285,21.299567],[-157.794163,21.299478],[-157.794212,21.299454],[-157.794272,21.299405],[-157.794307,21.299382],[-157.794381,21.299356],[-157.794419,21.299331],[-157.794494,21.299314],[-157.794519,21.299314],[-157.794584,21.299292],[-157.794656,21.299283],[-157.79479,21.29925],[-157.79495,21.299168],[-157.795064,21.29904],[-157.795078,21.299049],[-157.795173,21.298982],[-157.795341,21.298812],[-157.795404,21.298704],[-157.79546,21.298571],[-157.795524,21.298429],[-157.795571,21.298276],[-157.795968,21.298601],[-157.796997,21.299429],[-157.795987,21.300499],[-157.795892,21.300597],[-157.79565,21.300302]]]},"properties":{}},{"type":"Feature","geometry":{"type":"Polygon","coordinates":[[[-157.795504,21.300457],[-157.795425,21.300402],[-157.795152,21.300208],[-157.794749,21.299912],[-157.794848,21.299793],[-157.794665,21.299538],[-157.794811,21.299366],[-157.794765,21.299331],[-157.794831,21.29928],[-157.795382,21.299964],[-157.795706,21.299769],[-157.79581,21.299917],[-157.795489,21.3001],[-157.79565,21.300302],[-157.795504,21.300457]]]},"properties":{}},{"type":"Feature","geometry":{"type":"Polygon","coordinates":[[[-157.856083,21.300568],[-157.856036,21.300575],[-157.856016,21.300566],[-157.85586,21.300382],[-157.856069,21.300229],[-157.85625,21.300445],[-157.856083,21.300568]]]},"properties":{}},{"type":"Feature","geometry":{"type":"Polygon","coordinates":[[[-157.869923,21.29993],[-157.869937,21.299912],[-157.869936,21.299881],[-157.869956,21.299847],[-157.870003,21.299791],[-157.87004,21.299732],[-157.870084,21.299674],[-157.870112,21.299584],[-157.870128,21.299552],[-157.87021,21.299467],[-157.870264,21.299391],[-157.870314,21.299355],[-157.870361,21.299312],[-157.870389,21.299267],[-157.870416,21.299245],[-157.870497,21.299157],[-157.870536,21.299108],[-157.870594,21.299056],[-157.870657,21.299023],[-157.870736,21.298899],[-157.87077,21.298856],[-157.870821,21.298805],[-157.870869,21.298771],[-157.870902,21.298758],[-157.870928,21.298729],[-157.871003,21.298732],[-157.871028,21.298752],[-157.871084,21.298775],[-157.871126,21.298809],[-157.871186,21.298846],[-157.8712,21.298846],[-157.871314,21.298898],[-157.871419,21.29894],[-157.871475,21.298945],[-157.871525,21.298972],[-157.871585,21.298979],[-157.8716,21.298995],[-157.871657,21.29902],[-157.871742,21.299073],[-157.871802,21.299116],[-157.871845,21.299157],[-157.871896,21.299185],[-157.871945,21.299199],[-157.872016,21.299251],[-157.872069,21.299272],[-157.87211,21.299267],[-157.872143,21.299274],[-157.872198,21.299268],[-157.872255,21.299273],[-157.872296,21.299305],[-157.872366,21.299344],[-157.872463,21.299419],[-157.872512,21.299444],[-157.872522,21.299489],[-157.872561,21.299528],[-157.872647,21.299544],[-157.872675,21.29954],[-157.872698,21.299554],[-157.872758,21.299552],[-157.872842,21.29958],[-157.872904,21.299593],[-157.872978,21.29963],[-157.872993,21.299644],[-157.873063,21.299667],[-157.873117,21.299701],[-157.873241,21.299745],[-157.873289,21.29977],[-157.873336,21.299786],[-157.873395,21.299818],[-157.873474,21.299834],[-157.873504,21.299835],[-157.873554,21.299849],[-157.873626,21.299883],[-157.873691,21.299908],[-157.873715,21.299926],[-157.87386,21.299982],[-157.873893,21.300002],[-157.874027,21.300059],[-157.874107,21.30011],[-157.874271,21.300165],[-157.874309,21.300195],[-157.874384,21.30022],[-157.874437,21.300254],[-157.874519,21.300293],[-157.874608,21.30033],[-157.874651,21.300335],[-157.874751,21.300401],[-157.874954,21.300499],[-157.875004,21.300515],[-157.875034,21.300536],[-157.87509,21.300559],[-157.875164,21.300605],[-157.875183,21.300607],[-157.875235,21.300648],[-157.875348,21.300676],[-157.875428,21.300715],[-157.875553,21.300819],[-157.875633,21.300863],[-157.875676,21.300895],[-157.875739,21.3009],[-157.875888,21.300932],[-157.875993,21.300933],[-157.876102,21.300954],[-157.876154,21.300952],[-157.87623,21.300959],[-157.876307,21.300953],[-157.876494,21.300982],[-157.876622,21.300973],[-157.876655,21.300987],[-157.876713,21.300999],[-157.876772,21.301001],[-157.876087,21.302388],[-157.869923,21.29993]]]},"properties":{}},{"type":"Feature","geometry":{"type":"Polygon","coordinates":[[[-157.785608,21.30172],[-157.785507,21.301501],[-157.785652,21.301438],[-157.785764,21.301665],[-157.785608,21.30172]]]},"properties":{}},{"type":"Feature","geometry":{"type":"Polygon","coordinates":[[[-157.785764,21.301665],[-157.785652,21.301438],[-157.785806,21.301383],[-157.785907,21.301605],[-157.785825,21.301638],[-157.785764,21.301665]]]},"properties":{}},{"type":"Feature","geometry":{"type":"Polygon","coordinates":[[[-157.838443,21.302035],[-157.838247,21.301857],[-157.837618,21.301295],[-157.837891,21.301019],[-157.83808,21.300833],[-157.838305,21.300916],[-157.838831,21.301105],[-157.838884,21.301144],[-157.838907,21.301203],[-157.838898,21.301252],[-157.838852,21.301335],[-157.83871,21.301578],[-157.838574,21.301815],[-157.838479,21.301976],[-157.838443,21.302035]]]},"properties":{}},{"type":"Feature","geometry":{"type":"Polygon","coordinates":[[[-157.785907,21.301605],[-157.785806,21.301383],[-157.785956,21.301321],[-157.786059,21.301543],[-157.785983,21.301574],[-157.785907,21.301605]]]},"properties":{}},{"type":"Feature","geometry":{"type":"Polygon","coordinates":[[[-157.671334,21.300045],[-157.671306,21.299898],[-157.671247,21.299559],[-157.671221,21.29943],[-157.671161,21.299172],[-157.671092,21.298916],[-157.671085,21.298898],[-157.671411,21.298891],[-157.67174,21.298887],[-157.673241,21.298861],[-157.673233,21.298917],[-157.6732,21.299102],[-157.673182,21.299192],[-157.673139,21.299375],[-157.67309,21.299555],[-157.673062,21.299645],[-157.673003,21.299823],[-157.672954,21.299954],[-157.67267,21.299972],[-157.672273,21.299994],[-157.671988,21.300012],[-157.671701,21.300027],[-157.67134,21.300049],[-157.671334,21.300045]]]},"properties":{}},{"type":"Feature","geometry":{"type":"Polygon","coordinates":[[[-157.795892,21.300597],[-157.795835,21.300649],[-157.795787,21.300649],[-157.795504,21.300457],[-157.79565,21.300302],[-157.795892,21.300597]]]},"properties":{}},{"type":"Feature","geometry":{"type":"Polygon","coordinates":[[[-157.755011,21.298001],[-157.754954,21.297799],[-157.755239,21.297729],[-157.755295,21.29793],[-157.755011,21.298001]]]},"properties":{}},{"type":"Feature","geometry":{"type":"Polygon","coordinates":[[[-158.057466,21.300687],[-158.05759,21.300676],[-158.057665,21.300661],[-158.057856,21.300634],[-158.05812,21.300589],[-158.058204,21.300587],[-158.058397,21.300565],[-158.058488,21.300545],[-158.058668,21.300517],[-158.058874,21.300473],[-158.058933,21.300469],[-158.059087,21.300434],[-158.059135,21.300407],[-158.059198,21.300385],[-158.059296,21.300369],[-158.059477,21.300327],[-158.059774,21.300288],[-158.059883,21.300278],[-158.060003,21.30026],[-158.060145,21.300236],[-158.060233,21.300237],[-158.060281,21.300228],[-158.060404,21.300231],[-158.060512,21.300238],[-158.060717,21.300258],[-158.060843,21.300256],[-158.061005,21.300246],[-158.061109,21.300235],[-158.061173,21.300222],[-158.061224,21.300199],[-158.061271,21.300191],[-158.061339,21.300186],[-158.061374,21.300178],[-158.06145,21.300174],[-158.061571,21.300183],[-158.061739,21.300191],[-158.061819,21.300191],[-158.061873,21.300178],[-158.061933,21.300172],[-158.062046,21.300141],[-158.062163,21.300123],[-158.062249,21.300124],[-158.062418,21.30012],[-158.062515,21.300123],[-158.062598,21.300119],[-158.062865,21.300134],[-158.062913,21.300121],[-158.062986,21.300119],[-158.063038,21.30013],[-158.063272,21.300127],[-158.063308,21.300116],[-158.063416,21.300096],[-158.063494,21.300095],[-158.063655,21.300068],[-158.063801,21.300058],[-158.063885,21.300038],[-158.063991,21.300041],[-158.064097,21.300037],[-158.064224,21.300013],[-158.064299,21.300009],[-158.064529,21.299976],[-158.06459,21.299958],[-158.064706,21.299959],[-158.064802,21.299946],[-158.064892,21.299958],[-158.064957,21.299945],[-158.065054,21.299954],[-158.065065,21.29995],[-158.064859,21.300852],[-158.062046,21.300724],[-158.06033,21.300917],[-158.058478,21.301304],[-158.057929,21.301627],[-158.057466,21.300687]]]},"properties":{}},{"type":"Feature","geometry":{"type":"Polygon","coordinates":[[[-157.858513,21.299135],[-157.858778,21.299437],[-157.858219,21.299867],[-157.858171,21.29988],[-157.858136,21.29986],[-157.857893,21.299585],[-157.858498,21.299117],[-157.858513,21.299135]]]},"properties":{}},{"type":"Feature","geometry":{"type":"Polygon","coordinates":[[[-157.796997,21.299429],[-157.795968,21.298601],[-157.796539,21.298454],[-157.796717,21.298268],[-157.797202,21.298147],[-157.79727,21.298202],[-157.797688,21.298551],[-157.797595,21.298712],[-157.797542,21.298796],[-157.797457,21.298917],[-157.797364,21.299034],[-157.797262,21.299151],[-157.796997,21.299429]]]},"properties":{}},{"type":"Feature","geometry":{"type":"Polygon","coordinates":[[[-158.073473,21.299411],[-158.073822,21.298318],[-158.07398,21.298266],[-158.073987,21.298255],[-158.074083,21.298229],[-158.074198,21.298189],[-158.074238,21.298159],[-158.074306,21.298137],[-158.074349,21.298099],[-158.074399,21.29809],[-158.074475,21.29805],[-158.074575,21.29803],[-158.07466,21.297988],[-158.074819,21.297959],[-158.074859,21.297971],[-158.074893,21.298007],[-158.074924,21.297994],[-158.074945,21.298017],[-158.075041,21.298046],[-158.0751,21.298054],[-158.075166,21.29807],[-158.075218,21.298133],[-158.075354,21.298202],[-158.075411,21.298213],[-158.075476,21.298211],[-158.075631,21.298224],[-158.075699,21.298224],[-158.075752,21.298231],[-158.075868,21.298211],[-158.075974,21.298203],[-158.075999,21.298187],[-158.076056,21.298176],[-158.076195,21.298159],[-158.076268,21.298146],[-158.076407,21.298174],[-158.076457,21.29816],[-158.076495,21.298165],[-158.076543,21.298159],[-158.076553,21.298172],[-158.076613,21.29817],[-158.076708,21.298153],[-158.076813,21.298119],[-158.076932,21.298097],[-158.077011,21.298073],[-158.077054,21.298051],[-158.077092,21.29804],[-158.077117,21.298017],[-158.077157,21.297959],[-158.077207,21.29793],[-158.077257,21.297876],[-158.077302,21.297856],[-158.077352,21.297824],[-158.077375,21.297797],[-158.077395,21.297793],[-158.077478,21.297795],[-158.077585,21.297839],[-158.077646,21.297837],[-158.077729,21.297851],[-158.07775,21.297874],[-158.077788,21.297885],[-158.077849,21.297929],[-158.077895,21.297947],[-158.077994,21.297945],[-158.078052,21.297968],[-158.078077,21.297998],[-158.078148,21.298],[-158.07819,21.298012],[-158.078243,21.298005],[-158.078306,21.297985],[-158.078347,21.297949],[-158.078446,21.297921],[-158.07846,21.297905],[-158.078496,21.297905],[-158.078568,21.297894],[-158.078646,21.297928],[-158.078662,21.297944],[-158.078718,21.297947],[-158.078789,21.29799],[-158.078847,21.298],[-158.078904,21.298],[-158.078958,21.297982],[-158.079032,21.297978],[-158.07909,21.297992],[-158.078776,21.298731],[-158.078415,21.299353],[-158.077511,21.300933],[-158.076788,21.300652],[-158.077089,21.299973],[-158.07745,21.299126],[-158.076546,21.299128],[-158.074919,21.299297],[-158.073473,21.299411]]]},"properties":{}},{"type":"Feature","geometry":{"type":"Polygon","coordinates":[[[-157.858513,21.299135],[-157.858909,21.29883],[-157.859173,21.29913],[-157.858778,21.299437],[-157.858513,21.299135]]]},"properties":{}},{"type":"Feature","geometry":{"type":"Polygon","coordinates":[[[-157.827037,21.299176],[-157.826957,21.299116],[-157.826949,21.299091],[-157.826973,21.299042],[-157.827066,21.299018],[-157.827119,21.299054],[-157.827037,21.299176]]]},"properties":{}},{"type":"Feature","geometry":{"type":"Polygon","coordinates":[[[-157.755077,21.298234],[-157.755252,21.298183],[-157.75536,21.298157],[-157.755419,21.298367],[-157.755134,21.298435],[-157.755077,21.298234]]]},"properties":{}},{"type":"Feature","geometry":{"type":"Polygon","coordinates":[[[-157.754726,21.298071],[-157.755011,21.298001],[-157.755077,21.298234],[-157.754792,21.298306],[-157.754726,21.298071]]]},"properties":{}},{"type":"Feature","geometry":{"type":"Polygon","coordinates":[[[-157.755526,21.29821],[-157.75548,21.298051],[-157.755866,21.297955],[-157.755911,21.298113],[-157.755526,21.29821]]]},"properties":{}},{"type":"Feature","geometry":{"type":"Polygon","coordinates":[[[-157.754726,21.298071],[-157.754669,21.297872],[-157.754954,21.297799],[-157.755011,21.298001],[-157.754726,21.298071]]]},"properties":{}},{"type":"Feature","geometry":{"type":"Polygon","coordinates":[[[-157.68635,21.296534],[-157.687447,21.295077],[-157.687632,21.295198],[-157.688093,21.295493],[-157.688788,21.295939],[-157.688842,21.295968],[-157.688874,21.296014],[-157.688867,21.29607],[-157.688477,21.2966],[-157.687828,21.29748],[-157.687518,21.297281],[-157.687226,21.297096],[-157.686643,21.296721],[-157.68635,21.296534]]]},"properties":{}},{"type":"Feature","geometry":{"type":"Polygon","coordinates":[[[-157.844464,21.297478],[-157.844902,21.297635],[-157.84489,21.297662],[-157.844928,21.297698],[-157.844926,21.297732],[-157.844609,21.29852],[-157.844592,21.298543],[-157.844536,21.298558],[-157.844165,21.298427],[-157.844022,21.298374],[-157.84399,21.298329],[-157.843995,21.298302],[-157.84408,21.298135],[-157.844388,21.297509],[-157.84441,21.297485],[-157.844464,21.297478]]]},"properties":{}},{"type":"Feature","geometry":{"type":"Polygon","coordinates":[[[-157.754669,21.297872],[-157.754613,21.297672],[-157.754898,21.297602],[-157.754954,21.297799],[-157.754669,21.297872]]]},"properties":{}},{"type":"Feature","geometry":{"type":"Polygon","coordinates":[[[-157.755427,21.297866],[-157.755382,21.297703],[-157.755769,21.297609],[-157.755814,21.297769],[-157.755427,21.297866]]]},"properties":{}},{"type":"Feature","geometry":{"type":"Polygon","coordinates":[[[-157.754954,21.297799],[-157.754898,21.297602],[-157.755182,21.297532],[-157.755239,21.297729],[-157.754954,21.297799]]]},"properties":{}},{"type":"Feature","geometry":{"type":"Polygon","coordinates":[[[-157.754613,21.297672],[-157.754556,21.297471],[-157.754841,21.297401],[-157.754898,21.297602],[-157.754613,21.297672]]]},"properties":{}},{"type":"Feature","geometry":{"type":"Polygon","coordinates":[[[-157.754898,21.297602],[-157.754841,21.297401],[-157.755126,21.297331],[-157.755182,21.297532],[-157.754898,21.297602]]]},"properties":{}},{"type":"Feature","geometry":{"type":"Polygon","coordinates":[[[-157.709459,21.297169],[-157.709108,21.297126],[-157.708926,21.297113],[-157.708813,21.297114],[-157.70876,21.297119],[-157.708749,21.297049],[-157.708701,21.297046],[-157.708696,21.296847],[-157.708691,21.296551],[-157.708647,21.296397],[-157.708589,21.296182],[-157.708583,21.296128],[-157.708478,21.295836],[-157.708435,21.295705],[-157.708381,21.295505],[-157.708335,21.295286],[-157.709609,21.295377],[-157.710055,21.29541],[-157.709258,21.296434],[-157.709459,21.297169]]]},"properties":{}},{"type":"Feature","geometry":{"type":"Polygon","coordinates":[[[-157.754841,21.297401],[-157.754792,21.297197],[-157.755068,21.297127],[-157.755126,21.297331],[-157.754841,21.297401]]]},"properties":{}},{"type":"Feature","geometry":{"type":"Polygon","coordinates":[[[-157.754743,21.296985],[-157.754792,21.297197],[-157.754511,21.297265],[-157.754498,21.297166],[-157.754492,21.297044],[-157.754743,21.296985]]]},"properties":{}},{"type":"Feature","geometry":{"type":"Polygon","coordinates":[[[-157.754792,21.297197],[-157.754743,21.296985],[-157.755008,21.296917],[-157.755068,21.297127],[-157.754792,21.297197]]]},"properties":{}},{"type":"Feature","geometry":{"type":"Polygon","coordinates":[[[-157.68635,21.296534],[-157.686344,21.296532],[-157.686,21.29631],[-157.685562,21.296033],[-157.685421,21.295939],[-157.685275,21.295848],[-157.684983,21.29566],[-157.684773,21.295532],[-157.684512,21.29537],[-157.684641,21.295193],[-157.685285,21.294922],[-157.685254,21.294859],[-157.685935,21.294573],[-157.686192,21.294231],[-157.68658,21.294494],[-157.687351,21.295013],[-157.687447,21.295077],[-157.68635,21.296534]]]},"properties":{}},{"type":"Feature","geometry":{"type":"Polygon","coordinates":[[[-157.790833,21.296193],[-157.790348,21.295935],[-157.789867,21.295685],[-157.790048,21.295379],[-157.79113,21.295938],[-157.791089,21.296003],[-157.791037,21.296062],[-157.790969,21.29612],[-157.790901,21.296162],[-157.790833,21.296193]]]},"properties":{}},{"type":"Feature","geometry":{"type":"Polygon","coordinates":[[[-157.805949,21.296685],[-157.805894,21.296588],[-157.805825,21.296449],[-157.805773,21.29632],[-157.805728,21.296196],[-157.8057,21.296098],[-157.805675,21.295994],[-157.805649,21.295843],[-157.805633,21.295678],[-157.805632,21.295646],[-157.806084,21.295629],[-157.806092,21.295726],[-157.80611,21.295855],[-157.806128,21.295939],[-157.806159,21.296054],[-157.806216,21.296229],[-157.806268,21.296331],[-157.806298,21.296401],[-157.806384,21.296544],[-157.805996,21.296762],[-157.805949,21.296685]]]},"properties":{}},{"type":"Feature","geometry":{"type":"Polygon","coordinates":[[[-157.724988,21.296039],[-157.724609,21.296061],[-157.724564,21.295825],[-157.724564,21.295645],[-157.724504,21.295387],[-157.72449,21.295315],[-157.724501,21.295312],[-157.724588,21.295067],[-157.724489,21.295037],[-157.724483,21.295007],[-157.724656,21.29497],[-157.72463,21.294848],[-157.72481,21.294816],[-157.724825,21.294906],[-157.724839,21.294965],[-157.724928,21.295282],[-157.724943,21.295359],[-157.72495,21.295435],[-157.724988,21.296039]]]},"properties":{}},{"type":"Feature","geometry":{"type":"Polygon","coordinates":[[[-157.72389,21.295805],[-157.72367,21.29583],[-157.723658,21.29574],[-157.723389,21.295767],[-157.723189,21.29579],[-157.723041,21.294929],[-157.724181,21.294847],[-157.724226,21.294897],[-157.724262,21.294954],[-157.724291,21.295024],[-157.724339,21.295255],[-157.724296,21.295263],[-157.724312,21.295345],[-157.724387,21.295334],[-157.724457,21.295669],[-157.72447,21.295703],[-157.72428,21.295726],[-157.72423,21.295708],[-157.724215,21.295681],[-157.724092,21.295691],[-157.724103,21.295779],[-157.72389,21.295805]]]},"properties":{}},{"type":"Feature","geometry":{"type":"Polygon","coordinates":[[[-157.790833,21.296193],[-157.79078,21.296211],[-157.790711,21.296226],[-157.79065,21.296233],[-157.790568,21.296232],[-157.790508,21.296225],[-157.790428,21.296206],[-157.790372,21.296185],[-157.790296,21.296144],[-157.790246,21.29613],[-157.790193,21.29613],[-157.790092,21.296147],[-157.790076,21.296061],[-157.789705,21.295959],[-157.789867,21.295685],[-157.790348,21.295935],[-157.790833,21.296193]]]},"properties":{}},{"type":"Feature","geometry":{"type":"Polygon","coordinates":[[[-157.790092,21.296147],[-157.789623,21.296221],[-157.789582,21.296193],[-157.789586,21.296162],[-157.789705,21.295959],[-157.790076,21.296061],[-157.790092,21.296147]]]},"properties":{}},{"type":"Feature","geometry":{"type":"Polygon","coordinates":[[[-157.837646,21.296078],[-157.837861,21.296078],[-157.83786,21.296193],[-157.838071,21.296194],[-157.838071,21.296242],[-157.838042,21.296241],[-157.838042,21.29628],[-157.837663,21.29628],[-157.837663,21.29637],[-157.837469,21.296371],[-157.837469,21.296192],[-157.837321,21.296194],[-157.837322,21.296291],[-157.837241,21.29629],[-157.837241,21.296152],[-157.837208,21.296152],[-157.837208,21.296118],[-157.837646,21.296117],[-157.837646,21.296078]]]},"properties":{}},{"type":"Feature","geometry":{"type":"Polygon","coordinates":[[[-158.105226,21.297159],[-158.105208,21.297215],[-158.105162,21.297325],[-158.105138,21.29737],[-158.104992,21.297605],[-158.10493,21.297697],[-158.104062,21.297209],[-158.103434,21.297558],[-158.10293,21.297838],[-158.102873,21.297381],[-158.102865,21.297336],[-158.102869,21.297273],[-158.102896,21.297192],[-158.102935,21.297133],[-158.103046,21.296994],[-158.103468,21.296454],[-158.103725,21.296128],[-158.103749,21.296125],[-158.103945,21.295869],[-158.104064,21.295897],[-158.10417,21.295915],[-158.104271,21.295945],[-158.10432,21.295954],[-158.104417,21.295982],[-158.104541,21.296001],[-158.104668,21.296035],[-158.104716,21.29604],[-158.10481,21.296041],[-158.104819,21.296095],[-158.104818,21.296845],[-158.105259,21.296845],[-158.105256,21.296983],[-158.105243,21.297084],[-158.105226,21.297159]]]},"properties":{}},{"type":"Feature","geometry":{"type":"Polygon","coordinates":[[[-158.105427,21.296136],[-158.105429,21.296071],[-158.105486,21.296074],[-158.105531,21.296062],[-158.105742,21.296034],[-158.105827,21.296037],[-158.105908,21.296067],[-158.106046,21.296088],[-158.106196,21.29615],[-158.106235,21.296179],[-158.106305,21.296249],[-158.106343,21.296304],[-158.106404,21.296345],[-158.106463,21.296368],[-158.106554,21.296416],[-158.106632,21.296473],[-158.106669,21.296507],[-158.106769,21.296568],[-158.106763,21.296663],[-158.106763,21.297271],[-158.106391,21.297271],[-158.10624,21.297586],[-158.105426,21.297241],[-158.105427,21.296136]],[[-158.106277,21.296322],[-158.106151,21.296235],[-158.105978,21.296212],[-158.10592,21.296383],[-158.106215,21.296477],[-158.106277,21.296322]]]},"properties":{}},{"type":"Feature","geometry":{"type":"Polygon","coordinates":[[[-157.866653,21.294511],[-157.865146,21.295995],[-157.862391,21.293958],[-157.862708,21.293558],[-157.862455,21.293394],[-157.863074,21.292637],[-157.86244,21.292131],[-157.861664,21.291507],[-157.86149,21.29158],[-157.860587,21.291046],[-157.86092,21.290689],[-157.861063,21.290541],[-157.861222,21.290483],[-157.861443,21.290706],[-157.861823,21.291002],[-157.862441,21.291388],[-157.862789,21.291686],[-157.862932,21.291597],[-157.863153,21.291673],[-157.86336,21.291896],[-157.863407,21.292],[-157.864737,21.293009],[-157.866653,21.294511]]]},"properties":{}},{"type":"Feature","geometry":{"type":"Polygon","coordinates":[[[-157.677004,21.293436],[-157.679487,21.292377],[-157.680751,21.291786],[-157.682121,21.290853],[-157.683045,21.289956],[-157.683889,21.288922],[-157.684207,21.287592],[-157.684105,21.286308],[-157.683265,21.285369],[-157.682002,21.28512],[-157.680318,21.285314],[-157.679317,21.285955],[-157.678894,21.286891],[-157.678365,21.287975],[-157.677942,21.289058],[-157.677309,21.289896],[-157.676385,21.290453],[-157.67626,21.289833],[-157.676105,21.289062],[-157.675765,21.288887],[-157.67486,21.288426],[-157.674021,21.288002],[-157.673942,21.287961],[-157.672695,21.287328],[-157.672059,21.287002],[-157.672425,21.286808],[-157.67429,21.285829],[-157.674452,21.285745],[-157.674642,21.28564],[-157.67477,21.285562],[-157.674893,21.285477],[-157.674972,21.285417],[-157.675088,21.285323],[-157.675233,21.285189],[-157.675334,21.285081],[-157.67546,21.284931],[-157.675803,21.284477],[-157.675896,21.284349],[-157.675969,21.284253],[-157.676405,21.283671],[-157.676544,21.283494],[-157.676659,21.283359],[-157.676761,21.283245],[-157.676884,21.283117],[-157.677017,21.282989],[-157.677196,21.282826],[-157.677321,21.282721],[-157.677446,21.282622],[-157.677563,21.282535],[-157.677528,21.282492],[-157.677743,21.282338],[-157.677821,21.28228],[-157.677891,21.282213],[-157.677972,21.282112],[-157.67803,21.282017],[-157.678063,21.281945],[-157.678099,21.281842],[-157.678117,21.281765],[-157.678126,21.281686],[-157.678139,21.281325],[-157.678153,21.281216],[-157.67819,21.281077],[-157.67823,21.280975],[-157.678283,21.280879],[-157.678323,21.280818],[-157.678541,21.280551],[-157.678602,21.280493],[-157.678725,21.280388],[-157.678857,21.280294],[-157.679005,21.280205],[-157.679264,21.280062],[-157.679758,21.279786],[-157.680321,21.279472],[-157.680445,21.27941],[-157.680512,21.279383],[-157.680589,21.279359],[-157.680716,21.279333],[-157.680819,21.279325],[-157.681563,21.279299],[-157.681677,21.279286],[-157.681762,21.279266],[-157.681869,21.279227],[-157.681945,21.279189],[-157.682039,21.279126],[-157.682083,21.279091],[-157.682152,21.279021],[-157.682211,21.278945],[-157.682267,21.27885],[-157.682307,21.278749],[-157.682322,21.278695],[-157.682337,21.278616],[-157.682343,21.278526],[-157.682358,21.278442],[-157.682379,21.278375],[-157.682412,21.278303],[-157.682451,21.27824],[-157.682495,21.278186],[-157.682557,21.278125],[-157.682609,21.278085],[-157.683454,21.277559],[-157.683547,21.277503],[-157.683658,21.277443],[-157.683753,21.277401],[-157.683934,21.277332],[-157.684108,21.277275],[-157.684214,21.277244],[-157.684355,21.277207],[-157.684491,21.277176],[-157.684653,21.277135],[-157.684722,21.277113],[-157.68483,21.277071],[-157.68495,21.277017],[-157.685088,21.276939],[-157.685163,21.276883],[-157.685407,21.276673],[-157.685507,21.276606],[-157.685586,21.276566],[-157.685684,21.276531],[-157.685789,21.276507],[-157.685897,21.276496],[-157.686049,21.276502],[-157.68701,21.276591],[-157.68711,21.276596],[-157.687239,21.276583],[-157.687309,21.276568],[-157.687443,21.276522],[-157.687555,21.276462],[-157.687655,21.276386],[-157.687714,21.276327],[-157.687775,21.276251],[-157.687831,21.276159],[-157.687864,21.276085],[-157.687888,21.276008],[-157.687905,21.275938],[-157.688011,21.275444],[-157.688165,21.274746],[-157.688251,21.274344],[-157.688347,21.273916],[-157.688444,21.273472],[-157.688456,21.273413],[-157.688477,21.273352],[-157.688508,21.273285],[-157.688569,21.273195],[-157.688644,21.273116],[-157.688705,21.27307],[-157.688772,21.273029],[-157.688854,21.272994],[-157.68893,21.272972],[-157.689053,21.272955],[-157.689131,21.272955],[-157.68921,21.272965],[-157.689308,21.272991],[-157.68939,21.273025],[-157.689458,21.273064],[-157.689554,21.273137],[-157.689864,21.273386],[-157.690169,21.273623],[-157.690356,21.273773],[-157.690351,21.273785],[-157.690558,21.273949],[-157.690688,21.274056],[-157.690761,21.274113],[-157.691007,21.274289],[-157.691142,21.274376],[-157.691288,21.274465],[-157.69146,21.274561],[-157.691613,21.274641],[-157.691773,21.274719],[-157.69191,21.274784],[-157.692162,21.27489],[-157.692299,21.27494],[-157.692496,21.275007],[-157.691416,21.277332],[-157.691368,21.277422],[-157.691345,21.277508],[-157.691336,21.277573],[-157.691332,21.277661],[-157.691339,21.277738],[-157.691378,21.277978],[-157.691383,21.27805],[-157.691381,21.278115],[-157.691373,21.278176],[-157.691349,21.278269],[-157.691198,21.278636],[-157.691047,21.278587],[-157.69022,21.279023],[-157.690678,21.279849],[-157.691134,21.279843],[-157.691203,21.27995],[-157.691949,21.281119],[-157.692541,21.280814],[-157.693023,21.280944],[-157.694058,21.280388],[-157.69452,21.280999],[-157.694102,21.281739],[-157.693787,21.282294],[-157.693311,21.283128],[-157.692956,21.283751],[-157.692503,21.284556],[-157.692047,21.285354],[-157.69171,21.285945],[-157.691496,21.286305],[-157.691399,21.286474],[-157.690978,21.287112],[-157.69067,21.287575],[-157.689855,21.288797],[-157.689332,21.289136],[-157.68896,21.289379],[-157.688515,21.289672],[-157.687986,21.290015],[-157.687499,21.290335],[-157.686972,21.290615],[-157.686315,21.290967],[-157.685979,21.291145],[-157.68573,21.291281],[-157.685244,21.291539],[-157.684956,21.291695],[-157.6847,21.291821],[-157.684447,21.291948],[-157.682896,21.292365],[-157.682175,21.292563],[-157.681603,21.292721],[-157.681087,21.292927],[-157.680562,21.293144],[-157.680056,21.293343],[-157.678245,21.294072],[-157.677213,21.294486],[-157.677082,21.29385],[-157.677004,21.293436]]]},"properties":{}},{"type":"Feature","geometry":{"type":"Polygon","coordinates":[[[-158.105226,21.297159],[-158.105243,21.297084],[-158.105256,21.296983],[-158.105259,21.296845],[-158.104818,21.296845],[-158.104819,21.296095],[-158.105227,21.296104],[-158.105427,21.296136],[-158.105426,21.297241],[-158.105226,21.297159]]]},"properties":{}},{"type":"Feature","geometry":{"type":"Polygon","coordinates":[[[-157.661833,21.293513],[-157.661868,21.293341],[-157.661913,21.293154],[-157.661953,21.293028],[-157.661999,21.292904],[-157.662053,21.292783],[-157.662134,21.292625],[-157.66218,21.292549],[-157.662253,21.292437],[-157.662332,21.292329],[-157.662389,21.292259],[-157.662508,21.292125],[-157.662638,21.291999],[-157.662706,21.291939],[-157.662812,21.291854],[-157.662923,21.291773],[-157.663078,21.291675],[-157.663159,21.291631],[-157.663412,21.291502],[-157.663554,21.291426],[-157.66366,21.291373],[-157.663816,21.291299],[-157.664181,21.291113],[-157.664618,21.290879],[-157.665121,21.290605],[-157.665177,21.290599],[-157.66522,21.290613],[-157.665262,21.290654],[-157.66555,21.29113],[-157.665636,21.291255],[-157.665682,21.291314],[-157.665765,21.291412],[-157.665892,21.29154],[-157.66598,21.291608],[-157.666094,21.291686],[-157.6649,21.292482],[-157.664395,21.292826],[-157.663658,21.293148],[-157.663397,21.293263],[-157.663212,21.293336],[-157.663071,21.293383],[-157.662977,21.293409],[-157.662856,21.293437],[-157.662683,21.293468],[-157.662559,21.293482],[-157.66237,21.293494],[-157.662358,21.293289],[-157.662023,21.293297],[-157.662025,21.293503],[-157.661833,21.293513]]]},"properties":{}},{"type":"Feature","geometry":{"type":"Polygon","coordinates":[[[-157.662025,21.291416],[-157.662369,21.291859],[-157.662241,21.291989],[-157.662175,21.292063],[-157.662052,21.292218],[-157.661967,21.292339],[-157.661914,21.292423],[-157.661819,21.292593],[-157.661755,21.292726],[-157.661682,21.292906],[-157.661651,21.292999],[-157.661611,21.293138],[-157.661588,21.293233],[-157.661561,21.293375],[-157.661543,21.293506],[-157.659126,21.293548],[-157.659089,21.293527],[-157.659038,21.293511],[-157.658913,21.293442],[-157.658769,21.293369],[-157.658706,21.293343],[-157.658655,21.293304],[-157.658591,21.293268],[-157.658531,21.29322],[-157.658461,21.293192],[-157.658424,21.293169],[-157.65828,21.293114],[-157.658253,21.293109],[-157.658167,21.293063],[-157.658119,21.293029],[-157.65809,21.292995],[-157.658061,21.292929],[-157.658054,21.292893],[-157.658064,21.29285],[-157.65812,21.292806],[-157.65824,21.292741],[-157.658366,21.292663],[-157.658384,21.292656],[-157.65846,21.2926],[-157.658486,21.292587],[-157.658603,21.292495],[-157.658702,21.292444],[-157.658748,21.292427],[-157.65887,21.292398],[-157.658964,21.292397],[-157.659116,21.292416],[-157.659207,21.292417],[-157.659294,21.292431],[-157.659439,21.292432],[-157.659661,21.292447],[-157.659755,21.29245],[-157.65991,21.292429],[-157.659959,21.292405],[-157.660081,21.292354],[-157.660202,21.292337],[-157.660228,21.292337],[-157.660363,21.29232],[-157.660442,21.2923],[-157.660501,21.292278],[-157.660617,21.2922],[-157.660725,21.292115],[-157.660831,21.292019],[-157.660853,21.291985],[-157.660907,21.291924],[-157.660955,21.291834],[-157.661026,21.291754],[-157.661039,21.291727],[-157.661068,21.2917],[-157.661098,21.291637],[-157.661108,21.291547],[-157.661151,21.291475],[-157.661234,21.291399],[-157.66126,21.291381],[-157.661304,21.291329],[-157.661341,21.2913],[-157.661388,21.291226],[-157.661459,21.291197],[-157.661531,21.291186],[-157.661726,21.291165],[-157.661747,21.291159],[-157.661829,21.291164],[-157.662025,21.291416]]]},"properties":{}},{"type":"Feature","geometry":{"type":"Polygon","coordinates":[[[-158.106277,21.296322],[-158.106215,21.296477],[-158.10592,21.296383],[-158.105978,21.296212],[-158.106151,21.296235],[-158.106277,21.296322]]]},"properties":{}},{"type":"Feature","geometry":{"type":"Polygon","coordinates":[[[-157.754216,21.29409],[-157.753774,21.294145],[-157.753761,21.292935],[-157.753817,21.292949],[-157.754003,21.29297],[-157.754075,21.292987],[-157.754167,21.293019],[-157.754223,21.293047],[-157.754302,21.293097],[-157.754428,21.293208],[-157.754517,21.293261],[-157.754599,21.293289],[-157.75469,21.293301],[-157.754651,21.293447],[-157.754622,21.293587],[-157.754602,21.293738],[-157.754594,21.293822],[-157.75459,21.29395],[-157.75459,21.294041],[-157.754216,21.29409]]]},"properties":{}},{"type":"Feature","geometry":{"type":"Polygon","coordinates":[[[-157.824114,21.293839],[-157.824344,21.293301],[-157.824494,21.292954],[-157.824799,21.293062],[-157.825348,21.29326],[-157.825376,21.293285],[-157.825388,21.293312],[-157.825384,21.293362],[-157.825261,21.293643],[-157.825074,21.294076],[-157.824871,21.29454],[-157.824831,21.29458],[-157.824769,21.294589],[-157.824743,21.294579],[-157.824704,21.294547],[-157.824563,21.294402],[-157.82446,21.29427],[-157.824319,21.294095],[-157.824114,21.293839]]]},"properties":{}},{"type":"Feature","geometry":{"type":"Polygon","coordinates":[[[-157.677004,21.293436],[-157.676944,21.293127],[-157.67691,21.292966],[-157.676693,21.291989],[-157.676618,21.291613],[-157.676385,21.290453],[-157.677309,21.289896],[-157.677942,21.289058],[-157.678365,21.287975],[-157.678894,21.286891],[-157.679317,21.285955],[-157.680318,21.285314],[-157.682002,21.28512],[-157.683265,21.285369],[-157.684105,21.286308],[-157.684207,21.287592],[-157.683889,21.288922],[-157.683045,21.289956],[-157.682121,21.290853],[-157.680751,21.291786],[-157.679487,21.292377],[-157.677004,21.293436]]]},"properties":{}},{"type":"Feature","geometry":{"type":"Polygon","coordinates":[[[-157.812188,21.293859],[-157.81134,21.293979],[-157.811332,21.293794],[-157.811319,21.293681],[-157.81129,21.293539],[-157.81125,21.293401],[-157.811208,21.293292],[-157.811156,21.293181],[-157.811105,21.293088],[-157.811051,21.293004],[-157.811002,21.292936],[-157.811,21.2929],[-157.811038,21.292749],[-157.811005,21.292622],[-157.810913,21.292445],[-157.811288,21.292217],[-157.811435,21.29213],[-157.811931,21.291829],[-157.812031,21.291771],[-157.812179,21.291682],[-157.812323,21.29159],[-157.812472,21.291501],[-157.812825,21.292246],[-157.813147,21.292169],[-157.813324,21.292622],[-157.813403,21.292688],[-157.813182,21.292879],[-157.813176,21.292856],[-157.813096,21.292928],[-157.813041,21.29297],[-157.812969,21.293013],[-157.812854,21.293062],[-157.812875,21.29308],[-157.812364,21.293273],[-157.812382,21.293318],[-157.812314,21.293349],[-157.812272,21.293381],[-157.812235,21.293419],[-157.81219,21.293488],[-157.81217,21.293547],[-157.812163,21.293592],[-157.812164,21.293685],[-157.812174,21.293716],[-157.812175,21.293766],[-157.812188,21.293859]],[[-157.812919,21.292468],[-157.812578,21.291822],[-157.812439,21.291758],[-157.812213,21.29196],[-157.81265,21.292543],[-157.812919,21.292468]]]},"properties":{}},{"type":"Feature","geometry":{"type":"Polygon","coordinates":[[[-157.827059,21.293647],[-157.826595,21.293488],[-157.825811,21.293207],[-157.825742,21.293182],[-157.825723,21.293163],[-157.825718,21.293114],[-157.826294,21.291697],[-157.827205,21.292038],[-157.827496,21.291346],[-157.82777,21.291802],[-157.827803,21.291821],[-157.82761,21.292291],[-157.827886,21.292397],[-157.827844,21.292498],[-157.827562,21.292395],[-157.82752,21.292512],[-157.827415,21.292771],[-157.827353,21.292913],[-157.827634,21.293007],[-157.827614,21.293052],[-157.827338,21.292951],[-157.827292,21.293061],[-157.827197,21.293307],[-157.827059,21.293647]]]},"properties":{}},{"type":"Feature","geometry":{"type":"Polygon","coordinates":[[[-157.831228,21.293288],[-157.831322,21.293049],[-157.831425,21.292797],[-157.832133,21.293052],[-157.83188,21.293672],[-157.831176,21.293416],[-157.831228,21.293288]]]},"properties":{}},{"type":"Feature","geometry":{"type":"Polygon","coordinates":[[[-157.662025,21.291416],[-157.663136,21.290865],[-157.664597,21.290244],[-157.664705,21.290198],[-157.664861,21.29012],[-157.664906,21.290093],[-157.664916,21.290089],[-157.665022,21.290029],[-157.665186,21.289924],[-157.665345,21.28981],[-157.665544,21.289647],[-157.665668,21.28953],[-157.665721,21.289476],[-157.665908,21.289243],[-157.666022,21.289135],[-157.666145,21.289033],[-157.666312,21.288912],[-157.666435,21.288836],[-157.666588,21.288754],[-157.666619,21.288741],[-157.66663,21.288734],[-157.666677,21.288712],[-157.666838,21.288645],[-157.66696,21.288603],[-157.667055,21.288575],[-157.667174,21.288544],[-157.667597,21.28845],[-157.667658,21.288435],[-157.667791,21.288391],[-157.667919,21.288335],[-157.668016,21.288284],[-157.668138,21.288206],[-157.668225,21.288141],[-157.668234,21.288132],[-157.668303,21.288074],[-157.668355,21.288023],[-157.668442,21.287924],[-157.66845,21.287915],[-157.668542,21.287789],[-157.668585,21.287717],[-157.668636,21.287621],[-157.668839,21.287148],[-157.668877,21.287062],[-157.668916,21.286988],[-157.668979,21.286883],[-157.669063,21.286764],[-157.669128,21.286685],[-157.669209,21.286598],[-157.669317,21.286497],[-157.669416,21.286419],[-157.669425,21.286412],[-157.669529,21.28634],[-157.669685,21.286251],[-157.669758,21.286216],[-157.669908,21.286156],[-157.669919,21.286152],[-157.670003,21.286123],[-157.670116,21.286092],[-157.670127,21.28609],[-157.670295,21.286057],[-157.670376,21.286146],[-157.670468,21.286192],[-157.670453,21.286199],[-157.670372,21.286207],[-157.670222,21.286235],[-157.67012,21.286262],[-157.669993,21.286303],[-157.669858,21.286359],[-157.669739,21.286419],[-157.66962,21.28649],[-157.669582,21.286517],[-157.669573,21.286524],[-157.669468,21.286602],[-157.669337,21.286721],[-157.669263,21.286799],[-157.669192,21.286886],[-157.669108,21.287008],[-157.669102,21.287017],[-157.669084,21.287044],[-157.669012,21.287176],[-157.668791,21.287674],[-157.668744,21.287761],[-157.668667,21.287885],[-157.668601,21.287975],[-157.668547,21.288042],[-157.668466,21.28813],[-157.668371,21.288219],[-157.668278,21.288295],[-157.668213,21.288342],[-157.668107,21.288411],[-157.667964,21.288489],[-157.667918,21.288511],[-157.667785,21.288565],[-157.667639,21.288613],[-157.667283,21.288689],[-157.667377,21.289083],[-157.666835,21.289368],[-157.666527,21.289535],[-157.666058,21.289784],[-157.665574,21.290042],[-157.665486,21.289867],[-157.665365,21.289964],[-157.665266,21.290033],[-157.665164,21.290097],[-157.665044,21.290167],[-157.664872,21.290251],[-157.664711,21.290317],[-157.664654,21.290337],[-157.663237,21.291001],[-157.662772,21.291223],[-157.663141,21.291323],[-157.663015,21.29139],[-157.662901,21.291455],[-157.662773,21.291535],[-157.662649,21.291622],[-157.662531,21.291714],[-157.662417,21.291812],[-157.662369,21.291859],[-157.662025,21.291416]]]},"properties":{}},{"type":"Feature","geometry":{"type":"Polygon","coordinates":[[[-157.855932,21.290906],[-157.856219,21.290835],[-157.856946,21.290856],[-157.857848,21.290885],[-157.859266,21.290926],[-157.859489,21.290783],[-157.859229,21.291086],[-157.858211,21.292335],[-157.856895,21.291619],[-157.856193,21.291244],[-157.855118,21.293009],[-157.855037,21.293142],[-157.854582,21.292922],[-157.855932,21.290906]]]},"properties":{}},{"type":"Feature","geometry":{"type":"Polygon","coordinates":[[[-157.84719,21.28831],[-157.847274,21.288373],[-157.847408,21.288456],[-157.847535,21.288522],[-157.847871,21.288594],[-157.848087,21.288634],[-157.848333,21.288686],[-157.848557,21.288759],[-157.848823,21.288813],[-157.849007,21.288848],[-157.849225,21.288911],[-157.849422,21.288978],[-157.84964,21.28904],[-157.849843,21.289129],[-157.850007,21.289183],[-157.850209,21.289213],[-157.850383,21.289298],[-157.850561,21.289376],[-157.850656,21.289435],[-157.850759,21.289445],[-157.850927,21.289476],[-157.851064,21.289508],[-157.85115,21.289554],[-157.851254,21.289595],[-157.851405,21.289612],[-157.851531,21.289618],[-157.851671,21.289641],[-157.851776,21.289696],[-157.851896,21.289728],[-157.852218,21.289855],[-157.852299,21.289853],[-157.852427,21.289874],[-157.852485,21.289893],[-157.852631,21.289883],[-157.852764,21.289933],[-157.852854,21.289983],[-157.852977,21.290009],[-157.853072,21.29005],[-157.85313,21.290105],[-157.853173,21.290164],[-157.853282,21.290239],[-157.853348,21.290269],[-157.853508,21.290354],[-157.853647,21.290395],[-157.853835,21.290446],[-157.854097,21.290577],[-157.854183,21.290641],[-157.854248,21.2907],[-157.854326,21.290746],[-157.854422,21.290814],[-157.854512,21.290867],[-157.854605,21.290944],[-157.854702,21.29101],[-157.854788,21.291054],[-157.854887,21.29109],[-157.854937,21.291093],[-157.855036,21.291141],[-157.855163,21.291153],[-157.855223,21.291154],[-157.855352,21.291132],[-157.855492,21.291097],[-157.855565,21.291072],[-157.855601,21.291066],[-157.855641,21.291035],[-157.855711,21.291006],[-157.855739,21.290977],[-157.855838,21.29093],[-157.855333,21.291651],[-157.855202,21.291842],[-157.855,21.292132],[-157.854625,21.292674],[-157.854351,21.293065],[-157.853939,21.292818],[-157.853274,21.292412],[-157.853083,21.292302],[-157.852886,21.292204],[-157.852685,21.292114],[-157.852477,21.292034],[-157.852267,21.291965],[-157.852195,21.291944],[-157.85198,21.291888],[-157.851761,21.291844],[-157.851614,21.29182],[-157.851466,21.291801],[-157.851318,21.291787],[-157.851208,21.291781],[-157.851021,21.291766],[-157.850835,21.291747],[-157.850743,21.291735],[-157.850558,21.291707],[-157.850375,21.291672],[-157.850102,21.291609],[-157.849922,21.291558],[-157.849745,21.291502],[-157.849569,21.29144],[-157.849419,21.291383],[-157.8485,21.291015],[-157.84727,21.290526],[-157.846455,21.290199],[-157.84618,21.290096],[-157.845901,21.290001],[-157.845619,21.289916],[-157.845348,21.289842],[-157.844357,21.289591],[-157.843136,21.289278],[-157.84228,21.289059],[-157.842324,21.288918],[-157.842055,21.288839],[-157.842045,21.288868],[-157.84209,21.288891],[-157.842087,21.28895],[-157.842049,21.289001],[-157.841802,21.288939],[-157.841565,21.288863],[-157.841463,21.288821],[-157.841317,21.28875],[-157.841202,21.288686],[-157.84111,21.288627],[-157.840998,21.288545],[-157.840909,21.288472],[-157.840814,21.288383],[-157.840758,21.288326],[-157.840668,21.288224],[-157.840628,21.288172],[-157.841079,21.288121],[-157.841157,21.288171],[-157.841249,21.288217],[-157.84131,21.288242],[-157.841452,21.288284],[-157.841622,21.288307],[-157.841741,21.288308],[-157.841852,21.288298],[-157.841933,21.288282],[-157.842032,21.288254],[-157.842862,21.287733],[-157.842794,21.287557],[-157.843006,21.287461],[-157.843116,21.287432],[-157.843212,21.287429],[-157.843302,21.287454],[-157.843934,21.287648],[-157.844098,21.287685],[-157.844247,21.287668],[-157.844307,21.287684],[-157.844337,21.287588],[-157.844417,21.287608],[-157.845345,21.287843],[-157.846296,21.288087],[-157.84678,21.288207],[-157.846848,21.288226],[-157.84719,21.28831]],[[-157.844505,21.288025],[-157.844616,21.288055],[-157.844633,21.287987],[-157.844522,21.287964],[-157.844505,21.288025]],[[-157.853063,21.291159],[-157.853332,21.291247],[-157.853313,21.291303],[-157.853462,21.291352],[-157.853486,21.291291],[-157.85352,21.291307],[-157.853538,21.291244],[-157.853502,21.291232],[-157.853521,21.29118],[-157.853235,21.291084],[-157.853249,21.291039],[-157.853115,21.291004],[-157.853101,21.291042],[-157.853065,21.291031],[-157.853045,21.291087],[-157.85308,21.291096],[-157.853063,21.291159]]]},"properties":{}},{"type":"Feature","geometry":{"type":"Polygon","coordinates":[[[-157.825584,21.291164],[-157.825555,21.291173],[-157.82563,21.290977],[-157.825637,21.29102],[-157.825658,21.291038],[-157.825857,21.291107],[-157.826205,21.291224],[-157.826253,21.291218],[-157.826276,21.291198],[-157.826189,21.291414],[-157.826185,21.291385],[-157.826159,21.291355],[-157.825873,21.291258],[-157.825612,21.291166],[-157.825584,21.291164]]]},"properties":{}},{"type":"Feature","geometry":{"type":"Polygon","coordinates":[[[-157.825873,21.291258],[-157.825871,21.291263],[-157.825584,21.291164],[-157.825612,21.291166],[-157.825873,21.291258]]]},"properties":{}},{"type":"Feature","geometry":{"type":"Polygon","coordinates":[[[-157.666126,21.291519],[-157.666065,21.291473],[-157.665946,21.291364],[-157.665869,21.291282],[-157.665818,21.291223],[-157.66574,21.291121],[-157.665678,21.291028],[-157.665408,21.290578],[-157.665394,21.290544],[-157.665398,21.290488],[-157.665412,21.290461],[-157.665449,21.290432],[-157.66642,21.289911],[-157.667155,21.289519],[-157.667777,21.289183],[-157.668979,21.288567],[-157.66959,21.288258],[-157.669734,21.288183],[-157.669932,21.288708],[-157.669958,21.288787],[-157.669988,21.28891],[-157.670011,21.289054],[-157.670017,21.289127],[-157.670015,21.289219],[-157.670007,21.289289],[-157.669992,21.289361],[-157.669961,21.289463],[-157.669937,21.289521],[-157.669886,21.289616],[-157.669816,21.289714],[-157.66979,21.289741],[-157.669201,21.290008],[-157.669078,21.290007],[-157.669022,21.290002],[-157.667838,21.289916],[-157.667723,21.289912],[-157.66756,21.289925],[-157.667445,21.289944],[-157.66729,21.289988],[-157.667182,21.29003],[-157.667119,21.290059],[-157.667019,21.290115],[-157.666888,21.290206],[-157.666819,21.290264],[-157.666755,21.290327],[-157.666695,21.290394],[-157.666615,21.290502],[-157.666558,21.290596],[-157.666487,21.290752],[-157.666278,21.291328],[-157.666126,21.291519]]]},"properties":{}},{"type":"Feature","geometry":{"type":"Polygon","coordinates":[[[-157.661829,21.291164],[-157.66196,21.291165],[-157.662005,21.291159],[-157.662114,21.291112],[-157.662233,21.291045],[-157.662298,21.290996],[-157.662383,21.290958],[-157.662513,21.290921],[-157.662599,21.29089],[-157.662682,21.29085],[-157.662828,21.290813],[-157.662987,21.29074],[-157.663193,21.290696],[-157.66339,21.29058],[-157.663439,21.290531],[-157.663508,21.290491],[-157.663569,21.290471],[-157.663617,21.290449],[-157.663673,21.290431],[-157.663731,21.29042],[-157.663768,21.2904],[-157.663834,21.290376],[-157.663886,21.290338],[-157.664003,21.290294],[-157.664124,21.290256],[-157.664205,21.290216],[-157.664315,21.290172],[-157.66443,21.290101],[-157.66446,21.290078],[-157.664604,21.290007],[-157.664692,21.289956],[-157.664732,21.289909],[-157.664766,21.28988],[-157.664868,21.289813],[-157.665004,21.289712],[-157.665172,21.289626],[-157.665218,21.289594],[-157.665276,21.289547],[-157.665345,21.2895],[-157.665423,21.289436],[-157.665535,21.289378],[-157.665572,21.289344],[-157.665596,21.289281],[-157.66561,21.289164],[-157.665644,21.289114],[-157.665709,21.289065],[-157.665758,21.289059],[-157.665815,21.289107],[-157.665847,21.289087],[-157.665882,21.289042],[-157.665904,21.288891],[-157.665922,21.288712],[-157.665937,21.288683],[-157.666029,21.288636],[-157.666097,21.288596],[-157.666104,21.288633],[-157.666139,21.288649],[-157.666152,21.288599],[-157.666188,21.288552],[-157.666227,21.288527],[-157.666314,21.288492],[-157.666378,21.288488],[-157.666428,21.288477],[-157.666509,21.288439],[-157.666573,21.288435],[-157.666611,21.288422],[-157.666689,21.288377],[-157.666859,21.288248],[-157.666984,21.288131],[-157.66704,21.288091],[-157.667095,21.28806],[-157.667122,21.288035],[-157.667165,21.288013],[-157.667245,21.288009],[-157.667356,21.287999],[-157.667397,21.28799],[-157.667481,21.287995],[-157.667604,21.288028],[-157.667727,21.288049],[-157.667787,21.288075],[-157.667886,21.288089],[-157.667943,21.288076],[-157.668049,21.288013],[-157.668116,21.287985],[-157.668142,21.28796],[-157.668242,21.287818],[-157.668302,21.287722],[-157.668359,21.287655],[-157.668476,21.2875],[-157.668509,21.287441],[-157.668518,21.287383],[-157.668496,21.287274],[-157.668479,21.287208],[-157.66847,21.287152],[-157.668417,21.287018],[-157.66841,21.286959],[-157.668409,21.286878],[-157.668488,21.286759],[-157.668569,21.286687],[-157.668639,21.286598],[-157.668666,21.286557],[-157.668736,21.286492],[-157.668825,21.286418],[-157.668932,21.286295],[-157.668971,21.286237],[-157.669052,21.286165],[-157.669082,21.286091],[-157.669117,21.286032],[-157.669113,21.285985],[-157.669143,21.285958],[-157.669196,21.285938],[-157.669323,21.28591],[-157.669457,21.28587],[-157.669515,21.285848],[-157.669648,21.285833],[-157.6697,21.285836],[-157.66987,21.285867],[-157.669911,21.285892],[-157.669985,21.28591],[-157.670044,21.285895],[-157.670112,21.285853],[-157.670217,21.285973],[-157.670295,21.286057],[-157.670127,21.28609],[-157.670116,21.286092],[-157.670003,21.286123],[-157.669919,21.286152],[-157.669908,21.286156],[-157.669758,21.286216],[-157.669685,21.286251],[-157.669529,21.28634],[-157.669425,21.286412],[-157.669416,21.286419],[-157.669317,21.286497],[-157.669209,21.286598],[-157.669128,21.286685],[-157.669063,21.286764],[-157.668979,21.286883],[-157.668916,21.286988],[-157.668877,21.287062],[-157.668839,21.287148],[-157.668636,21.287621],[-157.668585,21.287717],[-157.668542,21.287789],[-157.66845,21.287915],[-157.668442,21.287924],[-157.668355,21.288023],[-157.668303,21.288074],[-157.668234,21.288132],[-157.668225,21.288141],[-157.668138,21.288206],[-157.668016,21.288284],[-157.667919,21.288335],[-157.667791,21.288391],[-157.667658,21.288435],[-157.667597,21.28845],[-157.667174,21.288544],[-157.667055,21.288575],[-157.66696,21.288603],[-157.666838,21.288645],[-157.666677,21.288712],[-157.66663,21.288734],[-157.666619,21.288741],[-157.666588,21.288754],[-157.666435,21.288836],[-157.666312,21.288912],[-157.666145,21.289033],[-157.666022,21.289135],[-157.665908,21.289243],[-157.665721,21.289476],[-157.665668,21.28953],[-157.665544,21.289647],[-157.665345,21.28981],[-157.665186,21.289924],[-157.665022,21.290029],[-157.664916,21.290089],[-157.664906,21.290093],[-157.664861,21.29012],[-157.664705,21.290198],[-157.664597,21.290244],[-157.663136,21.290865],[-157.662025,21.291416],[-157.661829,21.291164]]]},"properties":{}},{"type":"Feature","geometry":{"type":"Polygon","coordinates":[[[-157.812919,21.292468],[-157.81265,21.292543],[-157.812213,21.29196],[-157.812439,21.291758],[-157.812578,21.291822],[-157.812919,21.292468]]]},"properties":{}},{"type":"Feature","geometry":{"type":"Polygon","coordinates":[[[-157.665574,21.290042],[-157.663141,21.291323],[-157.662772,21.291223],[-157.663237,21.291001],[-157.664654,21.290337],[-157.664711,21.290317],[-157.664872,21.290251],[-157.665044,21.290167],[-157.665164,21.290097],[-157.665266,21.290033],[-157.665365,21.289964],[-157.665486,21.289867],[-157.665574,21.290042]]]},"properties":{}},{"type":"Feature","geometry":{"type":"Polygon","coordinates":[[[-157.853063,21.291159],[-157.85308,21.291096],[-157.853045,21.291087],[-157.853065,21.291031],[-157.853101,21.291042],[-157.853115,21.291004],[-157.853249,21.291039],[-157.853235,21.291084],[-157.853521,21.29118],[-157.853502,21.291232],[-157.853538,21.291244],[-157.85352,21.291307],[-157.853486,21.291291],[-157.853462,21.291352],[-157.853313,21.291303],[-157.853332,21.291247],[-157.853063,21.291159]]]},"properties":{}},{"type":"Feature","geometry":{"type":"Polygon","coordinates":[[[-157.667789,21.288867],[-157.667377,21.289083],[-157.667283,21.288689],[-157.667639,21.288613],[-157.667789,21.288867]]]},"properties":{}},{"type":"Feature","geometry":{"type":"Polygon","coordinates":[[[-157.667921,21.288798],[-157.667785,21.288565],[-157.667918,21.288511],[-157.667964,21.288489],[-157.668107,21.288411],[-157.668213,21.288342],[-157.668278,21.288295],[-157.668371,21.288219],[-157.668466,21.28813],[-157.668547,21.288042],[-157.668601,21.287975],[-157.668667,21.287885],[-157.668744,21.287761],[-157.668791,21.287674],[-157.669012,21.287176],[-157.669084,21.287044],[-157.669102,21.287017],[-157.669108,21.287008],[-157.669192,21.286886],[-157.669263,21.286799],[-157.669337,21.286721],[-157.669468,21.286602],[-157.669573,21.286524],[-157.669582,21.286517],[-157.66962,21.28649],[-157.669739,21.286419],[-157.669858,21.286359],[-157.669993,21.286303],[-157.67012,21.286262],[-157.670222,21.286235],[-157.670372,21.286207],[-157.670453,21.286199],[-157.670468,21.286192],[-157.670474,21.286197],[-157.671105,21.286515],[-157.671524,21.286729],[-157.671744,21.286843],[-157.671191,21.287126],[-157.670853,21.287299],[-157.670347,21.287555],[-157.669948,21.28776],[-157.669146,21.288169],[-157.668645,21.288427],[-157.668103,21.288703],[-157.667921,21.288798]]]},"properties":{}},{"type":"Feature","geometry":{"type":"Polygon","coordinates":[[[-157.831891,21.289805],[-157.831863,21.28978],[-157.831975,21.289512],[-157.832165,21.289579],[-157.832201,21.289622],[-157.832199,21.289651],[-157.832073,21.289965],[-157.831891,21.289805]]]},"properties":{}},{"type":"Feature","geometry":{"type":"Polygon","coordinates":[[[-157.75727,21.289334],[-157.75729,21.289169],[-157.757643,21.289266],[-157.757622,21.289429],[-157.75727,21.289334]]]},"properties":{}},{"type":"Feature","geometry":{"type":"Polygon","coordinates":[[[-157.803192,21.289188],[-157.803177,21.289158],[-157.803054,21.289189],[-157.803048,21.289227],[-157.803021,21.289252],[-157.802793,21.289314],[-157.802709,21.289327],[-157.802643,21.289317],[-157.802618,21.289299],[-157.802603,21.289251],[-157.802614,21.28922],[-157.802821,21.288864],[-157.802858,21.28884],[-157.802901,21.288845],[-157.803441,21.28912],[-157.803192,21.289188]]]},"properties":{}},{"type":"Feature","geometry":{"type":"Polygon","coordinates":[[[-157.823051,21.289445],[-157.822844,21.289141],[-157.822977,21.289056],[-157.823179,21.289354],[-157.823051,21.289445]]]},"properties":{}},{"type":"Feature","geometry":{"type":"Polygon","coordinates":[[[-156.685021,20.903163],[-156.685002,20.903109],[-156.684931,20.902868],[-156.684873,20.902628],[-156.684842,20.902465],[-156.684829,20.902384],[-156.684808,20.902216],[-156.684786,20.901972],[-156.684779,20.901805],[-156.684779,20.901643],[-156.684782,20.901557],[-156.684814,20.900657],[-156.684914,20.900656],[-156.684906,20.900719],[-156.684906,20.900945],[-156.684929,20.901261],[-156.684964,20.901415],[-156.684964,20.90155],[-156.685006,20.901686],[-156.685071,20.901994],[-156.685117,20.902126],[-156.68514,20.902235],[-156.68517,20.902321],[-156.685252,20.902502],[-156.685334,20.902743],[-156.685363,20.902811],[-156.685386,20.902933],[-156.685457,20.903038],[-156.685021,20.903163]]]},"properties":{}},{"type":"Feature","geometry":{"type":"Polygon","coordinates":[[[-157.83418,21.289345],[-157.834092,21.289339],[-157.833924,21.289318],[-157.833727,21.289274],[-157.833631,21.289244],[-157.833507,21.289198],[-157.833383,21.289145],[-157.83321,21.289046],[-157.8331,21.288973],[-157.832996,21.288894],[-157.832937,21.288839],[-157.832803,21.288723],[-157.832889,21.288511],[-157.832989,21.288627],[-157.833038,21.288675],[-157.833137,21.288761],[-157.833247,21.288843],[-157.833365,21.288917],[-157.833499,21.288985],[-157.833633,21.28904],[-157.833739,21.289075],[-157.833892,21.289112],[-157.834019,21.289133],[-157.8341,21.289141],[-157.83418,21.289345]]]},"properties":{}},{"type":"Feature","geometry":{"type":"Polygon","coordinates":[[[-157.83477,21.289285],[-157.834595,21.289323],[-157.834438,21.28934],[-157.834358,21.289142],[-157.834465,21.289134],[-157.834644,21.289104],[-157.834787,21.289064],[-157.83488,21.289257],[-157.83477,21.289285]]]},"properties":{}},{"type":"Feature","geometry":{"type":"Polygon","coordinates":[[[-157.790887,21.287677],[-157.790786,21.287846],[-157.790527,21.288286],[-157.790746,21.288399],[-157.790615,21.288752],[-157.790397,21.288963],[-157.790324,21.289005],[-157.790279,21.289019],[-157.790145,21.289027],[-157.790073,21.289013],[-157.790016,21.288985],[-157.789984,21.288962],[-157.789943,21.288917],[-157.789829,21.288753],[-157.78979,21.288706],[-157.789729,21.288656],[-157.789675,21.288624],[-157.789634,21.288608],[-157.790138,21.287439],[-157.790193,21.287426],[-157.790248,21.287397],[-157.79029,21.287359],[-157.790887,21.287677]]]},"properties":{}},{"type":"Feature","geometry":{"type":"Polygon","coordinates":[[[-157.831759,21.287914],[-157.832525,21.288581],[-157.83256,21.288611],[-157.832292,21.289266],[-157.832257,21.289302],[-157.832223,21.289304],[-157.830887,21.288825],[-157.831759,21.287914]]]},"properties":{}},{"type":"Feature","geometry":{"type":"Polygon","coordinates":[[[-157.837318,21.28854],[-157.83736,21.288743],[-157.835126,21.289186],[-157.835026,21.288998],[-157.836039,21.288793],[-157.837312,21.288542],[-157.837318,21.28854]]]},"properties":{}},{"type":"Feature","geometry":{"type":"Polygon","coordinates":[[[-157.828559,21.28693],[-157.827559,21.286062],[-157.827364,21.285894],[-157.82793,21.285265],[-157.826074,21.283651],[-157.825473,21.284254],[-157.82454,21.283446],[-157.824374,21.2833],[-157.826156,21.283254],[-157.826249,21.283255],[-157.826342,21.283273],[-157.826434,21.283312],[-157.826506,21.283363],[-157.827649,21.284353],[-157.828269,21.284893],[-157.829644,21.286081],[-157.829367,21.286212],[-157.829052,21.286445],[-157.828559,21.28693]]]},"properties":{}},{"type":"Feature","geometry":{"type":"Polygon","coordinates":[[[-157.78828,21.286141],[-157.788385,21.285879],[-157.788881,21.286179],[-157.788714,21.286403],[-157.78828,21.286141]]]},"properties":{}},{"type":"Feature","geometry":{"type":"Polygon","coordinates":[[[-157.789634,21.288608],[-157.789555,21.288587],[-157.78947,21.288582],[-157.789415,21.288588],[-157.788813,21.288687],[-157.788725,21.288676],[-157.788669,21.288648],[-157.788615,21.288596],[-157.788585,21.288541],[-157.788471,21.288204],[-157.788482,21.287822],[-157.788477,21.287721],[-157.78845,21.287596],[-157.788418,21.287512],[-157.788395,21.287467],[-157.788338,21.287381],[-157.788297,21.287331],[-157.788221,21.287258],[-157.788146,21.287203],[-157.788081,21.287167],[-157.787909,21.287077],[-157.788027,21.28688],[-157.787935,21.286818],[-157.788142,21.286537],[-157.788031,21.286466],[-157.788126,21.286338],[-157.78828,21.286141],[-157.788714,21.286403],[-157.788881,21.286179],[-157.788385,21.285879],[-157.788522,21.285264],[-157.788561,21.285223],[-157.788972,21.28482],[-157.78901,21.284784],[-157.78947,21.285022],[-157.789486,21.285366],[-157.789602,21.285771],[-157.790453,21.286626],[-157.790439,21.286872],[-157.790432,21.286922],[-157.79041,21.286985],[-157.790382,21.287032],[-157.790208,21.287277],[-157.790154,21.287322],[-157.790117,21.28733],[-157.790052,21.287316],[-157.789607,21.287087],[-157.78955,21.287184],[-157.789994,21.287413],[-157.790073,21.287439],[-157.790138,21.287439],[-157.789634,21.288608]]]},"properties":{}},{"type":"Feature","geometry":{"type":"Polygon","coordinates":[[[-157.830634,21.288733],[-157.830635,21.288728],[-157.830131,21.288293],[-157.829633,21.287861],[-157.829398,21.287658],[-157.829174,21.287462],[-157.828559,21.28693],[-157.829052,21.286445],[-157.829367,21.286212],[-157.829644,21.286081],[-157.831178,21.287409],[-157.831759,21.287914],[-157.830887,21.288825],[-157.830634,21.288733]]]},"properties":{}},{"type":"Feature","geometry":{"type":"Polygon","coordinates":[[[-157.830634,21.288733],[-157.830039,21.288523],[-157.830131,21.288293],[-157.830635,21.288728],[-157.830634,21.288733]]]},"properties":{}},{"type":"Feature","geometry":{"type":"Polygon","coordinates":[[[-157.83736,21.288743],[-157.837318,21.28854],[-157.838276,21.28835],[-157.839294,21.288158],[-157.839653,21.288086],[-157.840117,21.287997],[-157.840142,21.288107],[-157.840169,21.288196],[-157.839595,21.288309],[-157.839164,21.288392],[-157.8383,21.288555],[-157.838286,21.28856],[-157.838068,21.288601],[-157.837628,21.288691],[-157.83736,21.288743]]]},"properties":{}},{"type":"Feature","geometry":{"type":"Polygon","coordinates":[[[-157.823746,21.288215],[-157.823644,21.288266],[-157.823576,21.288114],[-157.82364,21.287966],[-157.823664,21.28793],[-157.823709,21.287892],[-157.823772,21.287865],[-157.823847,21.287861],[-157.823876,21.287868],[-157.824084,21.288048],[-157.823746,21.288215]]]},"properties":{}},{"type":"Feature","geometry":{"type":"Polygon","coordinates":[[[-157.84719,21.28831],[-157.846848,21.288226],[-157.84678,21.288207],[-157.846296,21.288087],[-157.845345,21.287843],[-157.844417,21.287608],[-157.844337,21.287588],[-157.844693,21.286465],[-157.844706,21.286468],[-157.845817,21.286719],[-157.845835,21.286665],[-157.845911,21.286501],[-157.845952,21.286427],[-157.846034,21.286314],[-157.846166,21.286141],[-157.846266,21.286036],[-157.846362,21.285962],[-157.846485,21.285877],[-157.846583,21.285828],[-157.846716,21.285775],[-157.846853,21.285739],[-157.846993,21.285727],[-157.847378,21.28577],[-157.847416,21.285777],[-157.847319,21.285903],[-157.847232,21.285999],[-157.847102,21.286093],[-157.846776,21.286364],[-157.846622,21.286488],[-157.846506,21.286573],[-157.846422,21.286705],[-157.846351,21.286888],[-157.846308,21.287084],[-157.846367,21.287321],[-157.84641,21.287453],[-157.846518,21.2876],[-157.846678,21.287848],[-157.846816,21.288002],[-157.846983,21.288139],[-157.847142,21.288275],[-157.84719,21.28831]]]},"properties":{}},{"type":"Feature","geometry":{"type":"Polygon","coordinates":[[[-157.671744,21.286843],[-157.671524,21.286729],[-157.671105,21.286515],[-157.670474,21.286197],[-157.670468,21.286192],[-157.670376,21.286146],[-157.670295,21.286057],[-157.670217,21.285973],[-157.670112,21.285853],[-157.670162,21.285821],[-157.670261,21.285752],[-157.670309,21.285714],[-157.67046,21.285661],[-157.670627,21.285626],[-157.670714,21.285616],[-157.670812,21.28561],[-157.670855,21.285599],[-157.671009,21.285575],[-157.671096,21.285569],[-157.67116,21.285556],[-157.67121,21.285554],[-157.671262,21.285528],[-157.671384,21.285483],[-157.671416,21.285463],[-157.671549,21.28541],[-157.671601,21.285381],[-157.671699,21.285339],[-157.671745,21.285324],[-157.671803,21.285315],[-157.671867,21.285313],[-157.671914,21.285305],[-157.671976,21.285285],[-157.67201,21.285285],[-157.672231,21.285303],[-157.672314,21.285301],[-157.67239,21.28532],[-157.672462,21.285343],[-157.672548,21.285359],[-157.672625,21.285367],[-157.672836,21.285405],[-157.673028,21.285422],[-157.67314,21.28542],[-157.673242,21.285412],[-157.67329,21.285415],[-157.673381,21.285404],[-157.673467,21.285405],[-157.673574,21.285397],[-157.673712,21.285369],[-157.673826,21.285354],[-157.673878,21.285336],[-157.67399,21.285285],[-157.674086,21.285222],[-157.674123,21.285209],[-157.674191,21.285155],[-157.674266,21.285082],[-157.674351,21.285017],[-157.674407,21.284961],[-157.67448,21.284866],[-157.674608,21.284759],[-157.674714,21.284649],[-157.674886,21.284463],[-157.675038,21.284275],[-157.675109,21.284207],[-157.675179,21.284129],[-157.675312,21.283938],[-157.675327,21.283907],[-157.675358,21.283877],[-157.675379,21.283839],[-157.675494,21.283693],[-157.675577,21.283597],[-157.675663,21.283537],[-157.675707,21.283501],[-157.675881,21.283394],[-157.675937,21.283347],[-157.676072,21.283253],[-157.676287,21.283054],[-157.676331,21.28302],[-157.676432,21.28291],[-157.676514,21.282803],[-157.676567,21.282742],[-157.676626,21.282666],[-157.676688,21.282594],[-157.676738,21.282529],[-157.676837,21.282428],[-157.676937,21.282314],[-157.676994,21.282258],[-157.677033,21.282201],[-157.677089,21.282145],[-157.677107,21.282116],[-157.677148,21.282017],[-157.677131,21.281938],[-157.677097,21.281859],[-157.677016,21.281734],[-157.677001,21.281686],[-157.676967,21.281616],[-157.676961,21.281478],[-157.676975,21.281408],[-157.677008,21.281338],[-157.677048,21.281312],[-157.677123,21.281299],[-157.677181,21.281304],[-157.677219,21.281322],[-157.677274,21.281368],[-157.677308,21.281404],[-157.677358,21.281445],[-157.677436,21.281529],[-157.677599,21.281675],[-157.67773,21.281744],[-157.677772,21.281753],[-157.67782,21.281745],[-157.677858,21.281691],[-157.677859,21.281664],[-157.67783,21.281587],[-157.677776,21.281505],[-157.677712,21.281376],[-157.677661,21.281289],[-157.677629,21.281176],[-157.677638,21.281084],[-157.677629,21.281027],[-157.677648,21.280962],[-157.677678,21.280917],[-157.677787,21.280787],[-157.677868,21.280661],[-157.677929,21.280598],[-157.677962,21.280558],[-157.678039,21.280425],[-157.678055,21.280394],[-157.678086,21.280356],[-157.678095,21.280308],[-157.678076,21.280224],[-157.678058,21.280172],[-157.678005,21.280079],[-157.677978,21.280048],[-157.677911,21.279914],[-157.67788,21.279884],[-157.677882,21.279848],[-157.677905,21.279785],[-157.677928,21.279765],[-157.677961,21.279758],[-157.677989,21.27977],[-157.678035,21.279815],[-157.678074,21.279902],[-157.678157,21.280117],[-157.678181,21.280158],[-157.67822,21.280205],[-157.67827,21.280226],[-157.678323,21.28022],[-157.678369,21.2802],[-157.678541,21.280084],[-157.678623,21.280044],[-157.678736,21.27995],[-157.678807,21.279894],[-157.678893,21.279836],[-157.678909,21.27982],[-157.679151,21.279664],[-157.679202,21.279626],[-157.679378,21.279553],[-157.679477,21.279492],[-157.679505,21.27947],[-157.679616,21.279421],[-157.679757,21.279346],[-157.679852,21.279299],[-157.67996,21.279223],[-157.68001,21.279199],[-157.680129,21.279157],[-157.680202,21.279137],[-157.680275,21.279106],[-157.680408,21.279035],[-157.680509,21.278986],[-157.680669,21.278881],[-157.680759,21.278825],[-157.680998,21.278671],[-157.681111,21.2786],[-157.68115,21.278562],[-157.681252,21.278488],[-157.681347,21.278425],[-157.681387,21.27841],[-157.681642,21.278247],[-157.681713,21.278191],[-157.681772,21.278119],[-157.68185,21.278039],[-157.68187,21.278005],[-157.6819,21.277931],[-157.681925,21.277883],[-157.682002,21.277771],[-157.682031,21.277746],[-157.682158,21.27768],[-157.682222,21.277637],[-157.682319,21.277591],[-157.682419,21.277548],[-157.682571,21.277507],[-157.682636,21.277498],[-157.682766,21.277434],[-157.682894,21.277401],[-157.682961,21.277395],[-157.683085,21.277364],[-157.683166,21.277326],[-157.683215,21.277311],[-157.683311,21.277305],[-157.683413,21.277272],[-157.683494,21.277187],[-157.683585,21.277052],[-157.683643,21.276933],[-157.683656,21.276894],[-157.683721,21.276795],[-157.683799,21.276728],[-157.683814,21.276708],[-157.683894,21.276645],[-157.683904,21.276643],[-157.683975,21.276574],[-157.684004,21.276551],[-157.684026,21.276518],[-157.6841,21.276471],[-157.68421,21.27646],[-157.684285,21.276479],[-157.684355,21.276518],[-157.684409,21.276561],[-157.684472,21.276602],[-157.684508,21.276619],[-157.684599,21.276678],[-157.684625,21.276708],[-157.684746,21.276783],[-157.684803,21.276779],[-157.684844,21.276757],[-157.684859,21.276721],[-157.68486,21.276669],[-157.684893,21.276565],[-157.68491,21.276543],[-157.684926,21.276493],[-157.684948,21.276455],[-157.684961,21.27631],[-157.684949,21.276229],[-157.68491,21.276129],[-157.684887,21.2761],[-157.684856,21.276043],[-157.684754,21.275898],[-157.684746,21.275877],[-157.684694,21.275821],[-157.684618,21.275764],[-157.684574,21.27572],[-157.684469,21.275679],[-157.684409,21.275638],[-157.684399,21.275606],[-157.684403,21.275577],[-157.684428,21.275541],[-157.684504,21.275532],[-157.684654,21.275576],[-157.684792,21.275595],[-157.684854,21.2756],[-157.684969,21.275592],[-157.685042,21.275597],[-157.685086,21.275593],[-157.685176,21.275565],[-157.685243,21.275529],[-157.685376,21.275501],[-157.685485,21.27547],[-157.685632,21.275491],[-157.685701,21.275492],[-157.685771,21.275515],[-157.68596,21.275562],[-157.68606,21.275594],[-157.686124,21.275606],[-157.686195,21.275627],[-157.686289,21.275679],[-157.686384,21.275705],[-157.686488,21.27574],[-157.686578,21.275743],[-157.686623,21.275732],[-157.686658,21.275714],[-157.686704,21.275665],[-157.686718,21.275552],[-157.686714,21.275407],[-157.686695,21.27529],[-157.686661,21.275195],[-157.686651,21.275147],[-157.686643,21.275063],[-157.686603,21.27486],[-157.686586,21.274815],[-157.686573,21.274665],[-157.686606,21.274578],[-157.686638,21.274544],[-157.686693,21.274501],[-157.686749,21.274484],[-157.686842,21.274473],[-157.686912,21.274476],[-157.686972,21.274492],[-157.687075,21.274504],[-157.687226,21.274503],[-157.687318,21.274495],[-157.687409,21.274469],[-157.687455,21.27446],[-157.687549,21.274425],[-157.687682,21.274362],[-157.687777,21.274304],[-157.687795,21.274271],[-157.687799,21.274232],[-157.687765,21.274176],[-157.687689,21.274114],[-157.687602,21.274068],[-157.687474,21.273979],[-157.687433,21.273902],[-157.687389,21.273832],[-157.687361,21.273773],[-157.687328,21.273689],[-157.687304,21.273607],[-157.687293,21.273537],[-157.687278,21.273481],[-157.687284,21.273413],[-157.68731,21.273336],[-157.687475,21.272992],[-157.687495,21.272913],[-157.68751,21.272828],[-157.687523,21.27271],[-157.68754,21.272604],[-157.68756,21.272528],[-157.687593,21.272419],[-157.687633,21.272343],[-157.687702,21.272231],[-157.687818,21.272031],[-157.687924,21.271894],[-157.68796,21.271837],[-157.688001,21.27175],[-157.688013,21.271707],[-157.688058,21.271635],[-157.688077,21.27159],[-157.688113,21.271529],[-157.688137,21.271475],[-157.688222,21.271325],[-157.688241,21.271264],[-157.688275,21.271212],[-157.688301,21.271158],[-157.688383,21.270926],[-157.688414,21.27085],[-157.688442,21.270746],[-157.688495,21.270633],[-157.688537,21.270566],[-157.688621,21.27037],[-157.688679,21.270262],[-157.6887,21.270208],[-157.688748,21.270041],[-157.68877,21.269992],[-157.688804,21.269949],[-157.688835,21.269884],[-157.688889,21.269821],[-157.689004,21.269716],[-157.689049,21.26968],[-157.689155,21.269606],[-157.689206,21.269548],[-157.689263,21.269494],[-157.689281,21.269465],[-157.689309,21.269393],[-157.689332,21.269357],[-157.689358,21.269276],[-157.689366,21.269222],[-157.689364,21.269181],[-157.689377,21.269132],[-157.689397,21.269019],[-157.689394,21.26896],[-157.689403,21.268924],[-157.689534,21.268735],[-157.689594,21.268693],[-157.689718,21.268631],[-157.689765,21.268584],[-157.689823,21.268555],[-157.689952,21.268511],[-157.689986,21.268493],[-157.690036,21.2685],[-157.690077,21.268534],[-157.690103,21.268573],[-157.690137,21.268643],[-157.69019,21.268709],[-157.690244,21.268818],[-157.690292,21.268899],[-157.690363,21.269042],[-157.69042,21.269232],[-157.690455,21.269312],[-157.690468,21.269427],[-157.690502,21.269477],[-157.69053,21.269464],[-157.690538,21.269364],[-157.690544,21.269231],[-157.690556,21.269114],[-157.690573,21.269035],[-157.690566,21.26896],[-157.690566,21.268879],[-157.690575,21.268836],[-157.690569,21.268784],[-157.690572,21.268732],[-157.690609,21.268692],[-157.690704,21.268652],[-157.690744,21.268657],[-157.690815,21.268675],[-157.690981,21.268711],[-157.691069,21.268741],[-157.691089,21.268754],[-157.691185,21.268798],[-157.691228,21.268834],[-157.691268,21.268887],[-157.691331,21.269032],[-157.691358,21.269077],[-157.691387,21.269172],[-157.691402,21.269326],[-157.69141,21.269364],[-157.691438,21.269439],[-157.691458,21.269602],[-157.691492,21.269668],[-157.691499,21.269695],[-157.691499,21.269753],[-157.691519,21.269821],[-157.691518,21.269932],[-157.691554,21.270115],[-157.691563,21.270185],[-157.691593,21.270285],[-157.691636,21.270398],[-157.691654,21.270457],[-157.691684,21.270496],[-157.69174,21.270548],[-157.691875,21.270635],[-157.691932,21.270696],[-157.691994,21.270731],[-157.692067,21.270763],[-157.692131,21.270836],[-157.692213,21.27089],[-157.692236,21.270915],[-157.692283,21.27095],[-157.692378,21.271014],[-157.692447,21.271086],[-157.692518,21.271152],[-157.692584,21.271243],[-157.692652,21.271309],[-157.692694,21.271337],[-157.69278,21.271383],[-157.692878,21.271419],[-157.692954,21.271425],[-157.692989,21.271436],[-157.693015,21.271463],[-157.69307,21.271581],[-157.693098,21.271658],[-157.693127,21.27169],[-157.693153,21.271747],[-157.693198,21.271808],[-157.693227,21.271908],[-157.693262,21.271967],[-157.693283,21.272028],[-157.693308,21.272073],[-157.693326,21.272216],[-157.693334,21.272247],[-157.693375,21.272272],[-157.693494,21.272289],[-157.693604,21.272324],[-157.693664,21.272333],[-157.693741,21.272363],[-157.693888,21.272401],[-157.693974,21.27241],[-157.694097,21.272438],[-157.694213,21.272446],[-157.694436,21.272452],[-157.694515,21.272462],[-157.694571,21.27246],[-157.69467,21.272443],[-157.694784,21.272435],[-157.694855,21.272424],[-157.694957,21.272409],[-157.695028,21.272403],[-157.695166,21.272354],[-157.695204,21.272348],[-157.695398,21.272331],[-157.695459,21.27232],[-157.695523,21.2723],[-157.695659,21.272283],[-157.695801,21.272242],[-157.695829,21.272242],[-157.695879,21.272233],[-157.695959,21.272209],[-157.696038,21.272178],[-157.696067,21.272151],[-157.696089,21.272113],[-157.696118,21.272086],[-157.696221,21.27194],[-157.696276,21.271879],[-157.696355,21.271821],[-157.696428,21.271738],[-157.696452,21.271698],[-157.696501,21.271655],[-157.696553,21.271581],[-157.696584,21.271557],[-157.696629,21.271476],[-157.696668,21.271424],[-157.696688,21.271359],[-157.696723,21.271293],[-157.696803,21.271107],[-157.696832,21.271064],[-157.696877,21.270974],[-157.696892,21.270924],[-157.696931,21.27083],[-157.69699,21.270717],[-157.697037,21.270603],[-157.697106,21.270425],[-157.697127,21.270382],[-157.697206,21.270245],[-157.697225,21.270191],[-157.697275,21.270087],[-157.6973,21.270051],[-157.697338,21.26997],[-157.697377,21.269801],[-157.697415,21.269698],[-157.697443,21.26965],[-157.697453,21.269608],[-157.697459,21.269556],[-157.697491,21.26943],[-157.697493,21.269323],[-157.697506,21.269281],[-157.69754,21.269206],[-157.697561,21.269143],[-157.697581,21.269028],[-157.697568,21.268947],[-157.697556,21.268877],[-157.697544,21.268809],[-157.697541,21.268671],[-157.697525,21.268603],[-157.697494,21.268515],[-157.697457,21.268395],[-157.697441,21.268352],[-157.697401,21.268273],[-157.697391,21.268236],[-157.697339,21.26808],[-157.697317,21.26803],[-157.697258,21.26796],[-157.697231,21.267944],[-157.697213,21.267923],[-157.697113,21.267884],[-157.696984,21.267838],[-157.696913,21.267817],[-157.696837,21.267803],[-157.696707,21.267784],[-157.696641,21.267768],[-157.696593,21.267765],[-157.696543,21.267744],[-157.696511,21.267744],[-157.696352,21.267777],[-157.696306,21.267794],[-157.696203,21.267809],[-157.696061,21.26782],[-157.69602,21.267831],[-157.695965,21.267846],[-157.695879,21.267859],[-157.69581,21.267856],[-157.695701,21.267875],[-157.695572,21.267881],[-157.69549,21.267874],[-157.695415,21.267882],[-157.695262,21.267865],[-157.69503,21.267866],[-157.694892,21.26782],[-157.694876,21.26781],[-157.694855,21.267794],[-157.69483,21.267745],[-157.694842,21.267684],[-157.694884,21.267646],[-157.694962,21.267601],[-157.695068,21.267561],[-157.695124,21.267532],[-157.695173,21.267524],[-157.6953,21.267446],[-157.695385,21.267374],[-157.695443,21.267361],[-157.695516,21.26733],[-157.695534,21.267287],[-157.695537,21.267203],[-157.695522,21.267158],[-157.695501,21.267129],[-157.695443,21.267074],[-157.69526,21.266933],[-157.69524,21.266914],[-157.695116,21.266866],[-157.695056,21.266825],[-157.694985,21.266757],[-157.694964,21.266725],[-157.694918,21.266686],[-157.694845,21.266672],[-157.694751,21.26668],[-157.694713,21.266671],[-157.694629,21.266616],[-157.694579,21.266593],[-157.694519,21.26652],[-157.694483,21.266461],[-157.694466,21.266405],[-157.694418,21.266303],[-157.694404,21.266253],[-157.694374,21.26618],[-157.694352,21.266094],[-157.694329,21.266036],[-157.694313,21.265997],[-157.694291,21.26597],[-157.694232,21.265868],[-157.694179,21.265858],[-157.694147,21.265905],[-157.694121,21.265919],[-157.694054,21.265905],[-157.693896,21.265782],[-157.693795,21.265709],[-157.693744,21.265683],[-157.693674,21.265676],[-157.693645,21.265694],[-157.69358,21.265754],[-157.693539,21.265831],[-157.693522,21.26588],[-157.693494,21.265909],[-157.693442,21.265916],[-157.693409,21.265911],[-157.693382,21.265886],[-157.693378,21.265852],[-157.693391,21.265757],[-157.693405,21.265712],[-157.693448,21.265643],[-157.693473,21.265582],[-157.693521,21.26542],[-157.693554,21.265327],[-157.693554,21.265296],[-157.693526,21.265216],[-157.693511,21.265198],[-157.693502,21.265178],[-157.693489,21.265164],[-157.693405,21.265125],[-157.693319,21.265109],[-157.693236,21.265106],[-157.693081,21.265053],[-157.692895,21.264979],[-157.6928,21.264949],[-157.692752,21.264928],[-157.69268,21.264907],[-157.692598,21.264891],[-157.692464,21.264854],[-157.692402,21.264826],[-157.692323,21.264785],[-157.692287,21.264773],[-157.692211,21.264766],[-157.692153,21.26475],[-157.692095,21.264715],[-157.69206,21.264665],[-157.692025,21.264654],[-157.692019,21.264629],[-157.692027,21.264572],[-157.692049,21.264532],[-157.692103,21.264453],[-157.692147,21.264379],[-157.692226,21.264285],[-157.692265,21.264222],[-157.692375,21.264076],[-157.692435,21.264002],[-157.692527,21.263865],[-157.692594,21.263777],[-157.692644,21.263721],[-157.692718,21.263622],[-157.69277,21.263569],[-157.692832,21.263492],[-157.692865,21.26347],[-157.692916,21.263423],[-157.692989,21.263338],[-157.693011,21.263318],[-157.693096,21.263208],[-157.693287,21.263037],[-157.693365,21.262936],[-157.693467,21.262838],[-157.693559,21.262726],[-157.69359,21.262676],[-157.69365,21.262604],[-157.693704,21.262551],[-157.69382,21.2624],[-157.693858,21.262369],[-157.693918,21.262306],[-157.694005,21.26223],[-157.694055,21.262197],[-157.694147,21.262105],[-157.694196,21.262064],[-157.694244,21.262035],[-157.694274,21.262006],[-157.694393,21.261917],[-157.694461,21.261877],[-157.694506,21.261841],[-157.694658,21.26175],[-157.694736,21.261694],[-157.694831,21.261649],[-157.694953,21.26158],[-157.695091,21.261527],[-157.695209,21.261465],[-157.695365,21.261414],[-157.695461,21.261408],[-157.69557,21.261379],[-157.695654,21.261367],[-157.695694,21.261353],[-157.695766,21.261354],[-157.695927,21.261339],[-157.695991,21.261322],[-157.696097,21.261302],[-157.696167,21.261264],[-157.696252,21.261238],[-157.696393,21.261219],[-157.696435,21.26121],[-157.696546,21.261206],[-157.696619,21.261223],[-157.696673,21.261246],[-157.696738,21.261296],[-157.69676,21.26133],[-157.696777,21.261335],[-157.696904,21.261424],[-157.696998,21.261501],[-157.697023,21.261544],[-157.69713,21.26159],[-157.697217,21.261595],[-157.697412,21.261595],[-157.697499,21.26162],[-157.697538,21.261618],[-157.697583,21.261587],[-157.697593,21.261544],[-157.697587,21.261517],[-157.697537,21.261408],[-157.697532,21.261345],[-157.697607,21.261242],[-157.69767,21.261179],[-157.697763,21.261141],[-157.697837,21.261121],[-157.697993,21.261073],[-157.698026,21.261071],[-157.698101,21.261044],[-157.698175,21.261027],[-157.698235,21.260998],[-157.698287,21.260996],[-157.698352,21.260972],[-157.698397,21.260947],[-157.698606,21.260877],[-157.698702,21.26085],[-157.698779,21.260817],[-157.698836,21.260784],[-157.698977,21.260726],[-157.699076,21.260695],[-157.699105,21.26068],[-157.699179,21.260655],[-157.699238,21.260649],[-157.699319,21.260632],[-157.699376,21.260607],[-157.699469,21.260558],[-157.699593,21.260534],[-157.699644,21.260508],[-157.699686,21.260506],[-157.69981,21.260464],[-157.699926,21.260431],[-157.700112,21.260401],[-157.700213,21.260374],[-157.700352,21.260364],[-157.700392,21.260367],[-157.700509,21.260345],[-157.700586,21.260327],[-157.700714,21.260304],[-157.700851,21.2603],[-157.70094,21.260308],[-157.700963,21.260301],[-157.701073,21.260291],[-157.701186,21.260316],[-157.701351,21.260336],[-157.701578,21.260351],[-157.701596,21.260356],[-157.701687,21.260347],[-157.701861,21.260349],[-157.701979,21.260361],[-157.702089,21.260389],[-157.702248,21.260388],[-157.702426,21.260369],[-157.702487,21.260371],[-157.702587,21.260399],[-157.702685,21.260411],[-157.702753,21.260401],[-157.702857,21.260368],[-157.702933,21.260348],[-157.703031,21.260337],[-157.703127,21.260338],[-157.703244,21.260319],[-157.703321,21.260272],[-157.70338,21.260198],[-157.703427,21.26016],[-157.703488,21.260126],[-157.703571,21.260095],[-157.70373,21.260069],[-157.703788,21.260056],[-157.703879,21.260016],[-157.703946,21.25996],[-157.703983,21.259922],[-157.704051,21.259871],[-157.704094,21.259846],[-157.704191,21.259811],[-157.704221,21.259807],[-157.70435,21.25981],[-157.70441,21.259806],[-157.704547,21.259809],[-157.704592,21.259798],[-157.704643,21.259758],[-157.70469,21.259713],[-157.704785,21.259657],[-157.704829,21.259619],[-157.704916,21.259557],[-157.704973,21.259532],[-157.705031,21.259558],[-157.705134,21.259653],[-157.705225,21.259674],[-157.705322,21.259664],[-157.705495,21.259606],[-157.705584,21.25958],[-157.705721,21.259561],[-157.705861,21.259505],[-157.705908,21.259497],[-157.705972,21.259499],[-157.706112,21.259494],[-157.706212,21.259467],[-157.706398,21.259401],[-157.706447,21.259379],[-157.706528,21.25935],[-157.706561,21.259353],[-157.706161,21.260167],[-157.706356,21.260288],[-157.707436,21.260949],[-157.707618,21.261759],[-157.707676,21.262015],[-157.707906,21.263037],[-157.707997,21.263445],[-157.707971,21.263632],[-157.707909,21.264045],[-157.707884,21.264094],[-157.70752,21.264762],[-157.707288,21.265185],[-157.706958,21.265629],[-157.706768,21.265822],[-157.706549,21.266046],[-157.706258,21.26634],[-157.706201,21.266396],[-157.705901,21.2668],[-157.705871,21.266856],[-157.705643,21.267272],[-157.705526,21.267486],[-157.705522,21.267488],[-157.704875,21.268177],[-157.704646,21.268421],[-157.704515,21.268556],[-157.704366,21.268717],[-157.703694,21.26943],[-157.70357,21.26956],[-157.703514,21.269702],[-157.703142,21.269916],[-157.702703,21.270165],[-157.703065,21.270724],[-157.70304,21.270739],[-157.702641,21.270964],[-157.702068,21.27129],[-157.701842,21.271428],[-157.701411,21.271693],[-157.701151,21.271852],[-157.700975,21.271961],[-157.700651,21.272159],[-157.700371,21.272327],[-157.700082,21.272544],[-157.699865,21.272937],[-157.699873,21.272948],[-157.6991,21.273387],[-157.699365,21.2738],[-157.698061,21.274531],[-157.697807,21.274678],[-157.697496,21.274714],[-157.697273,21.274744],[-157.697227,21.274753],[-157.697063,21.274774],[-157.696906,21.2748],[-157.69682,21.274811],[-157.696639,21.274841],[-157.696462,21.274864],[-157.696005,21.274935],[-157.69586,21.274954],[-157.69577,21.27497],[-157.695678,21.27498],[-157.695584,21.274997],[-157.695538,21.275002],[-157.69525,21.275047],[-157.694987,21.275081],[-157.694802,21.275098],[-157.694457,21.275113],[-157.6942,21.275111],[-157.693939,21.275098],[-157.693791,21.275085],[-157.693652,21.275071],[-157.693389,21.275032],[-157.693243,21.275006],[-157.693025,21.274957],[-157.692812,21.274904],[-157.692649,21.274857],[-157.69243,21.274783],[-157.692176,21.274686],[-157.692068,21.27464],[-157.691885,21.274558],[-157.691606,21.274418],[-157.691515,21.274365],[-157.691537,21.274329],[-157.691305,21.274192],[-157.691229,21.274144],[-157.691081,21.274043],[-157.690936,21.273938],[-157.690828,21.273854],[-157.690799,21.273888],[-157.690487,21.273639],[-157.690476,21.27365],[-157.690241,21.273465],[-157.689686,21.273023],[-157.68955,21.272923],[-157.689452,21.272868],[-157.689318,21.272819],[-157.689206,21.272796],[-157.689121,21.272788],[-157.689063,21.272788],[-157.688978,21.272794],[-157.688865,21.272816],[-157.68877,21.272846],[-157.688718,21.272869],[-157.688643,21.272909],[-157.688572,21.272956],[-157.688498,21.273018],[-157.688441,21.273079],[-157.688391,21.273146],[-157.688343,21.273227],[-157.68831,21.273301],[-157.688279,21.273409],[-157.688164,21.273924],[-157.688074,21.274323],[-157.687939,21.274938],[-157.687713,21.275964],[-157.687694,21.276025],[-157.687659,21.276101],[-157.687618,21.276164],[-157.687563,21.276229],[-157.687531,21.276258],[-157.687452,21.276319],[-157.687345,21.276374],[-157.687239,21.276407],[-157.687128,21.276422],[-157.687039,21.276422],[-157.686929,21.276409],[-157.686738,21.276394],[-157.686368,21.276362],[-157.68599,21.276332],[-157.685877,21.276331],[-157.685769,21.276344],[-157.685667,21.276363],[-157.685525,21.276412],[-157.68546,21.276445],[-157.685391,21.276488],[-157.685207,21.276644],[-157.68509,21.276741],[-157.685006,21.276799],[-157.684919,21.276852],[-157.684818,21.276903],[-157.684746,21.276934],[-157.684599,21.276983],[-157.684328,21.277046],[-157.684167,21.277086],[-157.68393,21.277158],[-157.683744,21.277225],[-157.68355,21.277311],[-157.683452,21.277365],[-157.682526,21.27794],[-157.682465,21.277982],[-157.682412,21.278027],[-157.682345,21.278097],[-157.682266,21.278209],[-157.682219,21.278306],[-157.68219,21.278396],[-157.682173,21.278488],[-157.682164,21.278583],[-157.682151,21.278658],[-157.682121,21.27875],[-157.682093,21.278808],[-157.682045,21.27888],[-157.681962,21.27897],[-157.681882,21.27903],[-157.681824,21.279064],[-157.681752,21.279095],[-157.681698,21.279112],[-157.681597,21.279132],[-157.681552,21.279136],[-157.681284,21.279148],[-157.680813,21.27916],[-157.680725,21.279166],[-157.680614,21.279183],[-157.680509,21.279209],[-157.680455,21.279227],[-157.680342,21.279273],[-157.680164,21.279371],[-157.678965,21.280037],[-157.67887,21.280088],[-157.678776,21.280146],[-157.678599,21.280274],[-157.678522,21.280341],[-157.678413,21.280442],[-157.678274,21.280608],[-157.678207,21.280684],[-157.678158,21.280751],[-157.678112,21.280823],[-157.678065,21.280915],[-157.678032,21.280992],[-157.677994,21.281111],[-157.677973,21.281213],[-157.677962,21.281314],[-157.677948,21.281671],[-157.677934,21.281764],[-157.677917,21.281827],[-157.677888,21.281901],[-157.677865,21.281948],[-157.677823,21.282016],[-157.677783,21.28207],[-157.677709,21.282148],[-157.677678,21.282175],[-157.67742,21.282362],[-157.677382,21.282317],[-157.67729,21.282384],[-157.67708,21.28255],[-157.676904,21.282702],[-157.676772,21.282823],[-157.676642,21.282955],[-157.67649,21.283114],[-157.676365,21.28326],[-157.676164,21.283511],[-157.676003,21.283729],[-157.675619,21.284236],[-157.675502,21.284396],[-157.675269,21.284703],[-157.675182,21.284816],[-157.67503,21.284984],[-157.674897,21.285109],[-157.674791,21.285196],[-157.674681,21.285279],[-157.674604,21.28533],[-157.674486,21.285404],[-157.674364,21.285471],[-157.673993,21.285667],[-157.673551,21.285896],[-157.672543,21.286425],[-157.672155,21.28663],[-157.671744,21.286843]],[[-157.702469,21.266336],[-157.702534,21.266214],[-157.702403,21.266152],[-157.702339,21.266274],[-157.702469,21.266336]],[[-157.700027,21.270587],[-157.699833,21.270766],[-157.699764,21.270929],[-157.700061,21.271213],[-157.700381,21.270927],[-157.700027,21.270587]],[[-157.697433,21.272159],[-157.697814,21.272271],[-157.697986,21.271746],[-157.697424,21.271583],[-157.697303,21.271953],[-157.697252,21.272108],[-157.697433,21.272159]],[[-157.703137,21.2664],[-157.703862,21.264892],[-157.702632,21.26437],[-157.701906,21.265877],[-157.703137,21.2664]]]},"properties":{}},{"type":"Feature","geometry":{"type":"Polygon","coordinates":[[[-157.844505,21.288025],[-157.844522,21.287964],[-157.844633,21.287987],[-157.844616,21.288055],[-157.844505,21.288025]]]},"properties":{}},{"type":"Feature","geometry":{"type":"Polygon","coordinates":[[[-157.79029,21.287359],[-157.790479,21.287094],[-157.790514,21.287037],[-157.790545,21.286954],[-157.790556,21.286882],[-157.790578,21.286489],[-157.790966,21.28583],[-157.791524,21.286119],[-157.791738,21.286229],[-157.791619,21.286431],[-157.790887,21.287677],[-157.79029,21.287359]]]},"properties":{}},{"type":"Feature","geometry":{"type":"Polygon","coordinates":[[[-157.790072,21.286097],[-157.790629,21.285134],[-157.790553,21.285093],[-157.790784,21.284697],[-157.790792,21.284686],[-157.790826,21.284686],[-157.791314,21.284941],[-157.790486,21.286351],[-157.790459,21.286382],[-157.790403,21.286398],[-157.790346,21.286372],[-157.790072,21.286097]]]},"properties":{}},{"type":"Feature","geometry":{"type":"Polygon","coordinates":[[[-157.844693,21.286465],[-157.845021,21.285433],[-157.846067,21.28154],[-157.846079,21.281518],[-157.846119,21.2815],[-157.846153,21.281498],[-157.846219,21.281521],[-157.846252,21.281562],[-157.846273,21.281602],[-157.846302,21.281707],[-157.84632,21.281747],[-157.846356,21.281797],[-157.846393,21.281834],[-157.846431,21.281852],[-157.846533,21.281884],[-157.846711,21.281922],[-157.846749,21.281922],[-157.846775,21.28194],[-157.846794,21.28197],[-157.846798,21.282004],[-157.846791,21.28204],[-157.84677,21.28206],[-157.846736,21.282073],[-157.846688,21.282071],[-157.846617,21.28205],[-157.846537,21.282013],[-157.846432,21.282024],[-157.846373,21.282041],[-157.846292,21.282113],[-157.846258,21.282174],[-157.846207,21.2823],[-157.846183,21.28244],[-157.846208,21.282544],[-157.846223,21.282625],[-157.846251,21.282722],[-157.846287,21.282818],[-157.846339,21.282917],[-157.846393,21.283013],[-157.846464,21.28311],[-157.84657,21.283208],[-157.846736,21.283354],[-157.846863,21.283447],[-157.847008,21.283527],[-157.84716,21.283591],[-157.84727,21.283626],[-157.847385,21.283652],[-157.847452,21.283645],[-157.847591,21.283646],[-157.847681,21.28364],[-157.847766,21.283627],[-157.847841,21.283587],[-157.847887,21.283551],[-157.847924,21.283495],[-157.847959,21.283477],[-157.847918,21.283355],[-157.84792,21.283278],[-157.847895,21.283269],[-157.847833,21.283212],[-157.847866,21.283178],[-157.847802,21.283158],[-157.847762,21.28313],[-157.847738,21.283103],[-157.847697,21.283089],[-157.847614,21.283032],[-157.847587,21.282994],[-157.847591,21.282955],[-157.847639,21.282938],[-157.847751,21.282956],[-157.847783,21.282972],[-157.847895,21.283043],[-157.847932,21.283077],[-157.847945,21.283123],[-157.847935,21.283156],[-157.847981,21.283224],[-157.84801,21.283234],[-157.848045,21.283279],[-157.848077,21.283336],[-157.8481,21.283399],[-157.848164,21.283544],[-157.848213,21.283671],[-157.848239,21.283768],[-157.848287,21.283868],[-157.848323,21.283981],[-157.848342,21.28411],[-157.848349,21.284225],[-157.848348,21.284331],[-157.84833,21.284435],[-157.848291,21.284532],[-157.848165,21.284734],[-157.848098,21.284831],[-157.848029,21.28495],[-157.847927,21.285101],[-157.847845,21.285218],[-157.847773,21.28533],[-157.847662,21.285451],[-157.847416,21.285777],[-157.847378,21.28577],[-157.846993,21.285727],[-157.846853,21.285739],[-157.846716,21.285775],[-157.846583,21.285828],[-157.846485,21.285877],[-157.846362,21.285962],[-157.846266,21.286036],[-157.846166,21.286141],[-157.846034,21.286314],[-157.845952,21.286427],[-157.845911,21.286501],[-157.845835,21.286665],[-157.845817,21.286719],[-157.844706,21.286468],[-157.844693,21.286465]]]},"properties":{}},{"type":"Feature","geometry":{"type":"Polygon","coordinates":[[[-157.790072,21.286097],[-157.789862,21.285888],[-157.790044,21.285385],[-157.790219,21.284921],[-157.790448,21.285038],[-157.790677,21.284642],[-157.79068,21.284609],[-157.790792,21.284686],[-157.790784,21.284697],[-157.790553,21.285093],[-157.790629,21.285134],[-157.790072,21.286097]]]},"properties":{}},{"type":"Feature","geometry":{"type":"Polygon","coordinates":[[[-157.789862,21.285888],[-157.789701,21.285726],[-157.789595,21.285362],[-157.78957,21.284822],[-157.789801,21.284941],[-157.789921,21.284513],[-157.79001,21.284199],[-157.790305,21.284353],[-157.789941,21.28533],[-157.790044,21.285385],[-157.789862,21.285888]]]},"properties":{}},{"type":"Feature","geometry":{"type":"Polygon","coordinates":[[[-157.718629,21.284737],[-157.718662,21.284748],[-157.71865,21.284915],[-157.718588,21.28487],[-157.718494,21.284821],[-157.718048,21.284617],[-157.717651,21.284352],[-157.715772,21.28308],[-157.715697,21.28303],[-157.715534,21.282927],[-157.715368,21.282828],[-157.715211,21.282741],[-157.715222,21.282701],[-157.71536,21.282765],[-157.715471,21.282811],[-157.715575,21.282859],[-157.715642,21.282905],[-157.715941,21.283088],[-157.715986,21.28312],[-157.716331,21.283323],[-157.716567,21.283468],[-157.716707,21.283561],[-157.71675,21.283584],[-157.716853,21.283646],[-157.716925,21.283683],[-157.717138,21.283802],[-157.717189,21.283834],[-157.717323,21.283934],[-157.717426,21.284003],[-157.717454,21.284025],[-157.7177,21.284192],[-157.717775,21.284247],[-157.717852,21.284324],[-157.717957,21.284422],[-157.718145,21.284491],[-157.718241,21.284553],[-157.718544,21.284695],[-157.718629,21.284737]]]},"properties":{}},{"type":"Feature","geometry":{"type":"Polygon","coordinates":[[[-157.719825,21.284809],[-157.719658,21.284835],[-157.71962,21.284387],[-157.719737,21.28435],[-157.720021,21.284264],[-157.720425,21.28412],[-157.720918,21.28397],[-157.721364,21.283872],[-157.721449,21.284022],[-157.721489,21.28402],[-157.721534,21.284553],[-157.721293,21.28459],[-157.720903,21.284646],[-157.720841,21.284656],[-157.720288,21.284738],[-157.719825,21.284809]]]},"properties":{}},{"type":"Feature","geometry":{"type":"Polygon","coordinates":[[[-157.718629,21.284737],[-157.718544,21.284695],[-157.718241,21.284553],[-157.718145,21.284491],[-157.717957,21.284422],[-157.717852,21.284324],[-157.718022,21.284084],[-157.718551,21.284352],[-157.718617,21.284384],[-157.718629,21.284481],[-157.718623,21.284649],[-157.718629,21.284737]]]},"properties":{}},{"type":"Feature","geometry":{"type":"Polygon","coordinates":[[[-157.820164,21.284353],[-157.818794,21.283166],[-157.817201,21.281784],[-157.81721,21.281771],[-157.815657,21.280421],[-157.815674,21.280403],[-157.815364,21.280134],[-157.814418,21.27931],[-157.814298,21.278085],[-157.814365,21.278092],[-157.814787,21.277393],[-157.814503,21.277244],[-157.816162,21.274489],[-157.816188,21.274462],[-157.816229,21.274458],[-157.816261,21.274478],[-157.816754,21.274909],[-157.816826,21.274819],[-157.817325,21.275249],[-157.817475,21.275099],[-157.818175,21.275761],[-157.818802,21.276323],[-157.819277,21.276747],[-157.81941,21.277032],[-157.819929,21.277508],[-157.820616,21.278039],[-157.82086,21.278327],[-157.820973,21.27852],[-157.821274,21.278782],[-157.821869,21.279306],[-157.822376,21.279799],[-157.822427,21.279845],[-157.822767,21.280141],[-157.825191,21.282251],[-157.825332,21.282354],[-157.825823,21.282775],[-157.825848,21.282823],[-157.825842,21.282866],[-157.825828,21.282888],[-157.825791,21.282913],[-157.825763,21.282917],[-157.823262,21.283022],[-157.823164,21.283025],[-157.823017,21.283038],[-157.822918,21.283051],[-157.822772,21.283075],[-157.82258,21.283118],[-157.822495,21.283143],[-157.822351,21.283189],[-157.822258,21.283222],[-157.822165,21.28326],[-157.82203,21.283322],[-157.821854,21.283416],[-157.82177,21.283467],[-157.821606,21.283577],[-157.82145,21.283695],[-157.821304,21.283825],[-157.820782,21.284352],[-157.820497,21.284642],[-157.820164,21.284353]],[[-157.819198,21.278013],[-157.819285,21.277921],[-157.819417,21.278031],[-157.819515,21.277927],[-157.819558,21.277964],[-157.819597,21.277923],[-157.819531,21.277866],[-157.819512,21.277889],[-157.819402,21.277798],[-157.8195,21.277695],[-157.819522,21.277713],[-157.819542,21.27769],[-157.819003,21.277244],[-157.818925,21.277327],[-157.818947,21.277345],[-157.818889,21.277406],[-157.818922,21.277433],[-157.818765,21.277599],[-157.818743,21.277581],[-157.818705,21.277621],[-157.818727,21.27764],[-157.818746,21.277619],[-157.819142,21.277947],[-157.819131,21.277959],[-157.819198,21.278013]],[[-157.816876,21.278939],[-157.817924,21.277645],[-157.818108,21.277253],[-157.817967,21.277085],[-157.817697,21.276898],[-157.817309,21.276735],[-157.815812,21.278403],[-157.81638,21.278793],[-157.816876,21.278939]]]},"properties":{}},{"type":"Feature","geometry":{"type":"Polygon","coordinates":[[[-157.715222,21.282701],[-157.714581,21.282362],[-157.714455,21.282311],[-157.714423,21.282211],[-157.714435,21.282083],[-157.714432,21.28206],[-157.714449,21.28188],[-157.714463,21.281886],[-157.71453,21.281979],[-157.714576,21.282057],[-157.7146,21.282086],[-157.714621,21.282095],[-157.714812,21.282158],[-157.714839,21.282169],[-157.71495,21.282202],[-157.714978,21.282297],[-157.714998,21.282383],[-157.715105,21.282442],[-157.715234,21.282509],[-157.715259,21.282525],[-157.715335,21.282541],[-157.715283,21.282624],[-157.715294,21.282634],[-157.715436,21.282714],[-157.71565,21.282844],[-157.715753,21.28291],[-157.71585,21.282977],[-157.71675,21.283584],[-157.716707,21.283561],[-157.716567,21.283468],[-157.716331,21.283323],[-157.715986,21.28312],[-157.715941,21.283088],[-157.715642,21.282905],[-157.715575,21.282859],[-157.715471,21.282811],[-157.71536,21.282765],[-157.715222,21.282701]]]},"properties":{}},{"type":"Feature","geometry":{"type":"Polygon","coordinates":[[[-157.821475,21.284348],[-157.821348,21.284239],[-157.821554,21.284033],[-157.821646,21.283948],[-157.82171,21.283894],[-157.821842,21.283795],[-157.821911,21.283748],[-157.822019,21.283681],[-157.822167,21.283601],[-157.822282,21.283548],[-157.822387,21.283506],[-157.822504,21.283466],[-157.82264,21.283426],[-157.822778,21.283393],[-157.822965,21.283358],[-157.823153,21.283337],[-157.823276,21.283331],[-157.824374,21.2833],[-157.82454,21.283446],[-157.8233,21.28348],[-157.823176,21.283486],[-157.823053,21.283499],[-157.822889,21.283525],[-157.822768,21.283551],[-157.82265,21.283584],[-157.822532,21.283622],[-157.822379,21.283682],[-157.822268,21.283733],[-157.822089,21.283831],[-157.821986,21.283896],[-157.821824,21.284016],[-157.821762,21.284068],[-157.821673,21.284149],[-157.821475,21.284348]]]},"properties":{}},{"type":"Feature","geometry":{"type":"Polygon","coordinates":[[[-157.766126,21.28329],[-157.765978,21.282977],[-157.765855,21.282723],[-157.765876,21.282547],[-157.765991,21.282557],[-157.766128,21.282583],[-157.7662,21.282601],[-157.766311,21.282623],[-157.766461,21.282642],[-157.766573,21.282649],[-157.766761,21.282651],[-157.766949,21.282636],[-157.767098,21.282613],[-157.767253,21.283004],[-157.76727,21.283038],[-157.767384,21.283195],[-157.76735,21.283224],[-157.767231,21.283339],[-157.767129,21.283451],[-157.767036,21.283531],[-157.766979,21.283569],[-157.766906,21.283609],[-157.766856,21.283632],[-157.766763,21.283663],[-157.766709,21.283676],[-157.766598,21.283691],[-157.766513,21.283692],[-157.766444,21.283687],[-157.766347,21.283671],[-157.766306,21.283659],[-157.766126,21.28329]]]},"properties":{}},{"type":"Feature","geometry":{"type":"Polygon","coordinates":[[[-156.50939,20.889232],[-156.509171,20.889414],[-156.50913,20.889451],[-156.508531,20.88882],[-156.508737,20.888698],[-156.50925,20.88841],[-156.509513,20.888261],[-156.509949,20.888761],[-156.509721,20.888952],[-156.50939,20.889232]]]},"properties":{}},{"type":"Feature","geometry":{"type":"Polygon","coordinates":[[[-157.831667,21.283726],[-157.83185,21.284028],[-157.831848,21.284062],[-157.831824,21.284084],[-157.831783,21.284086],[-157.83173,21.284065],[-157.831619,21.284008],[-157.831478,21.283919],[-157.831667,21.283726]]]},"properties":{}},{"type":"Feature","geometry":{"type":"Polygon","coordinates":[[[-157.831419,21.283876],[-157.831629,21.283663],[-157.831667,21.283726],[-157.831478,21.283919],[-157.831419,21.283876]]]},"properties":{}},{"type":"Feature","geometry":{"type":"Polygon","coordinates":[[[-157.83136,21.28383],[-157.831591,21.283599],[-157.831629,21.283663],[-157.831419,21.283876],[-157.83136,21.28383]]]},"properties":{}},{"type":"Feature","geometry":{"type":"Polygon","coordinates":[[[-157.80106,21.282698],[-157.801576,21.282961],[-157.801183,21.283638],[-157.801024,21.283556],[-157.800151,21.283111],[-157.800544,21.282437],[-157.801025,21.282682],[-157.80106,21.282698]]]},"properties":{}},{"type":"Feature","geometry":{"type":"Polygon","coordinates":[[[-157.83125,21.283744],[-157.831517,21.283479],[-157.831591,21.283599],[-157.83136,21.28383],[-157.83125,21.283744]]]},"properties":{}},{"type":"Feature","geometry":{"type":"Polygon","coordinates":[[[-157.83125,21.283744],[-157.831156,21.283662],[-157.83145,21.283366],[-157.831517,21.283479],[-157.83125,21.283744]]]},"properties":{}},{"type":"Feature","geometry":{"type":"Polygon","coordinates":[[[-157.713497,21.281969],[-157.713319,21.281907],[-157.712785,21.281675],[-157.712178,21.281356],[-157.712019,21.281262],[-157.712064,21.281233],[-157.7122,21.28116],[-157.712316,21.281093],[-157.712361,21.281084],[-157.712558,21.281113],[-157.712732,21.28113],[-157.712861,21.281151],[-157.712963,21.281188],[-157.713054,21.28123],[-157.713094,21.281241],[-157.71322,21.281292],[-157.713441,21.281438],[-157.713571,21.28153],[-157.713638,21.281571],[-157.713691,21.281589],[-157.713778,21.28163],[-157.713818,21.281642],[-157.713974,21.281646],[-157.713983,21.281702],[-157.71387,21.281751],[-157.713703,21.281833],[-157.713613,21.281873],[-157.713605,21.281939],[-157.713547,21.28192],[-157.713529,21.281927],[-157.713497,21.281969]]]},"properties":{}},{"type":"Feature","geometry":{"type":"Polygon","coordinates":[[[-157.847574,21.282537],[-157.847644,21.282538],[-157.847696,21.282568],[-157.847781,21.282665],[-157.8478,21.282722],[-157.847786,21.282758],[-157.847743,21.28278],[-157.847712,21.282751],[-157.847592,21.282596],[-157.847571,21.282562],[-157.847574,21.282537]]]},"properties":{}},{"type":"Feature","geometry":{"type":"Polygon","coordinates":[[[-157.836551,21.281804],[-157.836525,21.28182],[-157.835878,21.282179],[-157.835394,21.282449],[-157.835272,21.282516],[-157.835247,21.282423],[-157.836502,21.281727],[-157.836551,21.281804]]]},"properties":{}},{"type":"Feature","geometry":{"type":"Polygon","coordinates":[[[-157.84727,21.282233],[-157.847357,21.282283],[-157.847453,21.282345],[-157.847535,21.282406],[-157.847569,21.28246],[-157.847542,21.282508],[-157.847498,21.282512],[-157.847426,21.282473],[-157.847384,21.282457],[-157.847317,21.282418],[-157.847255,21.282368],[-157.847198,21.282295],[-157.847169,21.282236],[-157.847159,21.282198],[-157.847201,21.282191],[-157.84727,21.282233]]]},"properties":{}},{"type":"Feature","geometry":{"type":"Polygon","coordinates":[[[-157.749612,21.281627],[-157.749271,21.281702],[-157.749173,21.281588],[-157.748906,21.28127],[-157.748614,21.281487],[-157.748603,21.281473],[-157.748897,21.281254],[-157.748845,21.281148],[-157.748886,21.281024],[-157.74899,21.280945],[-157.749451,21.280845],[-157.749475,21.280838],[-157.749588,21.28128],[-157.74967,21.281614],[-157.749612,21.281627]]]},"properties":{}},{"type":"Feature","geometry":{"type":"Polygon","coordinates":[[[-157.728064,21.281509],[-157.728171,21.281257],[-157.728187,21.281261],[-157.728083,21.281513],[-157.728064,21.281509]]]},"properties":{}},{"type":"Feature","geometry":{"type":"Polygon","coordinates":[[[-157.694058,21.280388],[-157.693023,21.280944],[-157.692541,21.280814],[-157.691949,21.281119],[-157.691203,21.27995],[-157.691134,21.279843],[-157.690678,21.279849],[-157.69022,21.279023],[-157.691047,21.278587],[-157.691198,21.278636],[-157.691349,21.278269],[-157.691373,21.278176],[-157.691381,21.278115],[-157.691383,21.27805],[-157.691378,21.277978],[-157.691339,21.277738],[-157.691332,21.277661],[-157.691336,21.277573],[-157.691345,21.277508],[-157.691368,21.277422],[-157.691416,21.277332],[-157.69191,21.277577],[-157.693673,21.279899],[-157.694058,21.280388]]]},"properties":{}},{"type":"Feature","geometry":{"type":"Polygon","coordinates":[[[-157.784917,21.28176],[-157.783604,21.281631],[-157.783514,21.281379],[-157.783486,21.281259],[-157.783475,21.281185],[-157.783458,21.280984],[-157.783417,21.280532],[-157.783413,21.280475],[-157.784446,21.280573],[-157.784502,21.280591],[-157.78453,21.280616],[-157.784549,21.280653],[-157.784618,21.280863],[-157.784711,21.281101],[-157.78478,21.281257],[-157.784817,21.281334],[-157.784912,21.281518],[-157.784917,21.28176]]]},"properties":{}},{"type":"Feature","geometry":{"type":"Polygon","coordinates":[[[-157.778614,21.281531],[-157.778378,21.28136],[-157.778282,21.281285],[-157.778001,21.281073],[-157.77823,21.280801],[-157.778252,21.28063],[-157.778594,21.280666],[-157.778726,21.280678],[-157.779018,21.280712],[-157.779303,21.280744],[-157.779291,21.280845],[-157.779271,21.280956],[-157.779227,21.281104],[-157.779186,21.281208],[-157.779125,21.281327],[-157.779084,21.281395],[-157.779006,21.281505],[-157.778842,21.2817],[-157.778614,21.281531]]]},"properties":{}},{"type":"Feature","geometry":{"type":"Polygon","coordinates":[[[-157.694058,21.280388],[-157.693673,21.279899],[-157.69191,21.277577],[-157.691416,21.277332],[-157.692496,21.275007],[-157.692645,21.275056],[-157.692789,21.275095],[-157.693014,21.275154],[-157.693115,21.275177],[-157.693303,21.275215],[-157.693491,21.275245],[-157.693709,21.275274],[-157.693922,21.275294],[-157.694099,21.275304],[-157.694298,21.27531],[-157.694411,21.275311],[-157.694567,21.275308],[-157.694728,21.2753],[-157.694926,21.275284],[-157.69507,21.275269],[-157.695102,21.27526],[-157.695406,21.27522],[-157.695773,21.275164],[-157.696055,21.275123],[-157.696615,21.275037],[-157.696783,21.275014],[-157.697035,21.274975],[-157.697273,21.274947],[-157.697364,21.274932],[-157.697628,21.274894],[-157.697939,21.274858],[-157.698004,21.274854],[-157.697886,21.275067],[-157.697778,21.275256],[-157.6976,21.275575],[-157.697576,21.275611],[-157.697436,21.275868],[-157.697351,21.276014],[-157.697105,21.276448],[-157.696962,21.276686],[-157.696949,21.276713],[-157.696771,21.277028],[-157.696472,21.277554],[-157.696396,21.277687],[-157.69609,21.278224],[-157.695862,21.278627],[-157.695599,21.27909],[-157.695398,21.279445],[-157.695318,21.279591],[-157.695111,21.279958],[-157.694894,21.280338],[-157.694756,21.280581],[-157.694619,21.280826],[-157.69452,21.280999],[-157.694058,21.280388]]]},"properties":{}},{"type":"Feature","geometry":{"type":"Polygon","coordinates":[[[-157.836551,21.281804],[-157.836502,21.281727],[-157.837011,21.281444],[-157.837102,21.281392],[-157.837215,21.281323],[-157.837268,21.281409],[-157.837047,21.28153],[-157.836565,21.281797],[-157.836551,21.281804]]]},"properties":{}},{"type":"Feature","geometry":{"type":"Polygon","coordinates":[[[-157.738129,21.280833],[-157.738257,21.280648],[-157.738252,21.280587],[-157.73828,21.280513],[-157.738292,21.280463],[-157.738306,21.280364],[-157.738306,21.280305],[-157.7383,21.280199],[-157.738288,21.280086],[-157.738344,21.28008],[-157.738361,21.280299],[-157.73836,21.28036],[-157.738351,21.280434],[-157.738332,21.280511],[-157.738306,21.280581],[-157.73831,21.280642],[-157.738243,21.280741],[-157.738264,21.280779],[-157.738181,21.280817],[-157.738129,21.280833]]]},"properties":{}},{"type":"Feature","geometry":{"type":"Polygon","coordinates":[[[-157.837268,21.281409],[-157.837215,21.281323],[-157.837102,21.281392],[-157.837011,21.281444],[-157.836854,21.28126],[-157.837063,21.281139],[-157.837137,21.281187],[-157.837292,21.281274],[-157.837361,21.281356],[-157.837268,21.281409]]]},"properties":{}},{"type":"Feature","geometry":{"type":"Polygon","coordinates":[[[-156.68315,20.891577],[-156.682894,20.891612],[-156.682939,20.891378],[-156.682945,20.891328],[-156.682931,20.890949],[-156.682915,20.890592],[-156.683121,20.890586],[-156.6836,20.890565],[-156.683686,20.890833],[-156.683498,20.890882],[-156.68363,20.891293],[-156.68382,20.891243],[-156.683898,20.891481],[-156.683397,20.891544],[-156.68315,20.891577]]]},"properties":{}},{"type":"Feature","geometry":{"type":"Polygon","coordinates":[[[-157.767607,21.280672],[-157.767394,21.280923],[-157.767323,21.280873],[-157.767177,21.280784],[-157.767055,21.280722],[-157.766961,21.280681],[-157.766798,21.280623],[-157.766658,21.280586],[-157.766825,21.279968],[-157.766875,21.279982],[-157.766953,21.279996],[-157.767049,21.280004],[-157.767271,21.280014],[-157.76748,21.280009],[-157.767586,21.279999],[-157.767645,21.279997],[-157.76769,21.280031],[-157.767716,21.280155],[-157.767735,21.280214],[-157.767785,21.280328],[-157.767816,21.280382],[-157.767881,21.280471],[-157.767607,21.280672]]]},"properties":{}},{"type":"Feature","geometry":{"type":"Polygon","coordinates":[[[-157.830311,21.280758],[-157.830353,21.280783],[-157.830383,21.28084],[-157.83062,21.280744],[-157.830589,21.280877],[-157.830573,21.281002],[-157.830569,21.281103],[-157.830574,21.281234],[-157.830311,21.280758]]]},"properties":{}},{"type":"Feature","geometry":{"type":"Polygon","coordinates":[[[-157.757336,21.280165],[-157.757191,21.279626],[-157.758018,21.279429],[-157.757927,21.279096],[-157.757706,21.279167],[-157.7576,21.278782],[-157.757461,21.278815],[-157.757091,21.278449],[-157.756465,21.278598],[-157.756402,21.278365],[-157.756195,21.278415],[-157.756167,21.278313],[-157.756232,21.277968],[-157.756561,21.277892],[-157.75679,21.277835],[-157.757218,21.277736],[-157.75774,21.277611],[-157.757875,21.278111],[-157.758225,21.279394],[-157.758366,21.279917],[-157.757336,21.280165]]]},"properties":{}},{"type":"Feature","geometry":{"type":"Polygon","coordinates":[[[-157.745148,21.278769],[-157.745323,21.279493],[-157.744733,21.279651],[-157.744701,21.279653],[-157.744662,21.279642],[-157.744625,21.279612],[-157.744596,21.279573],[-157.744512,21.279275],[-157.744427,21.279105],[-157.744335,21.279102],[-157.744327,21.279043],[-157.744404,21.279014],[-157.744461,21.278987],[-157.744494,21.278981],[-157.744568,21.278952],[-157.744612,21.278943],[-157.744661,21.278921],[-157.744725,21.278908],[-157.744775,21.278886],[-157.744913,21.278848],[-157.745002,21.278818],[-157.745111,21.278775],[-157.745148,21.278769]]]},"properties":{}},{"type":"Feature","geometry":{"type":"Polygon","coordinates":[[[-157.745148,21.278769],[-157.745124,21.278672],[-157.745781,21.278464],[-157.745848,21.278733],[-157.74599,21.279317],[-157.745746,21.279376],[-157.745672,21.279401],[-157.745323,21.279493],[-157.745148,21.278769]]]},"properties":{}},{"type":"Feature","geometry":{"type":"Polygon","coordinates":[[[-157.816876,21.278939],[-157.81638,21.278793],[-157.815812,21.278403],[-157.817309,21.276735],[-157.817697,21.276898],[-157.817967,21.277085],[-157.818108,21.277253],[-157.817924,21.277645],[-157.816876,21.278939]]]},"properties":{}},{"type":"Feature","geometry":{"type":"Polygon","coordinates":[[[-157.696472,21.277554],[-157.696782,21.27771],[-157.696708,21.277843],[-157.696396,21.277687],[-157.696472,21.277554]]]},"properties":{}},{"type":"Feature","geometry":{"type":"Polygon","coordinates":[[[-157.832088,21.27865],[-157.832063,21.278632],[-157.83285,21.27765],[-157.832883,21.277659],[-157.832088,21.27865]]]},"properties":{}},{"type":"Feature","geometry":{"type":"Polygon","coordinates":[[[-157.799802,21.278111],[-157.799942,21.278067],[-157.800047,21.27835],[-157.799906,21.278396],[-157.799802,21.278111]]]},"properties":{}},{"type":"Feature","geometry":{"type":"Polygon","coordinates":[[[-157.799802,21.278111],[-157.799743,21.277952],[-157.799284,21.2781],[-157.799191,21.27819],[-157.798861,21.278023],[-157.79889,21.277316],[-157.799093,21.277324],[-157.799274,21.277477],[-157.799293,21.277482],[-157.799298,21.277337],[-157.79988,21.277334],[-157.800043,21.277771],[-157.799856,21.277833],[-157.799942,21.278067],[-157.799802,21.278111]]]},"properties":{}},{"type":"Feature","geometry":{"type":"Polygon","coordinates":[[[-157.819198,21.278013],[-157.819131,21.277959],[-157.819142,21.277947],[-157.818746,21.277619],[-157.818727,21.27764],[-157.818705,21.277621],[-157.818743,21.277581],[-157.818765,21.277599],[-157.818922,21.277433],[-157.818889,21.277406],[-157.818947,21.277345],[-157.818925,21.277327],[-157.819003,21.277244],[-157.819542,21.27769],[-157.819522,21.277713],[-157.8195,21.277695],[-157.819402,21.277798],[-157.819512,21.277889],[-157.819531,21.277866],[-157.819597,21.277923],[-157.819558,21.277964],[-157.819515,21.277927],[-157.819417,21.278031],[-157.819285,21.277921],[-157.819198,21.278013]]]},"properties":{}},{"type":"Feature","geometry":{"type":"Polygon","coordinates":[[[-157.768134,21.277643],[-157.76798,21.277612],[-157.767938,21.277596],[-157.767567,21.277478],[-157.767252,21.277376],[-157.767309,21.277104],[-157.767357,21.276864],[-157.767432,21.276526],[-157.767477,21.27631],[-157.767492,21.276271],[-157.767533,21.276231],[-157.767569,21.276218],[-157.767614,21.276218],[-157.76782,21.276256],[-157.768118,21.276312],[-157.768308,21.276345],[-157.768874,21.276449],[-157.769409,21.276548],[-157.769538,21.276569],[-157.769798,21.27662],[-157.770106,21.276675],[-157.770595,21.276766],[-157.770651,21.276776],[-157.770607,21.276981],[-157.770472,21.27761],[-157.770235,21.277611],[-157.770021,21.277613],[-157.769898,21.277613],[-157.769712,21.277618],[-157.769645,21.277624],[-157.769552,21.277639],[-157.769441,21.277666],[-157.769356,21.277371],[-157.768913,21.277468],[-157.768402,21.277584],[-157.768296,21.277605],[-157.768134,21.277643]]]},"properties":{}},{"type":"Feature","geometry":{"type":"Polygon","coordinates":[[[-157.824587,21.277281],[-157.824873,21.277278],[-157.824877,21.277319],[-157.824867,21.277339],[-157.824773,21.277415],[-157.824627,21.27755],[-157.824591,21.277577],[-157.824546,21.277581],[-157.824518,21.277563],[-157.824478,21.277495],[-157.824428,21.27742],[-157.824326,21.27729],[-157.824587,21.277281]]]},"properties":{}},{"type":"Feature","geometry":{"type":"Polygon","coordinates":[[[-157.804483,21.275362],[-157.803644,21.276812],[-157.802613,21.276288],[-157.803449,21.274835],[-157.804483,21.275362]]]},"properties":{}},{"type":"Feature","geometry":{"type":"Polygon","coordinates":[[[-157.759812,21.276484],[-157.759672,21.276049],[-157.759643,21.275968],[-157.759734,21.275943],[-157.759794,21.275944],[-157.759837,21.27596],[-157.75992,21.275981],[-157.759969,21.276002],[-157.760092,21.276023],[-157.760128,21.276037],[-157.760206,21.276051],[-157.760304,21.276076],[-157.760336,21.276077],[-157.760455,21.276096],[-157.760484,21.276087],[-157.760626,21.276104],[-157.760679,21.276113],[-157.760703,21.276147],[-157.760716,21.276199],[-157.76073,21.276364],[-157.760106,21.276445],[-157.76001,21.276456],[-157.759812,21.276484]]]},"properties":{}},{"type":"Feature","geometry":{"type":"Polygon","coordinates":[[[-157.792323,21.275261],[-157.791482,21.27671],[-157.790709,21.276313],[-157.79155,21.274867],[-157.792323,21.275261]]]},"properties":{}},{"type":"Feature","geometry":{"type":"Polygon","coordinates":[[[-157.825785,21.275982],[-157.825896,21.275897],[-157.825946,21.275949],[-157.826124,21.275808],[-157.826162,21.275822],[-157.825851,21.276066],[-157.825785,21.275982]]]},"properties":{}},{"type":"Feature","geometry":{"type":"Polygon","coordinates":[[[-157.822444,21.27596],[-157.822344,21.275856],[-157.822552,21.275683],[-157.822653,21.275786],[-157.822444,21.27596]]]},"properties":{}},{"type":"Feature","geometry":{"type":"Polygon","coordinates":[[[-157.825785,21.275982],[-157.825688,21.275859],[-157.826006,21.275601],[-157.826067,21.275552],[-157.826143,21.275632],[-157.826189,21.27567],[-157.826142,21.275706],[-157.825896,21.275897],[-157.825785,21.275982]]]},"properties":{}},{"type":"Feature","geometry":{"type":"Polygon","coordinates":[[[-157.825896,21.275897],[-157.826142,21.275706],[-157.826181,21.275743],[-157.826225,21.27577],[-157.826162,21.275822],[-157.826124,21.275808],[-157.825946,21.275949],[-157.825896,21.275897]]]},"properties":{}},{"type":"Feature","geometry":{"type":"Polygon","coordinates":[[[-157.825688,21.275859],[-157.825007,21.275138],[-157.825278,21.274878],[-157.825544,21.27516],[-157.825651,21.275267],[-157.825784,21.275406],[-157.825842,21.27542],[-157.826006,21.275601],[-157.825688,21.275859]]]},"properties":{}},{"type":"Feature","geometry":{"type":"Polygon","coordinates":[[[-156.500354,20.887039],[-156.499511,20.887239],[-156.499443,20.887249],[-156.499365,20.88725],[-156.499304,20.887236],[-156.49935,20.887103],[-156.499401,20.886709],[-156.499405,20.886438],[-156.49941,20.885813],[-156.499408,20.885754],[-156.499467,20.885602],[-156.500261,20.885787],[-156.500955,20.885946],[-156.500556,20.886674],[-156.500354,20.887039]]]},"properties":{}},{"type":"Feature","geometry":{"type":"Polygon","coordinates":[[[-157.705801,21.274286],[-157.705649,21.27419],[-157.705084,21.274186],[-157.70417,21.273609],[-157.704681,21.272588],[-157.705038,21.272668],[-157.705174,21.272702],[-157.7053,21.27274],[-157.705517,21.272818],[-157.705698,21.272896],[-157.705821,21.272956],[-157.705963,21.273034],[-157.706053,21.273089],[-157.706428,21.273324],[-157.70645,21.273356],[-157.706448,21.273408],[-157.706289,21.27361],[-157.706082,21.273897],[-157.705964,21.274059],[-157.705801,21.274286]]]},"properties":{}},{"type":"Feature","geometry":{"type":"Polygon","coordinates":[[[-157.825278,21.274878],[-157.825007,21.275138],[-157.825004,21.275134],[-157.824683,21.274797],[-157.82433,21.274194],[-157.824251,21.274044],[-157.824314,21.274015],[-157.824367,21.27398],[-157.824474,21.274118],[-157.824746,21.274371],[-157.824961,21.274515],[-157.825151,21.274679],[-157.825146,21.274681],[-157.825297,21.274862],[-157.825278,21.274878]]]},"properties":{}},{"type":"Feature","geometry":{"type":"Polygon","coordinates":[[[-157.824251,21.274044],[-157.824167,21.273886],[-157.82386,21.273299],[-157.824018,21.273207],[-157.823789,21.272989],[-157.82372,21.273029],[-157.82355,21.2727],[-157.823617,21.272755],[-157.823642,21.272769],[-157.823741,21.272871],[-157.823803,21.272926],[-157.823889,21.272992],[-157.823919,21.273003],[-157.823975,21.273046],[-157.824018,21.273092],[-157.824065,21.273178],[-157.82408,21.273226],[-157.824099,21.273334],[-157.824144,21.273456],[-157.824157,21.273502],[-157.824204,21.273624],[-157.824223,21.27366],[-157.824254,21.273767],[-157.824286,21.273826],[-157.824299,21.273866],[-157.82435,21.273971],[-157.824367,21.27398],[-157.824314,21.274015],[-157.824251,21.274044]]]},"properties":{}},{"type":"Feature","geometry":{"type":"Polygon","coordinates":[[[-157.690981,21.268711],[-157.6928,21.264949],[-157.692895,21.264979],[-157.693081,21.265053],[-157.693236,21.265106],[-157.693319,21.265109],[-157.693405,21.265125],[-157.693489,21.265164],[-157.693502,21.265178],[-157.693511,21.265198],[-157.693526,21.265216],[-157.693554,21.265296],[-157.693554,21.265327],[-157.693521,21.26542],[-157.693473,21.265582],[-157.693448,21.265643],[-157.693405,21.265712],[-157.693391,21.265757],[-157.693378,21.265852],[-157.693382,21.265886],[-157.693409,21.265911],[-157.693442,21.265916],[-157.693494,21.265909],[-157.693522,21.26588],[-157.693539,21.265831],[-157.69358,21.265754],[-157.693645,21.265694],[-157.693674,21.265676],[-157.693744,21.265683],[-157.693795,21.265709],[-157.693896,21.265782],[-157.694054,21.265905],[-157.694121,21.265919],[-157.694147,21.265905],[-157.694179,21.265858],[-157.694232,21.265868],[-157.694291,21.26597],[-157.694313,21.265997],[-157.694329,21.266036],[-157.694352,21.266094],[-157.694374,21.26618],[-157.694404,21.266253],[-157.694418,21.266303],[-157.694466,21.266405],[-157.694483,21.266461],[-157.694519,21.26652],[-157.694579,21.266593],[-157.694629,21.266616],[-157.694713,21.266671],[-157.694751,21.26668],[-157.694845,21.266672],[-157.694918,21.266686],[-157.694964,21.266725],[-157.694985,21.266757],[-157.695056,21.266825],[-157.695116,21.266866],[-157.69524,21.266914],[-157.69526,21.266933],[-157.695443,21.267074],[-157.695501,21.267129],[-157.695522,21.267158],[-157.695537,21.267203],[-157.695534,21.267287],[-157.695516,21.26733],[-157.695443,21.267361],[-157.695385,21.267374],[-157.6953,21.267446],[-157.695173,21.267524],[-157.695124,21.267532],[-157.695068,21.267561],[-157.694962,21.267601],[-157.694884,21.267646],[-157.694842,21.267684],[-157.69483,21.267745],[-157.694855,21.267794],[-157.694876,21.26781],[-157.694892,21.26782],[-157.69503,21.267866],[-157.695262,21.267865],[-157.695415,21.267882],[-157.69549,21.267874],[-157.695572,21.267881],[-157.695701,21.267875],[-157.69581,21.267856],[-157.695879,21.267859],[-157.695965,21.267846],[-157.69602,21.267831],[-157.696061,21.26782],[-157.696203,21.267809],[-157.696306,21.267794],[-157.696352,21.267777],[-157.696511,21.267744],[-157.696543,21.267744],[-157.696593,21.267765],[-157.696641,21.267768],[-157.696707,21.267784],[-157.696837,21.267803],[-157.696913,21.267817],[-157.696984,21.267838],[-157.697113,21.267884],[-157.697213,21.267923],[-157.697231,21.267944],[-157.697258,21.26796],[-157.697317,21.26803],[-157.697339,21.26808],[-157.697391,21.268236],[-157.697401,21.268273],[-157.697441,21.268352],[-157.697457,21.268395],[-157.697494,21.268515],[-157.697525,21.268603],[-157.697541,21.268671],[-157.697544,21.268809],[-157.697556,21.268877],[-157.697568,21.268947],[-157.697581,21.269028],[-157.697561,21.269143],[-157.69754,21.269206],[-157.697506,21.269281],[-157.697493,21.269323],[-157.697491,21.26943],[-157.697459,21.269556],[-157.697453,21.269608],[-157.697443,21.26965],[-157.697415,21.269698],[-157.697377,21.269801],[-157.697338,21.26997],[-157.6973,21.270051],[-157.697275,21.270087],[-157.697225,21.270191],[-157.697206,21.270245],[-157.697127,21.270382],[-157.697106,21.270425],[-157.697037,21.270603],[-157.69699,21.270717],[-157.696931,21.27083],[-157.696892,21.270924],[-157.696877,21.270974],[-157.696832,21.271064],[-157.696803,21.271107],[-157.696723,21.271293],[-157.696688,21.271359],[-157.696668,21.271424],[-157.696629,21.271476],[-157.696584,21.271557],[-157.696553,21.271581],[-157.696501,21.271655],[-157.696452,21.271698],[-157.696428,21.271738],[-157.696355,21.271821],[-157.696276,21.271879],[-157.696221,21.27194],[-157.696118,21.272086],[-157.696089,21.272113],[-157.696067,21.272151],[-157.696038,21.272178],[-157.695959,21.272209],[-157.695879,21.272233],[-157.695829,21.272242],[-157.695801,21.272242],[-157.695659,21.272283],[-157.695523,21.2723],[-157.695459,21.27232],[-157.695398,21.272331],[-157.695204,21.272348],[-157.695166,21.272354],[-157.695028,21.272403],[-157.694957,21.272409],[-157.694855,21.272424],[-157.694784,21.272435],[-157.69467,21.272443],[-157.694571,21.27246],[-157.694515,21.272462],[-157.694436,21.272452],[-157.694213,21.272446],[-157.694097,21.272438],[-157.693974,21.27241],[-157.693888,21.272401],[-157.693741,21.272363],[-157.693664,21.272333],[-157.693604,21.272324],[-157.693494,21.272289],[-157.693375,21.272272],[-157.693334,21.272247],[-157.693326,21.272216],[-157.693308,21.272073],[-157.693283,21.272028],[-157.693262,21.271967],[-157.693227,21.271908],[-157.693198,21.271808],[-157.693153,21.271747],[-157.693127,21.27169],[-157.693098,21.271658],[-157.69307,21.271581],[-157.693015,21.271463],[-157.692989,21.271436],[-157.692954,21.271425],[-157.692878,21.271419],[-157.69278,21.271383],[-157.692694,21.271337],[-157.692652,21.271309],[-157.692584,21.271243],[-157.692518,21.271152],[-157.692447,21.271086],[-157.692378,21.271014],[-157.692283,21.27095],[-157.692236,21.270915],[-157.692213,21.27089],[-157.692131,21.270836],[-157.692067,21.270763],[-157.691994,21.270731],[-157.691932,21.270696],[-157.691875,21.270635],[-157.69174,21.270548],[-157.691684,21.270496],[-157.691654,21.270457],[-157.691636,21.270398],[-157.691593,21.270285],[-157.691563,21.270185],[-157.691554,21.270115],[-157.691518,21.269932],[-157.691519,21.269821],[-157.691499,21.269753],[-157.691499,21.269695],[-157.691492,21.269668],[-157.691458,21.269602],[-157.691438,21.269439],[-157.69141,21.269364],[-157.691402,21.269326],[-157.691387,21.269172],[-157.691358,21.269077],[-157.691331,21.269032],[-157.691268,21.268887],[-157.691228,21.268834],[-157.691185,21.268798],[-157.691089,21.268754],[-157.691069,21.268741],[-157.690981,21.268711]]]},"properties":{}},{"type":"Feature","geometry":{"type":"Polygon","coordinates":[[[-157.783446,21.273018],[-157.783336,21.272823],[-157.783234,21.272678],[-157.783137,21.272564],[-157.783017,21.272448],[-157.782998,21.272398],[-157.783006,21.272369],[-157.783061,21.272292],[-157.783216,21.272052],[-157.78327,21.271973],[-157.783381,21.2718],[-157.783537,21.271542],[-157.783657,21.271332],[-157.783683,21.271292],[-157.783755,21.271162],[-157.783788,21.27113],[-157.783811,21.271124],[-157.78385,21.271131],[-157.783937,21.271181],[-157.784061,21.271243],[-157.784137,21.271286],[-157.784359,21.271408],[-157.784447,21.271451],[-157.784608,21.271547],[-157.784811,21.271659],[-157.784841,21.27168],[-157.785042,21.271799],[-157.785255,21.271931],[-157.785316,21.271975],[-157.78537,21.272004],[-157.785489,21.272086],[-157.785353,21.272271],[-157.785636,21.272643],[-157.785596,21.272715],[-157.785705,21.27277],[-157.785699,21.272781],[-157.784771,21.272878],[-157.783446,21.273018]]]},"properties":{}},{"type":"Feature","geometry":{"type":"Polygon","coordinates":[[[-157.82372,21.273029],[-157.823789,21.272989],[-157.824018,21.273207],[-157.82386,21.273299],[-157.82372,21.273029]]]},"properties":{}},{"type":"Feature","geometry":{"type":"Polygon","coordinates":[[[-157.816924,21.273035],[-157.816697,21.273174],[-157.816707,21.273136],[-157.816705,21.273088],[-157.816563,21.272611],[-157.816374,21.271972],[-157.816339,21.271855],[-157.816097,21.271029],[-157.81601,21.270466],[-157.815968,21.270194],[-157.815813,21.2692],[-157.815796,21.269166],[-157.81577,21.269152],[-157.815282,21.269142],[-157.815245,21.269153],[-157.81522,21.269191],[-157.815204,21.268913],[-157.815217,21.26894],[-157.815261,21.268963],[-157.81575,21.268987],[-157.815788,21.268978],[-157.815811,21.268938],[-157.816087,21.267508],[-157.816141,21.267388],[-157.816258,21.267134],[-157.816316,21.26701],[-157.816374,21.266884],[-157.816608,21.266531],[-157.816686,21.266414],[-157.816764,21.266297],[-157.81692,21.266066],[-157.817075,21.265832],[-157.81731,21.265479],[-157.81745,21.265071],[-157.816941,21.264808],[-157.816992,21.2647],[-157.817478,21.26495],[-157.817529,21.264932],[-157.817567,21.264828],[-157.817881,21.264372],[-157.818168,21.264121],[-157.818421,21.263902],[-157.818552,21.263654],[-157.818542,21.263503],[-157.818541,21.263482],[-157.81852,21.263116],[-157.818354,21.262449],[-157.818145,21.260946],[-157.818153,21.260803],[-157.818156,21.26076],[-157.818171,21.260485],[-157.818169,21.260431],[-157.818158,21.260331],[-157.818156,21.260325],[-157.818122,21.260286],[-157.818072,21.260286],[-157.817336,21.260576],[-157.817342,21.260409],[-157.817424,21.260371],[-157.817621,21.260294],[-157.817848,21.260207],[-157.818086,21.260112],[-157.818274,21.260041],[-157.818315,21.26007],[-157.818364,21.260084],[-157.81843,21.260076],[-157.818598,21.259993],[-157.818712,21.259947],[-157.818732,21.259927],[-157.818739,21.259895],[-157.818724,21.259861],[-157.818832,21.259819],[-157.818862,21.259873],[-157.818895,21.259896],[-157.818925,21.259903],[-157.819055,21.259895],[-157.819089,21.259879],[-157.819098,21.259837],[-157.819067,21.259769],[-157.819048,21.259732],[-157.819167,21.259688],[-157.819311,21.259901],[-157.819603,21.260342],[-157.819713,21.260509],[-157.819869,21.260739],[-157.819948,21.260859],[-157.820275,21.261351],[-157.820307,21.261406],[-157.820337,21.261471],[-157.820359,21.261535],[-157.820405,21.261736],[-157.820448,21.26191],[-157.82057,21.262424],[-157.82068,21.26289],[-157.820857,21.263632],[-157.82091,21.263856],[-157.821241,21.265252],[-157.821462,21.266186],[-157.821686,21.267125],[-157.82175,21.267394],[-157.821973,21.268333],[-157.822131,21.268998],[-157.82227,21.269586],[-157.822502,21.270559],[-157.82256,21.270683],[-157.822301,21.270815],[-157.822114,21.270624],[-157.821925,21.270437],[-157.821823,21.270333],[-157.821577,21.270087],[-157.821508,21.270023],[-157.821404,21.269939],[-157.821263,21.269845],[-157.821165,21.26979],[-157.821092,21.269754],[-157.821022,21.269724],[-157.820912,21.269683],[-157.820791,21.269646],[-157.820671,21.269618],[-157.820539,21.269596],[-157.820337,21.269579],[-157.816215,21.269202],[-157.815999,21.269183],[-157.815975,21.269187],[-157.815947,21.269212],[-157.815941,21.269248],[-157.816214,21.271011],[-157.816463,21.271853],[-157.816797,21.272989],[-157.816821,21.273026],[-157.816886,21.273046],[-157.816924,21.273035]],[[-157.822098,21.270217],[-157.82207,21.270253],[-157.822025,21.270278],[-157.821974,21.270288],[-157.822106,21.270418],[-157.822127,21.27043],[-157.822149,21.270416],[-157.822107,21.270231],[-157.822098,21.270217]],[[-157.820609,21.263483],[-157.820693,21.26385],[-157.820703,21.263868],[-157.82075,21.263879],[-157.820777,21.263855],[-157.820779,21.263832],[-157.820611,21.263131],[-157.820599,21.263072],[-157.820585,21.263052],[-157.820548,21.263045],[-157.820524,21.26306],[-157.820518,21.263087],[-157.820609,21.263483]],[[-157.820055,21.261603],[-157.82006,21.2616],[-157.820102,21.261542],[-157.820113,21.261506],[-157.820113,21.261456],[-157.820092,21.261397],[-157.820053,21.261354],[-157.820017,21.261334],[-157.819962,21.261317],[-157.81991,21.261319],[-157.819835,21.26135],[-157.819795,21.261391],[-157.819777,21.261422],[-157.819767,21.261499],[-157.819791,21.261567],[-157.819827,21.261606],[-157.819854,21.261624],[-157.819908,21.261642],[-157.819981,21.26164],[-157.820036,21.261618],[-157.820055,21.261603]],[[-157.821315,21.266483],[-157.821489,21.267207],[-157.821501,21.267225],[-157.821538,21.267237],[-157.821569,21.267216],[-157.821574,21.267189],[-157.821303,21.266036],[-157.821295,21.266008],[-157.821245,21.265992],[-157.821217,21.266015],[-157.821212,21.266042],[-157.821315,21.266483]],[[-157.821929,21.268662],[-157.821613,21.267343],[-157.821572,21.267311],[-157.821532,21.267334],[-157.821528,21.267361],[-157.821867,21.268754],[-157.821878,21.268777],[-157.821905,21.268788],[-157.821945,21.268766],[-157.821947,21.268737],[-157.821929,21.268662]],[[-157.822272,21.270101],[-157.822019,21.269044],[-157.821986,21.268906],[-157.821954,21.268877],[-157.821917,21.268886],[-157.821904,21.268924],[-157.822258,21.270403],[-157.822283,21.270428],[-157.822311,21.270429],[-157.822338,21.270402],[-157.822339,21.270384],[-157.822272,21.270101]],[[-157.820866,21.264196],[-157.820822,21.264013],[-157.820806,21.263988],[-157.820767,21.263981],[-157.820748,21.26399],[-157.820733,21.264031],[-157.821169,21.265861],[-157.821205,21.265888],[-157.821237,21.265882],[-157.821257,21.265839],[-157.820866,21.264196]],[[-157.820331,21.2624],[-157.820334,21.262406],[-157.820374,21.262508],[-157.820404,21.262599],[-157.820434,21.262705],[-157.82046,21.262821],[-157.820479,21.26292],[-157.820497,21.262954],[-157.820541,21.262959],[-157.820561,21.262939],[-157.820563,21.262914],[-157.820523,21.262758],[-157.820407,21.262267],[-157.820373,21.262104],[-157.820323,21.261925],[-157.820273,21.261783],[-157.820231,21.261678],[-157.82018,21.261567],[-157.820155,21.261563],[-157.82012,21.261617],[-157.820061,21.261664],[-157.820004,21.261686],[-157.819962,21.261692],[-157.819902,21.26169],[-157.819898,21.261708],[-157.820016,21.261851],[-157.820068,21.261921],[-157.820141,21.26203],[-157.820185,21.262105],[-157.820248,21.262221],[-157.820331,21.2624]],[[-157.819281,21.260084],[-157.819276,21.260079],[-157.819229,21.260041],[-157.819171,21.260011],[-157.819135,21.259999],[-157.819129,21.259999],[-157.819085,21.25999],[-157.819015,21.25999],[-157.818878,21.260007],[-157.81878,21.260031],[-157.818702,21.260057],[-157.818627,21.260091],[-157.818341,21.26024],[-157.818362,21.26029],[-157.818381,21.260378],[-157.818383,21.260432],[-157.818371,21.260509],[-157.818729,21.26076],[-157.818971,21.260927],[-157.819101,21.26102],[-157.819253,21.261125],[-157.819388,21.261221],[-157.819525,21.26133],[-157.819619,21.261412],[-157.81969,21.261483],[-157.819704,21.261485],[-157.819729,21.261393],[-157.819748,21.261359],[-157.819808,21.261301],[-157.819893,21.261265],[-157.819959,21.261259],[-157.820032,21.261277],[-157.820047,21.261271],[-157.820006,21.261182],[-157.819963,21.261103],[-157.819895,21.260989],[-157.819846,21.260921],[-157.819669,21.260651],[-157.81959,21.260536],[-157.819307,21.260114],[-157.819281,21.260084]],[[-157.817475,21.26915],[-157.817659,21.269167],[-157.818811,21.269275],[-157.820297,21.269412],[-157.820468,21.269426],[-157.820501,21.269427],[-157.82061,21.269441],[-157.820801,21.269478],[-157.820994,21.269536],[-157.821052,21.269559],[-157.821094,21.269578],[-157.821189,21.269617],[-157.821267,21.269656],[-157.821376,21.26972],[-157.821487,21.269793],[-157.821567,21.269854],[-157.821687,21.269957],[-157.821951,21.270221],[-157.82198,21.270228],[-157.822019,21.270219],[-157.822052,21.270199],[-157.822072,21.270165],[-157.822055,21.270088],[-157.821209,21.266505],[-157.821143,21.266222],[-157.821117,21.266118],[-157.82108,21.265957],[-157.821057,21.265865],[-157.821015,21.265684],[-157.820972,21.265514],[-157.820546,21.263731],[-157.820382,21.26305],[-157.820315,21.262756],[-157.820282,21.26265],[-157.820233,21.26251],[-157.820161,21.262342],[-157.82005,21.262131],[-157.819933,21.261947],[-157.81985,21.261834],[-157.819755,21.26172],[-157.819621,21.261575],[-157.81951,21.26147],[-157.819395,21.261374],[-157.819245,21.26126],[-157.81904,21.261121],[-157.818853,21.260991],[-157.818644,21.260843],[-157.818603,21.260793],[-157.818392,21.260663],[-157.818352,21.260667],[-157.818317,21.260696],[-157.818307,21.260725],[-157.818309,21.2608],[-157.818302,21.261193],[-157.818473,21.262432],[-157.818629,21.263052],[-157.81864,21.263097],[-157.818674,21.263677],[-157.81853,21.263954],[-157.817993,21.26442],[-157.817675,21.264876],[-157.817422,21.265527],[-157.817166,21.265912],[-157.816475,21.266948],[-157.8162,21.267542],[-157.815998,21.268598],[-157.815931,21.26895],[-157.815933,21.268977],[-157.815959,21.269006],[-157.815983,21.269013],[-157.817475,21.26915]]]},"properties":{}},{"type":"Feature","geometry":{"type":"Polygon","coordinates":[[[-157.817055,21.27295],[-157.81697,21.273002],[-157.816924,21.273035],[-157.816886,21.273046],[-157.816821,21.273026],[-157.816797,21.272989],[-157.816463,21.271853],[-157.816214,21.271011],[-157.815941,21.269248],[-157.815947,21.269212],[-157.815975,21.269187],[-157.815999,21.269183],[-157.816215,21.269202],[-157.81617,21.26924],[-157.816167,21.269292],[-157.816188,21.269575],[-157.816356,21.270692],[-157.816384,21.270812],[-157.816958,21.272898],[-157.816971,21.27293],[-157.817009,21.272955],[-157.817055,21.27295]]]},"properties":{}},{"type":"Feature","geometry":{"type":"Polygon","coordinates":[[[-157.697433,21.272159],[-157.697252,21.272108],[-157.697303,21.271953],[-157.697482,21.272006],[-157.697433,21.272159]]]},"properties":{}},{"type":"Feature","geometry":{"type":"Polygon","coordinates":[[[-157.822301,21.270815],[-157.822405,21.270942],[-157.822483,21.271064],[-157.822562,21.271225],[-157.822594,21.2713],[-157.822605,21.271345],[-157.8226,21.271384],[-157.822583,21.271417],[-157.82254,21.271456],[-157.822487,21.271471],[-157.821942,21.271524],[-157.82098,21.271612],[-157.82078,21.271635],[-157.820629,21.271661],[-157.820483,21.271692],[-157.820227,21.271753],[-157.820097,21.271793],[-157.8199,21.271862],[-157.819395,21.27205],[-157.819375,21.272059],[-157.818808,21.272269],[-157.817524,21.272746],[-157.817293,21.272832],[-157.817144,21.272901],[-157.817055,21.27295],[-157.817009,21.272955],[-157.816971,21.27293],[-157.816958,21.272898],[-157.816384,21.270812],[-157.816356,21.270692],[-157.816188,21.269575],[-157.816167,21.269292],[-157.81617,21.26924],[-157.816215,21.269202],[-157.820337,21.269579],[-157.820539,21.269596],[-157.820671,21.269618],[-157.820791,21.269646],[-157.820912,21.269683],[-157.821022,21.269724],[-157.821092,21.269754],[-157.821165,21.26979],[-157.821263,21.269845],[-157.821404,21.269939],[-157.821508,21.270023],[-157.821577,21.270087],[-157.821823,21.270333],[-157.821925,21.270437],[-157.822114,21.270624],[-157.822301,21.270815]]]},"properties":{}},{"type":"Feature","geometry":{"type":"Polygon","coordinates":[[[-157.816563,21.272611],[-157.816316,21.272674],[-157.815989,21.272762],[-157.815805,21.272115],[-157.816374,21.271972],[-157.816563,21.272611]]]},"properties":{}},{"type":"Feature","geometry":{"type":"Polygon","coordinates":[[[-157.816374,21.271972],[-157.815805,21.272115],[-157.81552,21.271142],[-157.815429,21.270552],[-157.815713,21.270509],[-157.81601,21.270466],[-157.816097,21.271029],[-157.816339,21.271855],[-157.816374,21.271972]]]},"properties":{}},{"type":"Feature","geometry":{"type":"Polygon","coordinates":[[[-157.700027,21.270587],[-157.700381,21.270927],[-157.700061,21.271213],[-157.699764,21.270929],[-157.699833,21.270766],[-157.700027,21.270587]]]},"properties":{}},{"type":"Feature","geometry":{"type":"Polygon","coordinates":[[[-157.795159,21.269313],[-157.795511,21.269491],[-157.795232,21.26997],[-157.795826,21.270273],[-157.795617,21.270632],[-157.79462,21.270122],[-157.795159,21.269313]]]},"properties":{}},{"type":"Feature","geometry":{"type":"Polygon","coordinates":[[[-157.777577,21.270473],[-157.776826,21.269605],[-157.776907,21.269524],[-157.776958,21.269468],[-157.777057,21.26939],[-157.777129,21.269309],[-157.777222,21.269226],[-157.77729,21.269152],[-157.777323,21.269109],[-157.77742,21.269009],[-157.77746,21.268952],[-157.777528,21.268887],[-157.777598,21.268804],[-157.777638,21.268764],[-157.777926,21.269037],[-157.778256,21.269351],[-157.77856,21.269647],[-157.778471,21.26973],[-157.778337,21.269842],[-157.778109,21.27003],[-157.777661,21.270401],[-157.777577,21.270473]]]},"properties":{}},{"type":"Feature","geometry":{"type":"Polygon","coordinates":[[[-157.82256,21.270683],[-157.822502,21.270559],[-157.82227,21.269586],[-157.822131,21.268998],[-157.82227,21.268972],[-157.822845,21.268858],[-157.822837,21.269136],[-157.822806,21.269142],[-157.822814,21.269411],[-157.822827,21.269409],[-157.822839,21.270134],[-157.822739,21.270192],[-157.82266,21.270307],[-157.822609,21.270471],[-157.822584,21.270679],[-157.82256,21.270683]]]},"properties":{}},{"type":"Feature","geometry":{"type":"Polygon","coordinates":[[[-157.822272,21.270101],[-157.822339,21.270384],[-157.822338,21.270402],[-157.822311,21.270429],[-157.822283,21.270428],[-157.822258,21.270403],[-157.821904,21.268924],[-157.821917,21.268886],[-157.821954,21.268877],[-157.821986,21.268906],[-157.822019,21.269044],[-157.822272,21.270101]]]},"properties":{}},{"type":"Feature","geometry":{"type":"Polygon","coordinates":[[[-157.822098,21.270217],[-157.822107,21.270231],[-157.822149,21.270416],[-157.822127,21.27043],[-157.822106,21.270418],[-157.821974,21.270288],[-157.822025,21.270278],[-157.82207,21.270253],[-157.822098,21.270217]]]},"properties":{}},{"type":"Feature","geometry":{"type":"Polygon","coordinates":[[[-157.815968,21.270194],[-157.815386,21.270278],[-157.81522,21.269204],[-157.81522,21.269191],[-157.815245,21.269153],[-157.815282,21.269142],[-157.81577,21.269152],[-157.815796,21.269166],[-157.815813,21.2692],[-157.815968,21.270194]]]},"properties":{}},{"type":"Feature","geometry":{"type":"Polygon","coordinates":[[[-157.795159,21.269313],[-157.79462,21.270122],[-157.794595,21.270108],[-157.794204,21.269909],[-157.793556,21.269572],[-157.793515,21.269542],[-157.793502,21.269515],[-157.793508,21.269463],[-157.793943,21.268723],[-157.794103,21.268449],[-157.795317,21.269072],[-157.795159,21.269313]]]},"properties":{}},{"type":"Feature","geometry":{"type":"Polygon","coordinates":[[[-157.803501,21.270167],[-157.803557,21.270079],[-157.803589,21.270005],[-157.803607,21.269937],[-157.803614,21.269845],[-157.803604,21.269716],[-157.803609,21.269685],[-157.803644,21.269642],[-157.803685,21.269631],[-157.804291,21.269597],[-157.805144,21.269607],[-157.805158,21.270025],[-157.804868,21.270048],[-157.80458,21.270073],[-157.804433,21.270083],[-157.804336,21.270094],[-157.803988,21.270125],[-157.803501,21.270167]]]},"properties":{}},{"type":"Feature","geometry":{"type":"Polygon","coordinates":[[[-157.817476,21.268739],[-157.815998,21.268598],[-157.8162,21.267542],[-157.816475,21.266948],[-157.817166,21.265912],[-157.817208,21.265912],[-157.81728,21.26589],[-157.817321,21.265859],[-157.817345,21.265827],[-157.817366,21.265764],[-157.817419,21.265762],[-157.81742,21.265713],[-157.817655,21.265712],[-157.817656,21.265685],[-157.817709,21.26569],[-157.817718,21.266067],[-157.817761,21.266072],[-157.817789,21.267106],[-157.81779,21.267111],[-157.81751,21.267418],[-157.817541,21.268484],[-157.817471,21.268488],[-157.817476,21.268739]]]},"properties":{}},{"type":"Feature","geometry":{"type":"Polygon","coordinates":[[[-157.819322,21.268666],[-157.819269,21.268661],[-157.81927,21.268605],[-157.819328,21.268608],[-157.819322,21.268666]]]},"properties":{}},{"type":"Feature","geometry":{"type":"Polygon","coordinates":[[[-157.819203,21.268582],[-157.819178,21.268582],[-157.819179,21.268552],[-157.819208,21.268553],[-157.819203,21.268582]]]},"properties":{}},{"type":"Feature","geometry":{"type":"Polygon","coordinates":[[[-157.818847,21.268482],[-157.818822,21.268482],[-157.818823,21.268451],[-157.81885,21.268451],[-157.818847,21.268482]]]},"properties":{}},{"type":"Feature","geometry":{"type":"Polygon","coordinates":[[[-157.819307,21.268454],[-157.819307,21.268425],[-157.819334,21.268425],[-157.819333,21.268454],[-157.819307,21.268454]]]},"properties":{}},{"type":"Feature","geometry":{"type":"Polygon","coordinates":[[[-157.817789,21.267106],[-157.817761,21.266072],[-157.817718,21.266067],[-157.817709,21.26569],[-157.817656,21.265685],[-157.817655,21.265712],[-157.81742,21.265713],[-157.817419,21.265762],[-157.817366,21.265764],[-157.817345,21.265827],[-157.817321,21.265859],[-157.81728,21.26589],[-157.817208,21.265912],[-157.817166,21.265912],[-157.817422,21.265527],[-157.817675,21.264876],[-157.817993,21.26442],[-157.81853,21.263954],[-157.818674,21.263677],[-157.81864,21.263097],[-157.818629,21.263052],[-157.818473,21.262432],[-157.818302,21.261193],[-157.818309,21.2608],[-157.818307,21.260725],[-157.818317,21.260696],[-157.818352,21.260667],[-157.818392,21.260663],[-157.818603,21.260793],[-157.818644,21.260843],[-157.818853,21.260991],[-157.81904,21.261121],[-157.819245,21.26126],[-157.819395,21.261374],[-157.81951,21.26147],[-157.819621,21.261575],[-157.819755,21.26172],[-157.81985,21.261834],[-157.819933,21.261947],[-157.82005,21.262131],[-157.820161,21.262342],[-157.820233,21.26251],[-157.820282,21.26265],[-157.820315,21.262756],[-157.820382,21.26305],[-157.820546,21.263731],[-157.820972,21.265514],[-157.821015,21.265684],[-157.821057,21.265865],[-157.82108,21.265957],[-157.821117,21.266118],[-157.821143,21.266222],[-157.821209,21.266505],[-157.822055,21.270088],[-157.822072,21.270165],[-157.822052,21.270199],[-157.822019,21.270219],[-157.82198,21.270228],[-157.821951,21.270221],[-157.821687,21.269957],[-157.821567,21.269854],[-157.821487,21.269793],[-157.821376,21.26972],[-157.821267,21.269656],[-157.821189,21.269617],[-157.821094,21.269578],[-157.821052,21.269559],[-157.820994,21.269536],[-157.820801,21.269478],[-157.82061,21.269441],[-157.820501,21.269427],[-157.820468,21.269426],[-157.820297,21.269412],[-157.818811,21.269275],[-157.817659,21.269167],[-157.81766,21.268741],[-157.819146,21.268882],[-157.819382,21.268904],[-157.819404,21.268493],[-157.819524,21.268496],[-157.819521,21.268318],[-157.819515,21.268189],[-157.819484,21.267906],[-157.819456,21.267789],[-157.819326,21.267804],[-157.819257,21.267553],[-157.819161,21.267419],[-157.819064,21.267294],[-157.818899,21.26718],[-157.81863,21.267108],[-157.817789,21.267106]],[[-157.820951,21.268971],[-157.820959,21.268901],[-157.820884,21.26889],[-157.820903,21.268915],[-157.8209,21.268964],[-157.820951,21.268971]]]},"properties":{}},{"type":"Feature","geometry":{"type":"Polygon","coordinates":[[[-157.805334,21.269475],[-157.804762,21.269471],[-157.804654,21.269468],[-157.804559,21.26947],[-157.804334,21.269466],[-157.804165,21.269467],[-157.804041,21.26948],[-157.803871,21.269492],[-157.803814,21.269499],[-157.803585,21.269517],[-157.803518,21.269526],[-157.803327,21.26954],[-157.803085,21.269557],[-157.802983,21.269554],[-157.802822,21.269532],[-157.802705,21.269502],[-157.802591,21.26946],[-157.802465,21.269399],[-157.802364,21.269335],[-157.802242,21.269234],[-157.80217,21.269162],[-157.802064,21.269039],[-157.801953,21.268927],[-157.801807,21.268802],[-157.80168,21.268711],[-157.801587,21.268649],[-157.80149,21.268594],[-157.801415,21.268558],[-157.801323,21.268519],[-157.801254,21.268484],[-157.801044,21.268368],[-157.800849,21.268233],[-157.800701,21.268115],[-157.800574,21.268003],[-157.800243,21.267696],[-157.800115,21.267595],[-157.799914,21.267449],[-157.799632,21.267251],[-157.799564,21.267199],[-157.799471,21.267121],[-157.799303,21.266966],[-157.799197,21.266857],[-157.799108,21.266771],[-157.798907,21.266566],[-157.798712,21.266373],[-157.798474,21.266132],[-157.798281,21.26594],[-157.798224,21.265879],[-157.798056,21.265715],[-157.797948,21.265604],[-157.797917,21.265577],[-157.797826,21.265481],[-157.797735,21.265374],[-157.797636,21.265238],[-157.797579,21.265145],[-157.797518,21.265029],[-157.797323,21.264608],[-157.797304,21.264574],[-157.797254,21.264461],[-157.797214,21.264379],[-157.797049,21.264019],[-157.797033,21.263983],[-157.797271,21.263885],[-157.797369,21.263843],[-157.797835,21.263652],[-157.79818,21.26351],[-157.798291,21.263443],[-157.798631,21.263321],[-157.798846,21.263763],[-157.799202,21.263835],[-157.79916,21.263664],[-157.799083,21.263324],[-157.79906,21.263243],[-157.798936,21.262716],[-157.798783,21.262082],[-157.798708,21.261763],[-157.798754,21.261705],[-157.799189,21.261175],[-157.799749,21.260486],[-157.799454,21.260237],[-157.799369,21.260149],[-157.799088,21.259905],[-157.799283,21.25978],[-157.799489,21.259553],[-157.799691,21.259259],[-157.799669,21.259247],[-157.79993,21.25894],[-157.800015,21.258866],[-157.800078,21.258828],[-157.800168,21.25879],[-157.800345,21.258735],[-157.800404,21.258706],[-157.800483,21.25865],[-157.800889,21.258337],[-157.801018,21.258248],[-157.801111,21.258194],[-157.801154,21.258174],[-157.801198,21.258181],[-157.801224,21.258204],[-157.801283,21.258168],[-157.801275,21.258136],[-157.801297,21.2581],[-157.801514,21.257987],[-157.801556,21.257958],[-157.801516,21.257906],[-157.801596,21.257843],[-157.801668,21.257758],[-157.801776,21.257657],[-157.801784,21.257636],[-157.801773,21.257607],[-157.801743,21.25758],[-157.801825,21.257508],[-157.802046,21.257433],[-157.802784,21.257178],[-157.802908,21.257139],[-157.803409,21.256923],[-157.803799,21.256761],[-157.804198,21.256592],[-157.804706,21.256374],[-157.805768,21.25593],[-157.80582,21.255908],[-157.805923,21.255873],[-157.806057,21.255837],[-157.806222,21.255809],[-157.806496,21.255793],[-157.806725,21.255784],[-157.806994,21.25577],[-157.807249,21.25576],[-157.807392,21.255761],[-157.807499,21.255769],[-157.807655,21.255788],[-157.808533,21.255941],[-157.809223,21.256056],[-157.809771,21.256142],[-157.810005,21.256179],[-157.811262,21.256396],[-157.811408,21.25642],[-157.811481,21.256436],[-157.811686,21.256458],[-157.811907,21.256459],[-157.812068,21.256442],[-157.8125,21.256387],[-157.812707,21.256363],[-157.812839,21.256367],[-157.813027,21.256393],[-157.813091,21.256411],[-157.813217,21.256457],[-157.813534,21.256663],[-157.814752,21.25745],[-157.814754,21.257455],[-157.814641,21.257619],[-157.814348,21.258051],[-157.814207,21.258255],[-157.814011,21.258543],[-157.814597,21.258807],[-157.814788,21.25867],[-157.814928,21.258572],[-157.815179,21.258544],[-157.81534,21.258525],[-157.815475,21.258348],[-157.815772,21.258228],[-157.815844,21.258273],[-157.815938,21.25831],[-157.816009,21.25832],[-157.816091,21.258314],[-157.816741,21.258736],[-157.816688,21.258758],[-157.816399,21.258889],[-157.815864,21.25913],[-157.816185,21.260089],[-157.815375,21.261409],[-157.815145,21.26178],[-157.814997,21.262048],[-157.814357,21.263211],[-157.814203,21.263477],[-157.813694,21.264404],[-157.812396,21.265632],[-157.811828,21.26617],[-157.811782,21.266217],[-157.811121,21.266922],[-157.810401,21.267684],[-157.81014,21.267965],[-157.809968,21.267772],[-157.810213,21.267505],[-157.80977,21.267138],[-157.809277,21.26673],[-157.808511,21.267233],[-157.808976,21.268124],[-157.808947,21.268153],[-157.80891,21.268204],[-157.808879,21.268279],[-157.808868,21.268351],[-157.80887,21.268396],[-157.808894,21.268559],[-157.808052,21.26896],[-157.8079,21.268078],[-157.806243,21.268158],[-157.805334,21.269475]]]},"properties":{}},{"type":"Feature","geometry":{"type":"Polygon","coordinates":[[[-157.817475,21.26915],[-157.817476,21.268739],[-157.817471,21.268488],[-157.817541,21.268484],[-157.81751,21.267418],[-157.81779,21.267111],[-157.817789,21.267106],[-157.81863,21.267108],[-157.818899,21.26718],[-157.819064,21.267294],[-157.819161,21.267419],[-157.819257,21.267553],[-157.819326,21.267804],[-157.819456,21.267789],[-157.819484,21.267906],[-157.819515,21.268189],[-157.819521,21.268318],[-157.819524,21.268496],[-157.819404,21.268493],[-157.819382,21.268904],[-157.819146,21.268882],[-157.81766,21.268741],[-157.817659,21.269167],[-157.817475,21.26915]],[[-157.819307,21.268454],[-157.819333,21.268454],[-157.819334,21.268425],[-157.819307,21.268425],[-157.819307,21.268454]],[[-157.819203,21.268582],[-157.819208,21.268553],[-157.819179,21.268552],[-157.819178,21.268582],[-157.819203,21.268582]],[[-157.818847,21.268482],[-157.81885,21.268451],[-157.818823,21.268451],[-157.818822,21.268482],[-157.818847,21.268482]],[[-157.819214,21.268081],[-157.819243,21.268067],[-157.819232,21.26804],[-157.819197,21.268051],[-157.819214,21.268081]],[[-157.819322,21.268666],[-157.819328,21.268608],[-157.81927,21.268605],[-157.819269,21.268661],[-157.819322,21.268666]],[[-157.817869,21.267906],[-157.817879,21.26785],[-157.817814,21.267843],[-157.817808,21.267897],[-157.817869,21.267906]]]},"properties":{}},{"type":"Feature","geometry":{"type":"Polygon","coordinates":[[[-157.817476,21.268739],[-157.817475,21.26915],[-157.815983,21.269013],[-157.815959,21.269006],[-157.815933,21.268977],[-157.815931,21.26895],[-157.815998,21.268598],[-157.817476,21.268739]]]},"properties":{}},{"type":"Feature","geometry":{"type":"Polygon","coordinates":[[[-157.816141,21.267388],[-157.816087,21.267508],[-157.815811,21.268938],[-157.815788,21.268978],[-157.81575,21.268987],[-157.815261,21.268963],[-157.815217,21.26894],[-157.815204,21.268913],[-157.815203,21.268888],[-157.815449,21.267661],[-157.815503,21.267382],[-157.815588,21.267197],[-157.816141,21.267388]]]},"properties":{}},{"type":"Feature","geometry":{"type":"Polygon","coordinates":[[[-157.822845,21.268858],[-157.82227,21.268972],[-157.822131,21.268998],[-157.821973,21.268333],[-157.82227,21.268267],[-157.822387,21.268238],[-157.822791,21.268149],[-157.822865,21.268705],[-157.82284,21.268716],[-157.822845,21.268858]]]},"properties":{}},{"type":"Feature","geometry":{"type":"Polygon","coordinates":[[[-157.820951,21.268971],[-157.8209,21.268964],[-157.820903,21.268915],[-157.820884,21.26889],[-157.820959,21.268901],[-157.820951,21.268971]]]},"properties":{}},{"type":"Feature","geometry":{"type":"Polygon","coordinates":[[[-157.821929,21.268662],[-157.821947,21.268737],[-157.821945,21.268766],[-157.821905,21.268788],[-157.821878,21.268777],[-157.821867,21.268754],[-157.821528,21.267361],[-157.821532,21.267334],[-157.821572,21.267311],[-157.821613,21.267343],[-157.821929,21.268662]]]},"properties":{}},{"type":"Feature","geometry":{"type":"Polygon","coordinates":[[[-157.822387,21.268238],[-157.82227,21.268267],[-157.821973,21.268333],[-157.82175,21.267394],[-157.822242,21.267287],[-157.822353,21.26778],[-157.822276,21.267815],[-157.822254,21.267793],[-157.822223,21.267835],[-157.822307,21.268091],[-157.82232,21.268161],[-157.822365,21.268155],[-157.822387,21.268238]]]},"properties":{}},{"type":"Feature","geometry":{"type":"Polygon","coordinates":[[[-157.822791,21.268149],[-157.822387,21.268238],[-157.822365,21.268155],[-157.82232,21.268161],[-157.822307,21.268091],[-157.822223,21.267835],[-157.822254,21.267793],[-157.822276,21.267815],[-157.822353,21.26778],[-157.822242,21.267287],[-157.822642,21.267197],[-157.822802,21.267866],[-157.822773,21.267875],[-157.822816,21.268131],[-157.822791,21.268149]]]},"properties":{}},{"type":"Feature","geometry":{"type":"Polygon","coordinates":[[[-157.710434,21.266248],[-157.710419,21.266275],[-157.710381,21.266424],[-157.710385,21.26653],[-157.710399,21.266638],[-157.710393,21.266708],[-157.710381,21.266737],[-157.710354,21.266767],[-157.71006,21.266466],[-157.709772,21.266168],[-157.709746,21.266143],[-157.709712,21.266059],[-157.709764,21.266026],[-157.709791,21.265963],[-157.70979,21.265854],[-157.710336,21.266186],[-157.710434,21.266248]]]},"properties":{}},{"type":"Feature","geometry":{"type":"Polygon","coordinates":[[[-157.822242,21.267287],[-157.82175,21.267394],[-157.821686,21.267125],[-157.82227,21.266998],[-157.822638,21.266917],[-157.822657,21.266919],[-157.822721,21.267179],[-157.822642,21.267197],[-157.822242,21.267287]]]},"properties":{}},{"type":"Feature","geometry":{"type":"Polygon","coordinates":[[[-157.703137,21.2664],[-157.701906,21.265877],[-157.702632,21.26437],[-157.703862,21.264892],[-157.703137,21.2664]]]},"properties":{}},{"type":"Feature","geometry":{"type":"Polygon","coordinates":[[[-157.821315,21.266483],[-157.821212,21.266042],[-157.821217,21.266015],[-157.821245,21.265992],[-157.821295,21.266008],[-157.821303,21.266036],[-157.821574,21.267189],[-157.821569,21.267216],[-157.821538,21.267237],[-157.821501,21.267225],[-157.821489,21.267207],[-157.821315,21.266483]]]},"properties":{}},{"type":"Feature","geometry":{"type":"Polygon","coordinates":[[[-157.702469,21.266336],[-157.702339,21.266274],[-157.702403,21.266152],[-157.702534,21.266214],[-157.702469,21.266336]]]},"properties":{}},{"type":"Feature","geometry":{"type":"Polygon","coordinates":[[[-157.815989,21.267026],[-157.815928,21.267161],[-157.815652,21.26706],[-157.815718,21.266918],[-157.815989,21.267026]]]},"properties":{}},{"type":"Feature","geometry":{"type":"Polygon","coordinates":[[[-157.816258,21.267134],[-157.815989,21.267026],[-157.81605,21.266893],[-157.816316,21.26701],[-157.816258,21.267134]]]},"properties":{}},{"type":"Feature","geometry":{"type":"Polygon","coordinates":[[[-157.822638,21.266917],[-157.82227,21.266998],[-157.821686,21.267125],[-157.821462,21.266186],[-157.821751,21.266122],[-157.822366,21.265984],[-157.822439,21.266254],[-157.822589,21.26679],[-157.822638,21.266917]]]},"properties":{}},{"type":"Feature","geometry":{"type":"Polygon","coordinates":[[[-157.815989,21.267026],[-157.815718,21.266918],[-157.815784,21.266776],[-157.81605,21.266893],[-157.815989,21.267026]]]},"properties":{}},{"type":"Feature","geometry":{"type":"Polygon","coordinates":[[[-157.81605,21.266893],[-157.815784,21.266776],[-157.815848,21.266636],[-157.816048,21.26673],[-157.81611,21.26676],[-157.81605,21.266893]]]},"properties":{}},{"type":"Feature","geometry":{"type":"Polygon","coordinates":[[[-157.816048,21.26673],[-157.815848,21.266636],[-157.815929,21.266515],[-157.816129,21.266609],[-157.816048,21.26673]]]},"properties":{}},{"type":"Feature","geometry":{"type":"Polygon","coordinates":[[[-157.816686,21.266414],[-157.816608,21.266531],[-157.81635,21.266403],[-157.816428,21.266281],[-157.816686,21.266414]]]},"properties":{}},{"type":"Feature","geometry":{"type":"Polygon","coordinates":[[[-157.81635,21.266403],[-157.816271,21.26652],[-157.816207,21.26649],[-157.816011,21.266391],[-157.816172,21.266149],[-157.816428,21.266281],[-157.81635,21.266403]]]},"properties":{}},{"type":"Feature","geometry":{"type":"Polygon","coordinates":[[[-157.781187,21.266168],[-157.781161,21.266201],[-157.780673,21.265859],[-157.78001,21.265391],[-157.780042,21.26536],[-157.780716,21.265837],[-157.781187,21.266168]]]},"properties":{}},{"type":"Feature","geometry":{"type":"Polygon","coordinates":[[[-157.816764,21.266297],[-157.816686,21.266414],[-157.816428,21.266281],[-157.816506,21.266165],[-157.816764,21.266297]]]},"properties":{}},{"type":"Feature","geometry":{"type":"Polygon","coordinates":[[[-157.816764,21.266297],[-157.816506,21.266165],[-157.816251,21.26603],[-157.816422,21.265773],[-157.81692,21.266066],[-157.816764,21.266297]]]},"properties":{}},{"type":"Feature","geometry":{"type":"Polygon","coordinates":[[[-157.816428,21.266281],[-157.816172,21.266149],[-157.816251,21.26603],[-157.816506,21.266165],[-157.816428,21.266281]]]},"properties":{}},{"type":"Feature","geometry":{"type":"Polygon","coordinates":[[[-157.817075,21.265832],[-157.81692,21.266066],[-157.816422,21.265773],[-157.816575,21.265546],[-157.817075,21.265832]]]},"properties":{}},{"type":"Feature","geometry":{"type":"Polygon","coordinates":[[[-157.78157,21.265771],[-157.781538,21.2658],[-157.781127,21.265397],[-157.780587,21.264869],[-157.78062,21.26484],[-157.781138,21.265348],[-157.781165,21.265375],[-157.78157,21.265771]]]},"properties":{}},{"type":"Feature","geometry":{"type":"Polygon","coordinates":[[[-157.820866,21.264196],[-157.821257,21.265839],[-157.821237,21.265882],[-157.821205,21.265888],[-157.821169,21.265861],[-157.820733,21.264031],[-157.820748,21.26399],[-157.820767,21.263981],[-157.820806,21.263988],[-157.820822,21.264013],[-157.820866,21.264196]]]},"properties":{}},{"type":"Feature","geometry":{"type":"Polygon","coordinates":[[[-157.817075,21.265832],[-157.816575,21.265546],[-157.816806,21.265198],[-157.816941,21.264808],[-157.81745,21.265071],[-157.81731,21.265479],[-157.817075,21.265832]]]},"properties":{}},{"type":"Feature","geometry":{"type":"Polygon","coordinates":[[[-157.782104,21.265375],[-157.782069,21.265399],[-157.781839,21.265113],[-157.781577,21.264791],[-157.7813,21.264445],[-157.781339,21.264428],[-157.781749,21.264936],[-157.781771,21.264966],[-157.782104,21.265375]]]},"properties":{}},{"type":"Feature","geometry":{"type":"Polygon","coordinates":[[[-157.822074,21.265065],[-157.821241,21.265252],[-157.82091,21.263856],[-157.821155,21.263803],[-157.82122,21.263804],[-157.821288,21.26382],[-157.821362,21.263863],[-157.821391,21.263893],[-157.821459,21.263988],[-157.821492,21.264059],[-157.821505,21.264102],[-157.8218,21.264031],[-157.822074,21.265065]]]},"properties":{}},{"type":"Feature","geometry":{"type":"Polygon","coordinates":[[[-157.822074,21.265065],[-157.8218,21.264031],[-157.822014,21.263988],[-157.82252,21.263881],[-157.822573,21.263915],[-157.822807,21.264861],[-157.822771,21.264912],[-157.82227,21.265022],[-157.822074,21.265065]]]},"properties":{}},{"type":"Feature","geometry":{"type":"Polygon","coordinates":[[[-157.816992,21.2647],[-157.817038,21.264574],[-157.81722,21.264313],[-157.817235,21.263821],[-157.817246,21.26348],[-157.817285,21.26348],[-157.817347,21.263781],[-157.817738,21.263714],[-157.817984,21.26367],[-157.817974,21.263607],[-157.818542,21.263503],[-157.818552,21.263654],[-157.818421,21.263902],[-157.818168,21.264121],[-157.817881,21.264372],[-157.817567,21.264828],[-157.817529,21.264932],[-157.817478,21.26495],[-157.816992,21.2647]]]},"properties":{}},{"type":"Feature","geometry":{"type":"Polygon","coordinates":[[[-157.8218,21.264031],[-157.821505,21.264102],[-157.821492,21.264059],[-157.821459,21.263988],[-157.821391,21.263893],[-157.821362,21.263863],[-157.821288,21.26382],[-157.82122,21.263804],[-157.821155,21.263803],[-157.82091,21.263856],[-157.820857,21.263632],[-157.821571,21.263355],[-157.8218,21.264031]]]},"properties":{}},{"type":"Feature","geometry":{"type":"Polygon","coordinates":[[[-157.7844,21.263747],[-157.784376,21.263765],[-157.784185,21.263441],[-157.783816,21.262849],[-157.783839,21.262833],[-157.784242,21.263477],[-157.7844,21.263747]]]},"properties":{}},{"type":"Feature","geometry":{"type":"Polygon","coordinates":[[[-156.452967,20.734202],[-156.452813,20.733683],[-156.452547,20.732839],[-156.452356,20.73224],[-156.452151,20.731705],[-156.451845,20.730897],[-156.451446,20.729841],[-156.451387,20.7297],[-156.451205,20.729397],[-156.450931,20.729018],[-156.450667,20.728735],[-156.450356,20.728473],[-156.449991,20.728145],[-156.449523,20.727752],[-156.449798,20.727385],[-156.449792,20.727331],[-156.450082,20.727304],[-156.450566,20.727261],[-156.450481,20.727303],[-156.450305,20.727316],[-156.45021,20.727349],[-156.450105,20.727363],[-156.450003,20.727407],[-156.449967,20.727535],[-156.449952,20.727659],[-156.449982,20.727799],[-156.449993,20.72795],[-156.450048,20.728096],[-156.450181,20.728233],[-156.450332,20.72835],[-156.450515,20.728459],[-156.450786,20.728633],[-156.450966,20.728744],[-156.451072,20.728784],[-156.45186,20.729206],[-156.452486,20.729552],[-156.452896,20.729799],[-156.453288,20.730211],[-156.453586,20.730609],[-156.454113,20.73128],[-156.454365,20.731588],[-156.454552,20.731774],[-156.45481,20.731999],[-156.455067,20.732396],[-156.455283,20.732654],[-156.4554,20.732969],[-156.455529,20.733204],[-156.455604,20.733216],[-156.455663,20.733413],[-156.455638,20.733948],[-156.454683,20.73404],[-156.454446,20.734061],[-156.453596,20.734144],[-156.452967,20.734202]]]},"properties":{}},{"type":"Feature","geometry":{"type":"Polygon","coordinates":[[[-157.820609,21.263483],[-157.820518,21.263087],[-157.820524,21.26306],[-157.820548,21.263045],[-157.820585,21.263052],[-157.820599,21.263072],[-157.820611,21.263131],[-157.820779,21.263832],[-157.820777,21.263855],[-157.82075,21.263879],[-157.820703,21.263868],[-157.820693,21.26385],[-157.820609,21.263483]]]},"properties":{}},{"type":"Feature","geometry":{"type":"Polygon","coordinates":[[[-157.818542,21.263503],[-157.817974,21.263607],[-157.817984,21.26367],[-157.817738,21.263714],[-157.817347,21.263781],[-157.817285,21.26348],[-157.817246,21.26348],[-157.817248,21.263435],[-157.817859,21.263342],[-157.817837,21.263053],[-157.818145,21.263008],[-157.81817,21.262974],[-157.818376,21.26295],[-157.818436,21.262987],[-157.818515,21.263482],[-157.818541,21.263482],[-157.818542,21.263503]]]},"properties":{}},{"type":"Feature","geometry":{"type":"Polygon","coordinates":[[[-157.710968,21.262765],[-157.71114,21.26273],[-157.711519,21.262661],[-157.711493,21.262692],[-157.711392,21.262712],[-157.710978,21.262788],[-157.710968,21.262765]]]},"properties":{}},{"type":"Feature","geometry":{"type":"Polygon","coordinates":[[[-157.818541,21.263482],[-157.818515,21.263482],[-157.818436,21.262987],[-157.818376,21.26295],[-157.81817,21.262974],[-157.818145,21.263008],[-157.817837,21.263053],[-157.817859,21.263342],[-157.817248,21.263435],[-157.817322,21.261005],[-157.817336,21.260576],[-157.818072,21.260286],[-157.818122,21.260286],[-157.818156,21.260325],[-157.818158,21.260331],[-157.818169,21.260431],[-157.818171,21.260485],[-157.818156,21.26076],[-157.818153,21.260803],[-157.818145,21.260946],[-157.818354,21.262449],[-157.81852,21.263116],[-157.818541,21.263482]]]},"properties":{}},{"type":"Feature","geometry":{"type":"Polygon","coordinates":[[[-157.820334,21.262406],[-157.820331,21.2624],[-157.820248,21.262221],[-157.820185,21.262105],[-157.820141,21.26203],[-157.820068,21.261921],[-157.820016,21.261851],[-157.819898,21.261708],[-157.819902,21.26169],[-157.819962,21.261692],[-157.820004,21.261686],[-157.820061,21.261664],[-157.82012,21.261617],[-157.820155,21.261563],[-157.82018,21.261567],[-157.820231,21.261678],[-157.820273,21.261783],[-157.820323,21.261925],[-157.820373,21.262104],[-157.820407,21.262267],[-157.820523,21.262758],[-157.820563,21.262914],[-157.820561,21.262939],[-157.820541,21.262959],[-157.820497,21.262954],[-157.820479,21.26292],[-157.82046,21.262821],[-157.820434,21.262705],[-157.820404,21.262599],[-157.820374,21.262508],[-157.820334,21.262406]]]},"properties":{}},{"type":"Feature","geometry":{"type":"Polygon","coordinates":[[[-156.447649,20.722877],[-156.447222,20.721022],[-156.446977,20.719827],[-156.447675,20.7197],[-156.447434,20.720019],[-156.447379,20.720316],[-156.447471,20.720586],[-156.447621,20.721098],[-156.447835,20.721955],[-156.448041,20.722617],[-156.448121,20.722776],[-156.447931,20.722814],[-156.447649,20.722877]]]},"properties":{}},{"type":"Feature","geometry":{"type":"Polygon","coordinates":[[[-157.710898,21.261434],[-157.710916,21.261392],[-157.710909,21.261328],[-157.710962,21.261306],[-157.711376,21.261165],[-157.711427,21.261228],[-157.711459,21.261285],[-157.711483,21.261409],[-157.71151,21.261471],[-157.711524,21.261554],[-157.711523,21.261624],[-157.711543,21.26174],[-157.711602,21.261876],[-157.711516,21.261825],[-157.710898,21.261434]]]},"properties":{}},{"type":"Feature","geometry":{"type":"Polygon","coordinates":[[[-157.787198,21.262022],[-157.787172,21.262035],[-157.786713,21.261268],[-157.78674,21.261255],[-157.786994,21.261677],[-157.787198,21.262022]]]},"properties":{}},{"type":"Feature","geometry":{"type":"Polygon","coordinates":[[[-157.82006,21.2616],[-157.820055,21.261603],[-157.820036,21.261618],[-157.819981,21.26164],[-157.819908,21.261642],[-157.819854,21.261624],[-157.819827,21.261606],[-157.819791,21.261567],[-157.819767,21.261499],[-157.819777,21.261422],[-157.819795,21.261391],[-157.819835,21.26135],[-157.81991,21.261319],[-157.819962,21.261317],[-157.820017,21.261334],[-157.820053,21.261354],[-157.820092,21.261397],[-157.820113,21.261456],[-157.820113,21.261506],[-157.820102,21.261542],[-157.82006,21.2616]]]},"properties":{}},{"type":"Feature","geometry":{"type":"Polygon","coordinates":[[[-157.819129,21.259999],[-157.819135,21.259999],[-157.819171,21.260011],[-157.819229,21.260041],[-157.819276,21.260079],[-157.819281,21.260084],[-157.819307,21.260114],[-157.81959,21.260536],[-157.819669,21.260651],[-157.819846,21.260921],[-157.819895,21.260989],[-157.819963,21.261103],[-157.820006,21.261182],[-157.820047,21.261271],[-157.820032,21.261277],[-157.819959,21.261259],[-157.819893,21.261265],[-157.819808,21.261301],[-157.819748,21.261359],[-157.819729,21.261393],[-157.819704,21.261485],[-157.81969,21.261483],[-157.819619,21.261412],[-157.819525,21.26133],[-157.819388,21.261221],[-157.819253,21.261125],[-157.819101,21.26102],[-157.818971,21.260927],[-157.818729,21.26076],[-157.818371,21.260509],[-157.818383,21.260432],[-157.818381,21.260378],[-157.818362,21.26029],[-157.818341,21.26024],[-157.818627,21.260091],[-157.818702,21.260057],[-157.81878,21.260031],[-157.818878,21.260007],[-157.819015,21.25999],[-157.819085,21.25999],[-157.819129,21.259999]]]},"properties":{}},{"type":"Feature","geometry":{"type":"Polygon","coordinates":[[[-157.707464,21.260091],[-157.7076,21.259873],[-157.707625,21.259851],[-157.707676,21.259784],[-157.707677,21.259752],[-157.707728,21.259732],[-157.707773,21.259658],[-157.707753,21.259626],[-157.707782,21.259579],[-157.707823,21.259579],[-157.707793,21.259626],[-157.707836,21.259697],[-157.707765,21.259753],[-157.707699,21.259779],[-157.707494,21.26011],[-157.707464,21.260091]]]},"properties":{}},{"type":"Feature","geometry":{"type":"Polygon","coordinates":[[[-157.790196,21.260503],[-157.789949,21.260092],[-157.789925,21.260043],[-157.789772,21.259746],[-157.789798,21.259732],[-157.789979,21.260084],[-157.790222,21.260492],[-157.790196,21.260503]]]},"properties":{}},{"type":"Feature","geometry":{"type":"Polygon","coordinates":[[[-157.795985,21.259438],[-157.796092,21.259414],[-157.796414,21.259355],[-157.796619,21.259316],[-157.797186,21.259214],[-157.797339,21.259183],[-157.797464,21.259162],[-157.797778,21.259103],[-157.797818,21.259108],[-157.797846,21.259149],[-157.797842,21.259173],[-157.797774,21.259254],[-157.797672,21.259362],[-157.797605,21.259438],[-157.797462,21.259588],[-157.797335,21.259716],[-157.797166,21.259894],[-157.797079,21.259997],[-157.797019,21.260078],[-157.796946,21.26019],[-157.796893,21.260285],[-157.796861,21.260314],[-157.796835,21.260323],[-157.796779,21.260315],[-157.796412,21.260039],[-157.796296,21.259955],[-157.796103,21.259809],[-157.795975,21.259716],[-157.79594,21.259654],[-157.795913,21.259525],[-157.795916,21.259492],[-157.795931,21.259465],[-157.795985,21.259438]]]},"properties":{}},{"type":"Feature","geometry":{"type":"Polygon","coordinates":[[[-157.818832,21.259819],[-157.819048,21.259732],[-157.819067,21.259769],[-157.819098,21.259837],[-157.819089,21.259879],[-157.819055,21.259895],[-157.818925,21.259903],[-157.818895,21.259896],[-157.818862,21.259873],[-157.818832,21.259819]]]},"properties":{}},{"type":"Feature","geometry":{"type":"Polygon","coordinates":[[[-157.816801,21.257686],[-157.816812,21.257659],[-157.816913,21.257533],[-157.81699,21.257444],[-157.817001,21.257448],[-157.817081,21.257311],[-157.817296,21.257425],[-157.817023,21.257975],[-157.816939,21.257929],[-157.816824,21.257883],[-157.816732,21.25786],[-157.816801,21.257686]]]},"properties":{}},{"type":"Feature","geometry":{"type":"Polygon","coordinates":[[[-157.816801,21.257686],[-157.816732,21.25786],[-157.816698,21.25785],[-157.816768,21.257675],[-157.816801,21.257686]]]},"properties":{}},{"type":"Feature","geometry":{"type":"Polygon","coordinates":[[[-157.816913,21.257533],[-157.816721,21.257446],[-157.816855,21.25719],[-157.817081,21.257311],[-157.817001,21.257448],[-157.81699,21.257444],[-157.816913,21.257533]]]},"properties":{}},{"type":"Feature","geometry":{"type":"Polygon","coordinates":[[[-157.814598,21.256548],[-157.814847,21.256092],[-157.815028,21.256143],[-157.815579,21.256422],[-157.815304,21.256964],[-157.815193,21.256878],[-157.814934,21.256716],[-157.814758,21.256615],[-157.814685,21.256581],[-157.814598,21.256548]]]},"properties":{}},{"type":"Feature","geometry":{"type":"Polygon","coordinates":[[[-157.803437,21.256054],[-157.803405,21.25595],[-157.803675,21.255936],[-157.805818,21.255161],[-157.807059,21.254937],[-157.809028,21.255217],[-157.809179,21.255869],[-157.809176,21.25588],[-157.808828,21.255821],[-157.808723,21.255804],[-157.808268,21.255729],[-157.808085,21.255696],[-157.807782,21.255646],[-157.807609,21.255616],[-157.80748,21.255601],[-157.807353,21.255594],[-157.807206,21.255595],[-157.806961,21.255607],[-157.806923,21.255606],[-157.806405,21.255632],[-157.806278,21.255636],[-157.806128,21.255653],[-157.806056,21.255666],[-157.805893,21.255705],[-157.805716,21.255767],[-157.805694,21.255778],[-157.805256,21.255961],[-157.805197,21.255987],[-157.804794,21.256156],[-157.804557,21.256256],[-157.804429,21.256307],[-157.803642,21.256642],[-157.803437,21.256054]]]},"properties":{}},{"type":"Feature","geometry":{"type":"Polygon","coordinates":[[[-157.81179,21.256147],[-157.811833,21.256179],[-157.811843,21.256206],[-157.811835,21.256249],[-157.811804,21.25628],[-157.811762,21.256298],[-157.810165,21.256031],[-157.810573,21.25577],[-157.81179,21.256147]]]},"properties":{}},{"type":"Feature","geometry":{"type":"Polygon","coordinates":[[[-157.803437,21.256054],[-157.803102,21.25609],[-157.802827,21.256117],[-157.802805,21.256072],[-157.802731,21.256067],[-157.802731,21.25599],[-157.80284,21.255984],[-157.80339,21.255904],[-157.803405,21.25595],[-157.803437,21.256054]]]},"properties":{}},{"type":"Feature","geometry":{"type":"Polygon","coordinates":[[[-157.793302,21.255747],[-157.793489,21.255411],[-157.793516,21.255423],[-157.793326,21.255763],[-157.793302,21.255747]]]},"properties":{}},{"type":"Feature","geometry":{"type":"Polygon","coordinates":[[[-156.608847,20.92857],[-156.60881,20.928429],[-156.60871,20.927945],[-156.608528,20.927599],[-156.608405,20.927286],[-156.608335,20.927],[-156.608295,20.926815],[-156.60823,20.926669],[-156.608154,20.926591],[-156.608042,20.926527],[-156.607803,20.926478],[-156.60751,20.926452],[-156.607292,20.926322],[-156.607034,20.926206],[-156.606678,20.926106],[-156.606332,20.925952],[-156.606232,20.925883],[-156.605852,20.925634],[-156.605646,20.925473],[-156.605214,20.925178],[-156.604991,20.925039],[-156.604516,20.924689],[-156.6042,20.924468],[-156.604066,20.924408],[-156.603732,20.924164],[-156.603526,20.924089],[-156.602689,20.923738],[-156.60249,20.923618],[-156.602185,20.923438],[-156.601998,20.923331],[-156.60184,20.923234],[-156.601371,20.922898],[-156.601283,20.92277],[-156.601219,20.922652],[-156.601085,20.92247],[-156.600862,20.922209],[-156.600621,20.922057],[-156.600417,20.921946],[-156.599978,20.921741],[-156.599872,20.921658],[-156.599644,20.92151],[-156.599509,20.921323],[-156.599403,20.921159],[-156.599362,20.921082],[-156.599187,20.920872],[-156.599006,20.920684],[-156.598859,20.920578],[-156.598426,20.920229],[-156.598209,20.920104],[-156.597934,20.919865],[-156.597541,20.919417],[-156.597413,20.919325],[-156.596979,20.918944],[-156.596734,20.918602],[-156.596165,20.917868],[-156.59582,20.917389],[-156.595674,20.917201],[-156.59544,20.916968],[-156.595223,20.916775],[-156.595053,20.916678],[-156.594719,20.916565],[-156.594315,20.916352],[-156.594239,20.916305],[-156.594151,20.916263],[-156.594017,20.916108],[-156.59384,20.915957],[-156.593642,20.915796],[-156.593477,20.915676],[-156.593301,20.915529],[-156.593114,20.915314],[-156.592951,20.915145],[-156.592845,20.915094],[-156.592716,20.915051],[-156.592564,20.915018],[-156.592417,20.914921],[-156.592313,20.914865],[-156.592259,20.914616],[-156.59223,20.914381],[-156.592236,20.914309],[-156.592324,20.914016],[-156.592359,20.913818],[-156.592377,20.913543],[-156.592348,20.913344],[-156.592324,20.913095],[-156.592283,20.912779],[-156.592131,20.912438],[-156.592114,20.912338],[-156.592108,20.912122],[-156.592084,20.912008],[-156.592085,20.911905],[-156.592114,20.91181],[-156.592137,20.911535],[-156.592097,20.911155],[-156.592103,20.910939],[-156.592062,20.91083],[-156.592045,20.910635],[-156.592033,20.910409],[-156.592032,20.910301],[-156.591974,20.910097],[-156.591904,20.909771],[-156.591892,20.909676],[-156.591863,20.909328],[-156.591893,20.909035],[-156.591893,20.908805],[-156.591922,20.908674],[-156.592004,20.908535],[-156.592186,20.908245],[-156.592273,20.908065],[-156.592303,20.907858],[-156.592286,20.907555],[-156.592304,20.907361],[-156.592333,20.907131],[-156.592333,20.906915],[-156.592327,20.906711],[-156.592316,20.906445],[-156.592333,20.906233],[-156.592368,20.905899],[-156.592357,20.905782],[-156.59231,20.905682],[-156.592222,20.905473],[-156.59217,20.90531],[-156.592105,20.90516],[-156.592088,20.904997],[-156.592053,20.904875],[-156.591976,20.904765],[-156.591847,20.904592],[-156.591713,20.904387],[-156.591672,20.904287],[-156.591619,20.904178],[-156.59152,20.904086],[-156.591385,20.903985],[-156.591279,20.903893],[-156.591157,20.903593],[-156.591087,20.903398],[-156.591029,20.903262],[-156.590911,20.903129],[-156.590747,20.902933],[-156.590338,20.902607],[-156.590132,20.902473],[-156.58998,20.902344],[-156.58984,20.902193],[-156.589752,20.901989],[-156.589647,20.901725],[-156.589547,20.901417],[-156.589447,20.901045],[-156.589389,20.900918],[-156.589254,20.900713],[-156.58919,20.900631],[-156.589026,20.900489],[-156.588921,20.900383],[-156.588768,20.900268],[-156.588687,20.900168],[-156.588534,20.899922],[-156.588365,20.899567],[-156.588335,20.89944],[-156.588307,20.899219],[-156.588294,20.898934],[-156.588306,20.898709],[-156.588336,20.898515],[-156.588366,20.89838],[-156.588365,20.898235],[-156.588243,20.897958],[-156.588207,20.897868],[-156.588195,20.897777],[-156.588148,20.897546],[-156.588078,20.897337],[-156.588002,20.897147],[-156.58788,20.896973],[-156.58778,20.896837],[-156.587651,20.896555],[-156.587563,20.896283],[-156.587441,20.895757],[-156.587359,20.895535],[-156.587288,20.895304],[-156.587207,20.895027],[-156.587084,20.894745],[-156.587013,20.894537],[-156.586961,20.894148],[-156.586926,20.893782],[-156.586873,20.893618],[-156.586786,20.893441],[-156.586686,20.893282],[-156.58661,20.893217],[-156.586545,20.893144],[-156.58654,20.893054],[-156.586587,20.892928],[-156.586704,20.892758],[-156.586763,20.892623],[-156.586787,20.892403],[-156.586786,20.891829],[-156.586774,20.891689],[-156.587065,20.892348],[-156.587343,20.892677],[-156.587713,20.892976],[-156.588085,20.893306],[-156.588202,20.893434],[-156.588362,20.89373],[-156.588407,20.893933],[-156.588312,20.894194],[-156.588233,20.895024],[-156.588327,20.895409],[-156.588557,20.895972],[-156.58886,20.8965],[-156.589039,20.896678],[-156.589523,20.896631],[-156.589654,20.897879],[-156.589606,20.898104],[-156.589687,20.898475],[-156.589848,20.898956],[-156.590037,20.898995],[-156.590347,20.89885],[-156.590409,20.899054],[-156.590446,20.899213],[-156.590439,20.899443],[-156.590409,20.899705],[-156.590347,20.900033],[-156.590551,20.900384],[-156.590979,20.900796],[-156.591123,20.901137],[-156.591218,20.901423],[-156.591444,20.901769],[-156.591929,20.902268],[-156.592294,20.902566],[-156.592632,20.902684],[-156.593077,20.902808],[-156.593607,20.90314],[-156.594168,20.903374],[-156.594373,20.90353],[-156.594584,20.903931],[-156.594867,20.904079],[-156.595209,20.904531],[-156.595876,20.905326],[-156.596138,20.905803],[-156.59679,20.906377],[-156.597259,20.906763],[-156.597849,20.907543],[-156.599845,20.908713],[-156.600421,20.908613],[-156.602271,20.909673],[-156.598685,20.90974],[-156.598527,20.914456],[-156.606469,20.916346],[-156.614294,20.918099],[-156.614482,20.918269],[-156.614606,20.91842],[-156.614758,20.918535],[-156.614987,20.918696],[-156.61536,20.918769],[-156.615503,20.91882],[-156.61551,20.919091],[-156.615506,20.919276],[-156.615379,20.919446],[-156.615354,20.919667],[-156.615559,20.91981],[-156.615803,20.920044],[-156.615998,20.920191],[-156.616037,20.920413],[-156.61602,20.920697],[-156.61606,20.921167],[-156.61621,20.921666],[-156.616063,20.922029],[-156.616026,20.92225],[-156.616248,20.922488],[-156.61652,20.922826],[-156.616997,20.923279],[-156.617554,20.923441],[-156.617815,20.923494],[-156.618082,20.923714],[-156.618251,20.924078],[-156.618429,20.924541],[-156.608847,20.92857]]]},"properties":{}},{"type":"Feature","geometry":{"type":"Polygon","coordinates":[[[-156.493583,20.924244],[-156.49297,20.924499],[-156.49294,20.924239],[-156.492744,20.923692],[-156.493294,20.923406],[-156.493583,20.924244]]]},"properties":{}},{"type":"Feature","geometry":{"type":"Polygon","coordinates":[[[-156.392539,20.915482],[-156.392416,20.915157],[-156.392276,20.914828],[-156.392094,20.914387],[-156.391936,20.913985],[-156.391895,20.913874],[-156.391784,20.913446],[-156.39169,20.913149],[-156.391579,20.913039],[-156.391432,20.912955],[-156.391186,20.912845],[-156.390888,20.91278],[-156.390747,20.912764],[-156.390601,20.912791],[-156.39032,20.912857],[-156.390038,20.912934],[-156.389875,20.912956],[-156.389728,20.912988],[-156.389587,20.913038],[-156.389435,20.913083],[-156.389201,20.913203],[-156.38906,20.913258],[-156.38899,20.913259],[-156.388445,20.913176],[-156.388405,20.913074],[-156.391283,20.911901],[-156.392155,20.911553],[-156.392245,20.911519],[-156.392393,20.911679],[-156.392557,20.911905],[-156.392674,20.912049],[-156.393102,20.912638],[-156.393265,20.912818],[-156.393348,20.913],[-156.393445,20.913573],[-156.393658,20.914822],[-156.393635,20.914837],[-156.393312,20.915081],[-156.392674,20.915455],[-156.392539,20.915482]]]},"properties":{}},{"type":"Feature","geometry":{"type":"Polygon","coordinates":[[[-156.492681,20.909152],[-156.492306,20.908677],[-156.491907,20.907994],[-156.492845,20.907294],[-156.493407,20.907542],[-156.493319,20.907775],[-156.493483,20.908039],[-156.493234,20.908591],[-156.492681,20.909152]]]},"properties":{}},{"type":"Feature","geometry":{"type":"Polygon","coordinates":[[[-156.447186,20.898946],[-156.446951,20.899082],[-156.446729,20.899233],[-156.446366,20.89927],[-156.446067,20.899358],[-156.445833,20.899413],[-156.44571,20.899321],[-156.445511,20.899237],[-156.44523,20.899179],[-156.44482,20.899245],[-156.444451,20.89937],[-156.443994,20.899476],[-156.443702,20.899492],[-156.443227,20.899541],[-156.442835,20.899646],[-156.442548,20.899712],[-156.44222,20.899838],[-156.441839,20.900004],[-156.441394,20.900175],[-156.440896,20.900443],[-156.44061,20.900653],[-156.440457,20.900795],[-156.440223,20.900824],[-156.439883,20.901033],[-156.439661,20.901176],[-156.439368,20.901325],[-156.439069,20.901364],[-156.438806,20.901457],[-156.43839,20.901645],[-156.438156,20.901887],[-156.438062,20.90203],[-156.437893,20.902513],[-156.437693,20.902691],[-156.437389,20.902943],[-156.437295,20.903136],[-156.43719,20.903378],[-156.43712,20.903395],[-156.436915,20.90334],[-156.436774,20.903246],[-156.436598,20.903187],[-156.436188,20.903246],[-156.435825,20.903324],[-156.435579,20.903341],[-156.435328,20.903373],[-156.435357,20.902218],[-156.43538,20.901277],[-156.435661,20.901161],[-156.436656,20.90072],[-156.437458,20.900385],[-156.437798,20.900257],[-156.439075,20.899707],[-156.442096,20.898403],[-156.445118,20.897091],[-156.445387,20.896953],[-156.445686,20.896795],[-156.445961,20.896668],[-156.446196,20.897114],[-156.447186,20.898946]]]},"properties":{}},{"type":"Feature","geometry":{"type":"Polygon","coordinates":[[[-156.492803,20.900043],[-156.492205,20.900659],[-156.492136,20.90078],[-156.492044,20.900763],[-156.491709,20.900512],[-156.491495,20.900389],[-156.49138,20.900311],[-156.491266,20.900199],[-156.49102,20.899872],[-156.490681,20.899425],[-156.490562,20.89927],[-156.490464,20.899079],[-156.490381,20.898854],[-156.490241,20.898628],[-156.490152,20.898526],[-156.490136,20.898489],[-156.490139,20.89846],[-156.490424,20.898764],[-156.490525,20.898874],[-156.49073,20.898706],[-156.490787,20.898788],[-156.490859,20.898881],[-156.490905,20.898857],[-156.490856,20.898789],[-156.490813,20.898738],[-156.491201,20.898448],[-156.491549,20.89823],[-156.4921,20.899021],[-156.492803,20.900043]]]},"properties":{}},{"type":"Feature","geometry":{"type":"Polygon","coordinates":[[[-156.638767,20.891268],[-156.637478,20.896298],[-156.637079,20.897891],[-156.636863,20.897879],[-156.636681,20.897894],[-156.636236,20.898028],[-156.63603,20.898048],[-156.635849,20.898064],[-156.635627,20.898069],[-156.635152,20.898054],[-156.634795,20.898035],[-156.634607,20.898028],[-156.634444,20.89804],[-156.634157,20.898121],[-156.63394,20.898145],[-156.633782,20.898184],[-156.633606,20.898204],[-156.63333,20.898191],[-156.632891,20.898185],[-156.63223,20.898302],[-156.632013,20.898408],[-156.631808,20.898477],[-156.63162,20.898614],[-156.631439,20.898851],[-156.63121,20.899227],[-156.631087,20.899442],[-156.630929,20.89958],[-156.630853,20.899593],[-156.630747,20.899618],[-156.630659,20.899626],[-156.63046,20.899628],[-156.630226,20.899593],[-156.629898,20.899435],[-156.629423,20.899171],[-156.629072,20.898936],[-156.628861,20.898838],[-156.628686,20.898772],[-156.628516,20.898702],[-156.628346,20.898619],[-156.628106,20.898534],[-156.62786,20.898499],[-156.627579,20.898504],[-156.627379,20.898533],[-156.627093,20.898624],[-156.626905,20.898662],[-156.626677,20.898641],[-156.626465,20.89866],[-156.626314,20.898676],[-156.626049,20.898686],[-156.625874,20.898675],[-156.625523,20.898625],[-156.62516,20.898565],[-156.624989,20.898504],[-156.624773,20.898438],[-156.624521,20.898394],[-156.623156,20.897973],[-156.622617,20.897799],[-156.621651,20.897501],[-156.621476,20.897453],[-156.621212,20.897404],[-156.621036,20.897348],[-156.620855,20.89725],[-156.620638,20.897198],[-156.620181,20.897038],[-156.619666,20.896818],[-156.619297,20.896723],[-156.619081,20.896688],[-156.618928,20.896718],[-156.618753,20.896765],[-156.618565,20.896808],[-156.618301,20.896831],[-156.618067,20.896828],[-156.618009,20.896795],[-156.617868,20.896662],[-156.617786,20.896598],[-156.617709,20.896584],[-156.61761,20.896605],[-156.617528,20.896662],[-156.617511,20.896752],[-156.617511,20.896843],[-156.617475,20.896892],[-156.617382,20.896909],[-156.617201,20.896924],[-156.616966,20.896889],[-156.616861,20.896856],[-156.616761,20.896841],[-156.616292,20.896726],[-156.615788,20.896597],[-156.615372,20.896542],[-156.614845,20.896453],[-156.614541,20.896314],[-156.614249,20.896129],[-156.614079,20.895996],[-156.613809,20.89582],[-156.613645,20.895732],[-156.613475,20.895608],[-156.613329,20.895511],[-156.613194,20.895365],[-156.612977,20.895204],[-156.612749,20.895047],[-156.612304,20.894797],[-156.611923,20.894616],[-156.611473,20.894379],[-156.61088,20.8941],[-156.610102,20.893814],[-156.609874,20.89372],[-156.609721,20.893673],[-156.609528,20.89362],[-156.609206,20.893503],[-156.608995,20.893392],[-156.60879,20.893339],[-156.608626,20.893328],[-156.608088,20.893257],[-156.607806,20.893222],[-156.607701,20.893207],[-156.607467,20.893118],[-156.607115,20.892968],[-156.606249,20.892581],[-156.606131,20.892562],[-156.605962,20.892523],[-156.605622,20.892496],[-156.605242,20.892468],[-156.604878,20.892409],[-156.60441,20.892298],[-156.604187,20.892236],[-156.604018,20.892175],[-156.603847,20.892078],[-156.603666,20.892012],[-156.603361,20.891868],[-156.603075,20.891724],[-156.602793,20.891531],[-156.602389,20.891322],[-156.601862,20.891111],[-156.601628,20.891004],[-156.6014,20.890843],[-156.601218,20.890745],[-156.600662,20.890444],[-156.60048,20.890374],[-156.600264,20.890389],[-156.600076,20.890413],[-156.59976,20.890486],[-156.599513,20.890518],[-156.599209,20.89055],[-156.598999,20.890561],[-156.598617,20.890596],[-156.597968,20.890596],[-156.597131,20.890589],[-156.596609,20.89055],[-156.596432,20.890529],[-156.596264,20.890491],[-156.596046,20.890438],[-156.595449,20.890267],[-156.594723,20.890103],[-156.59464,20.890075],[-156.594547,20.890056],[-156.594337,20.889976],[-156.594126,20.889933],[-156.59381,20.889883],[-156.593604,20.889835],[-156.593428,20.889787],[-156.593195,20.88973],[-156.592773,20.889597],[-156.592556,20.889513],[-156.592357,20.889465],[-156.591853,20.889309],[-156.591444,20.889227],[-156.590916,20.889142],[-156.590688,20.889139],[-156.590477,20.889145],[-156.590336,20.889143],[-156.590202,20.889173],[-156.589903,20.8892],[-156.589441,20.889198],[-156.588884,20.889132],[-156.58909,20.888918],[-156.589388,20.888642],[-156.589722,20.888363],[-156.589816,20.888256],[-156.589939,20.888171],[-156.590266,20.887878],[-156.590577,20.887594],[-156.590777,20.887407],[-156.591111,20.887064],[-156.591028,20.886796],[-156.590946,20.886596],[-156.590819,20.886161],[-156.590801,20.886089],[-156.590882,20.886009],[-156.591053,20.88588],[-156.591193,20.885738],[-156.59134,20.885573],[-156.591539,20.885255],[-156.59168,20.884963],[-156.591727,20.884716],[-156.59171,20.884296],[-156.591669,20.883925],[-156.591621,20.883762],[-156.591815,20.883791],[-156.592049,20.883885],[-156.592224,20.884036],[-156.592471,20.884153],[-156.592868,20.884307],[-156.593566,20.884466],[-156.593999,20.884563],[-156.594251,20.884589],[-156.594385,20.884559],[-156.594525,20.884484],[-156.594906,20.884164],[-156.595358,20.883787],[-156.595844,20.883406],[-156.59626,20.883113],[-156.596711,20.88284],[-156.596816,20.882796],[-156.597109,20.882751],[-156.597508,20.882725],[-156.59769,20.882705],[-156.598006,20.882519],[-156.598392,20.882331],[-156.598989,20.882109],[-156.599224,20.882081],[-156.599475,20.882102],[-156.600038,20.882146],[-156.600342,20.882186],[-156.600986,20.88225],[-156.60159,20.882285],[-156.601958,20.882295],[-156.602375,20.88231],[-156.602602,20.882295],[-156.602808,20.882262],[-156.603013,20.882242],[-156.603469,20.882135],[-156.603786,20.881991],[-156.604114,20.881887],[-156.604336,20.881845],[-156.604729,20.88176],[-156.604928,20.881741],[-156.605497,20.88169],[-156.60586,20.881672],[-156.605993,20.881643],[-156.606181,20.881636],[-156.606363,20.881607],[-156.606556,20.881601],[-156.606756,20.881599],[-156.606978,20.881602],[-156.607247,20.881628],[-156.607569,20.881719],[-156.607914,20.881827],[-156.608302,20.882036],[-156.608465,20.882174],[-156.608611,20.882356],[-156.608764,20.882494],[-156.608986,20.882637],[-156.609273,20.882813],[-156.609619,20.883007],[-156.609882,20.883101],[-156.610087,20.883113],[-156.610257,20.883138],[-156.610509,20.88315],[-156.610767,20.883195],[-156.6112,20.88316],[-156.611458,20.883114],[-156.611856,20.883074],[-156.612178,20.883124],[-156.612383,20.883163],[-156.612611,20.883166],[-156.613437,20.883164],[-156.6139,20.883166],[-156.614181,20.883175],[-156.614398,20.883196],[-156.614632,20.883208],[-156.61486,20.883166],[-156.615106,20.883156],[-156.615504,20.883085],[-156.615698,20.88302],[-156.615932,20.883005],[-156.616114,20.882976],[-156.616336,20.882974],[-156.61657,20.882978],[-156.616851,20.882968],[-156.617291,20.882915],[-156.617707,20.882871],[-156.617994,20.882812],[-156.618204,20.882788],[-156.618627,20.882735],[-156.619482,20.882652],[-156.620003,20.882592],[-156.620201,20.882559],[-156.620436,20.882548],[-156.620699,20.882529],[-156.62122,20.882469],[-156.621625,20.882447],[-156.622035,20.882421],[-156.622286,20.882402],[-156.622498,20.882419],[-156.622714,20.882463],[-156.622937,20.882461],[-156.623077,20.882436],[-156.623264,20.882389],[-156.623399,20.882364],[-156.623868,20.882357],[-156.624126,20.882351],[-156.624406,20.881944],[-156.624547,20.881784],[-156.62477,20.881507],[-156.62504,20.881303],[-156.62525,20.88117],[-156.625415,20.881055],[-156.625543,20.880944],[-156.625696,20.880838],[-156.62597,20.880639],[-156.626158,20.880515],[-156.626503,20.88033],[-156.626773,20.880243],[-156.626896,20.880159],[-156.627148,20.880077],[-156.627335,20.879976],[-156.627616,20.879844],[-156.627903,20.879744],[-156.62802,20.879728],[-156.628278,20.879646],[-156.629274,20.879352],[-156.629449,20.879283],[-156.629725,20.879146],[-156.6301,20.878967],[-156.630468,20.878773],[-156.630785,20.878642],[-156.631067,20.878542],[-156.631412,20.878425],[-156.63171,20.878303],[-156.632045,20.878127],[-156.632284,20.877963],[-156.632519,20.877767],[-156.632717,20.877576],[-156.63294,20.877367],[-156.633075,20.877301],[-156.633438,20.877171],[-156.633731,20.877048],[-156.634153,20.876887],[-156.634451,20.876792],[-156.634767,20.876742],[-156.635201,20.876721],[-156.635459,20.876697],[-156.635775,20.876675],[-156.635856,20.876676],[-156.636096,20.877379],[-156.636436,20.878381],[-156.637684,20.882087],[-156.638931,20.885775],[-156.639183,20.886519],[-156.638562,20.887238],[-156.638506,20.887598],[-156.638693,20.888188],[-156.639272,20.888458],[-156.639509,20.888371],[-156.639165,20.889702],[-156.638896,20.890769],[-156.638767,20.891268]]]},"properties":{}},{"type":"Feature","geometry":{"type":"Polygon","coordinates":[[[-156.509452,20.896034],[-156.509418,20.896218],[-156.509341,20.896222],[-156.509339,20.896368],[-156.50908,20.896369],[-156.509083,20.896204],[-156.509086,20.895879],[-156.509092,20.895828],[-156.509115,20.895805],[-156.509144,20.895797],[-156.509564,20.895789],[-156.509484,20.895854],[-156.509452,20.896034]]]},"properties":{}},{"type":"Feature","geometry":{"type":"Polygon","coordinates":[[[-156.488169,20.895995],[-156.488079,20.89592],[-156.487648,20.895566],[-156.487531,20.895492],[-156.4874,20.895454],[-156.487145,20.895425],[-156.486754,20.895399],[-156.486371,20.895384],[-156.486415,20.895189],[-156.486869,20.892891],[-156.487038,20.890178],[-156.487064,20.889402],[-156.489594,20.889414],[-156.48956,20.893393],[-156.490719,20.893387],[-156.490245,20.894067],[-156.48969,20.89455],[-156.489013,20.895139],[-156.488813,20.895346],[-156.488169,20.895995]]]},"properties":{}},{"type":"Feature","geometry":{"type":"Polygon","coordinates":[[[-156.486032,20.895734],[-156.484733,20.895572],[-156.485021,20.894035],[-156.486305,20.894537],[-156.486185,20.895124],[-156.486134,20.895372],[-156.486049,20.89568],[-156.486032,20.895734]]]},"properties":{}},{"type":"Feature","geometry":{"type":"Polygon","coordinates":[[[-156.683373,20.896946],[-156.683353,20.896847],[-156.683318,20.896742],[-156.683165,20.896343],[-156.68312,20.896209],[-156.683089,20.896055],[-156.683014,20.895828],[-156.683415,20.89578],[-156.683809,20.895733],[-156.683857,20.896276],[-156.68383,20.896961],[-156.683373,20.896946]]]},"properties":{}},{"type":"Feature","geometry":{"type":"Polygon","coordinates":[[[-156.477466,20.883628],[-156.477337,20.883437],[-156.477156,20.883425],[-156.47705,20.883288],[-156.477009,20.883288],[-156.476763,20.883447],[-156.476448,20.883636],[-156.476149,20.883821],[-156.476119,20.883843],[-156.475809,20.883776],[-156.475604,20.883714],[-156.475469,20.88368],[-156.475434,20.88368],[-156.475405,20.883702],[-156.475346,20.883873],[-156.475305,20.883863],[-156.475252,20.883862],[-156.475165,20.883847],[-156.4751,20.883842],[-156.475036,20.883823],[-156.474919,20.883826],[-156.474919,20.883749],[-156.474912,20.883582],[-156.474884,20.883419],[-156.474878,20.883297],[-156.474861,20.883229],[-156.475019,20.883114],[-156.475101,20.883074],[-156.47533,20.882987],[-156.475429,20.882935],[-156.475616,20.882847],[-156.475903,20.88273],[-156.476289,20.882555],[-156.476406,20.882516],[-156.476542,20.88245],[-156.476536,20.882319],[-156.476535,20.881985],[-156.476529,20.88184],[-156.476524,20.881642],[-156.476529,20.881606],[-156.476559,20.881579],[-156.476729,20.881405],[-156.476781,20.881334],[-156.47694,20.88116],[-156.47704,20.88104],[-156.477191,20.88088],[-156.477262,20.880795],[-156.477397,20.880643],[-156.477496,20.880527],[-156.477572,20.880434],[-156.477573,20.880407],[-156.477503,20.880342],[-156.477256,20.880167],[-156.477262,20.880104],[-156.477444,20.880039],[-156.477432,20.87998],[-156.477274,20.87987],[-156.477192,20.87981],[-156.476993,20.879671],[-156.476917,20.879602],[-156.476753,20.879483],[-156.476601,20.879386],[-156.476472,20.879284],[-156.476273,20.879146],[-156.476296,20.87911],[-156.476502,20.878874],[-156.476707,20.878624],[-156.476765,20.878566],[-156.476829,20.878477],[-156.476953,20.878325],[-156.477,20.878254],[-156.477058,20.878192],[-156.477128,20.878206],[-156.477205,20.87827],[-156.477357,20.878363],[-156.477385,20.878395],[-156.477455,20.878437],[-156.477491,20.878442],[-156.477596,20.878511],[-156.47759,20.878561],[-156.477603,20.878619],[-156.477672,20.878697],[-156.477912,20.878841],[-156.478527,20.879202],[-156.478995,20.879489],[-156.479523,20.879785],[-156.479616,20.879854],[-156.479939,20.88004],[-156.480237,20.88022],[-156.480355,20.880303],[-156.480295,20.880402],[-156.480108,20.880701],[-156.479938,20.880961],[-156.479763,20.881206],[-156.479604,20.881461],[-156.479106,20.882208],[-156.478918,20.882449],[-156.478702,20.882708],[-156.478614,20.882819],[-156.478556,20.882882],[-156.478439,20.882993],[-156.478362,20.883055],[-156.478158,20.883192],[-156.477613,20.88354],[-156.477466,20.883628]]]},"properties":{}},{"type":"Feature","geometry":{"type":"Polygon","coordinates":[[[-156.534135,20.883509],[-156.534012,20.88351],[-156.53401,20.883462],[-156.533336,20.883466],[-156.533548,20.883307],[-156.533914,20.883034],[-156.533957,20.882997],[-156.534061,20.882933],[-156.534246,20.882856],[-156.534457,20.882676],[-156.534504,20.882639],[-156.534608,20.882527],[-156.534688,20.882481],[-156.534836,20.882452],[-156.534917,20.882453],[-156.535018,20.882461],[-156.53535,20.8825],[-156.535483,20.882542],[-156.535522,20.882545],[-156.535829,20.88259],[-156.536056,20.882697],[-156.536325,20.882873],[-156.536222,20.882867],[-156.536223,20.882898],[-156.53628,20.882942],[-156.536292,20.883021],[-156.536284,20.883098],[-156.536187,20.88334],[-156.536194,20.883485],[-156.536165,20.883491],[-156.536182,20.883672],[-156.536076,20.883682],[-156.535598,20.883713],[-156.535624,20.883829],[-156.535332,20.883815],[-156.535276,20.883817],[-156.534913,20.883848],[-156.534764,20.883895],[-156.534518,20.884014],[-156.53425,20.883601],[-156.534269,20.883504],[-156.534135,20.883509]]]},"properties":{}},{"type":"Feature","geometry":{"type":"Polygon","coordinates":[[[-156.461023,20.881816],[-156.460838,20.881179],[-156.461555,20.880991],[-156.461649,20.881311],[-156.461743,20.881629],[-156.461502,20.88169],[-156.461023,20.881816]]]},"properties":{}},{"type":"Feature","geometry":{"type":"Polygon","coordinates":[[[-156.547212,20.879395],[-156.54695,20.880527],[-156.54661,20.880537],[-156.546313,20.880883],[-156.545965,20.88093],[-156.545725,20.881112],[-156.544077,20.881465],[-156.544028,20.88129],[-156.544168,20.881218],[-156.54446,20.880805],[-156.545347,20.88044],[-156.545659,20.88047],[-156.545916,20.880365],[-156.546096,20.880126],[-156.546431,20.879585],[-156.547212,20.879395]]]},"properties":{}},{"type":"Feature","geometry":{"type":"Polygon","coordinates":[[[-156.170899,20.871066],[-156.170701,20.871139],[-156.170549,20.87125],[-156.170238,20.871565],[-156.17008,20.871675],[-156.169934,20.871754],[-156.169805,20.871747],[-156.169671,20.871668],[-156.169501,20.871575],[-156.16922,20.87148],[-156.169079,20.871438],[-156.168986,20.871373],[-156.168921,20.87125],[-156.168845,20.871127],[-156.168746,20.870904],[-156.168663,20.870695],[-156.168581,20.870554],[-156.168518,20.870476],[-156.168347,20.870351],[-156.168306,20.87031],[-156.168453,20.870019],[-156.168506,20.869893],[-156.168569,20.869773],[-156.16857,20.869669],[-156.168563,20.869642],[-156.170899,20.871066]]]},"properties":{}},{"type":"Feature","geometry":{"type":"Polygon","coordinates":[[[-156.672778,20.878818],[-156.673177,20.878469],[-156.673206,20.878508],[-156.673238,20.878569],[-156.673249,20.878648],[-156.67323,20.878749],[-156.673159,20.878855],[-156.673066,20.878905],[-156.672938,20.878953],[-156.672877,20.878961],[-156.672842,20.878934],[-156.672795,20.878836],[-156.672778,20.878818]]]},"properties":{}},{"type":"Feature","geometry":{"type":"Polygon","coordinates":[[[-156.482565,20.873749],[-156.48252,20.873812],[-156.482464,20.873906],[-156.482394,20.874031],[-156.482302,20.874154],[-156.482239,20.874212],[-156.482007,20.873969],[-156.482144,20.873806],[-156.481875,20.873606],[-156.482097,20.87334],[-156.482314,20.873558],[-156.482565,20.873749]]]},"properties":{}},{"type":"Feature","geometry":{"type":"Polygon","coordinates":[[[-156.674174,20.870408],[-156.674077,20.870203],[-156.673954,20.870256],[-156.6735,20.869326],[-156.674114,20.869032],[-156.674568,20.868813],[-156.67473,20.868738],[-156.675134,20.868563],[-156.675208,20.868711],[-156.675369,20.868643],[-156.67555,20.868993],[-156.675733,20.86935],[-156.675919,20.869721],[-156.674208,20.870483],[-156.674174,20.870408]]]},"properties":{}},{"type":"Feature","geometry":{"type":"Polygon","coordinates":[[[-156.317463,20.852541],[-156.317282,20.852311],[-156.316803,20.851764],[-156.316287,20.851166],[-156.315613,20.850375],[-156.315588,20.85035],[-156.315957,20.850157],[-156.316337,20.84989],[-156.316419,20.849828],[-156.31682,20.850308],[-156.317161,20.850715],[-156.318042,20.850185],[-156.318314,20.85049],[-156.318621,20.850831],[-156.318929,20.851174],[-156.319383,20.85175],[-156.317463,20.852541]]]},"properties":{}},{"type":"Feature","geometry":{"type":"Polygon","coordinates":[[[-156.502933,20.853132],[-156.502698,20.85311],[-156.502675,20.852817],[-156.502663,20.852609],[-156.502657,20.852446],[-156.502915,20.852441],[-156.503049,20.852456],[-156.50305,20.852578],[-156.503067,20.85261],[-156.503173,20.852616],[-156.503184,20.852842],[-156.503243,20.853019],[-156.503337,20.853165],[-156.503178,20.853158],[-156.502933,20.853132]]]},"properties":{}},{"type":"Feature","geometry":{"type":"Polygon","coordinates":[[[-156.446251,20.715042],[-156.446468,20.715066],[-156.446417,20.715126],[-156.446371,20.715222],[-156.44639,20.715399],[-156.446495,20.715788],[-156.446535,20.715956],[-156.446566,20.716112],[-156.446637,20.716362],[-156.446767,20.716878],[-156.446801,20.717052],[-156.446845,20.717213],[-156.446856,20.717236],[-156.446447,20.717318],[-156.446301,20.716636],[-156.445954,20.715015],[-156.446251,20.715042]]]},"properties":{}},{"type":"Feature","geometry":{"type":"Polygon","coordinates":[[[-156.445775,20.714173],[-156.445447,20.712631],[-156.445236,20.71167],[-156.445514,20.711618],[-156.44639,20.711457],[-156.44639,20.711475],[-156.446443,20.711837],[-156.446461,20.712079],[-156.446472,20.712449],[-156.446543,20.712674],[-156.446601,20.713054],[-156.44659,20.713345],[-156.446613,20.713648],[-156.446666,20.713852],[-156.446695,20.713954],[-156.446794,20.713996],[-156.445775,20.714173]]]},"properties":{}},{"type":"Feature","geometry":{"type":"Polygon","coordinates":[[[-156.354152,20.706811],[-156.353604,20.706734],[-156.353144,20.706815],[-156.353031,20.706667],[-156.352859,20.706495],[-156.352723,20.706382],[-156.352681,20.706355],[-156.35363,20.705263],[-156.353786,20.70509],[-156.354515,20.705313],[-156.354686,20.705474],[-156.354908,20.705924],[-156.354776,20.70605],[-156.354539,20.706306],[-156.354291,20.706625],[-156.354152,20.706811]]]},"properties":{}},{"type":"Feature","geometry":{"type":"Polygon","coordinates":[[[-156.623265,20.839994],[-156.623037,20.840144],[-156.622949,20.840179],[-156.62285,20.840196],[-156.622615,20.840188],[-156.622417,20.840199],[-156.622287,20.840251],[-156.622082,20.840456],[-156.621989,20.84054],[-156.621726,20.84069],[-156.621216,20.841026],[-156.620853,20.841197],[-156.620683,20.841245],[-156.620391,20.841281],[-156.620256,20.84132],[-156.619934,20.841487],[-156.619776,20.841611],[-156.619641,20.841749],[-156.619524,20.84191],[-156.61943,20.842081],[-156.619307,20.842268],[-156.619096,20.842595],[-156.618997,20.842797],[-156.618762,20.843164],[-156.618645,20.843383],[-156.618522,20.84358],[-156.61837,20.843781],[-156.618148,20.843968],[-156.617878,20.844104],[-156.617228,20.844344],[-156.616725,20.844513],[-156.61628,20.844705],[-156.616133,20.84478],[-156.615952,20.844868],[-156.615694,20.844972],[-156.6156,20.845016],[-156.615477,20.845109],[-156.615354,20.845166],[-156.615243,20.845174],[-156.615032,20.845157],[-156.614904,20.845169],[-156.614845,20.845222],[-156.614687,20.845423],[-156.614558,20.845543],[-156.614417,20.845654],[-156.614171,20.845791],[-156.613656,20.846005],[-156.61317,20.846247],[-156.612848,20.846378],[-156.61259,20.846518],[-156.612298,20.846708],[-156.612034,20.846894],[-156.611812,20.847063],[-156.61166,20.847192],[-156.611513,20.847375],[-156.611402,20.847495],[-156.611214,20.847759],[-156.610915,20.848111],[-156.610622,20.848487],[-156.610417,20.848764],[-156.610254,20.848933],[-156.610054,20.849169],[-156.609938,20.849321],[-156.609657,20.849552],[-156.60927,20.849782],[-156.609053,20.849864],[-156.608842,20.849888],[-156.608626,20.849899],[-156.608369,20.849923],[-156.608204,20.849916],[-156.608052,20.849914],[-156.607683,20.849972],[-156.607449,20.849973],[-156.607009,20.849994],[-156.606828,20.85],[-156.606588,20.849997],[-156.606407,20.849999],[-156.606219,20.849983],[-156.605973,20.849997],[-156.605564,20.850069],[-156.605283,20.850146],[-156.605189,20.850163],[-156.605013,20.850219],[-156.604726,20.850319],[-156.604428,20.850445],[-156.604088,20.850594],[-156.603912,20.850668],[-156.60369,20.850715],[-156.603397,20.850779],[-156.603133,20.85087],[-156.602963,20.850881],[-156.602547,20.850925],[-156.60219,20.850947],[-156.601933,20.850961],[-156.601517,20.85096],[-156.601125,20.851018],[-156.60092,20.851056],[-156.600563,20.851191],[-156.60054,20.851204],[-156.600439,20.851243],[-156.600293,20.851304],[-156.600171,20.851379],[-156.600041,20.851436],[-156.59986,20.851497],[-156.599485,20.851555],[-156.59914,20.851586],[-156.598601,20.851696],[-156.598497,20.851721],[-156.598254,20.851393],[-156.597853,20.8508],[-156.597501,20.850267],[-156.596992,20.849461],[-156.597069,20.849245],[-156.597305,20.849009],[-156.597578,20.848842],[-156.597897,20.848629],[-156.598128,20.848308],[-156.598207,20.848101],[-156.598422,20.847833],[-156.598672,20.847656],[-156.598926,20.847429],[-156.599057,20.847246],[-156.599151,20.846995],[-156.59927,20.846757],[-156.599339,20.846343],[-156.599569,20.846111],[-156.599681,20.845864],[-156.599776,20.845518],[-156.599728,20.845097],[-156.599805,20.844733],[-156.600074,20.844348],[-156.600153,20.844015],[-156.600308,20.843801],[-156.600608,20.843191],[-156.600923,20.842924],[-156.601216,20.842536],[-156.60148,20.842282],[-156.601598,20.84204],[-156.601826,20.841646],[-156.602018,20.841215],[-156.602133,20.840928],[-156.60217,20.840585],[-156.602259,20.840329],[-156.602307,20.840095],[-156.602479,20.839772],[-156.602699,20.839455],[-156.602849,20.839145],[-156.603018,20.838606],[-156.603188,20.838098],[-156.603358,20.837712],[-156.603524,20.837222],[-156.603733,20.836932],[-156.604043,20.836534],[-156.604256,20.836081],[-156.604561,20.835819],[-156.604878,20.83548],[-156.605322,20.835184],[-156.605742,20.83477],[-156.606129,20.834509],[-156.606431,20.834197],[-156.606681,20.833921],[-156.606933,20.833653],[-156.607232,20.8334],[-156.607513,20.833147],[-156.607713,20.83291],[-156.607913,20.832692],[-156.608091,20.83246],[-156.608218,20.832168],[-156.608309,20.831853],[-156.608501,20.831571],[-156.608696,20.831339],[-156.608883,20.831062],[-156.609011,20.83082],[-156.609179,20.83066],[-156.609419,20.830492],[-156.609687,20.830364],[-156.609844,20.830222],[-156.61004,20.830008],[-156.610271,20.829677],[-156.610452,20.829391],[-156.610618,20.829068],[-156.610657,20.828875],[-156.610716,20.828636],[-156.611618,20.82682],[-156.612507,20.827338],[-156.61304,20.827662],[-156.614228,20.828369],[-156.614808,20.828698],[-156.616019,20.829405],[-156.616523,20.829701],[-156.617283,20.830136],[-156.619069,20.831222],[-156.620538,20.832114],[-156.621182,20.833951],[-156.623265,20.839994]]]},"properties":{}},{"type":"Feature","geometry":{"type":"Polygon","coordinates":[[[-156.139644,20.83911],[-156.139904,20.839047],[-156.140103,20.839668],[-156.14022,20.840047],[-156.140261,20.840174],[-156.140349,20.840433],[-156.14046,20.840791],[-156.140471,20.840834],[-156.14046,20.84085],[-156.140296,20.840879],[-156.140201,20.840893],[-156.140136,20.840587],[-156.140072,20.840275],[-156.140019,20.840048],[-156.139879,20.839696],[-156.139697,20.839267],[-156.139654,20.839146],[-156.139644,20.83911]]]},"properties":{}},{"type":"Feature","geometry":{"type":"Polygon","coordinates":[[[-156.34353,20.841089],[-156.3433,20.840909],[-156.342843,20.840557],[-156.342615,20.840377],[-156.342087,20.839958],[-156.341742,20.839691],[-156.341537,20.839534],[-156.341518,20.839505],[-156.341507,20.839439],[-156.341525,20.839392],[-156.341596,20.839332],[-156.341688,20.839261],[-156.342201,20.838832],[-156.342968,20.838223],[-156.343395,20.837852],[-156.343491,20.83775],[-156.343742,20.837555],[-156.343891,20.837413],[-156.343927,20.837396],[-156.343985,20.83741],[-156.344239,20.83762],[-156.345123,20.838328],[-156.345955,20.839003],[-156.34375,20.841257],[-156.34353,20.841089]]]},"properties":{}},{"type":"Feature","geometry":{"type":"Polygon","coordinates":[[[-156.106923,20.736594],[-156.110536,20.736614],[-156.114554,20.736636],[-156.115104,20.736637],[-156.118573,20.736654],[-156.12259,20.736676],[-156.126614,20.736694],[-156.130521,20.736719],[-156.134428,20.736739],[-156.138335,20.736759],[-156.142242,20.736778],[-156.142464,20.736787],[-156.145726,20.776257],[-156.129622,20.800551],[-156.129531,20.800545],[-156.129391,20.800484],[-156.128975,20.800391],[-156.128671,20.800179],[-156.128711,20.799999],[-156.128683,20.799773],[-156.128461,20.799787],[-156.128291,20.799901],[-156.128115,20.800007],[-156.127897,20.80008],[-156.127746,20.799829],[-156.127418,20.799991],[-156.127008,20.79983],[-156.127015,20.799329],[-156.126775,20.799357],[-156.126552,20.799597],[-156.126054,20.799647],[-156.125567,20.799422],[-156.125257,20.79976],[-156.124969,20.799819],[-156.12476,20.799499],[-156.12469,20.799308],[-156.124808,20.798922],[-156.12452,20.798823],[-156.124246,20.798601],[-156.12379,20.798445],[-156.123503,20.798183],[-156.123415,20.797951],[-156.12331,20.797665],[-156.122976,20.797813],[-156.122543,20.797819],[-156.12225,20.797607],[-156.12194,20.797692],[-156.121489,20.797639],[-156.12122,20.797707],[-156.12088,20.797552],[-156.120869,20.797028],[-156.120724,20.79699],[-156.120431,20.797138],[-156.119259,20.797272],[-156.118761,20.796979],[-156.118558,20.796434],[-156.118505,20.796122],[-156.11796,20.796356],[-156.117586,20.796242],[-156.117451,20.795928],[-156.117076,20.795972],[-156.116849,20.795882],[-156.116755,20.795763],[-156.116685,20.7955],[-156.116041,20.79544],[-156.115935,20.795325],[-156.116006,20.795123],[-156.116112,20.794777],[-156.11548,20.794848],[-156.115245,20.794749],[-156.114642,20.795141],[-156.114466,20.794822],[-156.114104,20.794784],[-156.113841,20.794595],[-156.113741,20.794394],[-156.113671,20.79424],[-156.113472,20.794241],[-156.113087,20.793878],[-156.113046,20.793611],[-156.112724,20.793596],[-156.112479,20.793543],[-156.112091,20.793455],[-156.111741,20.793341],[-156.11136,20.793113],[-156.111191,20.792925],[-156.111092,20.792716],[-156.11111,20.792342],[-156.110764,20.792386],[-156.110454,20.792182],[-156.110167,20.792254],[-156.109892,20.79215],[-156.10967,20.791875],[-156.109336,20.792158],[-156.109019,20.79223],[-156.108727,20.792139],[-156.108504,20.791982],[-156.1083,20.791929],[-156.108077,20.791726],[-156.108049,20.791527],[-156.107832,20.791289],[-156.107721,20.790998],[-156.107365,20.791015],[-156.106662,20.790809],[-156.106481,20.790535],[-156.106123,20.790682],[-156.105404,20.790354],[-156.105047,20.789838],[-156.104837,20.789853],[-156.104462,20.789756],[-156.104393,20.789313],[-156.103971,20.789522],[-156.103737,20.789523],[-156.103514,20.789339],[-156.10342,20.789459],[-156.103216,20.789627],[-156.102911,20.789635],[-156.102852,20.789752],[-156.102747,20.789849],[-156.102472,20.789696],[-156.102237,20.789728],[-156.102074,20.789603],[-156.101922,20.789325],[-156.101851,20.789058],[-156.101647,20.789266],[-156.101441,20.789583],[-156.101172,20.789786],[-156.100621,20.789533],[-156.100534,20.789103],[-156.100288,20.789099],[-156.10002,20.788909],[-156.099657,20.789003],[-156.099188,20.788837],[-156.098633,20.78801],[-156.098218,20.788143],[-156.097679,20.787976],[-156.097364,20.787632],[-156.097258,20.787297],[-156.097137,20.786753],[-156.096902,20.786605],[-156.096785,20.786436],[-156.096728,20.786195],[-156.0964,20.786],[-156.096057,20.785011],[-156.095823,20.784767],[-156.095555,20.784158],[-156.094911,20.783962],[-156.094836,20.783609],[-156.094513,20.783779],[-156.094004,20.783486],[-156.093882,20.78329],[-156.093635,20.783449],[-156.093196,20.783333],[-156.092857,20.783232],[-156.092694,20.78299],[-156.092447,20.783189],[-156.091809,20.783215],[-156.091504,20.783146],[-156.091387,20.783],[-156.091306,20.782804],[-156.091077,20.782949],[-156.090843,20.782909],[-156.090586,20.782806],[-156.090363,20.782712],[-156.090111,20.78277],[-156.089895,20.782704],[-156.08972,20.782588],[-156.089498,20.782227],[-156.089241,20.781903],[-156.089105,20.782311],[-156.088988,20.782399],[-156.088607,20.782384],[-156.088385,20.782141],[-156.088209,20.782377],[-156.087805,20.782474],[-156.087635,20.782458],[-156.087559,20.782709],[-156.087137,20.782765],[-156.086704,20.782658],[-156.086464,20.782456],[-156.086348,20.782084],[-156.086032,20.782042],[-156.085687,20.78172],[-156.085078,20.781516],[-156.085032,20.781344],[-156.106213,20.738044],[-156.106923,20.736594]]]},"properties":{}},{"type":"Feature","geometry":{"type":"Polygon","coordinates":[[[-156.057056,20.675464],[-156.054977,20.670812],[-156.053859,20.669651],[-156.055944,20.669213],[-156.057708,20.672352],[-156.057831,20.673708],[-156.057056,20.675464]]]},"properties":{}},{"type":"Feature","geometry":{"type":"Polygon","coordinates":[[[-156.00342,20.788528],[-156.003402,20.788442],[-156.003373,20.788397],[-156.003372,20.78836],[-156.003355,20.788315],[-156.003273,20.788214],[-156.003162,20.788118],[-156.003074,20.788107],[-156.003004,20.78816],[-156.002999,20.788219],[-156.002975,20.788232],[-156.00291,20.788185],[-156.00287,20.788103],[-156.002864,20.788004],[-156.002881,20.787968],[-156.002893,20.787856],[-156.002759,20.787831],[-156.002747,20.787754],[-156.002706,20.787685],[-156.0026,20.787602],[-156.002478,20.787555],[-156.00239,20.787554],[-156.002332,20.787661],[-156.002179,20.78787],[-156.002057,20.787963],[-156.00194,20.787997],[-156.001793,20.787967],[-156.001687,20.787965],[-156.001583,20.788031],[-156.001343,20.788343],[-156.001267,20.788373],[-156.001219,20.788332],[-156.001208,20.788246],[-156.001238,20.788138],[-156.001285,20.788076],[-156.00139,20.788032],[-156.00143,20.787979],[-156.001466,20.787867],[-156.001419,20.787834],[-156.001325,20.787851],[-156.00122,20.787885],[-156.001173,20.787866],[-156.000922,20.787866],[-156.000881,20.787852],[-156.000846,20.787797],[-156.000833,20.787716],[-156.000863,20.78768],[-156.000939,20.787659],[-156.000939,20.787573],[-156.001057,20.787453],[-156.001062,20.787359],[-156.001016,20.78729],[-156.000787,20.787282],[-156.00074,20.787254],[-156.000717,20.787217],[-156.000741,20.787191],[-156.000746,20.787137],[-156.0007,20.787055],[-156.000729,20.786965],[-156.00091,20.786801],[-156.000921,20.78672],[-156.000852,20.786516],[-156.000729,20.786455],[-156.000583,20.786308],[-156.000384,20.786124],[-156.00036,20.786087],[-156.000355,20.786015],[-156.000326,20.785969],[-156.000279,20.78596],[-156.00018,20.786012],[-156.00001,20.786041],[-155.999881,20.786056],[-155.999775,20.78614],[-155.999652,20.786156],[-155.999606,20.786124],[-155.999623,20.78607],[-155.999623,20.785948],[-155.999583,20.785929],[-155.999518,20.785928],[-155.999419,20.786003],[-155.999337,20.786029],[-155.999324,20.785997],[-155.999355,20.78593],[-155.999367,20.785804],[-155.999307,20.785762],[-155.999208,20.785751],[-155.999179,20.785764],[-155.999126,20.785849],[-155.999085,20.78597],[-155.998986,20.785987],[-155.998834,20.785948],[-155.998711,20.785941],[-155.99864,20.785958],[-155.998641,20.785854],[-155.998594,20.785804],[-155.998517,20.785735],[-155.998518,20.785563],[-155.99853,20.785464],[-155.998506,20.785441],[-155.998395,20.785444],[-155.998319,20.785497],[-155.998319,20.785623],[-155.998219,20.785635],[-155.998202,20.785652],[-155.998208,20.785869],[-155.998178,20.78595],[-155.998114,20.785971],[-155.998073,20.78593],[-155.998026,20.785523],[-155.997997,20.785437],[-155.997951,20.785386],[-155.997646,20.785309],[-155.99747,20.785297],[-155.997394,20.785372],[-155.997348,20.785461],[-155.997307,20.785659],[-155.997278,20.785704],[-155.997266,20.785762],[-155.997231,20.785793],[-155.997143,20.785792],[-155.997056,20.78575],[-155.997038,20.785691],[-155.997189,20.785612],[-155.99719,20.785454],[-155.997126,20.785372],[-155.997049,20.785352],[-155.99702,20.785379],[-155.996967,20.785563],[-155.996903,20.785634],[-155.996799,20.785659],[-155.996786,20.785623],[-155.996827,20.785561],[-155.99674,20.785478],[-155.99674,20.785424],[-155.996833,20.785353],[-155.996845,20.785263],[-155.996828,20.785227],[-155.996698,20.785139],[-155.99671,20.785035],[-155.996676,20.784958],[-155.99667,20.784885],[-155.996886,20.784763],[-155.996938,20.784669],[-155.996951,20.784565],[-155.996921,20.784502],[-155.99681,20.784414],[-155.99681,20.784342],[-155.996769,20.784219],[-155.996664,20.784096],[-155.996565,20.784017],[-155.996511,20.783863],[-155.996406,20.783789],[-155.99629,20.783778],[-155.996231,20.783822],[-155.996214,20.783934],[-155.99616,20.78396],[-155.996097,20.783896],[-155.995974,20.783867],[-155.995922,20.783839],[-155.995875,20.783725],[-155.995757,20.783606],[-155.995483,20.783398],[-155.995336,20.783319],[-155.995248,20.783236],[-155.995249,20.782992],[-155.995202,20.782928],[-155.995084,20.782867],[-155.99495,20.782865],[-155.994898,20.7829],[-155.994827,20.782994],[-155.994781,20.783178],[-155.99471,20.783208],[-155.994693,20.78319],[-155.994681,20.783108],[-155.994704,20.783055],[-155.994711,20.782956],[-155.994733,20.782897],[-155.994733,20.782658],[-155.994704,20.782617],[-155.99457,20.782547],[-155.994336,20.782529],[-155.994301,20.782511],[-155.994254,20.78246],[-155.994172,20.782233],[-155.994125,20.782169],[-155.994061,20.78215],[-155.994031,20.782176],[-155.994009,20.782275],[-155.993821,20.782304],[-155.993675,20.782382],[-155.993552,20.782506],[-155.9935,20.7826],[-155.993441,20.782685],[-155.993377,20.782702],[-155.993318,20.782642],[-155.993318,20.782593],[-155.993335,20.782557],[-155.993377,20.782377],[-155.993359,20.782304],[-155.993289,20.782249],[-155.993095,20.78225],[-155.993019,20.78215],[-155.993014,20.782095],[-155.993154,20.782017],[-155.993154,20.781958],[-155.993002,20.781915],[-155.992973,20.781873],[-155.992955,20.78176],[-155.992909,20.78166],[-155.992797,20.781545],[-155.99278,20.78141],[-155.992721,20.78121],[-155.992692,20.78116],[-155.992646,20.781033],[-155.992553,20.780873],[-155.9923,20.780539],[-155.992108,20.780355],[-155.991985,20.780268],[-155.991909,20.78019],[-155.991857,20.780107],[-155.991781,20.779768],[-155.991734,20.77964],[-155.9916,20.779512],[-155.991558,20.779362],[-155.991406,20.779125],[-155.991061,20.778785],[-155.990997,20.778738],[-155.990734,20.778594],[-155.990657,20.778516],[-155.990505,20.778436],[-155.990341,20.778294],[-155.990301,20.778198],[-155.990166,20.778101],[-155.989868,20.777974],[-155.989681,20.777885],[-155.989581,20.777793],[-155.98943,20.777673],[-155.989354,20.777631],[-155.989237,20.777606],[-155.989114,20.777595],[-155.989014,20.777634],[-155.989009,20.777507],[-155.988939,20.777466],[-155.988868,20.777464],[-155.988775,20.77749],[-155.988774,20.777413],[-155.988787,20.777269],[-155.988757,20.777183],[-155.992073,20.77864],[-155.993904,20.779453],[-155.994664,20.779782],[-155.994939,20.779904],[-155.995009,20.780262],[-155.995056,20.780583],[-155.995255,20.781449],[-155.995506,20.781787],[-155.995693,20.782043],[-155.996266,20.782789],[-155.996957,20.782679],[-155.998477,20.782426],[-155.998887,20.78237],[-156.000343,20.78333],[-156.001262,20.783946],[-156.000659,20.784942],[-156.000648,20.784964],[-156.001197,20.785375],[-156.002466,20.786278],[-156.002858,20.78623],[-156.002905,20.78629],[-156.003373,20.786767],[-156.003461,20.786846],[-156.005069,20.787799],[-156.005964,20.788347],[-156.005543,20.789039],[-156.005068,20.78978],[-156.00342,20.788528]]]},"properties":{}},{"type":"Feature","geometry":{"type":"Polygon","coordinates":[[[-156.461915,20.779814],[-156.461624,20.779823],[-156.461606,20.779796],[-156.461448,20.779572],[-156.461378,20.779463],[-156.46119,20.779135],[-156.461044,20.778821],[-156.461021,20.778758],[-156.460933,20.778576],[-156.460822,20.778285],[-156.460717,20.777873],[-156.460665,20.777529],[-156.460612,20.777041],[-156.460524,20.776172],[-156.460466,20.775684],[-156.460442,20.775463],[-156.460396,20.775159],[-156.460338,20.774703],[-156.460279,20.774322],[-156.460175,20.773883],[-156.46014,20.773679],[-156.459988,20.773068],[-156.459794,20.772379],[-156.459666,20.771943],[-156.459561,20.771567],[-156.459502,20.771345],[-156.459427,20.771023],[-156.459339,20.770742],[-156.459292,20.770556],[-156.459111,20.769885],[-156.459064,20.769682],[-156.458988,20.769333],[-156.458936,20.769043],[-156.458878,20.76878],[-156.458837,20.768617],[-156.458814,20.768459],[-156.459229,20.768289],[-156.459235,20.768537],[-156.459328,20.769072],[-156.459392,20.769682],[-156.459439,20.769755],[-156.459503,20.770018],[-156.459708,20.770395],[-156.459796,20.770704],[-156.459854,20.77117],[-156.459948,20.771532],[-156.460018,20.771718],[-156.460152,20.772023],[-156.460287,20.7723],[-156.460409,20.772505],[-156.46045,20.772582],[-156.46052,20.772782],[-156.460585,20.773131],[-156.460655,20.773457],[-156.460725,20.773643],[-156.460759,20.773955],[-156.460783,20.774352],[-156.460783,20.774718],[-156.460818,20.774899],[-156.460841,20.775369],[-156.460871,20.775622],[-156.460998,20.776094],[-156.461034,20.776406],[-156.461116,20.776818],[-156.461127,20.776944],[-156.461104,20.777404],[-156.46115,20.777839],[-156.46119,20.778241],[-156.461308,20.778536],[-156.461448,20.778904],[-156.461571,20.77919],[-156.461746,20.779554],[-156.461915,20.779814]]]},"properties":{}},{"type":"Feature","geometry":{"type":"Polygon","coordinates":[[[-156.142464,20.736787],[-156.142242,20.736778],[-156.138335,20.736759],[-156.134428,20.736739],[-156.130521,20.736719],[-156.126614,20.736694],[-156.12259,20.736676],[-156.118573,20.736654],[-156.115104,20.736637],[-156.114554,20.736636],[-156.110536,20.736614],[-156.106923,20.736594],[-156.106518,20.736596],[-156.103021,20.736573],[-156.099021,20.734204],[-156.095027,20.73183],[-156.091028,20.729456],[-156.088665,20.728071],[-156.08821,20.727734],[-156.087707,20.727301],[-156.087438,20.727008],[-156.087333,20.726866],[-156.087315,20.726672],[-156.08728,20.726432],[-156.087199,20.726237],[-156.087199,20.725853],[-156.087252,20.725529],[-156.087369,20.725292],[-156.087457,20.724919],[-156.087538,20.7246],[-156.087539,20.724257],[-156.087503,20.723999],[-156.087509,20.723665],[-156.087556,20.723422],[-156.087697,20.723244],[-156.087831,20.72302],[-156.087901,20.722927],[-156.087937,20.72281],[-156.087919,20.722602],[-156.087645,20.721911],[-156.087575,20.721748],[-156.08737,20.721654],[-156.087166,20.721497],[-156.086925,20.721412],[-156.086633,20.72133],[-156.086428,20.721245],[-156.086259,20.721071],[-156.086241,20.720926],[-156.086037,20.72072],[-156.085797,20.720368],[-156.085488,20.719993],[-156.085336,20.719805],[-156.085183,20.719622],[-156.084974,20.719415],[-156.08474,20.719105],[-156.084208,20.718211],[-156.083845,20.717726],[-156.083711,20.717359],[-156.083488,20.716998],[-156.083197,20.716488],[-156.083062,20.71621],[-156.082922,20.715937],[-156.082875,20.71576],[-156.082823,20.715601],[-156.082858,20.715521],[-156.082905,20.715427],[-156.082875,20.715201],[-156.082823,20.714974],[-156.082718,20.714765],[-156.082531,20.714459],[-156.082361,20.714172],[-156.082157,20.713862],[-156.081952,20.713691],[-156.081636,20.713212],[-156.081485,20.712965],[-156.081328,20.712733],[-156.081081,20.712372],[-156.080836,20.712047],[-156.080539,20.711753],[-156.080499,20.711744],[-156.080405,20.711638],[-156.080294,20.711487],[-156.080148,20.711323],[-156.08006,20.711244],[-156.079938,20.711229],[-156.079557,20.711173],[-156.079224,20.711158],[-156.079153,20.711175],[-156.07851,20.711195],[-156.078223,20.711191],[-156.077891,20.711104],[-156.077107,20.710987],[-156.076715,20.710917],[-156.07654,20.710932],[-156.076359,20.710942],[-156.076112,20.710911],[-156.075833,20.710857],[-156.075113,20.710695],[-156.074879,20.710606],[-156.074668,20.710485],[-156.074492,20.710401],[-156.074131,20.710358],[-156.073821,20.710344],[-156.07344,20.710369],[-156.072978,20.71051],[-156.072798,20.710652],[-156.072605,20.710829],[-156.072347,20.710928],[-156.072108,20.710933],[-156.071798,20.710896],[-156.071417,20.710791],[-156.071043,20.710685],[-156.070762,20.710603],[-156.070464,20.710476],[-156.070248,20.71031],[-156.070131,20.710191],[-156.069633,20.709844],[-156.068563,20.709045],[-156.068294,20.708792],[-156.068037,20.70854],[-156.067873,20.708257],[-156.067827,20.707868],[-156.06782,20.70785],[-156.066925,20.706345],[-156.066188,20.705159],[-156.065444,20.703969],[-156.065011,20.703226],[-156.063788,20.701241],[-156.063549,20.70084],[-156.062379,20.698925],[-156.061923,20.698177],[-156.06187,20.698086],[-156.061273,20.697087],[-156.060987,20.696626],[-156.060572,20.69596],[-156.060338,20.695559],[-156.059835,20.694743],[-156.059543,20.69425],[-156.058618,20.692741],[-156.05787,20.691523],[-156.057408,20.690757],[-156.057133,20.690287],[-156.056285,20.688887],[-156.055812,20.688116],[-156.054735,20.686365],[-156.054425,20.68584],[-156.053478,20.684231],[-156.053239,20.683848],[-156.0528,20.683109],[-156.05249,20.682603],[-156.052273,20.682234],[-156.051952,20.681718],[-156.058068,20.678668],[-156.053734,20.670317],[-156.052328,20.670627],[-156.052609,20.669711],[-156.05204,20.668067],[-156.051463,20.66752],[-156.050331,20.667943],[-156.052188,20.670674],[-156.050914,20.671185],[-156.05085,20.670692],[-156.050844,20.669419],[-156.049146,20.66698],[-156.04931,20.666924],[-156.048976,20.666115],[-156.048539,20.666049],[-156.048484,20.665836],[-156.047713,20.665836],[-156.046497,20.665499],[-156.045354,20.665344],[-156.044435,20.665135],[-156.044875,20.664912],[-156.043827,20.664677],[-156.04363,20.665012],[-156.043932,20.665144],[-156.043586,20.665666],[-156.042984,20.66534],[-156.042113,20.664937],[-156.041714,20.665052],[-156.041132,20.664076],[-156.041217,20.663757],[-156.041343,20.66347],[-156.041345,20.663272],[-156.041279,20.662995],[-156.041288,20.662779],[-156.04122,20.662566],[-156.041158,20.662438],[-156.041026,20.66226],[-156.040945,20.662164],[-156.041034,20.662066],[-156.041315,20.661981],[-156.04155,20.661917],[-156.041737,20.661839],[-156.041822,20.661678],[-156.041813,20.661416],[-156.041786,20.661235],[-156.041812,20.661032],[-156.042082,20.660956],[-156.042351,20.66092],[-156.042563,20.660743],[-156.042589,20.66059],[-156.042596,20.660473],[-156.042615,20.660337],[-156.042815,20.660242],[-156.042887,20.660049],[-156.042913,20.659878],[-156.043068,20.659592],[-156.043265,20.659356],[-156.043383,20.659222],[-156.043768,20.659274],[-156.044212,20.65925],[-156.044423,20.65915],[-156.046215,20.660593],[-156.045828,20.661561],[-156.045177,20.662322],[-156.044764,20.663096],[-156.044705,20.663614],[-156.044857,20.664022],[-156.045315,20.664224],[-156.046027,20.664322],[-156.046842,20.664494],[-156.047599,20.664683],[-156.048037,20.664668],[-156.048105,20.664832],[-156.050961,20.664777],[-156.051059,20.665252],[-156.051617,20.666453],[-156.051763,20.66646],[-156.052131,20.667374],[-156.05238,20.667974],[-156.05258,20.668293],[-156.053288,20.668612],[-156.053577,20.668919],[-156.053699,20.668962],[-156.053928,20.669327],[-156.054415,20.669092],[-156.052153,20.666088],[-156.052598,20.665567],[-156.053281,20.666017],[-156.053738,20.666332],[-156.054536,20.667022],[-156.055171,20.666586],[-156.055364,20.666599],[-156.05584,20.666747],[-156.056465,20.666383],[-156.056022,20.667648],[-156.056131,20.667853],[-156.056822,20.668086],[-156.057232,20.668508],[-156.057882,20.668812],[-156.058211,20.669075],[-156.058477,20.66931],[-156.058872,20.669439],[-156.059209,20.66958],[-156.05947,20.66972],[-156.059768,20.670162],[-156.05996,20.670721],[-156.060158,20.671198],[-156.060436,20.671361],[-156.060972,20.671433],[-156.061407,20.671233],[-156.061733,20.67127],[-156.062148,20.67171],[-156.062457,20.672311],[-156.062731,20.672704],[-156.062992,20.672839],[-156.063352,20.672575],[-156.063792,20.672361],[-156.06409,20.671915],[-156.064287,20.671119],[-156.064487,20.670085],[-156.064554,20.669558],[-156.064595,20.669599],[-156.066197,20.671197],[-156.066735,20.67173],[-156.067325,20.672322],[-156.067782,20.672768],[-156.069032,20.674007],[-156.070132,20.675109],[-156.070992,20.675959],[-156.071507,20.67645],[-156.072974,20.675925],[-156.074109,20.675556],[-156.07453,20.675405],[-156.080058,20.673919],[-156.080111,20.673988],[-156.080334,20.674258],[-156.080545,20.674482],[-156.080678,20.674638],[-156.08083,20.674835],[-156.080923,20.675021],[-156.081081,20.675317],[-156.081245,20.675586],[-156.081479,20.675933],[-156.081683,20.676163],[-156.081771,20.676399],[-156.081986,20.676682],[-156.082116,20.677],[-156.082367,20.677284],[-156.082542,20.677608],[-156.082659,20.677935],[-156.082992,20.678329],[-156.08319,20.678612],[-156.083377,20.678949],[-156.083663,20.679202],[-156.083932,20.679378],[-156.08416,20.679549],[-156.084429,20.679811],[-156.084668,20.68009],[-156.08489,20.680306],[-156.08527,20.68075],[-156.085785,20.681251],[-156.086159,20.68151],[-156.08658,20.681819],[-156.086778,20.681967],[-156.087304,20.682445],[-156.08766,20.682758],[-156.087911,20.68297],[-156.088373,20.683267],[-156.088578,20.683559],[-156.08887,20.684015],[-156.088941,20.684148],[-156.089191,20.684517],[-156.091261,20.685053],[-156.092051,20.685283],[-156.092342,20.685988],[-156.092541,20.686424],[-156.093055,20.687638],[-156.093388,20.688402],[-156.093527,20.688716],[-156.093726,20.688855],[-156.094071,20.688942],[-156.094347,20.689018],[-156.094616,20.689181],[-156.094855,20.689375],[-156.095247,20.689485],[-156.09555,20.689607],[-156.096235,20.689921],[-156.097193,20.69043],[-156.097357,20.690554],[-156.097608,20.690789],[-156.097789,20.691099],[-156.097942,20.691408],[-156.098251,20.691797],[-156.098474,20.692058],[-156.098772,20.692275],[-156.099297,20.692564],[-156.099952,20.6928],[-156.100297,20.692878],[-156.100647,20.693024],[-156.100841,20.69319],[-156.101203,20.693539],[-156.101431,20.693737],[-156.101694,20.693904],[-156.101963,20.694121],[-156.102144,20.694403],[-156.102319,20.694573],[-156.102489,20.694752],[-156.10271,20.694882],[-156.102881,20.694998],[-156.103015,20.695113],[-156.103214,20.695265],[-156.1034,20.695427],[-156.103611,20.69562],[-156.103781,20.695799],[-156.103938,20.695959],[-156.10412,20.696111],[-156.104271,20.696227],[-156.104476,20.696388],[-156.104617,20.69653],[-156.104675,20.696671],[-156.104692,20.696798],[-156.104721,20.696911],[-156.10478,20.697016],[-156.104961,20.697236],[-156.104997,20.697304],[-156.105043,20.697368],[-156.105107,20.697477],[-156.105125,20.697545],[-156.105235,20.697678],[-156.105458,20.697876],[-156.105826,20.698216],[-156.105967,20.698322],[-156.106095,20.698388],[-156.1062,20.698421],[-156.106347,20.69845],[-156.106469,20.69852],[-156.106639,20.698636],[-156.106814,20.69877],[-156.10699,20.698926],[-156.107159,20.699087],[-156.107351,20.699284],[-156.107814,20.699802],[-156.108054,20.700054],[-156.108182,20.700187],[-156.10827,20.700247],[-156.108364,20.700285],[-156.108492,20.700296],[-156.108696,20.700282],[-156.108948,20.700281],[-156.109118,20.700289],[-156.109276,20.700328],[-156.109463,20.700385],[-156.109626,20.700446],[-156.109989,20.700597],[-156.110129,20.700644],[-156.110316,20.700711],[-156.110544,20.700823],[-156.110708,20.700925],[-156.110924,20.701091],[-156.111005,20.701174],[-156.1111,20.701274],[-156.111169,20.701388],[-156.111257,20.701498],[-156.11138,20.701577],[-156.111596,20.701662],[-156.111859,20.701734],[-156.112029,20.701759],[-156.112228,20.701767],[-156.112357,20.701765],[-156.112491,20.70174],[-156.112672,20.701716],[-156.112818,20.701709],[-156.113058,20.701713],[-156.11317,20.701693],[-156.113099,20.70157],[-156.112977,20.701369],[-156.112765,20.701009],[-156.112438,20.700426],[-156.112141,20.699911],[-156.11179,20.6993],[-156.111533,20.69884],[-156.111246,20.698339],[-156.111007,20.697942],[-156.110832,20.697619],[-156.110686,20.697359],[-156.110487,20.697021],[-156.110289,20.696671],[-156.110112,20.696352],[-156.109873,20.695932],[-156.108635,20.693772],[-156.108442,20.693435],[-156.108202,20.693011],[-156.107939,20.692542],[-156.10784,20.692378],[-156.107699,20.692136],[-156.107331,20.691498],[-156.107477,20.691465],[-156.107799,20.691538],[-156.108197,20.691702],[-156.108343,20.6917],[-156.108384,20.691588],[-156.108436,20.691282],[-156.108548,20.691013],[-156.108735,20.690782],[-156.108939,20.690623],[-156.109232,20.690537],[-156.109501,20.690524],[-156.109729,20.690568],[-156.110009,20.69064],[-156.110185,20.690359],[-156.110355,20.690204],[-156.110553,20.690122],[-156.110869,20.690014],[-156.111138,20.689861],[-156.111302,20.689759],[-156.111488,20.689668],[-156.111775,20.689655],[-156.112097,20.689759],[-156.112267,20.68964],[-156.112541,20.689464],[-156.112845,20.689379],[-156.113197,20.689381],[-156.113442,20.689389],[-156.11357,20.689418],[-156.113816,20.689526],[-156.113992,20.689615],[-156.114102,20.689676],[-156.114377,20.689843],[-156.1146,20.68995],[-156.114932,20.689983],[-156.115161,20.690009],[-156.115248,20.690069],[-156.115383,20.690248],[-156.115581,20.690526],[-156.115856,20.690648],[-156.115979,20.69079],[-156.116043,20.690827],[-156.116131,20.69077],[-156.116336,20.690593],[-156.116494,20.690542],[-156.116727,20.690505],[-156.11692,20.690567],[-156.117037,20.690609],[-156.117253,20.690821],[-156.117563,20.690749],[-156.117704,20.690724],[-156.117827,20.69079],[-156.118049,20.690969],[-156.118183,20.691175],[-156.118277,20.691149],[-156.118575,20.690879],[-156.118751,20.690773],[-156.119037,20.690787],[-156.119265,20.690872],[-156.119371,20.690833],[-156.119453,20.690699],[-156.11964,20.690563],[-156.119926,20.690545],[-156.120078,20.69052],[-156.120505,20.690397],[-156.120809,20.690379],[-156.121031,20.690545],[-156.121089,20.690537],[-156.121405,20.69029],[-156.121557,20.690297],[-156.121709,20.690403],[-156.121855,20.690658],[-156.122013,20.690882],[-156.12206,20.690802],[-156.122065,20.690711],[-156.122142,20.690401],[-156.122271,20.690169],[-156.122441,20.690072],[-156.12268,20.690022],[-156.122955,20.69],[-156.123065,20.689943],[-156.123353,20.689591],[-156.123428,20.689534],[-156.123569,20.689455],[-156.123704,20.689358],[-156.124037,20.689314],[-156.124188,20.689357],[-156.124282,20.689435],[-156.124376,20.689495],[-156.12444,20.689483],[-156.124581,20.689268],[-156.124755,20.689163],[-156.124984,20.689054],[-156.125247,20.688982],[-156.125533,20.688869],[-156.125844,20.688789],[-156.126464,20.688673],[-156.126639,20.68868],[-156.126761,20.688718],[-156.126832,20.688615],[-156.126896,20.688373],[-156.126972,20.688306],[-156.127188,20.688147],[-156.127433,20.688052],[-156.127563,20.688054],[-156.127685,20.688102],[-156.127813,20.688131],[-156.127896,20.68806],[-156.127925,20.687912],[-156.128036,20.68771],[-156.128159,20.687681],[-156.128369,20.687662],[-156.128527,20.687687],[-156.128667,20.687784],[-156.128813,20.688071],[-156.128925,20.688262],[-156.128989,20.688326],[-156.129053,20.688255],[-156.129106,20.688103],[-156.129135,20.687896],[-156.129211,20.687784],[-156.129358,20.687678],[-156.129515,20.687654],[-156.129678,20.687652],[-156.12986,20.687637],[-156.129977,20.687512],[-156.130135,20.687452],[-156.130275,20.687432],[-156.130497,20.687417],[-156.130644,20.687366],[-156.130784,20.687381],[-156.13096,20.687425],[-156.131088,20.687373],[-156.131187,20.68732],[-156.131328,20.687273],[-156.13155,20.687236],[-156.131644,20.687188],[-156.131808,20.687087],[-156.131924,20.687075],[-156.132047,20.687073],[-156.132118,20.687196],[-156.132211,20.687378],[-156.13224,20.687451],[-156.132304,20.687483],[-156.13238,20.687403],[-156.132497,20.687333],[-156.132608,20.687448],[-156.132784,20.687595],[-156.132953,20.687643],[-156.133023,20.687491],[-156.133193,20.687223],[-156.133305,20.687256],[-156.133468,20.687228],[-156.133526,20.687102],[-156.133579,20.686787],[-156.133661,20.686662],[-156.13393,20.686567],[-156.133988,20.686365],[-156.134012,20.686113],[-156.133977,20.685918],[-156.133924,20.685637],[-156.133878,20.685343],[-156.133901,20.685068],[-156.133994,20.684578],[-156.134006,20.684045],[-156.134024,20.683703],[-156.134059,20.683162],[-156.134117,20.682562],[-156.134175,20.682008],[-156.134258,20.68149],[-156.134439,20.680351],[-156.135235,20.680315],[-156.135732,20.680274],[-156.137947,20.680103],[-156.140204,20.679982],[-156.144063,20.679739],[-156.144467,20.679714],[-156.146729,20.679549],[-156.149447,20.679345],[-156.150763,20.679272],[-156.153108,20.679099],[-156.154043,20.679038],[-156.154394,20.678976],[-156.155084,20.679709],[-156.156019,20.680709],[-156.157183,20.681942],[-156.158048,20.682873],[-156.159095,20.683933],[-156.160446,20.685426],[-156.161755,20.686834],[-156.163182,20.688297],[-156.164492,20.68974],[-156.164901,20.690176],[-156.166001,20.691331],[-156.167514,20.692931],[-156.169047,20.69455],[-156.170602,20.696232],[-156.172047,20.697745],[-156.172468,20.698195],[-156.17317,20.698924],[-156.174093,20.698939],[-156.175661,20.698978],[-156.179701,20.699035],[-156.183455,20.699142],[-156.187116,20.699188],[-156.188373,20.699204],[-156.191303,20.69927],[-156.195349,20.699336],[-156.197548,20.699426],[-156.199601,20.699441],[-156.201542,20.699454],[-156.202228,20.699475],[-156.203466,20.699513],[-156.205538,20.699578],[-156.207076,20.699639],[-156.207643,20.699648],[-156.209012,20.699675],[-156.209445,20.699682],[-156.209725,20.699696],[-156.211778,20.699729],[-156.213848,20.699767],[-156.214303,20.699779],[-156.216543,20.699819],[-156.217128,20.699833],[-156.217975,20.699847],[-156.218924,20.699867],[-156.220052,20.699885],[-156.221309,20.699914],[-156.222122,20.699927],[-156.224203,20.69997],[-156.226613,20.700013],[-156.227127,20.700026],[-156.22946,20.700068],[-156.230204,20.70008],[-156.230373,20.700087],[-156.232134,20.70012],[-156.233823,20.700147],[-156.234817,20.700177],[-156.236589,20.700205],[-156.238992,20.700253],[-156.239164,20.70026],[-156.239325,20.700263],[-156.239413,20.700318],[-156.239764,20.700486],[-156.240945,20.701079],[-156.242325,20.701764],[-156.243723,20.702455],[-156.245213,20.70321],[-156.246699,20.703942],[-156.24912,20.705159],[-156.249962,20.705565],[-156.250717,20.705956],[-156.251704,20.706451],[-156.251968,20.706658],[-156.252243,20.706865],[-156.252506,20.707068],[-156.252828,20.707308],[-156.253208,20.707603],[-156.253834,20.708069],[-156.254073,20.708258],[-156.254289,20.708419],[-156.254886,20.708867],[-156.255447,20.709273],[-156.255669,20.709457],[-156.256758,20.710278],[-156.255997,20.711353],[-156.255675,20.711809],[-156.254897,20.712893],[-156.254693,20.713179],[-156.253704,20.714594],[-156.253371,20.715067],[-156.252423,20.716393],[-156.252241,20.716652],[-156.251569,20.717593],[-156.25082,20.718647],[-156.249808,20.720066],[-156.248592,20.721802],[-156.247791,20.722941],[-156.24707,20.723963],[-156.246631,20.724561],[-156.246451,20.724851],[-156.245736,20.725824],[-156.245456,20.726189],[-156.244602,20.727399],[-156.244157,20.728019],[-156.244046,20.728189],[-156.243561,20.728917],[-156.244051,20.729607],[-156.244876,20.730699],[-156.245198,20.731133],[-156.246005,20.732202],[-156.246419,20.732755],[-156.247204,20.733814],[-156.247572,20.734308],[-156.248367,20.735381],[-156.248549,20.73561],[-156.248742,20.735884],[-156.249537,20.736935],[-156.249713,20.737177],[-156.249893,20.737414],[-156.250636,20.73841],[-156.250905,20.738767],[-156.251847,20.740027],[-156.252227,20.740557],[-156.253092,20.74169],[-156.253426,20.742147],[-156.254256,20.743275],[-156.254601,20.743746],[-156.255092,20.744381],[-156.254799,20.745184],[-156.254449,20.746127],[-156.254021,20.74728],[-156.253471,20.748788],[-156.253261,20.749353],[-156.252798,20.750646],[-156.252593,20.751162],[-156.252131,20.752441],[-156.25185,20.753244],[-156.25154,20.754047],[-156.251359,20.754582],[-156.251265,20.754833],[-156.250931,20.75569],[-156.250668,20.756426],[-156.250586,20.756677],[-156.250147,20.757844],[-156.24992,20.758495],[-156.249522,20.759536],[-156.249246,20.760339],[-156.24879,20.761528],[-156.248573,20.762147],[-156.248351,20.762771],[-156.247982,20.763722],[-156.247754,20.764342],[-156.247496,20.765042],[-156.247308,20.765562],[-156.247215,20.765854],[-156.246799,20.76698],[-156.246284,20.768421],[-156.245634,20.770149],[-156.245167,20.771441],[-156.244809,20.772451],[-156.244394,20.772178],[-156.24413,20.772029],[-156.242932,20.771356],[-156.242638,20.771184],[-156.242364,20.771021],[-156.241159,20.770343],[-156.240895,20.77019],[-156.240615,20.770032],[-156.239427,20.769376],[-156.239135,20.769218],[-156.238843,20.769042],[-156.237673,20.768387],[-156.237064,20.768038],[-156.236789,20.76788],[-156.23587,20.767356],[-156.23559,20.767189],[-156.235304,20.767031],[-156.233835,20.766203],[-156.233549,20.766045],[-156.232331,20.765353],[-156.232051,20.7652],[-156.231793,20.765056],[-156.230642,20.764396],[-156.23032,20.764206],[-156.230116,20.76409],[-156.230044,20.764052],[-156.228928,20.763439],[-156.228553,20.763211],[-156.228296,20.763067],[-156.227787,20.76277],[-156.227067,20.76237],[-156.226805,20.762231],[-156.226517,20.762064],[-156.22536,20.761399],[-156.225026,20.761222],[-156.224798,20.761083],[-156.224354,20.760832],[-156.223552,20.760391],[-156.223008,20.76008],[-156.221821,20.759401],[-156.221529,20.759234],[-156.221225,20.759071],[-156.220196,20.758477],[-156.219768,20.75824],[-156.219522,20.758091],[-156.218242,20.75738],[-156.217984,20.757231],[-156.217709,20.757064],[-156.216481,20.756394],[-156.216229,20.756241],[-156.215914,20.756065],[-156.215399,20.755772],[-156.214656,20.755403],[-156.214089,20.755128],[-156.212914,20.754567],[-156.212598,20.7544],[-156.212318,20.75426],[-156.212083,20.754161],[-156.211049,20.753652],[-156.210756,20.753517],[-156.21048,20.753372],[-156.20944,20.752877],[-156.208902,20.752615],[-156.208639,20.752476],[-156.207358,20.751868],[-156.207065,20.751732],[-156.206744,20.75156],[-156.205538,20.75099],[-156.201566,20.749061],[-156.197616,20.747132],[-156.193662,20.745204],[-156.189713,20.743266],[-156.185765,20.741337],[-156.181284,20.739151],[-156.176803,20.73697],[-156.173323,20.736949],[-156.169843,20.736919],[-156.166363,20.736898],[-156.162321,20.736885],[-156.158273,20.736863],[-156.154232,20.736842],[-156.150928,20.736823],[-156.150191,20.736816],[-156.148243,20.73681],[-156.146149,20.736803],[-156.142464,20.736787]],[[-156.060017,20.671683],[-156.059841,20.67131],[-156.059722,20.670974],[-156.059598,20.670706],[-156.059355,20.670435],[-156.059091,20.670169],[-156.058917,20.670044],[-156.058616,20.669827],[-156.058367,20.669719],[-156.058052,20.669605],[-156.057123,20.66967],[-156.056816,20.670356],[-156.060257,20.673014],[-156.060791,20.672387],[-156.060017,20.671683]],[[-156.057056,20.675464],[-156.057831,20.673708],[-156.057708,20.672352],[-156.055944,20.669213],[-156.053859,20.669651],[-156.054977,20.670812],[-156.057056,20.675464]]]},"properties":{}},{"type":"Feature","geometry":{"type":"Polygon","coordinates":[[[-155.984119,20.755325],[-155.984065,20.755378],[-155.983955,20.755315],[-155.98381,20.755254],[-155.983669,20.755199],[-155.983411,20.755159],[-155.983163,20.755127],[-155.983095,20.755113],[-155.982726,20.755153],[-155.982696,20.755006],[-155.982918,20.75501],[-155.983492,20.755029],[-155.98374,20.755049],[-155.983969,20.755193],[-155.984119,20.755325]]]},"properties":{}},{"type":"Feature","geometry":{"type":"Polygon","coordinates":[[[-156.332072,20.742119],[-156.332137,20.741991],[-156.332225,20.74185],[-156.332466,20.741585],[-156.33259,20.741395],[-156.332695,20.741149],[-156.332833,20.740679],[-156.33288,20.740456],[-156.333031,20.740484],[-156.332903,20.741236],[-156.332636,20.74196],[-156.332434,20.742614],[-156.332394,20.742607],[-156.332311,20.742824],[-156.332114,20.743462],[-156.332079,20.743241],[-156.331996,20.742885],[-156.331941,20.742665],[-156.331973,20.742429],[-156.33205,20.742164],[-156.332072,20.742119]]]},"properties":{}},{"type":"Feature","geometry":{"type":"Polygon","coordinates":[[[-156.058367,20.669719],[-156.058616,20.669827],[-156.058917,20.670044],[-156.059091,20.670169],[-156.059355,20.670435],[-156.059598,20.670706],[-156.059722,20.670974],[-156.059841,20.67131],[-156.060017,20.671683],[-156.060791,20.672387],[-156.060257,20.673014],[-156.056816,20.670356],[-156.057123,20.66967],[-156.058052,20.669605],[-156.058367,20.669719]]]},"properties":{}},{"type":"Feature","geometry":{"type":"Polygon","coordinates":[[[-156.439133,20.620077],[-156.439039,20.620062],[-156.438771,20.620013],[-156.438572,20.619983],[-156.437917,20.619201],[-156.4378,20.618847],[-156.437543,20.6186],[-156.437356,20.618489],[-156.437274,20.618447],[-156.436935,20.618153],[-156.436567,20.617809],[-156.436297,20.617462],[-156.436134,20.617112],[-156.435823,20.61661],[-156.435438,20.616212],[-156.434537,20.615395],[-156.43237,20.618663],[-156.429423,20.619802],[-156.42656,20.620915],[-156.423695,20.622033],[-156.419334,20.623715],[-156.417762,20.619859],[-156.420842,20.61781],[-156.420888,20.617783],[-156.42401,20.615704],[-156.424589,20.615857],[-156.425354,20.616062],[-156.425389,20.615322],[-156.425454,20.613843],[-156.422408,20.613034],[-156.422676,20.611643],[-156.421466,20.611598],[-156.420046,20.611541],[-156.417421,20.611452],[-156.41537,20.614157],[-156.41191,20.614516],[-156.411547,20.612299],[-156.413663,20.610295],[-156.414714,20.606509],[-156.416322,20.60545],[-156.415859,20.604273],[-156.417309,20.602778],[-156.418373,20.60395],[-156.418525,20.604124],[-156.418805,20.604241],[-156.419337,20.604262],[-156.419677,20.604222],[-156.42001,20.604119],[-156.421208,20.603613],[-156.421237,20.603595],[-156.422184,20.602038],[-156.422534,20.602183],[-156.422517,20.602066],[-156.422235,20.599136],[-156.421499,20.5995],[-156.421505,20.599067],[-156.42157,20.598716],[-156.421763,20.598931],[-156.421873,20.598986],[-156.422312,20.598939],[-156.422499,20.598982],[-156.422545,20.598969],[-156.422568,20.598924],[-156.422528,20.598834],[-156.422464,20.598815],[-156.422054,20.598854],[-156.421926,20.598829],[-156.421855,20.598778],[-156.421804,20.598507],[-156.421728,20.598312],[-156.421744,20.597978],[-156.421716,20.597901],[-156.421634,20.597827],[-156.421616,20.597764],[-156.421675,20.597701],[-156.421856,20.597663],[-156.421874,20.597614],[-156.421873,20.597497],[-156.421902,20.59742],[-156.421955,20.597362],[-156.422025,20.597341],[-156.422136,20.597338],[-156.422324,20.597454],[-156.422393,20.59745],[-156.422539,20.597317],[-156.42265,20.597129],[-156.422692,20.597026],[-156.422691,20.596904],[-156.422592,20.596803],[-156.422305,20.596745],[-156.422258,20.596694],[-156.422276,20.596564],[-156.422236,20.596482],[-156.422259,20.596432],[-156.422324,20.596379],[-156.42244,20.596376],[-156.422568,20.596451],[-156.422598,20.596383],[-156.42254,20.59622],[-156.422539,20.596161],[-156.422574,20.596108],[-156.42265,20.596055],[-156.422727,20.596069],[-156.422761,20.596223],[-156.422837,20.596283],[-156.422914,20.596289],[-156.423036,20.596232],[-156.423112,20.596237],[-156.423183,20.596266],[-156.423095,20.59649],[-156.423065,20.597117],[-156.423089,20.597203],[-156.423171,20.597227],[-156.423247,20.597201],[-156.423258,20.597102],[-156.423212,20.597024],[-156.423241,20.59698],[-156.423293,20.596958],[-156.42334,20.596977],[-156.423487,20.5972],[-156.423487,20.597281],[-156.423433,20.597389],[-156.423446,20.597448],[-156.423487,20.597498],[-156.423516,20.597756],[-156.423556,20.597865],[-156.423645,20.597866],[-156.423638,20.597667],[-156.423703,20.597415],[-156.423709,20.597339],[-156.423656,20.597243],[-156.423521,20.597092],[-156.423463,20.596992],[-156.423446,20.596789],[-156.423416,20.596698],[-156.42334,20.596683],[-156.423282,20.596642],[-156.423363,20.596304],[-156.423416,20.596328],[-156.423469,20.596496],[-156.423522,20.596551],[-156.423586,20.596579],[-156.423627,20.59657],[-156.423656,20.596476],[-156.423643,20.596376],[-156.423667,20.596259],[-156.423731,20.596215],[-156.423796,20.596198],[-156.423989,20.596228],[-156.424076,20.59622],[-156.424181,20.59619],[-156.424269,20.596106],[-156.424398,20.595706],[-156.424485,20.595716],[-156.424527,20.595744],[-156.424597,20.5957],[-156.424725,20.595517],[-156.424772,20.595499],[-156.424824,20.595509],[-156.424888,20.595605],[-156.424971,20.595629],[-156.425094,20.595599],[-156.425187,20.595537],[-156.425251,20.595457],[-156.425502,20.595338],[-156.425625,20.595119],[-156.425701,20.59503],[-156.425724,20.594931],[-156.425584,20.594753],[-156.425567,20.59468],[-156.425613,20.594613],[-156.425783,20.594584],[-156.42587,20.59454],[-156.425917,20.594442],[-156.425975,20.594185],[-156.426081,20.59397],[-156.426139,20.593908],[-156.426215,20.593909],[-156.42628,20.593982],[-156.42632,20.594159],[-156.42646,20.594287],[-156.426472,20.594364],[-156.426408,20.594476],[-156.426425,20.594657],[-156.426508,20.594739],[-156.42652,20.59483],[-156.42642,20.595],[-156.426431,20.595163],[-156.426572,20.595576],[-156.426648,20.595622],[-156.426823,20.595597],[-156.426951,20.595527],[-156.427069,20.595578],[-156.427151,20.595643],[-156.427233,20.595531],[-156.427261,20.595347],[-156.427308,20.595212],[-156.427449,20.595011],[-156.427647,20.594905],[-156.427758,20.594875],[-156.427939,20.594932],[-156.427992,20.595028],[-156.427986,20.595154],[-156.428144,20.595215],[-156.428231,20.59518],[-156.428331,20.59483],[-156.428407,20.594695],[-156.42846,20.594692],[-156.428564,20.594761],[-156.428653,20.594862],[-156.428775,20.595134],[-156.428881,20.59519],[-156.428962,20.595277],[-156.429033,20.595418],[-156.429108,20.595482],[-156.429203,20.595511],[-156.429283,20.595489],[-156.429348,20.595409],[-156.429459,20.595393],[-156.429617,20.595454],[-156.429798,20.595407],[-156.429886,20.595413],[-156.429986,20.595554],[-156.430009,20.595676],[-156.430073,20.595808],[-156.430173,20.59585],[-156.430272,20.595861],[-156.430417,20.595759],[-156.430482,20.595756],[-156.430558,20.59582],[-156.430535,20.595955],[-156.430313,20.596132],[-156.430225,20.596257],[-156.43012,20.596477],[-156.430125,20.596594],[-156.43016,20.596721],[-156.430213,20.596799],[-156.430283,20.596827],[-156.430412,20.596811],[-156.430494,20.596767],[-156.430611,20.596769],[-156.430745,20.596807],[-156.430822,20.596808],[-156.430909,20.596782],[-156.430955,20.596697],[-156.430939,20.596566],[-156.430996,20.596485],[-156.431143,20.596406],[-156.431271,20.596381],[-156.431318,20.596391],[-156.431341,20.596445],[-156.431277,20.596616],[-156.431312,20.596671],[-156.431487,20.596714],[-156.431563,20.596769],[-156.431727,20.596948],[-156.431856,20.59695],[-156.431903,20.597014],[-156.431984,20.597055],[-156.432101,20.597071],[-156.43202,20.596857],[-156.432125,20.596565],[-156.4322,20.596517],[-156.432288,20.596568],[-156.432317,20.596631],[-156.43258,20.596671],[-156.432685,20.59675],[-156.432691,20.59684],[-156.432674,20.596917],[-156.432691,20.59698],[-156.432803,20.597027],[-156.432908,20.597037],[-156.432978,20.597011],[-156.433031,20.596949],[-156.433125,20.596941],[-156.433206,20.59697],[-156.433423,20.596964],[-156.433468,20.597019],[-156.433458,20.597235],[-156.433598,20.597666],[-156.433721,20.5977],[-156.434048,20.59775],[-156.434218,20.597784],[-156.434831,20.597833],[-156.434954,20.597858],[-156.435094,20.597937],[-156.435246,20.598097],[-156.435264,20.598165],[-156.435305,20.598224],[-156.43538,20.598239],[-156.435456,20.598195],[-156.435509,20.598205],[-156.435573,20.598291],[-156.435568,20.598476],[-156.435586,20.598558],[-156.435643,20.59864],[-156.435965,20.598821],[-156.436287,20.598911],[-156.436403,20.598985],[-156.436678,20.599382],[-156.436948,20.599693],[-156.436953,20.599797],[-156.436924,20.599869],[-156.436918,20.600257],[-156.436988,20.600366],[-156.437263,20.600592],[-156.437339,20.600724],[-156.437334,20.600837],[-156.437188,20.600902],[-156.436937,20.601002],[-156.436884,20.601078],[-156.436883,20.601132],[-156.436942,20.60126],[-156.436925,20.601359],[-156.436843,20.601457],[-156.436837,20.601556],[-156.437012,20.601726],[-156.437059,20.601839],[-156.43707,20.602318],[-156.437106,20.602427],[-156.437188,20.602514],[-156.437229,20.602609],[-156.437129,20.602757],[-156.437229,20.602821],[-156.437334,20.602827],[-156.437422,20.602887],[-156.437451,20.602983],[-156.437416,20.603068],[-156.43748,20.603123],[-156.437533,20.603304],[-156.437609,20.603373],[-156.437913,20.603351],[-156.437959,20.603365],[-156.438065,20.603543],[-156.438269,20.60355],[-156.438304,20.603605],[-156.438258,20.603703],[-156.438293,20.603781],[-156.438468,20.603747],[-156.438567,20.603767],[-156.438649,20.603881],[-156.438719,20.603918],[-156.438982,20.603827],[-156.439135,20.60382],[-156.439374,20.603756],[-156.439479,20.60378],[-156.439731,20.604064],[-156.439854,20.604097],[-156.440099,20.604069],[-156.440163,20.604102],[-156.44021,20.604215],[-156.440198,20.604319],[-156.440321,20.604357],[-156.440403,20.604268],[-156.440531,20.604247],[-156.440626,20.604262],[-156.440836,20.604441],[-156.441192,20.604447],[-156.441297,20.604543],[-156.441286,20.604606],[-156.441315,20.604746],[-156.441362,20.604828],[-156.441356,20.60509],[-156.441332,20.605221],[-156.441332,20.605514],[-156.441157,20.605958],[-156.441111,20.606012],[-156.440819,20.606175],[-156.440784,20.606287],[-156.440743,20.606336],[-156.440608,20.606375],[-156.440269,20.606537],[-156.440176,20.606639],[-156.440123,20.606783],[-156.440001,20.606934],[-156.440018,20.607025],[-156.440147,20.607235],[-156.440165,20.607307],[-156.440112,20.607406],[-156.439925,20.60748],[-156.439942,20.607588],[-156.439995,20.607661],[-156.440035,20.607748],[-156.439861,20.607935],[-156.439843,20.608007],[-156.43989,20.608066],[-156.440082,20.608164],[-156.440159,20.608242],[-156.440171,20.608373],[-156.440264,20.608415],[-156.440399,20.608385],[-156.44051,20.608342],[-156.440568,20.608378],[-156.440574,20.608496],[-156.440486,20.608549],[-156.440228,20.608595],[-156.440182,20.608657],[-156.4402,20.608739],[-156.440316,20.608781],[-156.440322,20.608849],[-156.440177,20.609041],[-156.440199,20.609113],[-156.44044,20.609131],[-156.44051,20.609172],[-156.440532,20.609267],[-156.440428,20.60932],[-156.440305,20.609327],[-156.44027,20.609349],[-156.440241,20.609421],[-156.440264,20.609552],[-156.44041,20.609843],[-156.440428,20.609943],[-156.440422,20.610047],[-156.440329,20.610185],[-156.440118,20.610376],[-156.440002,20.61046],[-156.439827,20.610544],[-156.439586,20.610797],[-156.439493,20.610846],[-156.439318,20.610906],[-156.439166,20.611066],[-156.43909,20.61111],[-156.438832,20.61117],[-156.438329,20.61119],[-156.437932,20.611157],[-156.43778,20.611195],[-156.437623,20.611269],[-156.437529,20.611367],[-156.437401,20.611465],[-156.437342,20.611536],[-156.437312,20.611644],[-156.437331,20.611771],[-156.437184,20.611917],[-156.437167,20.611962],[-156.437219,20.612144],[-156.437214,20.61222],[-156.43691,20.612433],[-156.436828,20.61268],[-156.436793,20.612914],[-156.436805,20.613036],[-156.436893,20.613096],[-156.437021,20.613152],[-156.437056,20.613229],[-156.437015,20.61331],[-156.43694,20.613354],[-156.436881,20.613416],[-156.43684,20.61352],[-156.436969,20.613991],[-156.437173,20.614247],[-156.437302,20.614339],[-156.437389,20.614435],[-156.43743,20.614508],[-156.437448,20.614743],[-156.437477,20.614852],[-156.437776,20.615276],[-156.437857,20.615336],[-156.438027,20.615393],[-156.438185,20.615508],[-156.438214,20.615603],[-156.438133,20.615701],[-156.437933,20.615743],[-156.437898,20.615829],[-156.437876,20.615959],[-156.437735,20.616047],[-156.437683,20.616101],[-156.437636,20.616515],[-156.43767,20.616624],[-156.437735,20.616702],[-156.437823,20.616757],[-156.437777,20.616865],[-156.437525,20.617137],[-156.437378,20.617306],[-156.437309,20.61745],[-156.437256,20.617751],[-156.437309,20.618027],[-156.437362,20.618159],[-156.437432,20.61821],[-156.437566,20.618216],[-156.437707,20.618182],[-156.437853,20.618045],[-156.438022,20.617984],[-156.438098,20.618017],[-156.438145,20.618053],[-156.438203,20.618194],[-156.438168,20.61869],[-156.438215,20.618835],[-156.438297,20.618995],[-156.438501,20.619124],[-156.438747,20.619367],[-156.438928,20.619672],[-156.438987,20.619854],[-156.439028,20.619931],[-156.43908,20.619977],[-156.439133,20.620032],[-156.439133,20.620077]]]},"properties":{}}]}