{"type":"FeatureCollection","features":[{"type":"Feature","id":233,"geometry":{"type":"MultiPolygon","coordinates":[[[[-157.949265,21.690854],[-157.94944,21.690753],[-157.949124,21.690086],[-157.948319,21.689282],[-157.948213,21.689343],[-157.94895,21.690186],[-157.949265,21.690854]]]]},"properties":{"slr_ft":3.2}},{"type":"Feature","id":234,"geometry":{"type":"MultiPolygon","coordinates":[[[[-157.945409,21.684973],[-157.945462,21.684718],[-157.945346,21.684353],[-157.944695,21.683457],[-157.944055,21.682901],[-157.944617,21.683507],[-157.945268,21.684404],[-157.945409,21.684973]]]]},"properties":{"slr_ft":3.2}},{"type":"Feature","id":307,"geometry":{"type":"MultiPolygon","coordinates":[[[[-157.846547,21.286082],[-157.845882,21.285721],[-157.845792,21.28588],[-157.845719,21.28605],[-157.845662,21.286809],[-157.845974,21.287228],[-157.845956,21.286967],[-157.84614,21.286487],[-157.846547,21.286082]]]]},"properties":{"slr_ft":3.2}},{"type":"Feature","id":206,"geometry":{"type":"MultiPolygon","coordinates":[[[[-158.174392,21.58093],[-158.173619,21.581234],[-158.173235,21.581235],[-158.171206,21.579885],[-158.168919,21.578892],[-158.168286,21.578664],[-158.1679,21.578623],[-158.167109,21.578742],[-158.166055,21.579195],[-158.165292,21.579361],[-158.164162,21.580113],[-158.163654,21.580383],[-158.163348,21.580455],[-158.16233,21.580283],[-158.160783,21.579622],[-158.158464,21.579371],[-158.158078,21.579417],[-158.157499,21.579625],[-158.15692,21.579851],[-158.155956,21.58037],[-158.155377,21.580525],[-158.153831,21.580514],[-158.152864,21.580212],[-158.151527,21.580306],[-158.149293,21.580886],[-158.146958,21.581802],[-158.145399,21.581951],[-158.144307,21.582326],[-158.143783,21.58259],[-158.143044,21.582802],[-158.141468,21.582892],[-158.139076,21.583616],[-158.137771,21.583681],[-158.135844,21.583545],[-158.135468,21.5834],[-158.135426,21.583278],[-158.135099,21.583078],[-158.133847,21.582597],[-158.132305,21.582139],[-158.129881,21.582172],[-158.130734,21.582342],[-158.13171,21.582281],[-158.132283,21.582368],[-158.133915,21.582894],[-158.13563,21.583809],[-158.137941,21.583987],[-158.139129,21.583794],[-158.141497,21.58299],[-158.142076,21.582914],[-158.143082,21.58293],[-158.143842,21.58279],[-158.145458,21.582153],[-158.146982,21.581886],[-158.148424,21.581337],[-158.149347,21.581069],[-158.15011,21.58094],[-158.15197,21.580452],[-158.152865,21.580416],[-158.153832,21.580663],[-158.155377,21.58071],[-158.155956,21.580561],[-158.156921,21.580055],[-158.158079,21.57972],[-158.158658,21.579669],[-158.159624,21.579728],[-158.160591,21.579883],[-158.162138,21.580436],[-158.163104,21.580565],[-158.163493,21.580492],[-158.164203,21.580205],[-158.165359,21.579511],[-158.16649,21.579234],[-158.167176,21.578894],[-158.167898,21.578786],[-158.168476,21.578885],[-158.169487,21.579416],[-158.171088,21.580076],[-158.171689,21.580547],[-158.172388,21.58086],[-158.17301,21.581298],[-158.173612,21.581505],[-158.174963,21.581195],[-158.176356,21.58054],[-158.177654,21.580181],[-158.178816,21.580059],[-158.179589,21.580084],[-158.181398,21.580366],[-158.181756,21.580506],[-158.182179,21.581068],[-158.183264,21.581457],[-158.183843,21.581538],[-158.185123,21.581328],[-158.186217,21.581691],[-158.187488,21.582329],[-158.187903,21.58242],[-158.190221,21.582497],[-158.190607,21.582589],[-158.190993,21.582584],[-158.19196,21.582434],[-158.193314,21.581825],[-158.194667,21.581398],[-158.19544,21.581323],[-158.196405,21.581771],[-158.19795,21.581903],[-158.199494,21.582409],[-158.200653,21.582565],[-158.201039,21.582509],[-158.202054,21.581792],[-158.202428,21.581605],[-158.202811,21.581535],[-158.203777,21.581505],[-158.204956,21.581764],[-158.205722,21.581651],[-158.207091,21.58185],[-158.207709,21.581813],[-158.209733,21.581203],[-158.210318,21.581148],[-158.211023,21.580822],[-158.211973,21.580643],[-158.212763,21.580602],[-158.213675,21.580298],[-158.214058,21.580237],[-158.214544,21.579848],[-158.214836,21.579484],[-158.215365,21.579242],[-158.215918,21.579079],[-158.217083,21.578949],[-158.218163,21.578536],[-158.219612,21.578439],[-158.221537,21.578635],[-158.222882,21.57885],[-158.223451,21.579164],[-158.224025,21.579306],[-158.224413,21.579268],[-158.22539,21.578986],[-158.226542,21.579209],[-158.227317,21.57915],[-158.228688,21.578662],[-158.229458,21.578742],[-158.230416,21.578977],[-158.231187,21.579046],[-158.232531,21.579293],[-158.233104,21.579478],[-158.233483,21.579693],[-158.233675,21.579715],[-158.234451,21.57964],[-158.234469,21.579139],[-158.233692,21.579265],[-158.2335,21.579223],[-158.233124,21.57893],[-158.232742,21.578802],[-158.230429,21.578629],[-158.228897,21.578241],[-158.228508,21.578313],[-158.227526,21.578735],[-158.227138,21.578762],[-158.225404,21.578626],[-158.224237,21.578808],[-158.223471,21.578629],[-158.222899,21.578393],[-158.221747,21.578191],[-158.220781,21.578182],[-158.219821,21.578019],[-158.219046,21.578048],[-158.218062,21.578198],[-158.217543,21.578476],[-158.216997,21.578663],[-158.216433,21.578787],[-158.215838,21.578811],[-158.214928,21.579123],[-158.214749,21.579194],[-158.21397,21.579944],[-158.21359,21.580014],[-158.212885,21.580339],[-158.211328,21.580498],[-158.21025,21.580919],[-158.209659,21.580954],[-158.207637,21.581572],[-158.207249,21.581616],[-158.205706,21.581414],[-158.205133,21.581518],[-158.204744,21.581503],[-158.203759,21.581249],[-158.202599,21.581271],[-158.202409,21.581321],[-158.20104,21.582213],[-158.20046,21.582338],[-158.199495,21.582215],[-158.197951,21.581746],[-158.196406,21.581567],[-158.195634,21.581175],[-158.195248,21.581098],[-158.194475,21.581168],[-158.193122,21.581551],[-158.191961,21.582038],[-158.191381,21.582123],[-158.190801,21.582325],[-158.188483,21.582275],[-158.187526,21.58209],[-158.186119,21.581372],[-158.185196,21.581104],[-158.183918,21.581307],[-158.182593,21.581037],[-158.182414,21.580965],[-158.182273,21.580778],[-158.182197,21.58039],[-158.18193,21.579972],[-158.18118,21.579795],[-158.180771,21.579811],[-158.179626,21.579657],[-158.17885,21.579659],[-158.177534,21.579855],[-158.175211,21.580758],[-158.174392,21.58093]]]]},"properties":{"slr_ft":3.2}},{"type":"Feature","id":207,"geometry":{"type":"MultiPolygon","coordinates":[[[[-158.126507,21.58264],[-158.126017,21.582513],[-158.125627,21.582511],[-158.123392,21.582801],[-158.122716,21.583156],[-158.122329,21.583577],[-158.122457,21.583758],[-158.122829,21.583316],[-158.123506,21.582963],[-158.124318,21.582902],[-158.125837,21.582617],[-158.126507,21.58264]]]]},"properties":{"slr_ft":3.2}},{"type":"Feature","id":208,"geometry":{"type":"MultiPolygon","coordinates":[[[[-158.118794,21.582091],[-158.118525,21.581753],[-158.117183,21.582789],[-158.116072,21.583801],[-158.116225,21.583994],[-158.116759,21.583468],[-158.117798,21.582655],[-158.118794,21.582091]]]]},"properties":{"slr_ft":3.2}},{"type":"Feature","id":209,"geometry":{"type":"MultiPolygon","coordinates":[[[[-158.117088,21.588929],[-158.117081,21.588733],[-158.116888,21.588727],[-158.116502,21.588752],[-158.115736,21.588955],[-158.114772,21.589042],[-158.114007,21.588868],[-158.114775,21.589122],[-158.115741,21.589118],[-158.117088,21.588929]]]]},"properties":{"slr_ft":3.2}},{"type":"Feature","id":210,"geometry":{"type":"MultiPolygon","coordinates":[[[[-158.113742,21.588844],[-158.113216,21.588737],[-158.112642,21.588913],[-158.112077,21.589276],[-158.111695,21.589687],[-158.110987,21.590099],[-158.110709,21.590357],[-158.109866,21.592017],[-158.10933,21.592761],[-158.10943,21.592829],[-158.109868,21.592242],[-158.110661,21.590771],[-158.110769,21.590398],[-158.111041,21.590136],[-158.111716,21.589701],[-158.11212,21.589305],[-158.112643,21.588958],[-158.113217,21.588769],[-158.113742,21.588844]]]]},"properties":{"slr_ft":3.2}},{"type":"Feature","id":211,"geometry":{"type":"MultiPolygon","coordinates":[[[[-158.108705,21.593699],[-158.108621,21.593587],[-158.108418,21.593631],[-158.107702,21.593935],[-158.107836,21.594113],[-158.108314,21.593807],[-158.108705,21.593699]]]]},"properties":{"slr_ft":3.2}},{"type":"Feature","id":212,"geometry":{"type":"MultiPolygon","coordinates":[[[[-158.107167,21.59448],[-158.106975,21.594225],[-158.106778,21.594277],[-158.10669,21.594459],[-158.106849,21.59467],[-158.106954,21.594511],[-158.107167,21.59448]]]]},"properties":{"slr_ft":3.2}},{"type":"Feature","id":213,"geometry":{"type":"MultiPolygon","coordinates":[[[[-158.103168,21.596255],[-158.102615,21.596127],[-158.102582,21.597236],[-158.102712,21.598228],[-158.102939,21.598554],[-158.102951,21.59892],[-158.102863,21.599305],[-158.103067,21.59982],[-158.103092,21.600548],[-158.10394,21.600389],[-158.103801,21.599866],[-158.103776,21.599318],[-158.103338,21.59811],[-158.103168,21.596255]]]]},"properties":{"slr_ft":3.2}},{"type":"Feature","id":214,"geometry":{"type":"MultiPolygon","coordinates":[[[[-158.104555,21.601037],[-158.104354,21.60107],[-158.104341,21.601256],[-158.104513,21.601778],[-158.104727,21.601742],[-158.104582,21.601399],[-158.104555,21.601037]]]]},"properties":{"slr_ft":3.2}},{"type":"Feature","id":215,"geometry":{"type":"MultiPolygon","coordinates":[[[[-158.094914,21.612705],[-158.094749,21.612455],[-158.094419,21.612987],[-158.094261,21.613091],[-158.092687,21.613458],[-158.091776,21.6138],[-158.091425,21.613955],[-158.090849,21.614458],[-158.089951,21.614819],[-158.089356,21.615293],[-158.088531,21.616107],[-158.088051,21.616412],[-158.087333,21.616699],[-158.086099,21.617583],[-158.08541,21.618259],[-158.085189,21.618602],[-158.085294,21.618762],[-158.085531,21.618442],[-158.086523,21.617537],[-158.088187,21.616617],[-158.088927,21.616018],[-158.089467,21.615462],[-158.090083,21.615018],[-158.091149,21.61457],[-158.091604,21.614226],[-158.092824,21.613667],[-158.094251,21.61342],[-158.094581,21.613233],[-158.094914,21.612705]]]]},"properties":{"slr_ft":3.2}},{"type":"Feature","id":228,"geometry":{"type":"MultiPolygon","coordinates":[[[[-157.980284,21.709368],[-157.980327,21.709163],[-157.979597,21.708885],[-157.978616,21.708869],[-157.977868,21.708676],[-157.97748,21.708646],[-157.977075,21.708709],[-157.977005,21.70905],[-157.977416,21.708953],[-157.978406,21.708931],[-157.980284,21.709368]]]]},"properties":{"slr_ft":3.2}},{"type":"Feature","id":230,"geometry":{"type":"MultiPolygon","coordinates":[[[[-157.965335,21.707006],[-157.965401,21.706901],[-157.965068,21.706719],[-157.964995,21.706834],[-157.965335,21.707006]]]]},"properties":{"slr_ft":3.2}},{"type":"Feature","id":231,"geometry":{"type":"MultiPolygon","coordinates":[[[[-157.963924,21.704532],[-157.964025,21.704456],[-157.96386,21.704118],[-157.963616,21.703841],[-157.963493,21.703933],[-157.963924,21.704532]]]]},"properties":{"slr_ft":3.2}},{"type":"Feature","id":216,"geometry":{"type":"MultiPolygon","coordinates":[[[[-158.081982,21.621538],[-158.081828,21.621469],[-158.081247,21.622611],[-158.080515,21.623542],[-158.078672,21.624098],[-158.077001,21.624806],[-158.075831,21.625753],[-158.075455,21.626172],[-158.075071,21.626909],[-158.074382,21.627228],[-158.074476,21.627443],[-158.075323,21.62701],[-158.075678,21.626284],[-158.075976,21.625923],[-158.07715,21.624981],[-158.078888,21.624159],[-158.080192,21.623822],[-158.080828,21.623553],[-158.081982,21.621538]]]]},"properties":{"slr_ft":3.2}},{"type":"Feature","id":217,"geometry":{"type":"MultiPolygon","coordinates":[[[[-158.073539,21.628883],[-158.073323,21.628745],[-158.072779,21.629491],[-158.071939,21.630312],[-158.071712,21.630606],[-158.071496,21.631145],[-158.071359,21.631271],[-158.07154,21.631413],[-158.071906,21.630995],[-158.07196,21.630801],[-158.072287,21.63035],[-158.073003,21.629634],[-158.073539,21.628883]]]]},"properties":{"slr_ft":3.2}},{"type":"Feature","id":218,"geometry":{"type":"MultiPolygon","coordinates":[[[[-158.065401,21.638185],[-158.065017,21.637971],[-158.064717,21.638015],[-158.064299,21.638623],[-158.064148,21.638749],[-158.063591,21.63886],[-158.063074,21.639413],[-158.063086,21.63963],[-158.062868,21.64014],[-158.062553,21.640595],[-158.062491,21.641823],[-158.062387,21.641973],[-158.062447,21.642006],[-158.062536,21.641848],[-158.062603,21.640623],[-158.06318,21.639683],[-158.063175,21.639469],[-158.063706,21.638924],[-158.064286,21.638826],[-158.065082,21.638218],[-158.065401,21.638185]]]]},"properties":{"slr_ft":3.2}},{"type":"Feature","id":219,"geometry":{"type":"MultiPolygon","coordinates":[[[[-158.063834,21.645447],[-158.063562,21.645299],[-158.063129,21.645892],[-158.063436,21.646059],[-158.063834,21.645447]]]]},"properties":{"slr_ft":3.2}},{"type":"Feature","id":220,"geometry":{"type":"MultiPolygon","coordinates":[[[[-158.060856,21.655058],[-158.06047,21.654727],[-158.05976,21.6551],[-158.05898,21.656147],[-158.058633,21.656829],[-158.057971,21.657733],[-158.057518,21.65857],[-158.056774,21.659403],[-158.056074,21.660028],[-158.055105,21.660669],[-158.054621,21.660745],[-158.054585,21.661204],[-158.053685,21.661903],[-158.053276,21.662533],[-158.052906,21.662952],[-158.051767,21.663691],[-158.050495,21.664879],[-158.048341,21.666703],[-158.047421,21.667915],[-158.046961,21.669107],[-158.046314,21.66999],[-158.044912,21.670624],[-158.043864,21.67144],[-158.042619,21.671968],[-158.041857,21.67253],[-158.041532,21.672392],[-158.041177,21.672994],[-158.039932,21.673906],[-158.039642,21.674386],[-158.039699,21.674665],[-158.039611,21.675066],[-158.038813,21.676722],[-158.038697,21.677255],[-158.038692,21.678766],[-158.038341,21.679543],[-158.037575,21.680394],[-158.036534,21.680901],[-158.035569,21.680996],[-158.034601,21.680937],[-158.032799,21.681575],[-158.032007,21.682501],[-158.031543,21.683296],[-158.031014,21.683866],[-158.030817,21.683981],[-158.030751,21.684151],[-158.030905,21.684415],[-158.030681,21.685311],[-158.030374,21.685975],[-158.029846,21.686699],[-158.02828,21.687313],[-158.027453,21.687817],[-158.024928,21.688728],[-158.02451,21.688938],[-158.023109,21.689913],[-158.022232,21.690894],[-158.021553,21.691269],[-158.021446,21.691418],[-158.021642,21.691622],[-158.021895,21.691355],[-158.022556,21.690961],[-158.023891,21.689646],[-158.024674,21.68911],[-158.027544,21.688036],[-158.028373,21.687536],[-158.030012,21.686891],[-158.030644,21.686089],[-158.030929,21.685416],[-158.031135,21.684512],[-158.030981,21.684249],[-158.031052,21.68408],[-158.03125,21.683966],[-158.031649,21.683539],[-158.032161,21.682566],[-158.03261,21.682005],[-158.033054,21.681635],[-158.033554,21.681359],[-158.034293,21.681116],[-158.034604,21.681062],[-158.035765,21.681121],[-158.036537,21.681041],[-158.03752,21.680792],[-158.037853,21.680527],[-158.038553,21.679646],[-158.038986,21.67885],[-158.038914,21.677318],[-158.039039,21.676597],[-158.039181,21.676071],[-158.039758,21.67518],[-158.039892,21.674815],[-158.039858,21.674553],[-158.040066,21.674245],[-158.040765,21.673613],[-158.041439,21.673197],[-158.041724,21.672672],[-158.042062,21.67283],[-158.042604,21.672616],[-158.043542,21.671974],[-158.044095,21.671776],[-158.045097,21.670894],[-158.046453,21.670193],[-158.046732,21.669801],[-158.047413,21.668501],[-158.047971,21.667726],[-158.048491,21.667175],[-158.050755,21.665482],[-158.05171,21.664571],[-158.052145,21.664015],[-158.053464,21.662694],[-158.053803,21.662249],[-158.054675,21.661525],[-158.054795,21.661383],[-158.054826,21.66092],[-158.055354,21.660882],[-158.0559,21.660614],[-158.057076,21.659661],[-158.057808,21.658818],[-158.058085,21.65832],[-158.058204,21.657932],[-158.059082,21.657214],[-158.059422,21.656525],[-158.060207,21.655482],[-158.060856,21.655058]]]]},"properties":{"slr_ft":3.2}},{"type":"Feature","id":221,"geometry":{"type":"MultiPolygon","coordinates":[[[[-158.020904,21.692562],[-158.020786,21.692335],[-158.020013,21.692502],[-158.019519,21.69279],[-158.019643,21.693029],[-158.020137,21.692741],[-158.020904,21.692562]]]]},"properties":{"slr_ft":3.2}},{"type":"Feature","id":222,"geometry":{"type":"MultiPolygon","coordinates":[[[[-158.015863,21.69612],[-158.015655,21.695992],[-158.015019,21.696884],[-158.013718,21.69788],[-158.013379,21.697955],[-158.01336,21.698146],[-158.013874,21.69807],[-158.015039,21.697206],[-158.015347,21.696884],[-158.015863,21.69612]]]]},"properties":{"slr_ft":3.2}},{"type":"Feature","id":223,"geometry":{"type":"MultiPolygon","coordinates":[[[[-158.01333,21.696564],[-158.013535,21.696413],[-158.013336,21.696108],[-158.012975,21.695831],[-158.012433,21.695636],[-158.011793,21.695589],[-158.011217,21.695649],[-158.009953,21.696032],[-158.009179,21.696581],[-158.008145,21.697657],[-158.007853,21.698282],[-158.007893,21.699],[-158.008124,21.699009],[-158.008064,21.69829],[-158.00828,21.697791],[-158.009292,21.696693],[-158.010061,21.696139],[-158.011041,21.695838],[-158.012155,21.695794],[-158.012532,21.695869],[-158.012869,21.696051],[-158.013129,21.69626],[-158.01333,21.696564]]]]},"properties":{"slr_ft":3.2}},{"type":"Feature","id":224,"geometry":{"type":"MultiPolygon","coordinates":[[[[-158.008724,21.699985],[-158.008735,21.699726],[-158.008544,21.699669],[-158.006721,21.700067],[-158.006332,21.700034],[-158.005602,21.69979],[-158.005555,21.699972],[-158.006672,21.700255],[-158.008533,21.699921],[-158.008724,21.699985]]]]},"properties":{"slr_ft":3.2}},{"type":"Feature","id":225,"geometry":{"type":"MultiPolygon","coordinates":[[[[-158.003577,21.699281],[-158.003531,21.698964],[-158.002947,21.698972],[-158.002007,21.699191],[-158.002053,21.699506],[-158.002799,21.699296],[-158.003577,21.699281]]]]},"properties":{"slr_ft":3.2}},{"type":"Feature","id":226,"geometry":{"type":"MultiPolygon","coordinates":[[[[-157.997919,21.70518],[-157.997934,21.704977],[-157.997558,21.70484],[-157.996808,21.704871],[-157.996486,21.705073],[-157.996377,21.70523],[-157.996561,21.705454],[-157.996968,21.705066],[-157.997542,21.705061],[-157.997919,21.70518]]]]},"properties":{"slr_ft":3.2}},{"type":"Feature","id":227,"geometry":{"type":"MultiPolygon","coordinates":[[[[-157.993542,21.705147],[-157.993733,21.704764],[-157.993305,21.704767],[-157.991465,21.704008],[-157.990885,21.703986],[-157.990301,21.704098],[-157.99028,21.704477],[-157.991442,21.704417],[-157.99314,21.705098],[-157.993542,21.705147]]]]},"properties":{"slr_ft":3.2}},{"type":"Feature","id":232,"geometry":{"type":"MultiPolygon","coordinates":[[[[-157.958053,21.700508],[-157.958268,21.700387],[-157.958048,21.700096],[-157.957877,21.700192],[-157.958053,21.700508]]]]},"properties":{"slr_ft":3.2}},{"type":"Feature","id":235,"geometry":{"type":"MultiPolygon","coordinates":[[[[-157.943571,21.682068],[-157.942885,21.681112],[-157.942316,21.680602],[-157.942029,21.680014],[-157.942412,21.68076],[-157.94284,21.681141],[-157.943571,21.682068]]]]},"properties":{"slr_ft":3.2}},{"type":"Feature","id":236,"geometry":{"type":"MultiPolygon","coordinates":[[[[-157.936428,21.672352],[-157.936574,21.672356],[-157.936857,21.672002],[-157.937332,21.670931],[-157.937449,21.670392],[-157.937425,21.669668],[-157.93719,21.668396],[-157.93617,21.666185],[-157.936986,21.668391],[-157.937186,21.669481],[-157.937217,21.670385],[-157.937136,21.670925],[-157.936792,21.67182],[-157.936428,21.672352]]]]},"properties":{"slr_ft":3.2}},{"type":"Feature","id":237,"geometry":{"type":"MultiPolygon","coordinates":[[[[-157.936105,21.66605],[-157.935656,21.665107],[-157.935421,21.66482],[-157.934198,21.663636],[-157.932757,21.662705],[-157.932077,21.66234],[-157.931002,21.66193],[-157.929821,21.661795],[-157.928988,21.661291],[-157.927798,21.66118],[-157.927523,21.661017],[-157.927645,21.660322],[-157.927584,21.659222],[-157.927712,21.658144],[-157.927853,21.657811],[-157.928089,21.65751],[-157.928301,21.656877],[-157.927653,21.658034],[-157.927463,21.65939],[-157.927462,21.659936],[-157.927292,21.660826],[-157.927299,21.661009],[-157.927398,21.66116],[-157.927728,21.661361],[-157.928732,21.661422],[-157.929776,21.661912],[-157.930956,21.66205],[-157.932392,21.662587],[-157.934267,21.663811],[-157.935448,21.665022],[-157.936105,21.66605]]]]},"properties":{"slr_ft":3.2}},{"type":"Feature","id":239,"geometry":{"type":"MultiPolygon","coordinates":[[[[-157.928444,21.654131],[-157.928064,21.653198],[-157.928026,21.65281],[-157.927909,21.652663],[-157.926386,21.651636],[-157.924596,21.650826],[-157.923614,21.650149],[-157.923268,21.649826],[-157.923544,21.650227],[-157.92453,21.650924],[-157.926357,21.651696],[-157.927875,21.652679],[-157.927987,21.652829],[-157.928021,21.653219],[-157.928444,21.654131]]]]},"properties":{"slr_ft":3.2}},{"type":"Feature","id":240,"geometry":{"type":"MultiPolygon","coordinates":[[[[-157.923884,21.662314],[-157.923761,21.662248],[-157.923301,21.662628],[-157.923116,21.662945],[-157.923093,21.663138],[-157.923253,21.663223],[-157.923422,21.662692],[-157.923884,21.662314]]]]},"properties":{"slr_ft":3.2}},{"type":"Feature","id":258,"geometry":{"type":"MultiPolygon","coordinates":[[[[-157.762972,21.459583],[-157.76264,21.459291],[-157.761064,21.458576],[-157.762972,21.459583]]]]},"properties":{"slr_ft":3.2}},{"type":"Feature","id":271,"geometry":{"type":"MultiPolygon","coordinates":[[[[-157.668114,21.316705],[-157.668199,21.31652],[-157.667725,21.316181],[-157.666637,21.31581],[-157.666219,21.315739],[-157.665622,21.315716],[-157.665252,21.315821],[-157.664621,21.316145],[-157.664131,21.316164],[-157.664123,21.316324],[-157.664699,21.316348],[-157.66529,21.315988],[-157.665659,21.315877],[-157.666256,21.3159],[-157.667643,21.316359],[-157.668114,21.316705]]]]},"properties":{"slr_ft":3.2}},{"type":"Feature","id":273,"geometry":{"type":"MultiPolygon","coordinates":[[[[-157.660771,21.311736],[-157.660967,21.311598],[-157.660861,21.311447],[-157.660657,21.311364],[-157.660571,21.310973],[-157.660295,21.310716],[-157.660215,21.310546],[-157.659543,21.310117],[-157.659417,21.310205],[-157.660054,21.310659],[-157.660123,21.310836],[-157.660391,21.3111],[-157.66048,21.311489],[-157.660677,21.311576],[-157.660771,21.311736]]]]},"properties":{"slr_ft":3.2}},{"type":"Feature","id":241,"geometry":{"type":"MultiPolygon","coordinates":[[[[-157.917724,21.647388],[-157.91787,21.647396],[-157.918012,21.647223],[-157.918623,21.645991],[-157.919247,21.643854],[-157.918979,21.641667],[-157.918642,21.640562],[-157.918505,21.639287],[-157.918689,21.638574],[-157.918786,21.638398],[-157.91902,21.63823],[-157.919403,21.637166],[-157.919739,21.636823],[-157.919715,21.63646],[-157.919375,21.635717],[-157.9191,21.63552],[-157.919289,21.635169],[-157.919036,21.634611],[-157.919071,21.634432],[-157.919398,21.634226],[-157.919653,21.633955],[-157.920794,21.63246],[-157.920914,21.631788],[-157.921203,21.631088],[-157.921323,21.630376],[-157.921231,21.630368],[-157.921084,21.631259],[-157.920823,21.631781],[-157.920667,21.632398],[-157.920099,21.633114],[-157.919415,21.633754],[-157.918928,21.634073],[-157.918672,21.634591],[-157.91882,21.635142],[-157.918632,21.635493],[-157.918852,21.635687],[-157.919104,21.636787],[-157.918911,21.637138],[-157.918678,21.638211],[-157.918488,21.638381],[-157.918361,21.638736],[-157.918275,21.639274],[-157.918403,21.640548],[-157.918517,21.641098],[-157.91875,21.641654],[-157.919022,21.643118],[-157.919074,21.643845],[-157.918697,21.644909],[-157.918467,21.645982],[-157.917724,21.647388]]]]},"properties":{"slr_ft":3.2}},{"type":"Feature","id":244,"geometry":{"type":"MultiPolygon","coordinates":[[[[-157.896198,21.597274],[-157.896333,21.597232],[-157.896214,21.596318],[-157.895544,21.594928],[-157.894801,21.59386],[-157.893651,21.592834],[-157.892196,21.592303],[-157.890231,21.590907],[-157.889726,21.590357],[-157.889101,21.589407],[-157.88872,21.588566],[-157.88846,21.587692],[-157.887926,21.586723],[-157.887232,21.584307],[-157.886912,21.582526],[-157.886734,21.58218],[-157.886444,21.581098],[-157.885889,21.580146],[-157.885314,21.579622],[-157.885221,21.579667],[-157.885801,21.58019],[-157.886433,21.581308],[-157.886695,21.5822],[-157.886867,21.582533],[-157.887335,21.585573],[-157.887719,21.586797],[-157.888237,21.587772],[-157.888512,21.588641],[-157.888965,21.589535],[-157.889535,21.590281],[-157.89006,21.590812],[-157.890829,21.59137],[-157.892088,21.592482],[-157.893549,21.593001],[-157.894673,21.593961],[-157.895331,21.59486],[-157.895759,21.595697],[-157.896198,21.597274]]]]},"properties":{"slr_ft":3.2}},{"type":"Feature","id":270,"geometry":{"type":"MultiPolygon","coordinates":[[[[-157.671126,21.319456],[-157.671262,21.31929],[-157.670823,21.318943],[-157.670397,21.318853],[-157.669992,21.318639],[-157.669638,21.317995],[-157.669468,21.318111],[-157.669912,21.318693],[-157.670313,21.318959],[-157.670702,21.319089],[-157.671126,21.319456]]]]},"properties":{"slr_ft":3.2}},{"type":"Feature","id":243,"geometry":{"type":"MultiPolygon","coordinates":[[[[-157.912974,21.619805],[-157.912722,21.619354],[-157.912788,21.619063],[-157.913004,21.618751],[-157.913125,21.618112],[-157.913081,21.617753],[-157.912806,21.617419],[-157.913193,21.616545],[-157.913245,21.614928],[-157.913151,21.614445],[-157.912971,21.614119],[-157.911386,21.612624],[-157.911211,21.612296],[-157.910994,21.611548],[-157.910802,21.611455],[-157.910632,21.611124],[-157.909845,21.610547],[-157.909519,21.610081],[-157.909483,21.609539],[-157.909067,21.60892],[-157.909092,21.608691],[-157.908899,21.608378],[-157.908712,21.608275],[-157.908168,21.607732],[-157.9075,21.607368],[-157.906786,21.607128],[-157.905627,21.6071],[-157.905438,21.607043],[-157.9053,21.606896],[-157.904582,21.606624],[-157.901825,21.605318],[-157.899876,21.603802],[-157.899472,21.60341],[-157.899279,21.603066],[-157.898922,21.6029],[-157.898531,21.602494],[-157.898378,21.602119],[-157.89802,21.601658],[-157.89789,21.600937],[-157.897309,21.599595],[-157.897073,21.598526],[-157.896861,21.598592],[-157.897142,21.599646],[-157.897673,21.600814],[-157.897726,21.601749],[-157.897847,21.602092],[-157.898032,21.602494],[-157.898723,21.603117],[-157.899086,21.603276],[-157.899746,21.603943],[-157.901693,21.605428],[-157.905217,21.607052],[-157.905429,21.607234],[-157.906781,21.607269],[-157.907429,21.607481],[-157.908101,21.607837],[-157.908585,21.60835],[-157.908777,21.60845],[-157.908966,21.608766],[-157.908935,21.608998],[-157.909326,21.60956],[-157.909359,21.610103],[-157.909647,21.610683],[-157.910388,21.611292],[-157.910541,21.611635],[-157.910741,21.611722],[-157.911206,21.612748],[-157.912143,21.613531],[-157.912767,21.614176],[-157.912946,21.614503],[-157.913003,21.614919],[-157.912863,21.615629],[-157.912889,21.616534],[-157.91263,21.617433],[-157.912821,21.617775],[-157.912849,21.618135],[-157.912739,21.618663],[-157.912607,21.618812],[-157.912438,21.61933],[-157.912664,21.619933],[-157.9133,21.620513],[-157.913927,21.620941],[-157.914604,21.621588],[-157.914817,21.621636],[-157.915136,21.621845],[-157.915735,21.622304],[-157.916103,21.622731],[-157.917395,21.623549],[-157.917665,21.623808],[-157.918032,21.624372],[-157.918328,21.624613],[-157.91967,21.625176],[-157.918438,21.62444],[-157.917681,21.62352],[-157.916049,21.622517],[-157.91584,21.622194],[-157.915286,21.621688],[-157.914971,21.621476],[-157.91474,21.621447],[-157.914207,21.62092],[-157.913458,21.620348],[-157.913251,21.620022],[-157.912974,21.619805]]]]},"properties":{"slr_ft":3.2}},{"type":"Feature","id":253,"geometry":{"type":"MultiPolygon","coordinates":[[[[-157.835171,21.522452],[-157.835473,21.522475],[-157.835745,21.520864],[-157.835627,21.519949],[-157.835697,21.519411],[-157.835652,21.518144],[-157.835446,21.518129],[-157.8355,21.518852],[-157.835369,21.519929],[-157.835426,21.520477],[-157.835171,21.522452]]]]},"properties":{"slr_ft":3.2}},{"type":"Feature","id":306,"geometry":{"type":"MultiPolygon","coordinates":[[[[-157.845997,21.282225],[-157.845874,21.282415],[-157.845804,21.282783],[-157.845964,21.283217],[-157.846408,21.283858],[-157.846682,21.284116],[-157.847012,21.284296],[-157.847659,21.284436],[-157.847935,21.284388],[-157.847912,21.283904],[-157.84728,21.283974],[-157.846878,21.283881],[-157.846362,21.28362],[-157.846088,21.283361],[-157.84584,21.28278],[-157.845997,21.282225]]]]},"properties":{"slr_ft":3.2}},{"type":"Feature","id":245,"geometry":{"type":"MultiPolygon","coordinates":[[[[-157.883663,21.578117],[-157.883724,21.578006],[-157.883588,21.577857],[-157.88252,21.577032],[-157.882011,21.576773],[-157.881622,21.576691],[-157.881318,21.576453],[-157.880294,21.575945],[-157.879005,21.575128],[-157.878309,21.574814],[-157.877903,21.57516],[-157.87773,21.575081],[-157.876414,21.573837],[-157.87527,21.572613],[-157.875128,21.572192],[-157.875176,21.571832],[-157.875288,21.571653],[-157.87537,21.570932],[-157.875337,21.570209],[-157.875406,21.569668],[-157.87517,21.568759],[-157.87516,21.568036],[-157.875348,21.566594],[-157.875368,21.565872],[-157.875332,21.564973],[-157.87504,21.564967],[-157.87484,21.568029],[-157.875001,21.570924],[-157.874904,21.572368],[-157.875043,21.572793],[-157.876131,21.574063],[-157.876909,21.574867],[-157.877271,21.575125],[-157.877778,21.575389],[-157.878059,21.575272],[-157.879858,21.57595],[-157.881053,21.576542],[-157.881512,21.576893],[-157.882431,21.577196],[-157.883663,21.578117]]]]},"properties":{"slr_ft":3.2}},{"type":"Feature","id":246,"geometry":{"type":"MultiPolygon","coordinates":[[[[-157.876424,21.558156],[-157.87652,21.558088],[-157.87628,21.557578],[-157.875689,21.557033],[-157.876209,21.557628],[-157.876424,21.558156]]]]},"properties":{"slr_ft":3.2}},{"type":"Feature","id":247,"geometry":{"type":"MultiPolygon","coordinates":[[[[-157.873592,21.556049],[-157.87248,21.555689],[-157.871668,21.555527],[-157.870883,21.555514],[-157.869736,21.555672],[-157.869807,21.55607],[-157.870743,21.555827],[-157.871706,21.555741],[-157.872502,21.555811],[-157.873592,21.556049]]]]},"properties":{"slr_ft":3.2}},{"type":"Feature","id":248,"geometry":{"type":"MultiPolygon","coordinates":[[[[-157.864117,21.560325],[-157.864216,21.560087],[-157.861506,21.559127],[-157.860849,21.558712],[-157.860151,21.558397],[-157.859229,21.558123],[-157.858074,21.557913],[-157.85628,21.557244],[-157.856185,21.557473],[-157.858202,21.558104],[-157.86026,21.558635],[-157.860784,21.55887],[-157.861434,21.559301],[-157.863018,21.559978],[-157.864117,21.560325]]]]},"properties":{"slr_ft":3.2}},{"type":"Feature","id":254,"geometry":{"type":"MultiPolygon","coordinates":[[[[-157.836193,21.517586],[-157.836983,21.51757],[-157.837016,21.517388],[-157.837049,21.515942],[-157.836945,21.51486],[-157.837193,21.513624],[-157.837059,21.512542],[-157.836842,21.511847],[-157.836606,21.510415],[-157.837504,21.509711],[-157.838076,21.509617],[-157.83843,21.50945],[-157.838877,21.508868],[-157.839251,21.508532],[-157.838793,21.508538],[-157.838083,21.508868],[-157.837312,21.508957],[-157.835907,21.509673],[-157.835543,21.509654],[-157.835484,21.509819],[-157.83555,21.51045],[-157.836229,21.513641],[-157.836241,21.514194],[-157.836135,21.514699],[-157.836254,21.516139],[-157.836193,21.517586]]]]},"properties":{"slr_ft":3.2}},{"type":"Feature","id":249,"geometry":{"type":"MultiPolygon","coordinates":[[[[-157.854699,21.557763],[-157.854819,21.557544],[-157.853256,21.556832],[-157.852567,21.556343],[-157.851557,21.555393],[-157.84835,21.551325],[-157.846997,21.549982],[-157.846796,21.549303],[-157.846588,21.548036],[-157.846766,21.54652],[-157.846717,21.546162],[-157.846422,21.54558],[-157.845945,21.545021],[-157.845702,21.544414],[-157.844709,21.543272],[-157.843118,21.542332],[-157.842586,21.542113],[-157.842253,21.541739],[-157.841733,21.540187],[-157.841459,21.538948],[-157.841162,21.538195],[-157.840924,21.537844],[-157.840784,21.537318],[-157.839936,21.535737],[-157.839263,21.535083],[-157.838937,21.534869],[-157.838812,21.534962],[-157.839688,21.535689],[-157.840105,21.536302],[-157.840515,21.537378],[-157.840636,21.537908],[-157.841037,21.53867],[-157.841343,21.539929],[-157.841853,21.541484],[-157.842234,21.542203],[-157.842425,21.542391],[-157.84396,21.543153],[-157.844616,21.543581],[-157.845472,21.544529],[-157.845648,21.545056],[-157.846241,21.545731],[-157.846516,21.546183],[-157.846579,21.546721],[-157.846386,21.547812],[-157.846373,21.548459],[-157.846632,21.5497],[-157.846797,21.550106],[-157.848168,21.551446],[-157.850146,21.554115],[-157.850793,21.554793],[-157.85084,21.554983],[-157.851312,21.555556],[-157.8527,21.556757],[-157.854699,21.557763]]]]},"properties":{"slr_ft":3.2}},{"type":"Feature","id":250,"geometry":{"type":"MultiPolygon","coordinates":[[[[-157.837412,21.532415],[-157.837501,21.532309],[-157.836677,21.531646],[-157.836474,21.531339],[-157.836386,21.531381],[-157.836572,21.531697],[-157.837412,21.532415]]]]},"properties":{"slr_ft":3.2}},{"type":"Feature","id":251,"geometry":{"type":"MultiPolygon","coordinates":[[[[-157.83637,21.530868],[-157.83647,21.530815],[-157.835649,21.52959],[-157.835192,21.528378],[-157.83475,21.527624],[-157.834522,21.526561],[-157.83446,21.526395],[-157.834407,21.526406],[-157.834629,21.527464],[-157.834812,21.527981],[-157.83561,21.52961],[-157.83637,21.530868]]]]},"properties":{"slr_ft":3.2}},{"type":"Feature","id":252,"geometry":{"type":"MultiPolygon","coordinates":[[[[-157.834703,21.526119],[-157.834821,21.526121],[-157.834894,21.525218],[-157.834788,21.524133],[-157.834899,21.523411],[-157.834843,21.522697],[-157.834785,21.522696],[-157.834703,21.526119]]]]},"properties":{"slr_ft":3.2}},{"type":"Feature","id":257,"geometry":{"type":"MultiPolygon","coordinates":[[[[-157.763911,21.461469],[-157.76408,21.461435],[-157.764088,21.461248],[-157.763915,21.460591],[-157.763966,21.460903],[-157.763911,21.461469]]]]},"properties":{"slr_ft":3.2}},{"type":"Feature","id":259,"geometry":{"type":"MultiPolygon","coordinates":[[[[-157.756289,21.456635],[-157.756316,21.456541],[-157.755963,21.45638],[-157.754828,21.456158],[-157.754305,21.455892],[-157.753741,21.455769],[-157.753045,21.455413],[-157.751915,21.455171],[-157.750626,21.454791],[-157.749767,21.454311],[-157.748521,21.453783],[-157.747536,21.453728],[-157.745859,21.453305],[-157.743098,21.453161],[-157.742723,21.453087],[-157.742681,21.45323],[-157.742865,21.453273],[-157.74466,21.453297],[-157.74601,21.453471],[-157.748452,21.454016],[-157.749716,21.454481],[-157.750403,21.454869],[-157.75244,21.455428],[-157.753485,21.455958],[-157.75427,21.456013],[-157.755755,21.456407],[-157.756289,21.456635]]]]},"properties":{"slr_ft":3.2}},{"type":"Feature","id":260,"geometry":{"type":"MultiPolygon","coordinates":[[[[-157.740546,21.453834],[-157.740408,21.453716],[-157.739945,21.45381],[-157.739588,21.453993],[-157.739505,21.454158],[-157.739665,21.454296],[-157.739912,21.454026],[-157.740546,21.453834]]]]},"properties":{"slr_ft":3.2}},{"type":"Feature","id":262,"geometry":{"type":"MultiPolygon","coordinates":[[[[-157.730983,21.399371],[-157.729617,21.398937],[-157.728757,21.398508],[-157.728193,21.398375],[-157.727552,21.397904],[-157.726508,21.39742],[-157.726365,21.397796],[-157.726537,21.397882],[-157.727437,21.398208],[-157.728122,21.398562],[-157.728705,21.398644],[-157.729599,21.398986],[-157.730983,21.399371]]]]},"properties":{"slr_ft":3.2}},{"type":"Feature","id":263,"geometry":{"type":"MultiPolygon","coordinates":[[[[-157.725205,21.396879],[-157.725416,21.396562],[-157.724908,21.396301],[-157.723804,21.39591],[-157.723162,21.395508],[-157.722607,21.395318],[-157.722018,21.395356],[-157.721439,21.3953],[-157.721371,21.395583],[-157.722514,21.395457],[-157.722701,21.395517],[-157.723205,21.395785],[-157.723639,21.396159],[-157.725205,21.396879]]]]},"properties":{"slr_ft":3.2}},{"type":"Feature","id":264,"geometry":{"type":"MultiPolygon","coordinates":[[[[-157.720116,21.395883],[-157.720301,21.395644],[-157.720161,21.395518],[-157.718349,21.394472],[-157.717638,21.393852],[-157.717152,21.393706],[-157.716641,21.393666],[-157.717462,21.39408],[-157.720116,21.395883]]]]},"properties":{"slr_ft":3.2}},{"type":"Feature","id":265,"geometry":{"type":"MultiPolygon","coordinates":[[[[-157.71249,21.389145],[-157.712112,21.388571],[-157.711724,21.387743],[-157.711372,21.386128],[-157.710506,21.384895],[-157.71033,21.384249],[-157.710052,21.383969],[-157.709752,21.383303],[-157.709294,21.382901],[-157.709079,21.382276],[-157.708997,21.381739],[-157.708648,21.381018],[-157.708516,21.380875],[-157.708204,21.381003],[-157.708607,21.381803],[-157.708761,21.382511],[-157.709449,21.384022],[-157.709625,21.384344],[-157.709788,21.384474],[-157.709803,21.384666],[-157.710039,21.384852],[-157.710624,21.385566],[-157.711057,21.386434],[-157.711601,21.38798],[-157.711975,21.388619],[-157.71249,21.389145]]]]},"properties":{"slr_ft":3.2}},{"type":"Feature","id":266,"geometry":{"type":"MultiPolygon","coordinates":[[[[-157.707823,21.380798],[-157.70792,21.380724],[-157.707758,21.380615],[-157.707563,21.380531],[-157.707465,21.380606],[-157.707823,21.380798]]]]},"properties":{"slr_ft":3.2}},{"type":"Feature","id":267,"geometry":{"type":"MultiPolygon","coordinates":[[[[-157.705843,21.379621],[-157.706405,21.379647],[-157.706763,21.37695],[-157.706716,21.376224],[-157.706854,21.376005],[-157.70723,21.375746],[-157.707317,21.375583],[-157.708157,21.372987],[-157.708214,21.372623],[-157.70856,21.372162],[-157.708906,21.37151],[-157.70901,21.370587],[-157.709295,21.369723],[-157.709483,21.369402],[-157.709753,21.36815],[-157.710056,21.367484],[-157.710309,21.366292],[-157.710282,21.365388],[-157.710046,21.364246],[-157.709871,21.363901],[-157.709775,21.36282],[-157.709813,21.362089],[-157.709502,21.361213],[-157.709397,21.360315],[-157.709408,21.359714],[-157.709134,21.359228],[-157.709075,21.358866],[-157.708405,21.357362],[-157.708207,21.356852],[-157.708153,21.356488],[-157.708015,21.356341],[-157.707764,21.35623],[-157.707686,21.356064],[-157.707634,21.35589],[-157.707764,21.355467],[-157.707412,21.354434],[-157.707322,21.353318],[-157.706918,21.352874],[-157.706837,21.352518],[-157.705965,21.351269],[-157.705635,21.349757],[-157.70527,21.34912],[-157.704796,21.348758],[-157.704621,21.348434],[-157.704421,21.348338],[-157.704317,21.348185],[-157.704256,21.348009],[-157.704296,21.347772],[-157.703728,21.347039],[-157.703185,21.345866],[-157.702875,21.345621],[-157.702435,21.345027],[-157.702127,21.344568],[-157.702034,21.344197],[-157.701838,21.344098],[-157.701626,21.343583],[-157.700745,21.342608],[-157.700288,21.34181],[-157.69992,21.341599],[-157.699606,21.341144],[-157.699632,21.340915],[-157.698248,21.339169],[-157.697539,21.337667],[-157.696574,21.336102],[-157.695498,21.334814],[-157.693081,21.33144],[-157.691564,21.330051],[-157.690582,21.329262],[-157.689291,21.328467],[-157.685061,21.326441],[-157.684158,21.326123],[-157.683196,21.325974],[-157.681956,21.325456],[-157.681321,21.325533],[-157.680784,21.325327],[-157.680123,21.324895],[-157.679232,21.324811],[-157.678604,21.32438],[-157.678228,21.324273],[-157.677908,21.324067],[-157.676743,21.322934],[-157.676531,21.323094],[-157.677567,21.324163],[-157.677931,21.324408],[-157.678506,21.32455],[-157.67942,21.325172],[-157.680182,21.325307],[-157.681437,21.32578],[-157.682029,21.325827],[-157.683259,21.326374],[-157.684958,21.326736],[-157.689175,21.328651],[-157.690475,21.329431],[-157.691298,21.330049],[-157.692383,21.331077],[-157.69312,21.331663],[-157.693619,21.332293],[-157.695369,21.33489],[-157.696398,21.336205],[-157.697101,21.337497],[-157.697332,21.337788],[-157.697954,21.339128],[-157.69856,21.340051],[-157.698941,21.340468],[-157.699103,21.340799],[-157.699386,21.341059],[-157.699373,21.34128],[-157.699715,21.341719],[-157.700081,21.341931],[-157.700563,21.342714],[-157.701469,21.343675],[-157.701713,21.344171],[-157.701915,21.344266],[-157.70201,21.344637],[-157.702762,21.345687],[-157.703076,21.34593],[-157.703666,21.347075],[-157.704147,21.347646],[-157.704236,21.347807],[-157.704193,21.348045],[-157.704255,21.348222],[-157.704363,21.348372],[-157.704569,21.348464],[-157.704889,21.348916],[-157.705221,21.349148],[-157.705578,21.349791],[-157.705854,21.351304],[-157.706413,21.352271],[-157.706673,21.35257],[-157.706758,21.352925],[-157.707166,21.353367],[-157.707308,21.354085],[-157.707284,21.354284],[-157.707696,21.355488],[-157.707552,21.355916],[-157.707597,21.356092],[-157.707669,21.35626],[-157.707916,21.356372],[-157.708048,21.356521],[-157.708082,21.356892],[-157.708601,21.358635],[-157.708766,21.358964],[-157.708764,21.359155],[-157.709102,21.359811],[-157.709147,21.359988],[-157.709091,21.360347],[-157.709216,21.361243],[-157.709512,21.362121],[-157.709481,21.362852],[-157.709587,21.363931],[-157.709749,21.364278],[-157.709967,21.36559],[-157.709929,21.366317],[-157.709801,21.366824],[-157.709586,21.367519],[-157.709331,21.36801],[-157.709034,21.369253],[-157.708843,21.369573],[-157.708527,21.370427],[-157.708388,21.371339],[-157.708086,21.372005],[-157.707753,21.37247],[-157.707689,21.372832],[-157.707177,21.373812],[-157.70649,21.375501],[-157.706187,21.375783],[-157.706073,21.37602],[-157.705879,21.377632],[-157.705843,21.379621]]]]},"properties":{"slr_ft":3.2}},{"type":"Feature","id":268,"geometry":{"type":"MultiPolygon","coordinates":[[[[-157.67368,21.321914],[-157.673789,21.321781],[-157.673137,21.321396],[-157.673081,21.321464],[-157.67368,21.321914]]]]},"properties":{"slr_ft":3.2}},{"type":"Feature","id":269,"geometry":{"type":"MultiPolygon","coordinates":[[[[-157.672525,21.321037],[-157.672679,21.320946],[-157.672136,21.3202],[-157.67198,21.320292],[-157.672525,21.321037]]]]},"properties":{"slr_ft":3.2}},{"type":"Feature","id":274,"geometry":{"type":"MultiPolygon","coordinates":[[[[-157.674616,21.285273],[-157.674283,21.285537],[-157.673552,21.285786],[-157.672404,21.285944],[-157.672163,21.285756],[-157.671772,21.285772],[-157.671251,21.286073],[-157.67083,21.285962],[-157.670637,21.285981],[-157.670465,21.28609],[-157.67009,21.286173],[-157.670126,21.286326],[-157.670878,21.286168],[-157.671302,21.286295],[-157.671823,21.285987],[-157.672217,21.285985],[-157.672461,21.286186],[-157.674351,21.28583],[-157.674692,21.2856],[-157.674616,21.285273]]]]},"properties":{"slr_ft":3.2}},{"type":"Feature","id":275,"geometry":{"type":"MultiPolygon","coordinates":[[[[-157.69731,21.268183],[-157.697441,21.268612],[-157.697468,21.269202],[-157.69729,21.270492],[-157.697194,21.270844],[-157.697043,21.270984],[-157.697051,21.27118],[-157.696319,21.272078],[-157.69625,21.272267],[-157.696339,21.272086],[-157.697068,21.271379],[-157.697183,21.271227],[-157.697181,21.271033],[-157.69733,21.270893],[-157.697427,21.270154],[-157.697686,21.26928],[-157.69765,21.26888],[-157.697442,21.268134],[-157.69731,21.268183]]]]},"properties":{"slr_ft":3.2}},{"type":"Feature","id":276,"geometry":{"type":"MultiPolygon","coordinates":[[[[-157.721236,21.284086],[-157.720267,21.284168],[-157.719049,21.284714],[-157.719112,21.284812],[-157.71968,21.284655],[-157.720344,21.284288],[-157.72121,21.284247],[-157.721236,21.284086]]]]},"properties":{"slr_ft":3.2}},{"type":"Feature","id":277,"geometry":{"type":"MultiPolygon","coordinates":[[[[-157.713716,21.281764],[-157.713031,21.281443],[-157.712298,21.281255],[-157.712234,21.281479],[-157.713664,21.281849],[-157.713716,21.281764]]]]},"properties":{"slr_ft":3.2}},{"type":"Feature","id":278,"geometry":{"type":"MultiPolygon","coordinates":[[[[-157.711284,21.280788],[-157.710774,21.280219],[-157.710379,21.279407],[-157.709506,21.278214],[-157.709264,21.277549],[-157.709458,21.277303],[-157.709259,21.276681],[-157.708964,21.27691],[-157.709212,21.277337],[-157.708976,21.277621],[-157.709116,21.278251],[-157.710312,21.279871],[-157.71069,21.280302],[-157.711284,21.280788]]]]},"properties":{"slr_ft":3.2}},{"type":"Feature","id":279,"geometry":{"type":"MultiPolygon","coordinates":[[[[-157.722547,21.281844],[-157.722753,21.281973],[-157.722774,21.281769],[-157.723073,21.281494],[-157.724609,21.281336],[-157.726347,21.28137],[-157.72764,21.281246],[-157.728606,21.281407],[-157.72746,21.281177],[-157.724599,21.281109],[-157.722876,21.281413],[-157.722588,21.281652],[-157.722547,21.281844]]]]},"properties":{"slr_ft":3.2}},{"type":"Feature","id":280,"geometry":{"type":"MultiPolygon","coordinates":[[[[-157.731753,21.281946],[-157.732474,21.282256],[-157.732857,21.282216],[-157.73339,21.281959],[-157.733363,21.281791],[-157.732625,21.281989],[-157.731753,21.281946]]]]},"properties":{"slr_ft":3.2}},{"type":"Feature","id":281,"geometry":{"type":"MultiPolygon","coordinates":[[[[-157.736793,21.280418],[-157.736849,21.280575],[-157.737983,21.280363],[-157.737895,21.280116],[-157.736793,21.280418]]]]},"properties":{"slr_ft":3.2}},{"type":"Feature","id":282,"geometry":{"type":"MultiPolygon","coordinates":[[[[-157.738553,21.280057],[-157.738579,21.280225],[-157.739999,21.27989],[-157.738553,21.280057]]]]},"properties":{"slr_ft":3.2}},{"type":"Feature","id":283,"geometry":{"type":"MultiPolygon","coordinates":[[[[-157.741019,21.279909],[-157.742319,21.280046],[-157.742896,21.280027],[-157.743442,21.27988],[-157.744221,21.279352],[-157.744182,21.279295],[-157.744016,21.279383],[-157.743898,21.279545],[-157.743409,21.279833],[-157.742902,21.279945],[-157.742322,21.279993],[-157.741019,21.279909]]]]},"properties":{"slr_ft":3.2}},{"type":"Feature","id":284,"geometry":{"type":"MultiPolygon","coordinates":[[[[-157.744258,21.278953],[-157.745764,21.278621],[-157.74684,21.278229],[-157.746819,21.278167],[-157.746105,21.278435],[-157.744258,21.278953]]]]},"properties":{"slr_ft":3.2}},{"type":"Feature","id":303,"geometry":{"type":"MultiPolygon","coordinates":[[[[-157.833844,21.278142],[-157.833493,21.278658],[-157.834355,21.279071],[-157.835091,21.279273],[-157.836077,21.280384],[-157.836647,21.280844],[-157.835133,21.278937],[-157.834837,21.2787],[-157.833844,21.278142]]]]},"properties":{"slr_ft":3.2}},{"type":"Feature","id":285,"geometry":{"type":"MultiPolygon","coordinates":[[[[-157.747359,21.277793],[-157.749033,21.277291],[-157.749439,21.27733],[-157.749997,21.277196],[-157.750549,21.277198],[-157.751297,21.277362],[-157.751761,21.277324],[-157.75344,21.276667],[-157.753375,21.276506],[-157.752256,21.277002],[-157.752053,21.276989],[-157.751499,21.277145],[-157.750972,21.277099],[-157.750604,21.276989],[-157.749952,21.277022],[-157.749398,21.277168],[-157.749006,21.277189],[-157.747359,21.277793]]]]},"properties":{"slr_ft":3.2}},{"type":"Feature","id":286,"geometry":{"type":"MultiPolygon","coordinates":[[[[-157.759819,21.276064],[-157.759805,21.276212],[-157.760579,21.27621],[-157.76109,21.2764],[-157.761657,21.276289],[-157.764907,21.274984],[-157.765392,21.274691],[-157.765691,21.274626],[-157.766321,21.274205],[-157.767012,21.27388],[-157.767641,21.273457],[-157.767834,21.273409],[-157.768202,21.273086],[-157.768718,21.272783],[-157.769263,21.272602],[-157.77032,21.272516],[-157.771105,21.272372],[-157.771835,21.272157],[-157.771805,21.27207],[-157.770889,21.272329],[-157.769228,21.272508],[-157.768679,21.272679],[-157.767818,21.273383],[-157.767625,21.273433],[-157.764885,21.274946],[-157.762455,21.275896],[-157.761631,21.276155],[-157.76106,21.276242],[-157.759819,21.276064]]]]},"properties":{"slr_ft":3.2}},{"type":"Feature","id":287,"geometry":{"type":"MultiPolygon","coordinates":[[[[-157.772409,21.271683],[-157.772439,21.271762],[-157.772984,21.271581],[-157.773957,21.271447],[-157.775505,21.270967],[-157.776271,21.270481],[-157.776948,21.269837],[-157.777143,21.269757],[-157.777412,21.269121],[-157.777429,21.268837],[-157.777392,21.269104],[-157.776892,21.269549],[-157.7767,21.269631],[-157.776024,21.270277],[-157.774967,21.270783],[-157.773149,21.271478],[-157.772409,21.271683]]]]},"properties":{"slr_ft":3.2}},{"type":"Feature","id":290,"geometry":{"type":"MultiPolygon","coordinates":[[[[-157.779698,21.265582],[-157.780698,21.265039],[-157.781421,21.264752],[-157.782088,21.264062],[-157.782405,21.263855],[-157.783556,21.26352],[-157.784595,21.263027],[-157.785044,21.263007],[-157.785218,21.262925],[-157.785439,21.262479],[-157.786074,21.262044],[-157.787061,21.261458],[-157.787631,21.261323],[-157.788569,21.26064],[-157.789137,21.260501],[-157.789445,21.260263],[-157.789981,21.260059],[-157.790524,21.259406],[-157.791215,21.259028],[-157.791409,21.258712],[-157.791214,21.258534],[-157.791004,21.258836],[-157.790678,21.259043],[-157.790164,21.259582],[-157.789848,21.259786],[-157.788452,21.260399],[-157.786772,21.2613],[-157.785176,21.261939],[-157.78352,21.263144],[-157.781959,21.263879],[-157.781067,21.264579],[-157.780396,21.264939],[-157.779698,21.265582]]]]},"properties":{"slr_ft":3.2}},{"type":"Feature","id":304,"geometry":{"type":"MultiPolygon","coordinates":[[[[-157.836909,21.281055],[-157.83714,21.281314],[-157.83712,21.281388],[-157.837303,21.281468],[-157.837557,21.281744],[-157.838475,21.281971],[-157.838683,21.281965],[-157.838794,21.282043],[-157.840117,21.28181],[-157.840218,21.281612],[-157.840473,21.281485],[-157.840234,21.281097],[-157.840024,21.281298],[-157.839945,21.281532],[-157.838857,21.28188],[-157.838523,21.281847],[-157.837639,21.281656],[-157.837403,21.281361],[-157.836909,21.281055]]]]},"properties":{"slr_ft":3.2}},{"type":"Feature","id":291,"geometry":{"type":"MultiPolygon","coordinates":[[[[-157.796253,21.257345],[-157.7963,21.257519],[-157.797203,21.257184],[-157.798003,21.257201],[-157.79897,21.257099],[-157.799138,21.256986],[-157.800775,21.256424],[-157.801723,21.256253],[-157.803694,21.256189],[-157.804442,21.256011],[-157.806061,21.255384],[-157.806622,21.255251],[-157.807016,21.255236],[-157.807235,21.255311],[-157.807163,21.255044],[-157.806574,21.255074],[-157.80564,21.255297],[-157.804027,21.255947],[-157.803072,21.256093],[-157.801675,21.256073],[-157.800354,21.256336],[-157.799084,21.256787],[-157.798919,21.256913],[-157.797963,21.257055],[-157.797163,21.257036],[-157.796633,21.257282],[-157.796253,21.257345]]]]},"properties":{"slr_ft":3.2}},{"type":"Feature","id":292,"geometry":{"type":"MultiPolygon","coordinates":[[[[-157.811311,21.256022],[-157.811323,21.256208],[-157.811713,21.256273],[-157.812669,21.256125],[-157.813538,21.256086],[-157.814617,21.256301],[-157.816157,21.257054],[-157.817288,21.257743],[-157.818184,21.258021],[-157.81832,21.258134],[-157.818556,21.257797],[-157.81826,21.257669],[-157.818063,21.257716],[-157.817299,21.2576],[-157.816276,21.256863],[-157.814739,21.256105],[-157.813379,21.255863],[-157.8117,21.256072],[-157.811311,21.256022]]]]},"properties":{"slr_ft":3.2}},{"type":"Feature","id":293,"geometry":{"type":"MultiPolygon","coordinates":[[[[-157.820793,21.260895],[-157.820384,21.261469],[-157.820805,21.261529],[-157.821219,21.262116],[-157.821245,21.262451],[-157.821484,21.262373],[-157.821526,21.262017],[-157.821442,21.26147],[-157.821285,21.261181],[-157.820793,21.260895]]]]},"properties":{"slr_ft":3.2}},{"type":"Feature","id":294,"geometry":{"type":"MultiPolygon","coordinates":[[[[-157.821507,21.262504],[-157.821249,21.262578],[-157.821454,21.263125],[-157.821544,21.262682],[-157.821507,21.262504]]]]},"properties":{"slr_ft":3.2}},{"type":"Feature","id":295,"geometry":{"type":"MultiPolygon","coordinates":[[[[-157.822037,21.265229],[-157.821034,21.265491],[-157.821241,21.266],[-157.821058,21.266797],[-157.821793,21.267356],[-157.822074,21.267658],[-157.822058,21.2686],[-157.822755,21.268418],[-157.822723,21.267863],[-157.822596,21.267334],[-157.822627,21.267138],[-157.822037,21.265229]]]]},"properties":{"slr_ft":3.2}},{"type":"Feature","id":296,"geometry":{"type":"MultiPolygon","coordinates":[[[[-157.822773,21.268545],[-157.822625,21.268551],[-157.822666,21.269997],[-157.822773,21.270223],[-157.822692,21.269995],[-157.822773,21.268545]]]]},"properties":{"slr_ft":3.2}},{"type":"Feature","id":297,"geometry":{"type":"MultiPolygon","coordinates":[[[[-157.823028,21.271541],[-157.82288,21.2716],[-157.82306,21.272118],[-157.823399,21.272571],[-157.823717,21.27323],[-157.823837,21.273182],[-157.823028,21.271541]]]]},"properties":{"slr_ft":3.2}},{"type":"Feature","id":298,"geometry":{"type":"MultiPolygon","coordinates":[[[[-157.824077,21.273346],[-157.82383,21.273454],[-157.824108,21.274329],[-157.824606,21.274976],[-157.825033,21.275177],[-157.825126,21.27487],[-157.824693,21.274689],[-157.824118,21.273727],[-157.824077,21.273346]]]]},"properties":{"slr_ft":3.2}},{"type":"Feature","id":299,"geometry":{"type":"MultiPolygon","coordinates":[[[[-157.825232,21.275],[-157.825154,21.275111],[-157.825208,21.275365],[-157.825336,21.275512],[-157.8255,21.275607],[-157.82574,21.275593],[-157.826704,21.276192],[-157.827089,21.2763],[-157.827287,21.276473],[-157.827101,21.276282],[-157.826728,21.276157],[-157.825767,21.275554],[-157.82554,21.27555],[-157.825275,21.275269],[-157.825232,21.275]]]]},"properties":{"slr_ft":3.2}},{"type":"Feature","id":300,"geometry":{"type":"MultiPolygon","coordinates":[[[[-157.828713,21.276759],[-157.829667,21.276854],[-157.829681,21.276625],[-157.828713,21.276759]]]]},"properties":{"slr_ft":3.2}},{"type":"Feature","id":301,"geometry":{"type":"MultiPolygon","coordinates":[[[[-157.829761,21.276624],[-157.82973,21.276732],[-157.830992,21.277205],[-157.831323,21.277443],[-157.83169,21.277557],[-157.831762,21.277303],[-157.831385,21.277228],[-157.829761,21.276624]]]]},"properties":{"slr_ft":3.2}},{"type":"Feature","id":302,"geometry":{"type":"MultiPolygon","coordinates":[[[[-157.832508,21.277487],[-157.832466,21.277634],[-157.833464,21.278108],[-157.833553,21.277935],[-157.832961,21.277626],[-157.832508,21.277487]]]]},"properties":{"slr_ft":3.2}},{"type":"Feature","id":308,"geometry":{"type":"MultiPolygon","coordinates":[[[[-157.847371,21.288763],[-157.847968,21.289197],[-157.848863,21.289539],[-157.85144,21.290291],[-157.85277,21.290544],[-157.853607,21.290832],[-157.854596,21.291584],[-157.854998,21.292017],[-157.855248,21.291607],[-157.852824,21.290386],[-157.847371,21.288763]]]]},"properties":{"slr_ft":3.2}},{"type":"Feature","id":309,"geometry":{"type":"MultiPolygon","coordinates":[[[[-157.87674,21.301219],[-157.876737,21.301355],[-157.876932,21.301248],[-157.877702,21.301344],[-157.879356,21.301209],[-157.877703,21.301266],[-157.876935,21.301124],[-157.87674,21.301219]]]]},"properties":{"slr_ft":3.2}},{"type":"Feature","id":310,"geometry":{"type":"MultiPolygon","coordinates":[[[[-157.882003,21.300842],[-157.882048,21.301086],[-157.882237,21.30105],[-157.882768,21.300745],[-157.883394,21.300958],[-157.883792,21.301],[-157.883692,21.300458],[-157.882902,21.300411],[-157.882376,21.300742],[-157.882003,21.300842]]]]},"properties":{"slr_ft":3.2}},{"type":"Feature","id":311,"geometry":{"type":"MultiPolygon","coordinates":[[[[-157.970584,21.325152],[-157.970647,21.325156],[-157.97078,21.32426],[-157.970719,21.323849],[-157.970584,21.325152]]]]},"properties":{"slr_ft":3.2}},{"type":"Feature","id":312,"geometry":{"type":"MultiPolygon","coordinates":[[[[-157.970981,21.322642],[-157.971458,21.322277],[-157.972175,21.32229],[-157.972307,21.322158],[-157.972425,21.321764],[-157.972627,21.321444],[-157.973105,21.321123],[-157.973351,21.320843],[-157.973779,21.320727],[-157.973907,21.320592],[-157.974119,21.320532],[-157.974421,21.320052],[-157.975006,21.319826],[-157.975631,21.319387],[-157.976382,21.31906],[-157.976925,21.318546],[-157.977503,21.318477],[-157.977844,21.318308],[-157.978096,21.317976],[-157.978229,21.317428],[-157.978837,21.316954],[-157.979164,21.316798],[-157.979758,21.31681],[-157.980637,21.316339],[-157.98102,21.31629],[-157.984064,21.315347],[-157.982682,21.315791],[-157.980993,21.316168],[-157.979816,21.316192],[-157.978989,21.316016],[-157.978455,21.316257],[-157.978172,21.316532],[-157.977827,21.316693],[-157.977608,21.317086],[-157.976353,21.318033],[-157.97586,21.318591],[-157.974074,21.319991],[-157.973872,21.32031],[-157.973681,21.320389],[-157.973598,21.320565],[-157.972818,21.321116],[-157.971956,21.322094],[-157.971667,21.322085],[-157.97136,21.322243],[-157.970981,21.322642]]]]},"properties":{"slr_ft":3.2}},{"type":"Feature","id":314,"geometry":{"type":"MultiPolygon","coordinates":[[[[-157.99911,21.312011],[-158.001225,21.3115],[-158.002748,21.311262],[-158.0048,21.310745],[-158.005573,21.31068],[-158.006315,21.310474],[-158.008979,21.310051],[-158.009151,21.30994],[-158.010103,21.309792],[-158.011694,21.309407],[-158.011665,21.309278],[-158.010262,21.309624],[-158.009112,21.309769],[-158.008939,21.309876],[-158.0076,21.310056],[-158.005536,21.310516],[-158.005142,21.310514],[-158.002722,21.311147],[-158.000457,21.311586],[-157.99911,21.312011]]]]},"properties":{"slr_ft":3.2}},{"type":"Feature","id":315,"geometry":{"type":"MultiPolygon","coordinates":[[[[-158.024187,21.306341],[-158.024262,21.306623],[-158.025236,21.306549],[-158.026475,21.306725],[-158.027555,21.306304],[-158.028531,21.306237],[-158.029069,21.306018],[-158.030391,21.30576],[-158.030551,21.305612],[-158.031262,21.305299],[-158.032719,21.304802],[-158.03261,21.304392],[-158.032422,21.304431],[-158.030787,21.305008],[-158.030433,21.305172],[-158.030278,21.305337],[-158.029357,21.305606],[-158.028467,21.305998],[-158.027511,21.306139],[-158.026391,21.306408],[-158.025156,21.306248],[-158.024187,21.306341]]]]},"properties":{"slr_ft":3.2}},{"type":"Feature","id":316,"geometry":{"type":"MultiPolygon","coordinates":[[[[-158.044058,21.303841],[-158.044109,21.303947],[-158.044923,21.303876],[-158.045495,21.303745],[-158.045627,21.303582],[-158.046205,21.303463],[-158.046345,21.303316],[-158.047446,21.302964],[-158.048112,21.302591],[-158.048544,21.302174],[-158.048873,21.301978],[-158.051503,21.301264],[-158.052862,21.301255],[-158.054785,21.301102],[-158.055353,21.30099],[-158.057479,21.300906],[-158.058629,21.300789],[-158.059001,21.300662],[-158.059575,21.300597],[-158.060547,21.300601],[-158.061104,21.300405],[-158.061907,21.300598],[-158.062099,21.300585],[-158.063053,21.300454],[-158.063611,21.300268],[-158.064942,21.300046],[-158.065718,21.300035],[-158.066521,21.300231],[-158.067693,21.300278],[-158.069178,21.299755],[-158.069943,21.299667],[-158.07143,21.299154],[-158.071974,21.298862],[-158.072349,21.298761],[-158.072937,21.2988],[-158.07346,21.298581],[-158.07344,21.298431],[-158.07175,21.298643],[-158.070263,21.299151],[-158.069123,21.299339],[-158.067643,21.299905],[-158.066093,21.299934],[-158.065687,21.299803],[-158.06491,21.299802],[-158.063015,21.300168],[-158.061865,21.300285],[-158.061074,21.300178],[-158.060513,21.300346],[-158.059542,21.300346],[-158.058601,21.300575],[-158.057454,21.300717],[-158.055329,21.300813],[-158.054763,21.300938],[-158.052842,21.301099],[-158.051859,21.301011],[-158.051093,21.301101],[-158.049776,21.301423],[-158.048786,21.301801],[-158.047995,21.302351],[-158.046247,21.303113],[-158.046113,21.303273],[-158.045549,21.303422],[-158.045422,21.303595],[-158.044865,21.303757],[-158.044058,21.303841]]]]},"properties":{"slr_ft":3.2}},{"type":"Feature","id":317,"geometry":{"type":"MultiPolygon","coordinates":[[[[-158.075047,21.298616],[-158.07506,21.298925],[-158.075823,21.298722],[-158.076401,21.298704],[-158.077759,21.298872],[-158.078143,21.298845],[-158.078333,21.298759],[-158.07891,21.298719],[-158.080014,21.298465],[-158.080001,21.298155],[-158.07832,21.298458],[-158.078132,21.298566],[-158.077748,21.298625],[-158.075813,21.298489],[-158.075047,21.298616]]]]},"properties":{"slr_ft":3.2}},{"type":"Feature","id":318,"geometry":{"type":"MultiPolygon","coordinates":[[[[-158.088834,21.295813],[-158.088844,21.296032],[-158.090386,21.29598],[-158.091933,21.296031],[-158.094427,21.295725],[-158.096551,21.295754],[-158.096941,21.295824],[-158.097904,21.295791],[-158.098371,21.295617],[-158.098361,21.2954],[-158.09789,21.295517],[-158.096533,21.295399],[-158.095572,21.295463],[-158.095184,21.295422],[-158.091344,21.295837],[-158.088834,21.295813]]]]},"properties":{"slr_ft":3.2}},{"type":"Feature","id":319,"geometry":{"type":"MultiPolygon","coordinates":[[[[-158.130698,21.356784],[-158.130206,21.356945],[-158.130261,21.35731],[-158.13045,21.35763],[-158.130577,21.358546],[-158.130884,21.359211],[-158.131296,21.359842],[-158.131493,21.360734],[-158.13203,21.361324],[-158.13267,21.363029],[-158.133015,21.36349],[-158.133129,21.363835],[-158.133815,21.365142],[-158.13406,21.365443],[-158.134433,21.365321],[-158.133598,21.363682],[-158.133496,21.363332],[-158.133179,21.362862],[-158.132482,21.361176],[-158.132007,21.360566],[-158.131783,21.359683],[-158.131377,21.35905],[-158.131025,21.358208],[-158.130923,21.357476],[-158.130756,21.357147],[-158.130698,21.356784]]]]},"properties":{"slr_ft":3.2}},{"type":"Feature","id":320,"geometry":{"type":"MultiPolygon","coordinates":[[[[-158.140786,21.375282],[-158.14061,21.375406],[-158.140975,21.375827],[-158.141475,21.376605],[-158.14211,21.377288],[-158.142623,21.377707],[-158.142765,21.377606],[-158.142377,21.377326],[-158.141613,21.376508],[-158.140786,21.375282]]]]},"properties":{"slr_ft":3.2}},{"type":"Feature","id":321,"geometry":{"type":"MultiPolygon","coordinates":[[[[-158.146832,21.382242],[-158.14668,21.382399],[-158.147287,21.383385],[-158.147663,21.383803],[-158.14936,21.385278],[-158.151294,21.386777],[-158.151878,21.387519],[-158.152757,21.388225],[-158.153363,21.388944],[-158.154394,21.389762],[-158.154743,21.390209],[-158.155491,21.390781],[-158.156145,21.39145],[-158.156615,21.391771],[-158.157447,21.392795],[-158.15789,21.392876],[-158.15822,21.393073],[-158.158424,21.393401],[-158.158697,21.393656],[-158.159275,21.393867],[-158.1598,21.3944],[-158.16013,21.394597],[-158.160372,21.394885],[-158.160907,21.39514],[-158.161537,21.395565],[-158.161918,21.39571],[-158.162515,21.39617],[-158.162999,21.396208],[-158.163921,21.396819],[-158.164086,21.396649],[-158.163984,21.396536],[-158.16318,21.396021],[-158.162708,21.395971],[-158.162117,21.395505],[-158.161757,21.395339],[-158.161488,21.395079],[-158.160616,21.394633],[-158.160372,21.394348],[-158.159902,21.394026],[-158.159245,21.393629],[-158.158853,21.393496],[-158.15841,21.392877],[-158.158101,21.392658],[-158.157679,21.392556],[-158.157255,21.392187],[-158.15682,21.39156],[-158.15638,21.391208],[-158.156287,21.391036],[-158.155534,21.390468],[-158.154758,21.389656],[-158.153068,21.388173],[-158.151765,21.38683],[-158.151308,21.386494],[-158.150797,21.385946],[-158.150342,21.385609],[-158.147886,21.383305],[-158.147434,21.382965],[-158.146832,21.382242]]]]},"properties":{"slr_ft":3.2}},{"type":"Feature","id":322,"geometry":{"type":"MultiPolygon","coordinates":[[[[-158.176796,21.403749],[-158.176608,21.403886],[-158.177089,21.40468],[-158.177786,21.405401],[-158.178064,21.406456],[-158.17812,21.406814],[-158.17805,21.406986],[-158.177776,21.407465],[-158.177381,21.407872],[-158.177712,21.40807],[-158.17838,21.407139],[-158.17837,21.40659],[-158.178091,21.405352],[-158.177308,21.404521],[-158.176796,21.403749]]]]},"properties":{"slr_ft":3.2}},{"type":"Feature","id":323,"geometry":{"type":"MultiPolygon","coordinates":[[[[-158.177599,21.409996],[-158.177141,21.409861],[-158.177113,21.410421],[-158.17665,21.410853],[-158.176507,21.411668],[-158.176772,21.413827],[-158.17789,21.416942],[-158.177911,21.417122],[-158.177513,21.418108],[-158.177459,21.418485],[-158.177462,21.419402],[-158.1777,21.420464],[-158.17788,21.421902],[-158.178116,21.422597],[-158.178062,21.423341],[-158.177758,21.424311],[-158.177725,21.424684],[-158.177799,21.425222],[-158.17797,21.425744],[-158.17795,21.426666],[-158.178112,21.427556],[-158.178193,21.427726],[-158.178639,21.428018],[-158.178765,21.42818],[-158.178857,21.428531],[-158.179708,21.428386],[-158.179548,21.427862],[-158.179147,21.427563],[-158.179072,21.427393],[-158.179083,21.427207],[-158.178886,21.426506],[-158.178999,21.425752],[-158.178874,21.425039],[-158.178986,21.42355],[-158.178757,21.422304],[-158.178544,21.421789],[-158.178093,21.419295],[-158.17836,21.416862],[-158.177849,21.414929],[-158.17742,21.413716],[-158.177035,21.411945],[-158.177027,21.410964],[-158.177118,21.410801],[-158.177458,21.410523],[-158.177599,21.410185],[-158.177599,21.409996]]]]},"properties":{"slr_ft":3.2}},{"type":"Feature","id":324,"geometry":{"type":"MultiPolygon","coordinates":[[[[-158.189964,21.441737],[-158.18966,21.441698],[-158.18889,21.442453],[-158.188713,21.44312],[-158.188703,21.443483],[-158.188845,21.443834],[-158.188594,21.44467],[-158.189174,21.445405],[-158.190159,21.446351],[-158.1905,21.447253],[-158.190983,21.447552],[-158.191542,21.447745],[-158.19199,21.448093],[-158.192341,21.448049],[-158.192653,21.448292],[-158.192745,21.448237],[-158.19241,21.447794],[-158.19223,21.447757],[-158.190966,21.446927],[-158.190515,21.446496],[-158.189899,21.445663],[-158.189123,21.444412],[-158.189067,21.443961],[-158.189132,21.443812],[-158.189026,21.443458],[-158.189177,21.442577],[-158.189779,21.441854],[-158.189964,21.441737]]]]},"properties":{"slr_ft":3.2}},{"type":"Feature","id":325,"geometry":{"type":"MultiPolygon","coordinates":[[[[-158.193421,21.448775],[-158.193255,21.449026],[-158.193815,21.449209],[-158.193986,21.44895],[-158.193421,21.448775]]]]},"properties":{"slr_ft":3.2}},{"type":"Feature","id":326,"geometry":{"type":"MultiPolygon","coordinates":[[[[-158.20545,21.459103],[-158.20536,21.459273],[-158.205836,21.459596],[-158.206539,21.460307],[-158.208879,21.461175],[-158.209643,21.461353],[-158.209807,21.461041],[-158.2079,21.460582],[-158.20701,21.460228],[-158.20667,21.460056],[-158.20545,21.459103]]]]},"properties":{"slr_ft":3.2}},{"type":"Feature","id":327,"geometry":{"type":"MultiPolygon","coordinates":[[[[-158.212793,21.46139],[-158.212503,21.461477],[-158.212437,21.462066],[-158.212529,21.462418],[-158.212861,21.463267],[-158.213082,21.46339],[-158.213202,21.463734],[-158.213567,21.464194],[-158.213694,21.464156],[-158.213314,21.4637],[-158.213198,21.463356],[-158.212981,21.463231],[-158.212895,21.463067],[-158.212667,21.461997],[-158.212793,21.46139]]]]},"properties":{"slr_ft":3.2}},{"type":"Feature","id":329,"geometry":{"type":"MultiPolygon","coordinates":[[[[-158.219531,21.475181],[-158.219355,21.475356],[-158.219659,21.475844],[-158.21962,21.476147],[-158.219743,21.476553],[-158.220181,21.477172],[-158.221197,21.47827],[-158.221941,21.478585],[-158.222655,21.478665],[-158.223404,21.478447],[-158.224349,21.478716],[-158.225303,21.478567],[-158.225249,21.478347],[-158.224301,21.478518],[-158.22357,21.478282],[-158.222821,21.4785],[-158.222569,21.478487],[-158.222112,21.478414],[-158.221399,21.478069],[-158.220308,21.477045],[-158.219885,21.476411],[-158.219743,21.476024],[-158.21978,21.475723],[-158.219531,21.475181]]]]},"properties":{"slr_ft":3.2}},{"type":"Feature","id":330,"geometry":{"type":"MultiPolygon","coordinates":[[[[-158.229763,21.489206],[-158.228898,21.489184],[-158.228845,21.489905],[-158.228983,21.490813],[-158.22931,21.492086],[-158.229243,21.494073],[-158.22953,21.494803],[-158.22944,21.495885],[-158.229219,21.496241],[-158.229062,21.49696],[-158.229085,21.498226],[-158.229464,21.498236],[-158.229335,21.496967],[-158.229485,21.496429],[-158.229778,21.496075],[-158.22984,21.495896],[-158.229829,21.495353],[-158.229641,21.494083],[-158.229748,21.492097],[-158.229533,21.491007],[-158.229721,21.490108],[-158.229763,21.489206]]]]},"properties":{"slr_ft":3.2}},{"type":"Feature","id":331,"geometry":{"type":"MultiPolygon","coordinates":[[[[-158.228954,21.51113],[-158.228607,21.510969],[-158.228241,21.511994],[-158.228553,21.512139],[-158.228954,21.51113]]]]},"properties":{"slr_ft":3.2}},{"type":"Feature","id":332,"geometry":{"type":"MultiPolygon","coordinates":[[[[-158.228821,21.516988],[-158.228629,21.51692],[-158.228576,21.517287],[-158.228418,21.517618],[-158.228415,21.51803],[-158.228537,21.51766],[-158.228743,21.517346],[-158.228821,21.516988]]]]},"properties":{"slr_ft":3.2}},{"type":"Feature","id":333,"geometry":{"type":"MultiPolygon","coordinates":[[[[-158.228983,21.527274],[-158.228428,21.527354],[-158.228563,21.528431],[-158.228546,21.529896],[-158.229147,21.532369],[-158.229166,21.533097],[-158.229252,21.533451],[-158.229744,21.534294],[-158.230104,21.535157],[-158.230505,21.535749],[-158.230291,21.535313],[-158.229976,21.534261],[-158.229439,21.532876],[-158.22911,21.530546],[-158.228899,21.529663],[-158.228983,21.527274]]]]},"properties":{"slr_ft":3.2}},{"type":"Feature","id":335,"geometry":{"type":"MultiPolygon","coordinates":[[[[-158.23136,21.537323],[-158.231096,21.537498],[-158.231746,21.537732],[-158.231827,21.537678],[-158.23136,21.537323]]]]},"properties":{"slr_ft":3.2}},{"type":"Feature","id":336,"geometry":{"type":"MultiPolygon","coordinates":[[[[-158.240244,21.545834],[-158.239772,21.546219],[-158.23983,21.546652],[-158.240195,21.547554],[-158.240571,21.547966],[-158.240859,21.54869],[-158.241052,21.548772],[-158.241095,21.548977],[-158.24149,21.549374],[-158.242152,21.549793],[-158.242564,21.549936],[-158.243125,21.550437],[-158.243194,21.550621],[-158.243677,21.550946],[-158.24404,21.551369],[-158.244994,21.552029],[-158.245479,21.552592],[-158.246021,21.55357],[-158.24642,21.553244],[-158.245619,21.552238],[-158.24483,21.551443],[-158.244294,21.551162],[-158.24377,21.55063],[-158.24359,21.550537],[-158.243393,21.550218],[-158.242849,21.549703],[-158.242458,21.549543],[-158.24187,21.549063],[-158.241537,21.548616],[-158.241504,21.548403],[-158.241321,21.548313],[-158.24098,21.547872],[-158.240911,21.547688],[-158.240552,21.547262],[-158.240325,21.546488],[-158.240244,21.545834]]]]},"properties":{"slr_ft":3.2}},{"type":"Feature","id":238,"geometry":{"type":"MultiPolygon","coordinates":[[[[-157.949265,21.690854],[-157.949385,21.690785],[-157.949069,21.690118],[-157.948284,21.689302],[-157.948213,21.689343],[-157.94895,21.690186],[-157.949265,21.690854]]]]},"properties":{"slr_ft":2}},{"type":"Feature","id":239,"geometry":{"type":"MultiPolygon","coordinates":[[[[-157.945409,21.684973],[-157.945439,21.684733],[-157.94532,21.684371],[-157.944669,21.683473],[-157.944075,21.682931],[-157.944617,21.683507],[-157.945268,21.684404],[-157.945409,21.684973]]]]},"properties":{"slr_ft":2}},{"type":"Feature","id":272,"geometry":{"type":"MultiPolygon","coordinates":[[[[-157.671126,21.319456],[-157.671211,21.319352],[-157.67092,21.319114],[-157.669954,21.318665],[-157.669574,21.318039],[-157.669468,21.318111],[-157.669912,21.318693],[-157.670313,21.318959],[-157.670702,21.319089],[-157.671126,21.319456]]]]},"properties":{"slr_ft":2}},{"type":"Feature","id":211,"geometry":{"type":"MultiPolygon","coordinates":[[[[-158.234451,21.57964],[-158.234463,21.579301],[-158.233686,21.579412],[-158.233494,21.579376],[-158.233118,21.579106],[-158.232736,21.578975],[-158.230425,21.578747],[-158.228892,21.578384],[-158.228503,21.578439],[-158.227716,21.578806],[-158.227327,21.578888],[-158.225399,21.578747],[-158.224231,21.57897],[-158.223464,21.578801],[-158.222894,21.578542],[-158.221741,21.578347],[-158.219429,21.578162],[-158.218096,21.578312],[-158.217027,21.578762],[-158.215866,21.578904],[-158.215498,21.579014],[-158.214779,21.579293],[-158.214483,21.579644],[-158.214001,21.580045],[-158.21362,21.580112],[-158.212907,21.580413],[-158.211353,21.580584],[-158.210275,21.581001],[-158.209685,21.581041],[-158.207474,21.581699],[-158.205906,21.581506],[-158.205519,21.581507],[-158.205139,21.581608],[-158.20475,21.581588],[-158.203765,21.581339],[-158.202606,21.581371],[-158.202044,21.581639],[-158.20104,21.582314],[-158.200267,21.58241],[-158.199494,21.582286],[-158.19795,21.581806],[-158.196405,21.58164],[-158.195634,21.581249],[-158.195248,21.581177],[-158.194475,21.581269],[-158.193121,21.581668],[-158.191961,21.582167],[-158.190607,21.582431],[-158.190221,21.582354],[-158.188483,21.582341],[-158.18771,21.582231],[-158.186946,21.581933],[-158.186091,21.581456],[-158.185171,21.581182],[-158.183892,21.581388],[-158.183316,21.581297],[-158.182391,21.581036],[-158.182242,21.580876],[-158.182151,21.580534],[-158.181875,21.580141],[-158.181129,21.579951],[-158.180724,21.579955],[-158.179614,21.579796],[-158.178839,21.579789],[-158.177574,21.579963],[-158.1763,21.580387],[-158.175245,21.580851],[-158.173423,21.581347],[-158.1729,21.581116],[-158.172456,21.580751],[-158.171771,21.580414],[-158.171165,21.579952],[-158.169386,21.57922],[-158.168886,21.578945],[-158.168285,21.578724],[-158.167899,21.578683],[-158.167134,21.578798],[-158.166263,21.579192],[-158.165317,21.579417],[-158.164179,21.580152],[-158.163355,21.580489],[-158.162911,21.580479],[-158.162331,21.580354],[-158.160783,21.579725],[-158.159624,21.579547],[-158.158464,21.579471],[-158.158078,21.579519],[-158.15692,21.579924],[-158.155956,21.580439],[-158.155377,21.580592],[-158.153831,21.58057],[-158.153058,21.580317],[-158.152671,21.580274],[-158.15155,21.580384],[-158.149313,21.580952],[-158.146969,21.581839],[-158.14542,21.582023],[-158.14433,21.582404],[-158.143804,21.582661],[-158.143059,21.582852],[-158.142059,21.582856],[-158.141292,21.582974],[-158.139467,21.583582],[-158.138901,21.583701],[-158.137762,21.583788],[-158.135836,21.583648],[-158.135459,21.583512],[-158.135045,21.583189],[-158.13381,21.582674],[-158.132708,21.582321],[-158.131913,21.582185],[-158.130744,21.582244],[-158.129987,21.582183],[-158.130734,21.582342],[-158.13171,21.582281],[-158.13264,21.582462],[-158.133915,21.582894],[-158.13563,21.583809],[-158.137941,21.583987],[-158.139129,21.583794],[-158.141497,21.58299],[-158.142076,21.582914],[-158.143082,21.58293],[-158.143842,21.58279],[-158.145458,21.582153],[-158.146982,21.581886],[-158.148424,21.581337],[-158.149347,21.581069],[-158.15011,21.58094],[-158.15197,21.580452],[-158.152865,21.580416],[-158.153832,21.580663],[-158.155377,21.58071],[-158.155956,21.580561],[-158.156921,21.580055],[-158.158079,21.57972],[-158.158658,21.579669],[-158.159624,21.579728],[-158.160591,21.579883],[-158.162138,21.580436],[-158.163104,21.580565],[-158.163493,21.580492],[-158.164203,21.580205],[-158.165359,21.579511],[-158.16649,21.579234],[-158.167176,21.578894],[-158.167898,21.578786],[-158.168476,21.578885],[-158.169487,21.579416],[-158.171088,21.580076],[-158.171689,21.580547],[-158.172388,21.58086],[-158.172847,21.581201],[-158.173419,21.581481],[-158.173805,21.581486],[-158.174963,21.581195],[-158.176356,21.58054],[-158.177654,21.580181],[-158.178816,21.580059],[-158.179589,21.580084],[-158.181398,21.580366],[-158.181756,21.580506],[-158.182179,21.581068],[-158.183264,21.581457],[-158.183843,21.581538],[-158.185123,21.581328],[-158.186039,21.581617],[-158.187074,21.582159],[-158.18771,21.582391],[-158.190221,21.582497],[-158.1908,21.582608],[-158.19196,21.582434],[-158.193507,21.581752],[-158.194667,21.581398],[-158.195247,21.581322],[-158.195633,21.581379],[-158.196405,21.581771],[-158.19795,21.581903],[-158.199494,21.582409],[-158.200459,21.582562],[-158.201039,21.582509],[-158.202054,21.581792],[-158.202428,21.581605],[-158.202811,21.581535],[-158.203582,21.581491],[-158.204956,21.581764],[-158.205916,21.581657],[-158.207091,21.58185],[-158.207521,21.581854],[-158.209733,21.581203],[-158.210318,21.581148],[-158.211023,21.580822],[-158.211973,21.580643],[-158.212763,21.580602],[-158.213675,21.580298],[-158.214058,21.580237],[-158.214544,21.579848],[-158.214836,21.579484],[-158.215365,21.579242],[-158.215918,21.579079],[-158.217083,21.578949],[-158.218163,21.578536],[-158.218643,21.578496],[-158.219805,21.578447],[-158.221343,21.57866],[-158.221537,21.578635],[-158.222882,21.57885],[-158.223451,21.579164],[-158.224025,21.579306],[-158.224413,21.579268],[-158.22539,21.578986],[-158.226542,21.579209],[-158.227317,21.57915],[-158.228688,21.578662],[-158.229458,21.578742],[-158.230416,21.578977],[-158.231187,21.579046],[-158.232531,21.579293],[-158.233104,21.579478],[-158.233483,21.579693],[-158.234451,21.57964]]]]},"properties":{"slr_ft":2}},{"type":"Feature","id":212,"geometry":{"type":"MultiPolygon","coordinates":[[[[-158.126453,21.582638],[-158.126023,21.582553],[-158.125634,21.582563],[-158.123433,21.582859],[-158.122757,21.583214],[-158.122374,21.583641],[-158.122457,21.583758],[-158.122829,21.583316],[-158.123506,21.582963],[-158.124318,21.582902],[-158.125837,21.582617],[-158.126453,21.582638]]]]},"properties":{"slr_ft":2}},{"type":"Feature","id":213,"geometry":{"type":"MultiPolygon","coordinates":[[[[-158.118794,21.582091],[-158.118612,21.581862],[-158.118448,21.581959],[-158.117239,21.58286],[-158.116237,21.58372],[-158.116125,21.583868],[-158.116225,21.583994],[-158.116759,21.583468],[-158.117798,21.582655],[-158.118794,21.582091]]]]},"properties":{"slr_ft":2}},{"type":"Feature","id":214,"geometry":{"type":"MultiPolygon","coordinates":[[[[-158.117088,21.588929],[-158.117084,21.588803],[-158.116697,21.588806],[-158.115738,21.589015],[-158.114773,21.589078],[-158.114229,21.588943],[-158.114775,21.589122],[-158.115355,21.58913],[-158.117088,21.588929]]]]},"properties":{"slr_ft":2}},{"type":"Feature","id":215,"geometry":{"type":"MultiPolygon","coordinates":[[[[-158.113446,21.58878],[-158.113217,21.588759],[-158.112643,21.588938],[-158.110737,21.590376],[-158.109999,21.591884],[-158.10937,21.592788],[-158.10943,21.592829],[-158.110063,21.591927],[-158.110661,21.590771],[-158.110769,21.590398],[-158.111185,21.590011],[-158.111716,21.589701],[-158.11212,21.589305],[-158.112643,21.588958],[-158.113217,21.588769],[-158.113446,21.58878]]]]},"properties":{"slr_ft":2}},{"type":"Feature","id":216,"geometry":{"type":"MultiPolygon","coordinates":[[[[-158.108705,21.593699],[-158.108653,21.59363],[-158.108255,21.593729],[-158.107749,21.593997],[-158.107836,21.594113],[-158.108314,21.593807],[-158.108705,21.593699]]]]},"properties":{"slr_ft":2}},{"type":"Feature","id":217,"geometry":{"type":"MultiPolygon","coordinates":[[[[-158.107167,21.59448],[-158.107039,21.59431],[-158.106837,21.594356],[-158.106744,21.594531],[-158.106849,21.59467],[-158.106954,21.594511],[-158.107167,21.59448]]]]},"properties":{"slr_ft":2}},{"type":"Feature","id":218,"geometry":{"type":"MultiPolygon","coordinates":[[[[-158.103168,21.596255],[-158.10279,21.596167],[-158.102784,21.597283],[-158.102909,21.598191],[-158.103141,21.5987],[-158.103117,21.599257],[-158.103298,21.599776],[-158.103354,21.600499],[-158.10394,21.600389],[-158.103801,21.599866],[-158.103776,21.599318],[-158.103338,21.59811],[-158.103168,21.596255]]]]},"properties":{"slr_ft":2}},{"type":"Feature","id":219,"geometry":{"type":"MultiPolygon","coordinates":[[[[-158.104555,21.601037],[-158.104426,21.601058],[-158.104414,21.601244],[-158.104589,21.601765],[-158.104727,21.601742],[-158.104582,21.601399],[-158.104555,21.601037]]]]},"properties":{"slr_ft":2}},{"type":"Feature","id":220,"geometry":{"type":"MultiPolygon","coordinates":[[[[-158.094914,21.612705],[-158.094808,21.612544],[-158.094477,21.613075],[-158.094146,21.613261],[-158.092737,21.613536],[-158.091488,21.61405],[-158.091064,21.614441],[-158.09,21.614893],[-158.089399,21.615359],[-158.088573,21.61617],[-158.088101,21.616488],[-158.087397,21.616797],[-158.086147,21.617655],[-158.085456,21.618329],[-158.08523,21.618665],[-158.085294,21.618762],[-158.086079,21.617896],[-158.086676,21.617425],[-158.088341,21.616506],[-158.089467,21.615462],[-158.090083,21.615018],[-158.091149,21.61457],[-158.091604,21.614226],[-158.092824,21.613667],[-158.094251,21.61342],[-158.094581,21.613233],[-158.094914,21.612705]]]]},"properties":{"slr_ft":2}},{"type":"Feature","id":233,"geometry":{"type":"MultiPolygon","coordinates":[[[[-157.980284,21.709368],[-157.980311,21.709242],[-157.979577,21.708982],[-157.978797,21.708943],[-157.977847,21.708774],[-157.977457,21.708755],[-157.977051,21.708828],[-157.977005,21.70905],[-157.977416,21.708953],[-157.978406,21.708931],[-157.980284,21.709368]]]]},"properties":{"slr_ft":2}},{"type":"Feature","id":236,"geometry":{"type":"MultiPolygon","coordinates":[[[[-157.963924,21.704532],[-157.963993,21.70448],[-157.963823,21.704145],[-157.963578,21.70387],[-157.963493,21.703933],[-157.963924,21.704532]]]]},"properties":{"slr_ft":2}},{"type":"Feature","id":221,"geometry":{"type":"MultiPolygon","coordinates":[[[[-158.081982,21.621538],[-158.081891,21.621497],[-158.081398,21.622478],[-158.080737,21.623459],[-158.080352,21.623677],[-158.078688,21.624156],[-158.077058,21.624872],[-158.075886,21.625818],[-158.075539,21.626213],[-158.075106,21.62699],[-158.074418,21.627309],[-158.074476,21.627443],[-158.075323,21.62701],[-158.075678,21.626284],[-158.075976,21.625923],[-158.07715,21.624981],[-158.078888,21.624159],[-158.080192,21.623822],[-158.080828,21.623553],[-158.081982,21.621538]]]]},"properties":{"slr_ft":2}},{"type":"Feature","id":222,"geometry":{"type":"MultiPolygon","coordinates":[[[[-158.073539,21.628883],[-158.073404,21.628796],[-158.072862,21.629544],[-158.072138,21.630233],[-158.0718,21.630676],[-158.071568,21.631201],[-158.071428,21.631325],[-158.07154,21.631413],[-158.071906,21.630995],[-158.07196,21.630801],[-158.072287,21.63035],[-158.073003,21.629634],[-158.073539,21.628883]]]]},"properties":{"slr_ft":2}},{"type":"Feature","id":223,"geometry":{"type":"MultiPolygon","coordinates":[[[[-158.065401,21.638185],[-158.065141,21.63804],[-158.064835,21.638081],[-158.064358,21.638656],[-158.064199,21.638778],[-158.063636,21.638885],[-158.063115,21.639436],[-158.063125,21.639652],[-158.062898,21.640156],[-158.062579,21.64061],[-158.062516,21.641836],[-158.062416,21.641989],[-158.062536,21.641848],[-158.062603,21.640623],[-158.06318,21.639683],[-158.063175,21.639469],[-158.063706,21.638924],[-158.064286,21.638826],[-158.065082,21.638218],[-158.065401,21.638185]]]]},"properties":{"slr_ft":2}},{"type":"Feature","id":224,"geometry":{"type":"MultiPolygon","coordinates":[[[[-158.063834,21.645447],[-158.063653,21.645349],[-158.063231,21.645948],[-158.063436,21.646059],[-158.063834,21.645447]]]]},"properties":{"slr_ft":2}},{"type":"Feature","id":225,"geometry":{"type":"MultiPolygon","coordinates":[[[[-158.060856,21.655058],[-158.060598,21.654837],[-158.059906,21.655224],[-158.059124,21.65627],[-158.05878,21.656955],[-158.058054,21.657804],[-158.057618,21.658655],[-158.056878,21.659492],[-158.056176,21.660116],[-158.055365,21.660646],[-158.054983,21.66081],[-158.054695,21.660808],[-158.054661,21.661269],[-158.053772,21.661978],[-158.053345,21.662593],[-158.052959,21.662996],[-158.051892,21.663798],[-158.050625,21.665034],[-158.048436,21.666817],[-158.047533,21.66796],[-158.047,21.669122],[-158.046366,21.670065],[-158.044978,21.67072],[-158.043943,21.671555],[-158.043386,21.671747],[-158.041928,21.672634],[-158.0416,21.67249],[-158.04127,21.673066],[-158.040606,21.67349],[-158.039899,21.674116],[-158.039722,21.674448],[-158.039772,21.674722],[-158.03967,21.675112],[-158.03916,21.676065],[-158.038889,21.676744],[-158.038781,21.677279],[-158.038799,21.678797],[-158.038422,21.679582],[-158.037676,21.680442],[-158.037427,21.680606],[-158.036535,21.680962],[-158.03557,21.681053],[-158.034603,21.680994],[-158.033352,21.68139],[-158.032838,21.681642],[-158.032072,21.682528],[-158.031506,21.683479],[-158.030906,21.684018],[-158.030839,21.684188],[-158.030992,21.684452],[-158.030774,21.685351],[-158.030472,21.686016],[-158.029908,21.686771],[-158.028315,21.687398],[-158.027488,21.6879],[-158.024573,21.689004],[-158.023334,21.689877],[-158.022298,21.690962],[-158.021624,21.691343],[-158.021518,21.691493],[-158.021642,21.691622],[-158.021895,21.691355],[-158.022556,21.690961],[-158.023462,21.690011],[-158.024037,21.689527],[-158.024674,21.68911],[-158.027544,21.688036],[-158.028373,21.687536],[-158.030012,21.686891],[-158.030644,21.686089],[-158.030929,21.685416],[-158.031135,21.684512],[-158.030981,21.684249],[-158.031052,21.68408],[-158.03125,21.683966],[-158.031649,21.683539],[-158.032161,21.682566],[-158.03261,21.682005],[-158.033054,21.681635],[-158.033554,21.681359],[-158.034293,21.681116],[-158.034604,21.681062],[-158.035765,21.681121],[-158.036537,21.681041],[-158.03752,21.680792],[-158.037853,21.680527],[-158.038553,21.679646],[-158.038986,21.67885],[-158.038914,21.677318],[-158.039039,21.676597],[-158.039181,21.676071],[-158.039758,21.67518],[-158.039892,21.674815],[-158.039858,21.674553],[-158.040066,21.674245],[-158.040765,21.673613],[-158.041439,21.673197],[-158.041724,21.672672],[-158.042062,21.67283],[-158.042604,21.672616],[-158.043542,21.671974],[-158.044095,21.671776],[-158.045097,21.670894],[-158.046453,21.670193],[-158.046732,21.669801],[-158.047413,21.668501],[-158.047971,21.667726],[-158.048491,21.667175],[-158.050755,21.665482],[-158.05171,21.664571],[-158.052145,21.664015],[-158.053464,21.662694],[-158.053803,21.662249],[-158.054675,21.661525],[-158.054795,21.661383],[-158.054826,21.66092],[-158.055354,21.660882],[-158.0559,21.660614],[-158.057076,21.659661],[-158.057808,21.658818],[-158.058085,21.65832],[-158.058204,21.657932],[-158.059082,21.657214],[-158.059422,21.656525],[-158.060207,21.655482],[-158.060856,21.655058]]]]},"properties":{"slr_ft":2}},{"type":"Feature","id":226,"geometry":{"type":"MultiPolygon","coordinates":[[[[-158.020904,21.692562],[-158.02083,21.69242],[-158.020438,21.692493],[-158.019881,21.692661],[-158.019565,21.692879],[-158.019643,21.693029],[-158.020137,21.692741],[-158.020904,21.692562]]]]},"properties":{"slr_ft":2}},{"type":"Feature","id":227,"geometry":{"type":"MultiPolygon","coordinates":[[[[-158.015863,21.69612],[-158.015734,21.69604],[-158.014938,21.697083],[-158.013778,21.697952],[-158.013371,21.698031],[-158.01336,21.698146],[-158.013874,21.69807],[-158.015039,21.697206],[-158.015347,21.696884],[-158.015863,21.69612]]]]},"properties":{"slr_ft":2}},{"type":"Feature","id":228,"geometry":{"type":"MultiPolygon","coordinates":[[[[-158.01333,21.696564],[-158.013457,21.69647],[-158.013257,21.696166],[-158.012935,21.695914],[-158.012397,21.69571],[-158.0118,21.695663],[-158.011223,21.695717],[-158.01,21.696078],[-158.009227,21.696629],[-158.0082,21.697711],[-158.007937,21.698285],[-158.007983,21.699004],[-158.008124,21.699009],[-158.008064,21.69829],[-158.00828,21.697791],[-158.009292,21.696693],[-158.010061,21.696139],[-158.011041,21.695838],[-158.012155,21.695794],[-158.012532,21.695869],[-158.012869,21.696051],[-158.013129,21.69626],[-158.01333,21.696564]]]]},"properties":{"slr_ft":2}},{"type":"Feature","id":229,"geometry":{"type":"MultiPolygon","coordinates":[[[[-158.008724,21.699985],[-158.008731,21.699822],[-158.00854,21.699764],[-158.006702,21.700142],[-158.006315,21.700099],[-158.005583,21.699863],[-158.005555,21.699972],[-158.006672,21.700255],[-158.008533,21.699921],[-158.008724,21.699985]]]]},"properties":{"slr_ft":2}},{"type":"Feature","id":230,"geometry":{"type":"MultiPolygon","coordinates":[[[[-158.003577,21.699281],[-158.003548,21.699078],[-158.003156,21.699067],[-158.002023,21.699303],[-158.002053,21.699506],[-158.002799,21.699296],[-158.003577,21.699281]]]]},"properties":{"slr_ft":2}},{"type":"Feature","id":231,"geometry":{"type":"MultiPolygon","coordinates":[[[[-157.997919,21.70518],[-157.997928,21.705058],[-157.997552,21.704925],[-157.996868,21.704944],[-157.996552,21.705153],[-157.996444,21.705311],[-157.996561,21.705454],[-157.996968,21.705066],[-157.997542,21.705061],[-157.997919,21.70518]]]]},"properties":{"slr_ft":2}},{"type":"Feature","id":232,"geometry":{"type":"MultiPolygon","coordinates":[[[[-157.993542,21.705147],[-157.993668,21.704894],[-157.993247,21.704882],[-157.991457,21.704148],[-157.990877,21.704133],[-157.990294,21.704228],[-157.99028,21.704477],[-157.991442,21.704417],[-157.99314,21.705098],[-157.993542,21.705147]]]]},"properties":{"slr_ft":2}},{"type":"Feature","id":237,"geometry":{"type":"MultiPolygon","coordinates":[[[[-157.958053,21.700508],[-157.958201,21.700424],[-157.957995,21.700126],[-157.957877,21.700192],[-157.958053,21.700508]]]]},"properties":{"slr_ft":2}},{"type":"Feature","id":241,"geometry":{"type":"MultiPolygon","coordinates":[[[[-157.936428,21.672352],[-157.936526,21.672354],[-157.936908,21.671823],[-157.93727,21.670929],[-157.937376,21.67039],[-157.937341,21.669485],[-157.937125,21.668395],[-157.936218,21.666308],[-157.936986,21.668391],[-157.937186,21.669481],[-157.937217,21.670385],[-157.937136,21.670925],[-157.936695,21.671998],[-157.936428,21.672352]]]]},"properties":{"slr_ft":2}},{"type":"Feature","id":242,"geometry":{"type":"MultiPolygon","coordinates":[[[[-157.936042,21.665935],[-157.935514,21.66498],[-157.934321,21.663776],[-157.932412,21.662536],[-157.930987,21.661969],[-157.929625,21.661772],[-157.929307,21.66153],[-157.928781,21.661296],[-157.927776,21.661237],[-157.92746,21.661032],[-157.927586,21.660133],[-157.927548,21.659218],[-157.927682,21.658141],[-157.927815,21.657797],[-157.928051,21.657496],[-157.928243,21.656992],[-157.927653,21.658034],[-157.927463,21.65939],[-157.927462,21.659936],[-157.927292,21.660826],[-157.927299,21.661009],[-157.927398,21.66116],[-157.927728,21.661361],[-157.928732,21.661422],[-157.929589,21.661863],[-157.930956,21.66205],[-157.932223,21.662492],[-157.934267,21.663811],[-157.935448,21.665022],[-157.936042,21.665935]]]]},"properties":{"slr_ft":2}},{"type":"Feature","id":243,"geometry":{"type":"MultiPolygon","coordinates":[[[[-157.928352,21.653897],[-157.928037,21.653211],[-157.928,21.652822],[-157.927884,21.652675],[-157.926371,21.651667],[-157.924568,21.650868],[-157.923731,21.650299],[-157.923306,21.649889],[-157.923685,21.65035],[-157.92453,21.650924],[-157.926357,21.651696],[-157.927875,21.652679],[-157.927987,21.652829],[-157.928021,21.653219],[-157.928352,21.653897]]]]},"properties":{"slr_ft":2}},{"type":"Feature","id":244,"geometry":{"type":"MultiPolygon","coordinates":[[[[-157.923884,21.662314],[-157.9238,21.662269],[-157.923339,21.662648],[-157.923164,21.66297],[-157.923143,21.663165],[-157.923253,21.663223],[-157.923422,21.662692],[-157.923884,21.662314]]]]},"properties":{"slr_ft":2}},{"type":"Feature","id":273,"geometry":{"type":"MultiPolygon","coordinates":[[[[-157.668114,21.316705],[-157.668167,21.31659],[-157.667694,21.316249],[-157.666233,21.315802],[-157.665636,21.31578],[-157.665267,21.315886],[-157.66465,21.31622],[-157.664128,21.316228],[-157.664123,21.316324],[-157.664699,21.316348],[-157.66529,21.315988],[-157.665659,21.315877],[-157.666256,21.3159],[-157.667643,21.316359],[-157.668114,21.316705]]]]},"properties":{"slr_ft":2}},{"type":"Feature","id":275,"geometry":{"type":"MultiPolygon","coordinates":[[[[-157.660771,21.311736],[-157.660896,21.311648],[-157.660793,21.311495],[-157.660591,21.311411],[-157.660504,21.31102],[-157.660231,21.310761],[-157.660154,21.310589],[-157.659492,21.310152],[-157.659417,21.310205],[-157.660054,21.310659],[-157.660123,21.310836],[-157.660391,21.3111],[-157.66048,21.311489],[-157.660677,21.311576],[-157.660771,21.311736]]]]},"properties":{"slr_ft":2}},{"type":"Feature","id":276,"geometry":{"type":"MultiPolygon","coordinates":[[[[-157.674616,21.285273],[-157.674283,21.285537],[-157.673552,21.285786],[-157.672404,21.285944],[-157.672163,21.285756],[-157.671772,21.285772],[-157.671251,21.286073],[-157.67083,21.285962],[-157.670637,21.285981],[-157.670465,21.28609],[-157.67009,21.286173],[-157.670112,21.286268],[-157.670861,21.286095],[-157.671284,21.286217],[-157.671805,21.285911],[-157.672198,21.285905],[-157.672441,21.286102],[-157.673771,21.285883],[-157.674328,21.285731],[-157.674667,21.285491],[-157.674616,21.285273]]]]},"properties":{"slr_ft":2}},{"type":"Feature","id":245,"geometry":{"type":"MultiPolygon","coordinates":[[[[-157.917724,21.647388],[-157.91782,21.647394],[-157.917961,21.647221],[-157.91857,21.645988],[-157.919189,21.643851],[-157.918905,21.641663],[-157.918811,21.641296],[-157.918683,21.641107],[-157.918495,21.640192],[-157.91843,21.639283],[-157.918604,21.638569],[-157.918691,21.638393],[-157.918912,21.638224],[-157.919251,21.637158],[-157.919545,21.636812],[-157.919517,21.636449],[-157.919214,21.635707],[-157.918955,21.635512],[-157.919144,21.63516],[-157.918922,21.634605],[-157.918958,21.634426],[-157.919578,21.633891],[-157.920751,21.632439],[-157.92088,21.631786],[-157.921175,21.631085],[-157.921289,21.630373],[-157.921231,21.630368],[-157.921084,21.631259],[-157.920823,21.631781],[-157.920667,21.632398],[-157.920099,21.633114],[-157.919415,21.633754],[-157.918928,21.634073],[-157.918672,21.634591],[-157.91882,21.635142],[-157.918632,21.635493],[-157.918852,21.635687],[-157.919104,21.636787],[-157.918911,21.637138],[-157.918678,21.638211],[-157.918488,21.638381],[-157.918361,21.638736],[-157.918275,21.639274],[-157.918403,21.640548],[-157.918517,21.641098],[-157.91875,21.641654],[-157.919022,21.643118],[-157.919074,21.643845],[-157.918697,21.644909],[-157.918467,21.645982],[-157.917724,21.647388]]]]},"properties":{"slr_ft":2}},{"type":"Feature","id":248,"geometry":{"type":"MultiPolygon","coordinates":[[[[-157.896198,21.597274],[-157.896283,21.597248],[-157.896171,21.596521],[-157.895872,21.595662],[-157.895405,21.594802],[-157.894755,21.593896],[-157.893615,21.592892],[-157.892158,21.592365],[-157.890214,21.590923],[-157.889698,21.590384],[-157.889051,21.589453],[-157.888646,21.588593],[-157.888381,21.58772],[-157.887851,21.586749],[-157.887371,21.585202],[-157.886883,21.58253],[-157.886707,21.582193],[-157.886405,21.581117],[-157.885848,21.580166],[-157.885271,21.579643],[-157.885221,21.579667],[-157.885801,21.58019],[-157.886433,21.581308],[-157.886695,21.5822],[-157.886867,21.582533],[-157.887335,21.585573],[-157.887719,21.586797],[-157.888237,21.587772],[-157.888512,21.588641],[-157.888965,21.589535],[-157.889535,21.590281],[-157.89006,21.590812],[-157.890829,21.59137],[-157.892088,21.592482],[-157.893549,21.593001],[-157.894673,21.593961],[-157.895331,21.59486],[-157.895759,21.595697],[-157.896198,21.597274]]]]},"properties":{"slr_ft":2}},{"type":"Feature","id":309,"geometry":{"type":"MultiPolygon","coordinates":[[[[-157.846547,21.286082],[-157.846091,21.285834],[-157.845897,21.286146],[-157.84578,21.2868],[-157.845979,21.287189],[-157.845956,21.286967],[-157.84614,21.286487],[-157.846547,21.286082]]]]},"properties":{"slr_ft":2}},{"type":"Feature","id":247,"geometry":{"type":"MultiPolygon","coordinates":[[[[-157.919571,21.625126],[-157.918399,21.6245],[-157.918118,21.624237],[-157.917631,21.623573],[-157.916015,21.622552],[-157.915802,21.622234],[-157.915235,21.621742],[-157.914919,21.62153],[-157.914693,21.621495],[-157.914157,21.620972],[-157.913405,21.620403],[-157.913182,21.620094],[-157.91289,21.619873],[-157.912632,21.619378],[-157.912704,21.619035],[-157.912917,21.618722],[-157.913034,21.61812],[-157.912995,21.61776],[-157.912744,21.617424],[-157.913094,21.616541],[-157.913106,21.615095],[-157.913164,21.614925],[-157.913081,21.614465],[-157.912902,21.614138],[-157.911326,21.612666],[-157.910912,21.611604],[-157.910718,21.611514],[-157.910552,21.611179],[-157.909779,21.610593],[-157.909462,21.610089],[-157.909427,21.609546],[-157.90902,21.608948],[-157.909047,21.608718],[-157.908855,21.608404],[-157.908666,21.608302],[-157.908143,21.60777],[-157.907474,21.607409],[-157.906784,21.607179],[-157.905433,21.607126],[-157.905271,21.60695],[-157.901798,21.605367],[-157.899832,21.60385],[-157.899422,21.603465],[-157.899216,21.603135],[-157.898857,21.602971],[-157.898307,21.60246],[-157.898334,21.602322],[-157.897924,21.601688],[-157.897769,21.600785],[-157.897251,21.599613],[-157.897001,21.598548],[-157.896861,21.598592],[-157.897142,21.599646],[-157.897673,21.600814],[-157.897726,21.601749],[-157.897847,21.602092],[-157.898032,21.602494],[-157.898723,21.603117],[-157.899086,21.603276],[-157.899746,21.603943],[-157.901693,21.605428],[-157.905217,21.607052],[-157.905429,21.607234],[-157.906781,21.607269],[-157.907429,21.607481],[-157.908101,21.607837],[-157.908585,21.60835],[-157.908777,21.60845],[-157.908966,21.608766],[-157.908935,21.608998],[-157.909326,21.60956],[-157.909359,21.610103],[-157.909647,21.610683],[-157.910388,21.611292],[-157.910541,21.611635],[-157.910741,21.611722],[-157.911206,21.612748],[-157.912143,21.613531],[-157.912767,21.614176],[-157.912946,21.614503],[-157.913003,21.614919],[-157.912863,21.615629],[-157.912889,21.616534],[-157.91263,21.617433],[-157.912821,21.617775],[-157.912849,21.618135],[-157.912739,21.618663],[-157.912607,21.618812],[-157.912438,21.61933],[-157.912664,21.619933],[-157.9133,21.620513],[-157.913927,21.620941],[-157.914604,21.621588],[-157.914817,21.621636],[-157.915136,21.621845],[-157.915735,21.622304],[-157.916103,21.622731],[-157.917395,21.623549],[-157.917665,21.623808],[-157.918032,21.624372],[-157.918328,21.624613],[-157.919571,21.625126]]]]},"properties":{"slr_ft":2}},{"type":"Feature","id":257,"geometry":{"type":"MultiPolygon","coordinates":[[[[-157.835171,21.522452],[-157.83537,21.522467],[-157.835626,21.520855],[-157.835537,21.519942],[-157.835616,21.519404],[-157.835577,21.518139],[-157.835446,21.518129],[-157.8355,21.518852],[-157.835369,21.519929],[-157.835426,21.520477],[-157.835171,21.522452]]]]},"properties":{"slr_ft":2}},{"type":"Feature","id":249,"geometry":{"type":"MultiPolygon","coordinates":[[[[-157.883663,21.578117],[-157.883698,21.578053],[-157.88356,21.577908],[-157.882486,21.577095],[-157.881971,21.576847],[-157.881582,21.576764],[-157.881281,21.576521],[-157.878934,21.575259],[-157.878228,21.574963],[-157.877859,21.575242],[-157.877685,21.575163],[-157.876317,21.573914],[-157.87519,21.572677],[-157.875043,21.57219],[-157.875083,21.57183],[-157.875183,21.571651],[-157.875244,21.570929],[-157.875196,21.570206],[-157.875246,21.569665],[-157.875068,21.568757],[-157.875048,21.568034],[-157.875221,21.566592],[-157.87524,21.565146],[-157.875228,21.564971],[-157.87504,21.564967],[-157.87484,21.568029],[-157.875001,21.570924],[-157.874904,21.572368],[-157.875043,21.572793],[-157.876131,21.574063],[-157.876909,21.574867],[-157.877271,21.575125],[-157.877778,21.575389],[-157.878059,21.575272],[-157.879858,21.57595],[-157.881053,21.576542],[-157.881512,21.576893],[-157.882431,21.577196],[-157.883663,21.578117]]]]},"properties":{"slr_ft":2}},{"type":"Feature","id":251,"geometry":{"type":"MultiPolygon","coordinates":[[[[-157.873023,21.555912],[-157.872087,21.55568],[-157.871292,21.555614],[-157.869764,21.555828],[-157.869807,21.55607],[-157.870554,21.555864],[-157.871316,21.55575],[-157.872102,21.555762],[-157.873023,21.555912]]]]},"properties":{"slr_ft":2}},{"type":"Feature","id":252,"geometry":{"type":"MultiPolygon","coordinates":[[[[-157.864117,21.560325],[-157.864181,21.56017],[-157.862543,21.559625],[-157.86148,21.559191],[-157.860825,21.558771],[-157.860125,21.558461],[-157.859201,21.558193],[-157.858052,21.557966],[-157.856247,21.557324],[-157.856185,21.557473],[-157.858202,21.558104],[-157.86026,21.558635],[-157.860784,21.55887],[-157.861434,21.559301],[-157.863018,21.559978],[-157.864117,21.560325]]]]},"properties":{"slr_ft":2}},{"type":"Feature","id":258,"geometry":{"type":"MultiPolygon","coordinates":[[[[-157.836444,21.510223],[-157.837446,21.509481],[-157.83802,21.509398],[-157.83838,21.509253],[-157.838851,21.508764],[-157.839236,21.508535],[-157.838793,21.508538],[-157.838083,21.508868],[-157.837312,21.508957],[-157.835907,21.509673],[-157.835543,21.509654],[-157.835484,21.509819],[-157.83555,21.51045],[-157.836229,21.513641],[-157.836241,21.514194],[-157.836135,21.514699],[-157.836254,21.516139],[-157.836193,21.517586],[-157.836737,21.517575],[-157.836781,21.517212],[-157.836799,21.515947],[-157.836699,21.514687],[-157.8369,21.513686],[-157.836755,21.512605],[-157.836545,21.511909],[-157.836293,21.51048],[-157.836284,21.510372],[-157.836444,21.510223]]]]},"properties":{"slr_ft":2}},{"type":"Feature","id":253,"geometry":{"type":"MultiPolygon","coordinates":[[[[-157.854699,21.557763],[-157.854777,21.55762],[-157.853384,21.556994],[-157.852656,21.556525],[-157.851474,21.555449],[-157.848284,21.551368],[-157.846926,21.550026],[-157.846536,21.54843],[-157.84651,21.547836],[-157.846709,21.546708],[-157.846644,21.54617],[-157.846358,21.545634],[-157.845872,21.545081],[-157.845621,21.544454],[-157.844767,21.543462],[-157.844227,21.543071],[-157.842532,21.542206],[-157.842163,21.541768],[-157.841636,21.540218],[-157.841215,21.53858],[-157.840825,21.537866],[-157.840691,21.537339],[-157.840187,21.536241],[-157.83977,21.535628],[-157.838889,21.534905],[-157.838812,21.534962],[-157.839688,21.535689],[-157.840105,21.536302],[-157.840515,21.537378],[-157.840636,21.537908],[-157.841037,21.53867],[-157.841343,21.539929],[-157.841853,21.541484],[-157.842234,21.542203],[-157.842425,21.542391],[-157.84396,21.543153],[-157.844616,21.543581],[-157.845472,21.544529],[-157.845648,21.545056],[-157.846241,21.545731],[-157.846516,21.546183],[-157.846579,21.546721],[-157.846386,21.547812],[-157.846373,21.548459],[-157.846632,21.5497],[-157.846797,21.550106],[-157.848168,21.551446],[-157.850146,21.554115],[-157.850793,21.554793],[-157.85084,21.554983],[-157.851312,21.555556],[-157.8527,21.556757],[-157.854699,21.557763]]]]},"properties":{"slr_ft":2}},{"type":"Feature","id":254,"geometry":{"type":"MultiPolygon","coordinates":[[[[-157.837412,21.532415],[-157.837466,21.532351],[-157.836633,21.531668],[-157.836435,21.531357],[-157.836386,21.531381],[-157.836572,21.531697],[-157.837412,21.532415]]]]},"properties":{"slr_ft":2}},{"type":"Feature","id":255,"geometry":{"type":"MultiPolygon","coordinates":[[[[-157.83637,21.530868],[-157.836428,21.530838],[-157.836336,21.530679],[-157.835625,21.529602],[-157.835142,21.528405],[-157.834716,21.527631],[-157.834407,21.526406],[-157.834629,21.527464],[-157.834812,21.527981],[-157.83561,21.52961],[-157.83637,21.530868]]]]},"properties":{"slr_ft":2}},{"type":"Feature","id":256,"geometry":{"type":"MultiPolygon","coordinates":[[[[-157.834703,21.526119],[-157.834771,21.52612],[-157.834838,21.525217],[-157.834761,21.524132],[-157.834848,21.523411],[-157.834811,21.522696],[-157.834703,21.526119]]]]},"properties":{"slr_ft":2}},{"type":"Feature","id":262,"geometry":{"type":"MultiPolygon","coordinates":[[[[-157.756289,21.456635],[-157.756303,21.456585],[-157.75613,21.456493],[-157.755768,21.456364],[-157.754819,21.456186],[-157.75429,21.455945],[-157.753716,21.455853],[-157.752836,21.455442],[-157.750609,21.454848],[-157.749747,21.454377],[-157.748496,21.453868],[-157.747524,21.453768],[-157.745841,21.453365],[-157.742706,21.453146],[-157.742681,21.45323],[-157.743651,21.453322],[-157.74466,21.453297],[-157.74601,21.453471],[-157.748452,21.454016],[-157.749716,21.454481],[-157.750403,21.454869],[-157.75244,21.455428],[-157.753485,21.455958],[-157.75427,21.456013],[-157.755755,21.456407],[-157.756289,21.456635]]]]},"properties":{"slr_ft":2}},{"type":"Feature","id":263,"geometry":{"type":"MultiPolygon","coordinates":[[[[-157.740546,21.453834],[-157.740463,21.453763],[-157.739803,21.453933],[-157.739566,21.454211],[-157.739665,21.454296],[-157.739912,21.454026],[-157.740546,21.453834]]]]},"properties":{"slr_ft":2}},{"type":"Feature","id":264,"geometry":{"type":"MultiPolygon","coordinates":[[[[-157.730329,21.399168],[-157.729606,21.398968],[-157.728735,21.398564],[-157.728166,21.398446],[-157.727512,21.39801],[-157.72646,21.397547],[-157.726365,21.397796],[-157.727437,21.398208],[-157.728122,21.398562],[-157.728705,21.398644],[-157.729599,21.398986],[-157.730329,21.399168]]]]},"properties":{"slr_ft":2}},{"type":"Feature","id":265,"geometry":{"type":"MultiPolygon","coordinates":[[[[-157.725205,21.396879],[-157.725344,21.396669],[-157.724838,21.396406],[-157.723746,21.395997],[-157.723291,21.395656],[-157.722762,21.395427],[-157.72257,21.395373],[-157.721415,21.3954],[-157.721371,21.395583],[-157.722514,21.395457],[-157.722701,21.395517],[-157.723205,21.395785],[-157.723639,21.396159],[-157.725205,21.396879]]]]},"properties":{"slr_ft":2}},{"type":"Feature","id":266,"geometry":{"type":"MultiPolygon","coordinates":[[[[-157.720116,21.395883],[-157.720241,21.395722],[-157.720102,21.395593],[-157.718307,21.394527],[-157.71758,21.393927],[-157.716669,21.393677],[-157.717462,21.39408],[-157.720116,21.395883]]]]},"properties":{"slr_ft":2}},{"type":"Feature","id":267,"geometry":{"type":"MultiPolygon","coordinates":[[[[-157.712429,21.389088],[-157.712063,21.388588],[-157.711657,21.387766],[-157.71125,21.386172],[-157.710712,21.385291],[-157.710327,21.384813],[-157.710276,21.384591],[-157.710348,21.384636],[-157.710185,21.384507],[-157.710162,21.384318],[-157.709892,21.384036],[-157.709595,21.383368],[-157.709196,21.382941],[-157.708958,21.382296],[-157.708874,21.38176],[-157.708541,21.381062],[-157.708416,21.380916],[-157.708204,21.381003],[-157.708607,21.381803],[-157.708761,21.382511],[-157.709449,21.384022],[-157.709625,21.384344],[-157.709788,21.384474],[-157.709803,21.384666],[-157.710039,21.384852],[-157.710624,21.385566],[-157.711057,21.386434],[-157.711601,21.38798],[-157.711975,21.388619],[-157.712429,21.389088]]]]},"properties":{"slr_ft":2}},{"type":"Feature","id":269,"geometry":{"type":"MultiPolygon","coordinates":[[[[-157.705843,21.379621],[-157.70621,21.379638],[-157.706506,21.376938],[-157.706526,21.376041],[-157.706531,21.376089],[-157.706631,21.375931],[-157.706985,21.375665],[-157.707067,21.3755],[-157.707991,21.372932],[-157.70805,21.372568],[-157.708392,21.372107],[-157.708725,21.37145],[-157.708839,21.37053],[-157.709134,21.36967],[-157.709323,21.369349],[-157.7096,21.368099],[-157.709847,21.367606],[-157.710051,21.366907],[-157.710167,21.366301],[-157.710165,21.365577],[-157.70993,21.364258],[-157.709758,21.363913],[-157.709658,21.362833],[-157.709694,21.362102],[-157.709388,21.361225],[-157.709277,21.360328],[-157.709289,21.359751],[-157.709014,21.359267],[-157.708956,21.358904],[-157.708142,21.356873],[-157.708094,21.356506],[-157.707958,21.356359],[-157.707708,21.356248],[-157.707632,21.356081],[-157.707582,21.355906],[-157.707716,21.355482],[-157.707359,21.354451],[-157.707248,21.353341],[-157.706843,21.352898],[-157.706761,21.352542],[-157.705905,21.351288],[-157.705593,21.349782],[-157.70523,21.349143],[-157.704757,21.34878],[-157.70458,21.348458],[-157.704379,21.348362],[-157.704274,21.348211],[-157.704212,21.348034],[-157.704253,21.347797],[-157.704163,21.347637],[-157.703685,21.347065],[-157.703128,21.3459],[-157.702816,21.345656],[-157.702067,21.344603],[-157.701974,21.344232],[-157.701776,21.344134],[-157.701555,21.343624],[-157.700667,21.342653],[-157.700202,21.34186],[-157.699835,21.341649],[-157.699513,21.341198],[-157.699535,21.340972],[-157.699262,21.340706],[-157.699094,21.340378],[-157.698698,21.339971],[-157.698167,21.339217],[-157.697458,21.337715],[-157.696504,21.336143],[-157.695444,21.334846],[-157.69304,21.33148],[-157.690694,21.329439],[-157.689249,21.328534],[-157.685026,21.326541],[-157.684115,21.326246],[-157.683338,21.326145],[-157.681919,21.325562],[-157.681299,21.325595],[-157.680761,21.325394],[-157.680082,21.325014],[-157.679194,21.324877],[-157.678567,21.324445],[-157.678184,21.324348],[-157.677857,21.324155],[-157.676667,21.322992],[-157.676531,21.323094],[-157.677567,21.324163],[-157.677931,21.324408],[-157.678506,21.32455],[-157.67942,21.325172],[-157.680182,21.325307],[-157.681437,21.32578],[-157.682029,21.325827],[-157.683259,21.326374],[-157.684958,21.326736],[-157.689175,21.328651],[-157.690475,21.329431],[-157.691298,21.330049],[-157.692383,21.331077],[-157.69312,21.331663],[-157.693619,21.332293],[-157.695369,21.33489],[-157.696398,21.336205],[-157.697101,21.337497],[-157.697332,21.337788],[-157.697954,21.339128],[-157.69856,21.340051],[-157.698941,21.340468],[-157.699103,21.340799],[-157.699386,21.341059],[-157.699373,21.34128],[-157.699715,21.341719],[-157.700081,21.341931],[-157.700563,21.342714],[-157.701469,21.343675],[-157.701713,21.344171],[-157.701915,21.344266],[-157.70201,21.344637],[-157.702762,21.345687],[-157.703076,21.34593],[-157.703666,21.347075],[-157.704147,21.347646],[-157.704236,21.347807],[-157.704193,21.348045],[-157.704255,21.348222],[-157.704363,21.348372],[-157.704569,21.348464],[-157.704889,21.348916],[-157.705221,21.349148],[-157.705494,21.349627],[-157.705627,21.349975],[-157.705854,21.351304],[-157.706413,21.352271],[-157.706673,21.35257],[-157.706758,21.352925],[-157.707166,21.353367],[-157.707308,21.354085],[-157.707284,21.354284],[-157.707696,21.355488],[-157.707552,21.355916],[-157.707597,21.356092],[-157.707669,21.35626],[-157.707916,21.356372],[-157.708048,21.356521],[-157.708082,21.356892],[-157.708601,21.358635],[-157.708766,21.358964],[-157.708764,21.359155],[-157.709102,21.359811],[-157.709147,21.359988],[-157.709091,21.360347],[-157.709216,21.361243],[-157.709512,21.362121],[-157.709481,21.362852],[-157.709587,21.363931],[-157.709749,21.364278],[-157.709967,21.36559],[-157.709929,21.366317],[-157.709801,21.366824],[-157.709586,21.367519],[-157.709331,21.36801],[-157.709034,21.369253],[-157.708843,21.369573],[-157.708527,21.370427],[-157.708388,21.371339],[-157.708086,21.372005],[-157.707753,21.37247],[-157.707689,21.372832],[-157.707177,21.373812],[-157.70649,21.375501],[-157.706187,21.375783],[-157.706073,21.37602],[-157.705879,21.377632],[-157.705843,21.379621]]]]},"properties":{"slr_ft":2}},{"type":"Feature","id":270,"geometry":{"type":"MultiPolygon","coordinates":[[[[-157.67368,21.321914],[-157.673746,21.321834],[-157.67311,21.32143],[-157.67368,21.321914]]]]},"properties":{"slr_ft":2}},{"type":"Feature","id":271,"geometry":{"type":"MultiPolygon","coordinates":[[[[-157.672525,21.321037],[-157.672619,21.320981],[-157.672075,21.320236],[-157.67198,21.320292],[-157.672525,21.321037]]]]},"properties":{"slr_ft":2}},{"type":"Feature","id":277,"geometry":{"type":"MultiPolygon","coordinates":[[[[-157.69731,21.268183],[-157.697441,21.268612],[-157.697468,21.269202],[-157.69729,21.270492],[-157.697194,21.270844],[-157.697043,21.270984],[-157.697051,21.27118],[-157.696313,21.272102],[-157.697021,21.271362],[-157.697132,21.271209],[-157.697128,21.271014],[-157.697278,21.270874],[-157.697375,21.270136],[-157.697609,21.269252],[-157.697535,21.268646],[-157.697391,21.268153],[-157.69731,21.268183]]]]},"properties":{"slr_ft":2}},{"type":"Feature","id":278,"geometry":{"type":"MultiPolygon","coordinates":[[[[-157.721236,21.284086],[-157.720267,21.284168],[-157.719049,21.284714],[-157.719087,21.284773],[-157.719645,21.284601],[-157.720315,21.284243],[-157.721219,21.284188],[-157.721236,21.284086]]]]},"properties":{"slr_ft":2}},{"type":"Feature","id":279,"geometry":{"type":"MultiPolygon","coordinates":[[[[-157.713716,21.281764],[-157.713031,21.281443],[-157.712298,21.281255],[-157.712256,21.281402],[-157.713686,21.281814],[-157.713716,21.281764]]]]},"properties":{"slr_ft":2}},{"type":"Feature","id":280,"geometry":{"type":"MultiPolygon","coordinates":[[[[-157.711127,21.280663],[-157.710774,21.280219],[-157.710279,21.279252],[-157.709433,21.278066],[-157.709264,21.277549],[-157.709458,21.277303],[-157.709259,21.276681],[-157.70906,21.276835],[-157.709297,21.277326],[-157.709073,21.277597],[-157.70922,21.27819],[-157.710723,21.280269],[-157.711127,21.280663]]]]},"properties":{"slr_ft":2}},{"type":"Feature","id":281,"geometry":{"type":"MultiPolygon","coordinates":[[[[-157.722547,21.281844],[-157.722682,21.281929],[-157.722708,21.281728],[-157.72288,21.281499],[-157.724606,21.281257],[-157.72673,21.281294],[-157.727449,21.281213],[-157.728238,21.281306],[-157.72746,21.281177],[-157.724599,21.281109],[-157.722876,21.281413],[-157.722588,21.281652],[-157.722547,21.281844]]]]},"properties":{"slr_ft":2}},{"type":"Feature","id":282,"geometry":{"type":"MultiPolygon","coordinates":[[[[-157.731789,21.28195],[-157.732259,21.282138],[-157.732654,21.282167],[-157.733381,21.281898],[-157.733363,21.281791],[-157.732625,21.281989],[-157.731789,21.28195]]]]},"properties":{"slr_ft":2}},{"type":"Feature","id":283,"geometry":{"type":"MultiPolygon","coordinates":[[[[-157.736793,21.280418],[-157.736828,21.280518],[-157.737953,21.280279],[-157.737895,21.280116],[-157.737708,21.280134],[-157.736793,21.280418]]]]},"properties":{"slr_ft":2}},{"type":"Feature","id":284,"geometry":{"type":"MultiPolygon","coordinates":[[[[-157.738553,21.280057],[-157.73857,21.280164],[-157.739872,21.279874],[-157.738553,21.280057]]]]},"properties":{"slr_ft":2}},{"type":"Feature","id":285,"geometry":{"type":"MultiPolygon","coordinates":[[[[-157.741344,21.27994],[-157.742321,21.280019],[-157.742899,21.279991],[-157.743425,21.279857],[-157.744202,21.279325],[-157.744016,21.279383],[-157.743584,21.279754],[-157.743213,21.279883],[-157.742322,21.279993],[-157.741344,21.27994]]]]},"properties":{"slr_ft":2}},{"type":"Feature","id":286,"geometry":{"type":"MultiPolygon","coordinates":[[[[-157.744265,21.278951],[-157.745752,21.278586],[-157.746663,21.278289],[-157.746819,21.278167],[-157.746105,21.278435],[-157.744265,21.278951]]]]},"properties":{"slr_ft":2}},{"type":"Feature","id":287,"geometry":{"type":"MultiPolygon","coordinates":[[[[-157.747524,21.277725],[-157.748831,21.277277],[-157.749424,21.277271],[-157.749981,21.277133],[-157.750568,21.277125],[-157.751317,21.277288],[-157.751737,21.27725],[-157.75209,21.2771],[-157.752288,21.277097],[-157.752519,21.276939],[-157.753416,21.276609],[-157.753375,21.276506],[-157.752256,21.277002],[-157.752053,21.276989],[-157.751499,21.277145],[-157.750972,21.277099],[-157.750604,21.276989],[-157.749952,21.277022],[-157.749398,21.277168],[-157.749006,21.277189],[-157.747524,21.277725]]]]},"properties":{"slr_ft":2}},{"type":"Feature","id":288,"geometry":{"type":"MultiPolygon","coordinates":[[[[-157.759819,21.276064],[-157.75981,21.276157],[-157.760582,21.276176],[-157.761079,21.276342],[-157.761647,21.276238],[-157.763542,21.275526],[-157.76567,21.274594],[-157.76763,21.27344],[-157.767823,21.273391],[-157.768183,21.273065],[-157.768702,21.272741],[-157.769248,21.272563],[-157.770904,21.272375],[-157.771822,21.27212],[-157.771805,21.27207],[-157.771077,21.272288],[-157.769228,21.272508],[-157.768679,21.272679],[-157.767818,21.273383],[-157.767625,21.273433],[-157.764885,21.274946],[-157.762455,21.275896],[-157.761631,21.276155],[-157.76106,21.276242],[-157.759819,21.276064]]]]},"properties":{"slr_ft":2}},{"type":"Feature","id":289,"geometry":{"type":"MultiPolygon","coordinates":[[[[-157.772409,21.271683],[-157.772426,21.271728],[-157.773924,21.271362],[-157.775443,21.270856],[-157.776189,21.270413],[-157.776866,21.269768],[-157.77706,21.269688],[-157.777397,21.269015],[-157.777392,21.269104],[-157.776892,21.269549],[-157.7767,21.269631],[-157.776024,21.270277],[-157.774967,21.270783],[-157.773149,21.271478],[-157.772409,21.271683]]]]},"properties":{"slr_ft":2}},{"type":"Feature","id":292,"geometry":{"type":"MultiPolygon","coordinates":[[[[-157.779742,21.265529],[-157.780649,21.264969],[-157.781354,21.264659],[-157.782197,21.263889],[-157.783666,21.263349],[-157.784496,21.262887],[-157.784905,21.262811],[-157.785073,21.262721],[-157.785356,21.26231],[-157.786009,21.261908],[-157.787019,21.261374],[-157.787576,21.261211],[-157.788529,21.260558],[-157.789084,21.260393],[-157.789404,21.26018],[-157.789937,21.259968],[-157.79062,21.259242],[-157.791144,21.258964],[-157.791343,21.258652],[-157.791214,21.258534],[-157.791004,21.258836],[-157.790678,21.259043],[-157.790164,21.259582],[-157.789848,21.259786],[-157.788452,21.260399],[-157.786772,21.2613],[-157.785176,21.261939],[-157.78352,21.263144],[-157.781959,21.263879],[-157.781067,21.264579],[-157.780396,21.264939],[-157.779742,21.265529]]]]},"properties":{"slr_ft":2}},{"type":"Feature","id":293,"geometry":{"type":"MultiPolygon","coordinates":[[[[-157.796253,21.257345],[-157.796282,21.257453],[-157.797187,21.257125],[-157.797987,21.257142],[-157.798951,21.257029],[-157.799118,21.256912],[-157.800384,21.256448],[-157.801705,21.256185],[-157.803677,21.256126],[-157.804424,21.255945],[-157.805856,21.255359],[-157.806604,21.255183],[-157.806994,21.255156],[-157.807209,21.255217],[-157.807163,21.255044],[-157.806574,21.255074],[-157.80564,21.255297],[-157.804027,21.255947],[-157.803072,21.256093],[-157.801675,21.256073],[-157.800354,21.256336],[-157.799084,21.256787],[-157.798919,21.256913],[-157.797963,21.257055],[-157.797163,21.257036],[-157.796633,21.257282],[-157.796253,21.257345]]]]},"properties":{"slr_ft":2}},{"type":"Feature","id":294,"geometry":{"type":"MultiPolygon","coordinates":[[[[-157.811311,21.256022],[-157.811318,21.256137],[-157.811708,21.256198],[-157.812664,21.256051],[-157.813551,21.256007],[-157.814661,21.25623],[-157.816201,21.256984],[-157.817293,21.257684],[-157.818241,21.257901],[-157.818399,21.258022],[-157.818556,21.257797],[-157.81826,21.257669],[-157.818063,21.257716],[-157.817299,21.2576],[-157.816276,21.256863],[-157.814739,21.256105],[-157.813379,21.255863],[-157.8117,21.256072],[-157.811311,21.256022]]]]},"properties":{"slr_ft":2}},{"type":"Feature","id":295,"geometry":{"type":"MultiPolygon","coordinates":[[[[-157.820793,21.260895],[-157.820514,21.261287],[-157.820908,21.261384],[-157.821036,21.261505],[-157.821326,21.262082],[-157.821331,21.262423],[-157.821484,21.262373],[-157.821526,21.262017],[-157.821442,21.26147],[-157.821285,21.261181],[-157.820793,21.260895]]]]},"properties":{"slr_ft":2}},{"type":"Feature","id":296,"geometry":{"type":"MultiPolygon","coordinates":[[[[-157.821507,21.262504],[-157.821341,21.262551],[-157.821451,21.26307],[-157.821544,21.262682],[-157.821507,21.262504]]]]},"properties":{"slr_ft":2}},{"type":"Feature","id":297,"geometry":{"type":"MultiPolygon","coordinates":[[[[-157.822037,21.265229],[-157.821345,21.26541],[-157.821547,21.26592],[-157.821473,21.266689],[-157.822054,21.267288],[-157.822257,21.26761],[-157.822279,21.268542],[-157.822755,21.268418],[-157.822723,21.267863],[-157.822596,21.267334],[-157.822627,21.267138],[-157.822037,21.265229]]]]},"properties":{"slr_ft":2}},{"type":"Feature","id":298,"geometry":{"type":"MultiPolygon","coordinates":[[[[-157.822773,21.268545],[-157.822686,21.268549],[-157.822698,21.270009],[-157.822773,21.268545]]]]},"properties":{"slr_ft":2}},{"type":"Feature","id":299,"geometry":{"type":"MultiPolygon","coordinates":[[[[-157.823028,21.271541],[-157.822939,21.271577],[-157.823132,21.272089],[-157.823768,21.27321],[-157.823837,21.273182],[-157.823028,21.271541]]]]},"properties":{"slr_ft":2}},{"type":"Feature","id":300,"geometry":{"type":"MultiPolygon","coordinates":[[[[-157.824077,21.273346],[-157.823918,21.273415],[-157.823925,21.273612],[-157.824202,21.274288],[-157.824636,21.274876],[-157.825065,21.275072],[-157.825126,21.27487],[-157.824693,21.274689],[-157.824377,21.274212],[-157.824057,21.273554],[-157.824077,21.273346]]]]},"properties":{"slr_ft":2}},{"type":"Feature","id":301,"geometry":{"type":"MultiPolygon","coordinates":[[[[-157.825232,21.275],[-157.825237,21.275323],[-157.825361,21.275476],[-157.825521,21.275577],[-157.825757,21.275568],[-157.82672,21.276168],[-157.827079,21.276274],[-157.826728,21.276157],[-157.825767,21.275554],[-157.82554,21.27555],[-157.825275,21.275269],[-157.825232,21.275]]]]},"properties":{"slr_ft":2}},{"type":"Feature","id":302,"geometry":{"type":"MultiPolygon","coordinates":[[[[-157.828897,21.276734],[-157.829672,21.276771],[-157.829681,21.276625],[-157.828897,21.276734]]]]},"properties":{"slr_ft":2}},{"type":"Feature","id":303,"geometry":{"type":"MultiPolygon","coordinates":[[[[-157.829761,21.276624],[-157.829744,21.276685],[-157.831716,21.277467],[-157.831762,21.277303],[-157.831385,21.277228],[-157.829761,21.276624]]]]},"properties":{"slr_ft":2}},{"type":"Feature","id":304,"geometry":{"type":"MultiPolygon","coordinates":[[[[-157.832508,21.277487],[-157.832483,21.277575],[-157.833497,21.278043],[-157.833553,21.277935],[-157.832961,21.277626],[-157.832508,21.277487]]]]},"properties":{"slr_ft":2}},{"type":"Feature","id":305,"geometry":{"type":"MultiPolygon","coordinates":[[[[-157.833844,21.278142],[-157.833605,21.278493],[-157.835166,21.279216],[-157.83612,21.280352],[-157.836538,21.280736],[-157.835133,21.278937],[-157.834837,21.2787],[-157.833844,21.278142]]]]},"properties":{"slr_ft":2}},{"type":"Feature","id":306,"geometry":{"type":"MultiPolygon","coordinates":[[[[-157.837001,21.281124],[-157.837592,21.281706],[-157.838818,21.28198],[-157.840058,21.281715],[-157.840152,21.281506],[-157.840394,21.281358],[-157.840234,21.281097],[-157.840024,21.281298],[-157.839945,21.281532],[-157.838857,21.28188],[-157.837639,21.281656],[-157.837403,21.281361],[-157.837001,21.281124]]]]},"properties":{"slr_ft":2}},{"type":"Feature","id":308,"geometry":{"type":"MultiPolygon","coordinates":[[[[-157.845997,21.282225],[-157.845831,21.282781],[-157.846082,21.283368],[-157.846451,21.283806],[-157.8471,21.284189],[-157.847652,21.284285],[-157.847927,21.284231],[-157.847912,21.283904],[-157.847637,21.283973],[-157.847077,21.283936],[-157.84652,21.283723],[-157.846217,21.2835],[-157.845984,21.283192],[-157.84584,21.28278],[-157.845997,21.282225]]]]},"properties":{"slr_ft":2}},{"type":"Feature","id":310,"geometry":{"type":"MultiPolygon","coordinates":[[[[-157.847415,21.288775],[-157.847996,21.289114],[-157.848716,21.289376],[-157.851474,21.290192],[-157.852791,21.290484],[-157.85351,21.290749],[-157.854648,21.291498],[-157.855079,21.291883],[-157.855248,21.291607],[-157.853004,21.290451],[-157.847415,21.288775]]]]},"properties":{"slr_ft":2}},{"type":"Feature","id":311,"geometry":{"type":"MultiPolygon","coordinates":[[[[-157.87674,21.301219],[-157.876738,21.301299],[-157.876933,21.301196],[-157.877702,21.301305],[-157.879147,21.301199],[-157.877703,21.301266],[-157.876935,21.301124],[-157.87674,21.301219]]]]},"properties":{"slr_ft":2}},{"type":"Feature","id":312,"geometry":{"type":"MultiPolygon","coordinates":[[[[-157.882003,21.300842],[-157.882032,21.300998],[-157.882222,21.300967],[-157.882751,21.300652],[-157.88376,21.300825],[-157.883692,21.300458],[-157.882902,21.300411],[-157.882376,21.300742],[-157.882003,21.300842]]]]},"properties":{"slr_ft":2}},{"type":"Feature","id":313,"geometry":{"type":"MultiPolygon","coordinates":[[[[-157.970584,21.325152],[-157.970747,21.324257],[-157.970721,21.323865],[-157.970584,21.325152]]]]},"properties":{"slr_ft":2}},{"type":"Feature","id":314,"geometry":{"type":"MultiPolygon","coordinates":[[[[-157.971004,21.322612],[-157.971424,21.322265],[-157.972107,21.322228],[-157.972598,21.321419],[-157.973067,21.321089],[-157.97332,21.320816],[-157.973723,21.320676],[-157.973837,21.320529],[-157.974043,21.320463],[-157.974359,21.319996],[-157.976225,21.318919],[-157.976753,21.318392],[-157.97718,21.318275],[-157.977685,21.318017],[-157.97795,21.31771],[-157.978109,21.317208],[-157.978722,21.316745],[-157.979111,21.316563],[-157.979715,21.316619],[-157.98044,21.316338],[-157.981011,21.31625],[-157.982869,21.315747],[-157.983915,21.315396],[-157.982682,21.315791],[-157.980993,21.316168],[-157.979816,21.316192],[-157.978989,21.316016],[-157.978455,21.316257],[-157.978172,21.316532],[-157.977827,21.316693],[-157.977608,21.317086],[-157.976353,21.318033],[-157.97586,21.318591],[-157.974074,21.319991],[-157.973872,21.32031],[-157.973681,21.320389],[-157.973598,21.320565],[-157.972818,21.321116],[-157.971956,21.322094],[-157.971667,21.322085],[-157.97136,21.322243],[-157.971004,21.322612]]]]},"properties":{"slr_ft":2}},{"type":"Feature","id":315,"geometry":{"type":"MultiPolygon","coordinates":[[[[-157.999261,21.311967],[-158.000281,21.31168],[-158.00274,21.311224],[-158.005166,21.310621],[-158.005561,21.310628],[-158.006304,21.310426],[-158.008966,21.309997],[-158.009139,21.309887],[-158.010093,21.30975],[-158.011685,21.309365],[-158.011665,21.309278],[-158.010262,21.309624],[-158.009112,21.309769],[-158.008939,21.309876],[-158.0076,21.310056],[-158.005536,21.310516],[-158.005142,21.310514],[-158.002722,21.311147],[-158.000457,21.311586],[-157.999261,21.311967]]]]},"properties":{"slr_ft":2}},{"type":"Feature","id":316,"geometry":{"type":"MultiPolygon","coordinates":[[[[-158.024187,21.306341],[-158.024234,21.306519],[-158.025206,21.306439],[-158.026445,21.306611],[-158.027537,21.306234],[-158.028507,21.306146],[-158.029042,21.305918],[-158.030352,21.305614],[-158.030511,21.305462],[-158.031044,21.305226],[-158.032682,21.304661],[-158.03261,21.304392],[-158.032422,21.304431],[-158.030787,21.305008],[-158.030433,21.305172],[-158.030278,21.305337],[-158.029357,21.305606],[-158.028467,21.305998],[-158.027511,21.306139],[-158.026391,21.306408],[-158.025156,21.306248],[-158.024187,21.306341]]]]},"properties":{"slr_ft":2}},{"type":"Feature","id":317,"geometry":{"type":"MultiPolygon","coordinates":[[[[-158.044058,21.303841],[-158.044085,21.303896],[-158.044896,21.303821],[-158.045463,21.303681],[-158.045595,21.303515],[-158.046168,21.303387],[-158.046307,21.303237],[-158.047217,21.30293],[-158.048068,21.302501],[-158.048509,21.302101],[-158.048838,21.301906],[-158.049985,21.301536],[-158.051492,21.301174],[-158.052853,21.301188],[-158.054776,21.301033],[-158.055343,21.300917],[-158.057469,21.300829],[-158.058618,21.300705],[-158.05899,21.300578],[-158.059562,21.300502],[-158.060534,21.300504],[-158.061092,21.300316],[-158.062084,21.30047],[-158.063039,21.300348],[-158.063599,21.300176],[-158.06493,21.299953],[-158.065706,21.299946],[-158.066111,21.300072],[-158.066899,21.300157],[-158.067675,21.300147],[-158.069159,21.29961],[-158.069734,21.299553],[-158.070297,21.299406],[-158.071413,21.299027],[-158.07196,21.298762],[-158.072337,21.29867],[-158.073111,21.298649],[-158.073452,21.298516],[-158.07344,21.298431],[-158.07175,21.298643],[-158.070263,21.299151],[-158.069123,21.299339],[-158.067643,21.299905],[-158.066093,21.299934],[-158.065687,21.299803],[-158.06491,21.299802],[-158.063015,21.300168],[-158.061865,21.300285],[-158.061074,21.300178],[-158.060513,21.300346],[-158.059542,21.300346],[-158.058601,21.300575],[-158.057454,21.300717],[-158.055329,21.300813],[-158.054763,21.300938],[-158.052842,21.301099],[-158.051859,21.301011],[-158.051093,21.301101],[-158.049776,21.301423],[-158.048786,21.301801],[-158.047995,21.302351],[-158.046247,21.303113],[-158.046113,21.303273],[-158.045549,21.303422],[-158.045422,21.303595],[-158.044865,21.303757],[-158.044058,21.303841]]]]},"properties":{"slr_ft":2}},{"type":"Feature","id":318,"geometry":{"type":"MultiPolygon","coordinates":[[[[-158.075047,21.298616],[-158.075055,21.298813],[-158.075819,21.298631],[-158.076784,21.298641],[-158.077368,21.298749],[-158.077947,21.298762],[-158.079861,21.298397],[-158.080009,21.298352],[-158.080001,21.298155],[-158.07832,21.298458],[-158.078132,21.298566],[-158.077748,21.298625],[-158.075813,21.298489],[-158.075047,21.298616]]]]},"properties":{"slr_ft":2}},{"type":"Feature","id":319,"geometry":{"type":"MultiPolygon","coordinates":[[[[-158.088834,21.295813],[-158.08884,21.295947],[-158.091928,21.295935],[-158.094999,21.295596],[-158.095581,21.295662],[-158.096545,21.295628],[-158.096741,21.295692],[-158.097899,21.295689],[-158.098367,21.295532],[-158.098361,21.2954],[-158.09789,21.295517],[-158.096533,21.295399],[-158.095572,21.295463],[-158.095184,21.295422],[-158.091344,21.295837],[-158.088834,21.295813]]]]},"properties":{"slr_ft":2}},{"type":"Feature","id":320,"geometry":{"type":"MultiPolygon","coordinates":[[[[-158.130698,21.356784],[-158.130365,21.356893],[-158.13042,21.357257],[-158.130603,21.35758],[-158.130743,21.358492],[-158.131043,21.359159],[-158.131453,21.359791],[-158.131658,21.36068],[-158.132177,21.361276],[-158.132833,21.362975],[-158.13317,21.363439],[-158.13395,21.365098],[-158.134184,21.365402],[-158.134433,21.365321],[-158.133598,21.363682],[-158.133496,21.363332],[-158.133179,21.362862],[-158.132482,21.361176],[-158.132007,21.360566],[-158.131783,21.359683],[-158.131377,21.35905],[-158.131025,21.358208],[-158.130923,21.357476],[-158.130756,21.357147],[-158.130698,21.356784]]]]},"properties":{"slr_ft":2}},{"type":"Feature","id":321,"geometry":{"type":"MultiPolygon","coordinates":[[[[-158.140786,21.375282],[-158.140673,21.375361],[-158.140759,21.375527],[-158.141031,21.375787],[-158.141527,21.376568],[-158.142298,21.377382],[-158.142676,21.377669],[-158.142765,21.377606],[-158.142377,21.377326],[-158.141613,21.376508],[-158.140786,21.375282]]]]},"properties":{"slr_ft":2}},{"type":"Feature","id":322,"geometry":{"type":"MultiPolygon","coordinates":[[[[-158.146832,21.382242],[-158.146734,21.382343],[-158.146977,21.38263],[-158.147047,21.382826],[-158.147776,21.383686],[-158.149453,21.385182],[-158.151357,21.386712],[-158.151962,21.387432],[-158.152824,21.388156],[-158.153452,21.388852],[-158.154469,21.389684],[-158.154824,21.390125],[-158.155565,21.390704],[-158.155802,21.390998],[-158.156685,21.391699],[-158.157525,21.392714],[-158.157962,21.392802],[-158.158285,21.393006],[-158.158486,21.393337],[-158.158753,21.393599],[-158.159326,21.393814],[-158.159878,21.394319],[-158.160211,21.394514],[-158.160454,21.394801],[-158.161321,21.395251],[-158.161611,21.395489],[-158.161986,21.39564],[-158.162581,21.396101],[-158.163062,21.396143],[-158.16398,21.396759],[-158.164086,21.396649],[-158.163984,21.396536],[-158.16318,21.396021],[-158.162708,21.395971],[-158.162117,21.395505],[-158.161757,21.395339],[-158.161488,21.395079],[-158.160616,21.394633],[-158.160372,21.394348],[-158.159902,21.394026],[-158.159245,21.393629],[-158.158853,21.393496],[-158.15841,21.392877],[-158.158101,21.392658],[-158.157679,21.392556],[-158.157255,21.392187],[-158.15682,21.39156],[-158.15638,21.391208],[-158.156287,21.391036],[-158.155534,21.390468],[-158.154758,21.389656],[-158.153068,21.388173],[-158.151765,21.38683],[-158.151308,21.386494],[-158.150797,21.385946],[-158.150342,21.385609],[-158.147886,21.383305],[-158.147434,21.382965],[-158.146832,21.382242]]]]},"properties":{"slr_ft":2}},{"type":"Feature","id":323,"geometry":{"type":"MultiPolygon","coordinates":[[[[-158.176796,21.403749],[-158.176684,21.403831],[-158.177174,21.404618],[-158.177901,21.405382],[-158.178205,21.406617],[-158.178219,21.406981],[-158.177768,21.407674],[-158.1775,21.407943],[-158.177712,21.40807],[-158.17838,21.407139],[-158.17837,21.40659],[-158.178091,21.405352],[-158.177308,21.404521],[-158.176796,21.403749]]]]},"properties":{"slr_ft":2}},{"type":"Feature","id":324,"geometry":{"type":"MultiPolygon","coordinates":[[[[-158.177599,21.409996],[-158.177299,21.409908],[-158.177239,21.410458],[-158.176784,21.410893],[-158.176677,21.411639],[-158.176986,21.41379],[-158.177796,21.41604],[-158.178075,21.417094],[-158.177704,21.418259],[-158.177672,21.419367],[-158.178099,21.421865],[-158.17834,21.422559],[-158.178341,21.423293],[-158.178098,21.42462],[-158.178139,21.425164],[-158.178311,21.425869],[-158.178248,21.426615],[-158.178497,21.427674],[-158.17893,21.427968],[-158.179048,21.428131],[-158.179131,21.428485],[-158.179708,21.428386],[-158.179548,21.427862],[-158.179147,21.427563],[-158.179072,21.427393],[-158.179083,21.427207],[-158.178886,21.426506],[-158.178999,21.425752],[-158.178874,21.425039],[-158.178986,21.42355],[-158.178757,21.422304],[-158.178544,21.421789],[-158.178093,21.419295],[-158.178173,21.418179],[-158.178386,21.417041],[-158.177849,21.414929],[-158.17742,21.413716],[-158.177015,21.411765],[-158.177027,21.410964],[-158.177118,21.410801],[-158.177458,21.410523],[-158.177599,21.410185],[-158.177599,21.409996]]]]},"properties":{"slr_ft":2}},{"type":"Feature","id":325,"geometry":{"type":"MultiPolygon","coordinates":[[[[-158.189944,21.441749],[-158.189707,21.441759],[-158.188993,21.442497],[-158.188819,21.443474],[-158.18895,21.443826],[-158.188768,21.444585],[-158.189564,21.445623],[-158.190233,21.446315],[-158.190603,21.44711],[-158.191085,21.44741],[-158.191621,21.447635],[-158.192073,21.447978],[-158.192418,21.448003],[-158.192697,21.448265],[-158.192745,21.448237],[-158.19241,21.447794],[-158.19223,21.447757],[-158.19081,21.44682],[-158.190003,21.445816],[-158.189123,21.444412],[-158.189067,21.443961],[-158.189132,21.443812],[-158.189026,21.443458],[-158.189177,21.442577],[-158.189779,21.441854],[-158.189944,21.441749]]]]},"properties":{"slr_ft":2}},{"type":"Feature","id":326,"geometry":{"type":"MultiPolygon","coordinates":[[[[-158.193421,21.448775],[-158.193315,21.448936],[-158.193679,21.449072],[-158.193876,21.449116],[-158.193986,21.44895],[-158.193421,21.448775]]]]},"properties":{"slr_ft":2}},{"type":"Feature","id":327,"geometry":{"type":"MultiPolygon","coordinates":[[[[-158.20545,21.459103],[-158.205392,21.459214],[-158.205867,21.459538],[-158.206283,21.459975],[-158.206752,21.460312],[-158.20764,21.460669],[-158.209696,21.461252],[-158.209807,21.461041],[-158.2079,21.460582],[-158.20667,21.460056],[-158.20545,21.459103]]]]},"properties":{"slr_ft":2}},{"type":"Feature","id":328,"geometry":{"type":"MultiPolygon","coordinates":[[[[-158.212793,21.46139],[-158.212599,21.461448],[-158.212515,21.462043],[-158.212701,21.462746],[-158.212906,21.463253],[-158.213127,21.463377],[-158.213246,21.463721],[-158.213615,21.46418],[-158.213694,21.464156],[-158.213314,21.4637],[-158.213198,21.463356],[-158.212981,21.463231],[-158.212895,21.463067],[-158.212667,21.461997],[-158.212793,21.46139]]]]},"properties":{"slr_ft":2}},{"type":"Feature","id":330,"geometry":{"type":"MultiPolygon","coordinates":[[[[-158.219531,21.475181],[-158.219414,21.475297],[-158.219702,21.475801],[-158.219664,21.476103],[-158.219792,21.476504],[-158.220226,21.477127],[-158.221264,21.478204],[-158.221999,21.478527],[-158.222711,21.478609],[-158.22346,21.478391],[-158.224332,21.478647],[-158.225285,21.478492],[-158.225249,21.478347],[-158.224301,21.478518],[-158.22357,21.478282],[-158.222821,21.4785],[-158.222569,21.478487],[-158.222112,21.478414],[-158.221399,21.478069],[-158.220308,21.477045],[-158.219885,21.476411],[-158.219743,21.476024],[-158.21978,21.475723],[-158.219531,21.475181]]]]},"properties":{"slr_ft":2}},{"type":"Feature","id":331,"geometry":{"type":"MultiPolygon","coordinates":[[[[-158.229763,21.489206],[-158.22917,21.489191],[-158.229111,21.489912],[-158.229191,21.490999],[-158.229456,21.49209],[-158.229377,21.494076],[-158.229589,21.494624],[-158.229613,21.494986],[-158.229576,21.495889],[-158.229344,21.496245],[-158.22916,21.496963],[-158.229214,21.498229],[-158.229464,21.498236],[-158.229335,21.496967],[-158.229485,21.496429],[-158.229778,21.496075],[-158.22984,21.495896],[-158.229829,21.495353],[-158.229641,21.494083],[-158.229748,21.492097],[-158.229533,21.491007],[-158.229721,21.490108],[-158.229763,21.489206]]]]},"properties":{"slr_ft":2}},{"type":"Feature","id":332,"geometry":{"type":"MultiPolygon","coordinates":[[[[-158.228954,21.51113],[-158.228725,21.511024],[-158.228559,21.51135],[-158.228348,21.512044],[-158.228553,21.512139],[-158.228954,21.51113]]]]},"properties":{"slr_ft":2}},{"type":"Feature","id":333,"geometry":{"type":"MultiPolygon","coordinates":[[[[-158.228821,21.516988],[-158.228703,21.516946],[-158.228434,21.517958],[-158.228743,21.517346],[-158.228821,21.516988]]]]},"properties":{"slr_ft":2}},{"type":"Feature","id":334,"geometry":{"type":"MultiPolygon","coordinates":[[[[-158.228983,21.527274],[-158.228608,21.527328],[-158.228701,21.528411],[-158.228672,21.529878],[-158.228839,21.530402],[-158.229263,21.532535],[-158.229315,21.533259],[-158.229831,21.534282],[-158.230158,21.535149],[-158.230426,21.535585],[-158.229439,21.532876],[-158.22911,21.530546],[-158.228899,21.529663],[-158.228983,21.527274]]]]},"properties":{"slr_ft":2}},{"type":"Feature","id":335,"geometry":{"type":"MultiPolygon","coordinates":[[[[-158.23136,21.537323],[-158.231188,21.537437],[-158.231827,21.537678],[-158.23136,21.537323]]]]},"properties":{"slr_ft":2}},{"type":"Feature","id":336,"geometry":{"type":"MultiPolygon","coordinates":[[[[-158.240244,21.545834],[-158.239924,21.546095],[-158.240031,21.546728],[-158.240313,21.547457],[-158.240684,21.547874],[-158.241008,21.548568],[-158.241198,21.548653],[-158.241238,21.54886],[-158.241615,21.549272],[-158.242255,21.549708],[-158.242661,21.549857],[-158.243217,21.550362],[-158.243285,21.550546],[-158.243758,21.550879],[-158.244128,21.551297],[-158.244485,21.551485],[-158.245082,21.551957],[-158.245569,21.552519],[-158.246152,21.553463],[-158.24642,21.553244],[-158.245249,21.55182],[-158.244676,21.551329],[-158.244151,21.551038],[-158.24377,21.55063],[-158.24359,21.550537],[-158.243393,21.550218],[-158.242849,21.549703],[-158.242458,21.549543],[-158.24187,21.549063],[-158.241537,21.548616],[-158.241504,21.548403],[-158.241321,21.548313],[-158.240552,21.547262],[-158.240325,21.546488],[-158.240244,21.545834]]]]},"properties":{"slr_ft":2}},{"type":"Feature","id":208,"geometry":{"type":"MultiPolygon","coordinates":[[[[-158.234451,21.57964],[-158.234458,21.579446],[-158.233489,21.579512],[-158.233112,21.579265],[-158.23273,21.57913],[-158.230421,21.578846],[-158.228887,21.57851],[-158.228499,21.578548],[-158.227713,21.578905],[-158.227323,21.579001],[-158.226742,21.579021],[-158.225395,21.57885],[-158.224226,21.579114],[-158.223458,21.578956],[-158.222889,21.578674],[-158.221544,21.578454],[-158.22135,21.578485],[-158.219424,21.578286],[-158.218125,21.578409],[-158.217051,21.578843],[-158.215702,21.579027],[-158.214804,21.579376],[-158.214509,21.579733],[-158.214025,21.580128],[-158.213644,21.580193],[-158.212739,21.580523],[-158.211754,21.580582],[-158.211,21.580743],[-158.210294,21.581065],[-158.209706,21.581112],[-158.207494,21.581766],[-158.205911,21.581572],[-158.205524,21.581576],[-158.205144,21.581679],[-158.204755,21.581656],[-158.20377,21.581411],[-158.202804,21.581434],[-158.202234,21.581599],[-158.201039,21.582398],[-158.20046,21.58248],[-158.199494,21.582339],[-158.19795,21.581848],[-158.196405,21.581697],[-158.195634,21.581305],[-158.195248,21.581239],[-158.194668,21.581294],[-158.193508,21.581638],[-158.19196,21.582281],[-158.190607,21.582499],[-158.190221,21.582415],[-158.188483,21.58239],[-158.18771,21.5823],[-158.186926,21.581994],[-158.186069,21.581525],[-158.18515,21.581245],[-158.183871,21.581452],[-158.183294,21.581366],[-158.182374,21.58109],[-158.182215,21.580958],[-158.182109,21.580663],[-158.181824,21.580296],[-158.181083,21.580091],[-158.179604,21.579917],[-158.17883,21.579904],[-158.177608,21.580056],[-158.176324,21.580452],[-158.174913,21.581061],[-158.173421,21.581404],[-158.17304,21.58125],[-158.172427,21.580798],[-158.171736,21.580471],[-158.171132,21.580005],[-158.169355,21.57927],[-158.168477,21.578829],[-158.167899,21.578728],[-158.167152,21.57884],[-158.166282,21.579236],[-158.165335,21.579458],[-158.164189,21.580176],[-158.163297,21.580514],[-158.162911,21.580519],[-158.162331,21.580409],[-158.16059,21.57977],[-158.159624,21.579624],[-158.158465,21.579556],[-158.158078,21.579605],[-158.156921,21.57998],[-158.155956,21.580492],[-158.155377,21.580643],[-158.153832,21.58061],[-158.153058,21.580371],[-158.152672,21.580329],[-158.151758,21.58041],[-158.149327,21.581002],[-158.146975,21.58186],[-158.145437,21.582079],[-158.143821,21.582717],[-158.143069,21.582886],[-158.142066,21.582882],[-158.141488,21.582958],[-158.13911,21.58373],[-158.137755,21.58388],[-158.13564,21.583688],[-158.134999,21.583285],[-158.133957,21.582808],[-158.132291,21.582283],[-158.131715,21.582228],[-158.130739,21.582287],[-158.130015,21.582189],[-158.130734,21.582342],[-158.13171,21.582281],[-158.13264,21.582462],[-158.133915,21.582894],[-158.13563,21.583809],[-158.137941,21.583987],[-158.139129,21.583794],[-158.141497,21.58299],[-158.142076,21.582914],[-158.143082,21.58293],[-158.143842,21.58279],[-158.145458,21.582153],[-158.146982,21.581886],[-158.148424,21.581337],[-158.149347,21.581069],[-158.15011,21.58094],[-158.15197,21.580452],[-158.152865,21.580416],[-158.153832,21.580663],[-158.155377,21.58071],[-158.155956,21.580561],[-158.156921,21.580055],[-158.158079,21.57972],[-158.158658,21.579669],[-158.159624,21.579728],[-158.160591,21.579883],[-158.162138,21.580436],[-158.163104,21.580565],[-158.163493,21.580492],[-158.164203,21.580205],[-158.165359,21.579511],[-158.16649,21.579234],[-158.167176,21.578894],[-158.167898,21.578786],[-158.168476,21.578885],[-158.169487,21.579416],[-158.171088,21.580076],[-158.171689,21.580547],[-158.172388,21.58086],[-158.172847,21.581201],[-158.173419,21.581481],[-158.173805,21.581486],[-158.174963,21.581195],[-158.176356,21.58054],[-158.177654,21.580181],[-158.178816,21.580059],[-158.179589,21.580084],[-158.181398,21.580366],[-158.181756,21.580506],[-158.182179,21.581068],[-158.183264,21.581457],[-158.183843,21.581538],[-158.185123,21.581328],[-158.186039,21.581617],[-158.187074,21.582159],[-158.18771,21.582391],[-158.190221,21.582497],[-158.1908,21.582608],[-158.19196,21.582434],[-158.193507,21.581752],[-158.194667,21.581398],[-158.195247,21.581322],[-158.195633,21.581379],[-158.196405,21.581771],[-158.19795,21.581903],[-158.199494,21.582409],[-158.200459,21.582562],[-158.201039,21.582509],[-158.202054,21.581792],[-158.202428,21.581605],[-158.202811,21.581535],[-158.203582,21.581491],[-158.204956,21.581764],[-158.205916,21.581657],[-158.207091,21.58185],[-158.207521,21.581854],[-158.209733,21.581203],[-158.210318,21.581148],[-158.211023,21.580822],[-158.211973,21.580643],[-158.212763,21.580602],[-158.213675,21.580298],[-158.214058,21.580237],[-158.214544,21.579848],[-158.214836,21.579484],[-158.215365,21.579242],[-158.215918,21.579079],[-158.217083,21.578949],[-158.218163,21.578536],[-158.218643,21.578496],[-158.219805,21.578447],[-158.221343,21.57866],[-158.221537,21.578635],[-158.222882,21.57885],[-158.223451,21.579164],[-158.224025,21.579306],[-158.224413,21.579268],[-158.22539,21.578986],[-158.226542,21.579209],[-158.227317,21.57915],[-158.228688,21.578662],[-158.229458,21.578742],[-158.230416,21.578977],[-158.231187,21.579046],[-158.232531,21.579293],[-158.233104,21.579478],[-158.233483,21.579693],[-158.234451,21.57964]]]]},"properties":{"slr_ft":1.1}},{"type":"Feature","id":244,"geometry":{"type":"MultiPolygon","coordinates":[[[[-157.923884,21.662314],[-157.92366,21.662403],[-157.923371,21.662665],[-157.923205,21.662992],[-157.923187,21.663188],[-157.923253,21.663223],[-157.923422,21.662692],[-157.923884,21.662314]]]]},"properties":{"slr_ft":1.1}},{"type":"Feature","id":209,"geometry":{"type":"MultiPolygon","coordinates":[[[[-158.126434,21.582637],[-158.125831,21.58258],[-158.123465,21.582904],[-158.122788,21.583258],[-158.12241,21.583691],[-158.122457,21.583758],[-158.122829,21.583316],[-158.123506,21.582963],[-158.124318,21.582902],[-158.125837,21.582617],[-158.126434,21.582637]]]]},"properties":{"slr_ft":1.1}},{"type":"Feature","id":280,"geometry":{"type":"MultiPolygon","coordinates":[[[[-157.713716,21.281764],[-157.713031,21.281443],[-157.712298,21.281255],[-157.712274,21.281339],[-157.713716,21.281764]]]]},"properties":{"slr_ft":1.1}},{"type":"Feature","id":210,"geometry":{"type":"MultiPolygon","coordinates":[[[[-158.118794,21.582091],[-158.11869,21.581961],[-158.117733,21.582573],[-158.116281,21.583774],[-158.116169,21.583923],[-158.116225,21.583994],[-158.116759,21.583468],[-158.117798,21.582655],[-158.118794,21.582091]]]]},"properties":{"slr_ft":1.1}},{"type":"Feature","id":211,"geometry":{"type":"MultiPolygon","coordinates":[[[[-158.117088,21.588929],[-158.117085,21.588857],[-158.116699,21.588865],[-158.115739,21.589058],[-158.114774,21.589097],[-158.114245,21.58895],[-158.114775,21.589122],[-158.115355,21.58913],[-158.117088,21.588929]]]]},"properties":{"slr_ft":1.1}},{"type":"Feature","id":213,"geometry":{"type":"MultiPolygon","coordinates":[[[[-158.111523,21.5898],[-158.111174,21.590003],[-158.110751,21.590386],[-158.110631,21.590751],[-158.110026,21.591903],[-158.10943,21.592829],[-158.110063,21.591927],[-158.110661,21.590771],[-158.110769,21.590398],[-158.111523,21.5898]]]]},"properties":{"slr_ft":1.1}},{"type":"Feature","id":214,"geometry":{"type":"MultiPolygon","coordinates":[[[[-158.108705,21.593699],[-158.10828,21.593762],[-158.107786,21.594047],[-158.107836,21.594113],[-158.108314,21.593807],[-158.108705,21.593699]]]]},"properties":{"slr_ft":1.1}},{"type":"Feature","id":216,"geometry":{"type":"MultiPolygon","coordinates":[[[[-158.103168,21.596255],[-158.102952,21.596205],[-158.102989,21.597517],[-158.10309,21.598157],[-158.103302,21.59867],[-158.103601,21.600453],[-158.10394,21.600389],[-158.103801,21.599866],[-158.103776,21.599318],[-158.103338,21.59811],[-158.103168,21.596255]]]]},"properties":{"slr_ft":1.1}},{"type":"Feature","id":217,"geometry":{"type":"MultiPolygon","coordinates":[[[[-158.104555,21.601037],[-158.104481,21.601049],[-158.10447,21.601234],[-158.104648,21.601755],[-158.104727,21.601742],[-158.104582,21.601399],[-158.104555,21.601037]]]]},"properties":{"slr_ft":1.1}},{"type":"Feature","id":218,"geometry":{"type":"MultiPolygon","coordinates":[[[[-158.094914,21.612705],[-158.094855,21.612616],[-158.094524,21.613146],[-158.094193,21.613332],[-158.092776,21.613595],[-158.091539,21.614129],[-158.091103,21.614499],[-158.090038,21.614949],[-158.089431,21.615406],[-158.088894,21.615969],[-158.088299,21.616443],[-158.086634,21.617361],[-158.086182,21.617709],[-158.08549,21.61838],[-158.085259,21.61871],[-158.085294,21.618762],[-158.085531,21.618442],[-158.086523,21.617537],[-158.088187,21.616617],[-158.088927,21.616018],[-158.089467,21.615462],[-158.090083,21.615018],[-158.091149,21.61457],[-158.091604,21.614226],[-158.092824,21.613667],[-158.094251,21.61342],[-158.094581,21.613233],[-158.094914,21.612705]]]]},"properties":{"slr_ft":1.1}},{"type":"Feature","id":219,"geometry":{"type":"MultiPolygon","coordinates":[[[[-158.081982,21.621538],[-158.081935,21.621517],[-158.081434,21.622494],[-158.080779,21.623502],[-158.080363,21.623718],[-158.078698,21.624193],[-158.077099,21.624921],[-158.075927,21.625866],[-158.075601,21.626245],[-158.07528,21.626901],[-158.075132,21.62705],[-158.074444,21.62737],[-158.074476,21.627443],[-158.075323,21.62701],[-158.075678,21.626284],[-158.075976,21.625923],[-158.07715,21.624981],[-158.078888,21.624159],[-158.080192,21.623822],[-158.080828,21.623553],[-158.081982,21.621538]]]]},"properties":{"slr_ft":1.1}},{"type":"Feature","id":220,"geometry":{"type":"MultiPolygon","coordinates":[[[[-158.073539,21.628883],[-158.073464,21.628835],[-158.072925,21.629585],[-158.072204,21.630285],[-158.071871,21.630731],[-158.071622,21.631244],[-158.071479,21.631365],[-158.07154,21.631413],[-158.071906,21.630995],[-158.07196,21.630801],[-158.072287,21.63035],[-158.073003,21.629634],[-158.073539,21.628883]]]]},"properties":{"slr_ft":1.1}},{"type":"Feature","id":221,"geometry":{"type":"MultiPolygon","coordinates":[[[[-158.065401,21.638185],[-158.065253,21.638103],[-158.064942,21.63814],[-158.064239,21.6388],[-158.063668,21.638903],[-158.063143,21.639452],[-158.063151,21.639666],[-158.062914,21.640165],[-158.062592,21.640617],[-158.062527,21.641842],[-158.062431,21.641998],[-158.062536,21.641848],[-158.062603,21.640623],[-158.06318,21.639683],[-158.063175,21.639469],[-158.063706,21.638924],[-158.064286,21.638826],[-158.065082,21.638218],[-158.065401,21.638185]]]]},"properties":{"slr_ft":1.1}},{"type":"Feature","id":222,"geometry":{"type":"MultiPolygon","coordinates":[[[[-158.063834,21.645447],[-158.063731,21.645391],[-158.063319,21.645995],[-158.063436,21.646059],[-158.063834,21.645447]]]]},"properties":{"slr_ft":1.1}},{"type":"Feature","id":224,"geometry":{"type":"MultiPolygon","coordinates":[[[[-158.033896,21.681241],[-158.033367,21.681417],[-158.03272,21.681817],[-158.032114,21.682546],[-158.03157,21.683506],[-158.031169,21.683931],[-158.030972,21.684046],[-158.030903,21.684215],[-158.031056,21.684478],[-158.030844,21.68538],[-158.030549,21.686049],[-158.029955,21.686825],[-158.028341,21.68746],[-158.027513,21.687961],[-158.024619,21.689051],[-158.023391,21.689937],[-158.022493,21.690896],[-158.021678,21.691399],[-158.021573,21.691551],[-158.021642,21.691622],[-158.021895,21.691355],[-158.022556,21.690961],[-158.023462,21.690011],[-158.024037,21.689527],[-158.024674,21.68911],[-158.027544,21.688036],[-158.028373,21.687536],[-158.030012,21.686891],[-158.030644,21.686089],[-158.030929,21.685416],[-158.031135,21.684512],[-158.030981,21.684249],[-158.031052,21.68408],[-158.03125,21.683966],[-158.031649,21.683539],[-158.032062,21.682722],[-158.03261,21.682005],[-158.033054,21.681635],[-158.033896,21.681241]]]]},"properties":{"slr_ft":1.1}},{"type":"Feature","id":225,"geometry":{"type":"MultiPolygon","coordinates":[[[[-158.020904,21.692562],[-158.020863,21.692484],[-158.020094,21.692658],[-158.0196,21.692946],[-158.019643,21.693029],[-158.020137,21.692741],[-158.020904,21.692562]]]]},"properties":{"slr_ft":1.1}},{"type":"Feature","id":226,"geometry":{"type":"MultiPolygon","coordinates":[[[[-158.015863,21.69612],[-158.015793,21.696076],[-158.014984,21.697138],[-158.013821,21.698005],[-158.013366,21.698084],[-158.01336,21.698146],[-158.013874,21.69807],[-158.015039,21.697206],[-158.015347,21.696884],[-158.015863,21.69612]]]]},"properties":{"slr_ft":1.1}},{"type":"Feature","id":227,"geometry":{"type":"MultiPolygon","coordinates":[[[[-158.01333,21.696564],[-158.0134,21.696512],[-158.0132,21.696208],[-158.012738,21.695883],[-158.012372,21.695761],[-158.011805,21.695713],[-158.011228,21.695761],[-158.010029,21.696107],[-158.009258,21.696659],[-158.008237,21.697748],[-158.007995,21.698287],[-158.008047,21.699006],[-158.008124,21.699009],[-158.008064,21.69829],[-158.00828,21.697791],[-158.009292,21.696693],[-158.010061,21.696139],[-158.011041,21.695838],[-158.012155,21.695794],[-158.012532,21.695869],[-158.012869,21.696051],[-158.013129,21.69626],[-158.01333,21.696564]]]]},"properties":{"slr_ft":1.1}},{"type":"Feature","id":228,"geometry":{"type":"MultiPolygon","coordinates":[[[[-158.008724,21.699985],[-158.008728,21.699895],[-158.008537,21.699834],[-158.006688,21.700194],[-158.00557,21.699913],[-158.005555,21.699972],[-158.006672,21.700255],[-158.008533,21.699921],[-158.008724,21.699985]]]]},"properties":{"slr_ft":1.1}},{"type":"Feature","id":229,"geometry":{"type":"MultiPolygon","coordinates":[[[[-158.003577,21.699281],[-158.003561,21.699167],[-158.002975,21.699166],[-158.002037,21.699393],[-158.002053,21.699506],[-158.002799,21.699296],[-158.003577,21.699281]]]]},"properties":{"slr_ft":1.1}},{"type":"Feature","id":223,"geometry":{"type":"MultiPolygon","coordinates":[[[[-158.060856,21.655058],[-158.060711,21.654933],[-158.060036,21.655336],[-158.059253,21.656381],[-158.058911,21.657067],[-158.058121,21.657861],[-158.057702,21.658727],[-158.056965,21.659566],[-158.055787,21.660518],[-158.055265,21.660806],[-158.054755,21.660859],[-158.054722,21.661321],[-158.053844,21.66204],[-158.05327,21.662773],[-158.052003,21.663893],[-158.051565,21.664398],[-158.050601,21.665298],[-158.048519,21.666916],[-158.047625,21.667997],[-158.046406,21.670124],[-158.045031,21.670798],[-158.04401,21.671652],[-158.043454,21.671846],[-158.041987,21.672721],[-158.041655,21.672571],[-158.041345,21.673125],[-158.040677,21.673545],[-158.039973,21.674173],[-158.039783,21.674495],[-158.039827,21.674764],[-158.039711,21.675144],[-158.039175,21.67607],[-158.038943,21.676759],[-158.038841,21.677297],[-158.038882,21.67882],[-158.038482,21.679611],[-158.037754,21.68048],[-158.037468,21.680688],[-158.036536,21.681],[-158.035764,21.681084],[-158.034603,21.681027],[-158.033956,21.681223],[-158.034604,21.681062],[-158.035765,21.681121],[-158.036537,21.681041],[-158.03752,21.680792],[-158.037853,21.680527],[-158.038553,21.679646],[-158.038986,21.67885],[-158.038914,21.677318],[-158.039039,21.676597],[-158.039181,21.676071],[-158.039758,21.67518],[-158.039892,21.674815],[-158.039858,21.674553],[-158.040066,21.674245],[-158.040765,21.673613],[-158.041439,21.673197],[-158.041724,21.672672],[-158.042062,21.67283],[-158.042604,21.672616],[-158.043542,21.671974],[-158.044095,21.671776],[-158.045097,21.670894],[-158.046453,21.670193],[-158.046732,21.669801],[-158.047413,21.668501],[-158.047971,21.667726],[-158.048491,21.667175],[-158.050755,21.665482],[-158.05171,21.664571],[-158.052145,21.664015],[-158.053464,21.662694],[-158.053803,21.662249],[-158.054675,21.661525],[-158.054795,21.661383],[-158.054826,21.66092],[-158.055354,21.660882],[-158.0559,21.660614],[-158.057076,21.659661],[-158.057808,21.658818],[-158.058085,21.65832],[-158.058204,21.657932],[-158.059082,21.657214],[-158.059422,21.656525],[-158.060207,21.655482],[-158.060856,21.655058]]]]},"properties":{"slr_ft":1.1}},{"type":"Feature","id":230,"geometry":{"type":"MultiPolygon","coordinates":[[[[-157.997919,21.70518],[-157.997924,21.705113],[-157.997547,21.704987],[-157.996913,21.704999],[-157.996603,21.705215],[-157.996496,21.705375],[-157.996561,21.705454],[-157.996968,21.705066],[-157.997542,21.705061],[-157.997919,21.70518]]]]},"properties":{"slr_ft":1.1}},{"type":"Feature","id":231,"geometry":{"type":"MultiPolygon","coordinates":[[[[-157.993542,21.705147],[-157.993613,21.705005],[-157.9932,21.704977],[-157.99145,21.704266],[-157.990288,21.704338],[-157.99028,21.704477],[-157.991442,21.704417],[-157.99314,21.705098],[-157.993542,21.705147]]]]},"properties":{"slr_ft":1.1}},{"type":"Feature","id":232,"geometry":{"type":"MultiPolygon","coordinates":[[[[-157.980284,21.709368],[-157.980298,21.709301],[-157.979561,21.709058],[-157.978218,21.708885],[-157.977439,21.708844],[-157.97703,21.708926],[-157.977005,21.70905],[-157.977416,21.708953],[-157.978406,21.708931],[-157.980284,21.709368]]]]},"properties":{"slr_ft":1.1}},{"type":"Feature","id":235,"geometry":{"type":"MultiPolygon","coordinates":[[[[-157.963924,21.704532],[-157.963967,21.7045],[-157.963792,21.704168],[-157.963545,21.703894],[-157.963493,21.703933],[-157.963924,21.704532]]]]},"properties":{"slr_ft":1.1}},{"type":"Feature","id":237,"geometry":{"type":"MultiPolygon","coordinates":[[[[-157.949265,21.690854],[-157.949337,21.690813],[-157.94902,21.690146],[-157.948667,21.689713],[-157.948256,21.689318],[-157.948213,21.689343],[-157.94895,21.690186],[-157.949265,21.690854]]]]},"properties":{"slr_ft":1.1}},{"type":"Feature","id":238,"geometry":{"type":"MultiPolygon","coordinates":[[[[-157.945409,21.684973],[-157.945423,21.684744],[-157.9453,21.684384],[-157.944649,21.683486],[-157.944066,21.682917],[-157.944617,21.683507],[-157.945268,21.684404],[-157.945409,21.684973]]]]},"properties":{"slr_ft":1.1}},{"type":"Feature","id":240,"geometry":{"type":"MultiPolygon","coordinates":[[[[-157.936428,21.672352],[-157.93664,21.672177],[-157.93686,21.671822],[-157.937214,21.670928],[-157.93731,21.670388],[-157.937276,21.669483],[-157.937067,21.668393],[-157.936214,21.666292],[-157.936986,21.668391],[-157.937186,21.669481],[-157.937217,21.670385],[-157.937136,21.670925],[-157.936792,21.67182],[-157.936428,21.672352]]]]},"properties":{"slr_ft":1.1}},{"type":"Feature","id":241,"geometry":{"type":"MultiPolygon","coordinates":[[[[-157.936066,21.665976],[-157.935487,21.664997],[-157.9343,21.66379],[-157.932405,21.662555],[-157.930974,21.662001],[-157.929611,21.661808],[-157.929121,21.66148],[-157.928761,21.661348],[-157.927757,21.661288],[-157.927463,21.661115],[-157.927384,21.661019],[-157.927384,21.660837],[-157.927506,21.660305],[-157.927522,21.659214],[-157.927664,21.658139],[-157.928241,21.656996],[-157.927653,21.658034],[-157.927463,21.65939],[-157.927462,21.659936],[-157.927292,21.660826],[-157.927299,21.661009],[-157.927398,21.66116],[-157.927728,21.661361],[-157.928732,21.661422],[-157.929589,21.661863],[-157.930956,21.66205],[-157.932223,21.662492],[-157.934267,21.663811],[-157.935448,21.665022],[-157.936066,21.665976]]]]},"properties":{"slr_ft":1.1}},{"type":"Feature","id":243,"geometry":{"type":"MultiPolygon","coordinates":[[[[-157.926975,21.65205],[-157.926363,21.651682],[-157.92455,21.650893],[-157.92371,21.650323],[-157.923323,21.649915],[-157.923685,21.65035],[-157.92453,21.650924],[-157.926357,21.651696],[-157.926975,21.65205]]]]},"properties":{"slr_ft":1.1}},{"type":"Feature","id":245,"geometry":{"type":"MultiPolygon","coordinates":[[[[-157.917724,21.647388],[-157.917921,21.647218],[-157.918528,21.645986],[-157.918778,21.644914],[-157.919141,21.643848],[-157.919117,21.643304],[-157.918842,21.641659],[-157.918616,21.641104],[-157.918431,21.640188],[-157.918366,21.639279],[-157.918529,21.638565],[-157.918607,21.638388],[-157.918815,21.638219],[-157.919109,21.63715],[-157.919361,21.636802],[-157.919328,21.636438],[-157.919064,21.635699],[-157.91882,21.635504],[-157.919008,21.635153],[-157.918818,21.634599],[-157.918855,21.63442],[-157.918957,21.634245],[-157.91951,21.633834],[-157.920151,21.633158],[-157.920717,21.632423],[-157.920858,21.631784],[-157.921111,21.631261],[-157.921266,21.630371],[-157.921084,21.631259],[-157.920823,21.631781],[-157.920667,21.632398],[-157.920099,21.633114],[-157.919415,21.633754],[-157.918928,21.634073],[-157.918672,21.634591],[-157.91882,21.635142],[-157.918632,21.635493],[-157.918852,21.635687],[-157.919104,21.636787],[-157.918911,21.637138],[-157.918678,21.638211],[-157.918488,21.638381],[-157.918361,21.638736],[-157.918275,21.639274],[-157.918403,21.640548],[-157.918517,21.641098],[-157.91875,21.641654],[-157.919022,21.643118],[-157.919074,21.643845],[-157.918697,21.644909],[-157.918467,21.645982],[-157.917724,21.647388]]]]},"properties":{"slr_ft":1.1}},{"type":"Feature","id":248,"geometry":{"type":"MultiPolygon","coordinates":[[[[-157.896198,21.597274],[-157.896246,21.597259],[-157.896096,21.596545],[-157.895824,21.595677],[-157.895373,21.594827],[-157.894719,21.593924],[-157.893587,21.592939],[-157.892302,21.592495],[-157.89198,21.592308],[-157.890066,21.590806],[-157.889561,21.590256],[-157.889014,21.589489],[-157.888588,21.588614],[-157.888319,21.587743],[-157.887794,21.58677],[-157.887413,21.585561],[-157.886872,21.582532],[-157.886699,21.582197],[-157.886385,21.581127],[-157.885825,21.580178],[-157.885221,21.579667],[-157.885801,21.58019],[-157.886433,21.581308],[-157.886695,21.5822],[-157.886867,21.582533],[-157.887335,21.585573],[-157.887719,21.586797],[-157.888237,21.587772],[-157.888512,21.588641],[-157.888965,21.589535],[-157.889535,21.590281],[-157.89006,21.590812],[-157.890829,21.59137],[-157.892088,21.592482],[-157.893549,21.593001],[-157.894673,21.593961],[-157.895331,21.59486],[-157.895759,21.595697],[-157.896198,21.597274]]]]},"properties":{"slr_ft":1.1}},{"type":"Feature","id":298,"geometry":{"type":"MultiPolygon","coordinates":[[[[-157.822037,21.265229],[-157.821638,21.265333],[-157.821834,21.265845],[-157.821869,21.266586],[-157.822297,21.267224],[-157.822419,21.267568],[-157.822482,21.268489],[-157.822755,21.268418],[-157.822723,21.267863],[-157.822596,21.267334],[-157.822627,21.267138],[-157.822037,21.265229]]]]},"properties":{"slr_ft":1.1}},{"type":"Feature","id":247,"geometry":{"type":"MultiPolygon","coordinates":[[[[-157.919554,21.625119],[-157.918368,21.624549],[-157.918081,21.624296],[-157.917721,21.62375],[-157.917447,21.623495],[-157.91614,21.622693],[-157.915773,21.622263],[-157.914877,21.621574],[-157.914656,21.621534],[-157.912797,21.619898],[-157.912539,21.619364],[-157.912633,21.619012],[-157.912844,21.618698],[-157.912957,21.618126],[-157.912922,21.617766],[-157.912695,21.617428],[-157.913009,21.616538],[-157.912996,21.615634],[-157.913098,21.614922],[-157.913025,21.614481],[-157.912847,21.614154],[-157.912192,21.613482],[-157.911276,21.6127],[-157.910841,21.611653],[-157.910644,21.611564],[-157.910484,21.611226],[-157.909724,21.61063],[-157.909419,21.610095],[-157.909386,21.609552],[-157.908985,21.608969],[-157.909014,21.608738],[-157.908823,21.608423],[-157.908633,21.608322],[-157.908126,21.607798],[-157.907455,21.607438],[-157.906783,21.607216],[-157.905431,21.607172],[-157.905248,21.606994],[-157.901779,21.605404],[-157.899797,21.603889],[-157.89938,21.60351],[-157.899161,21.603194],[-157.8988,21.603032],[-157.898242,21.602531],[-157.89784,21.601714],[-157.897728,21.600797],[-157.897205,21.599627],[-157.896942,21.598567],[-157.896861,21.598592],[-157.897142,21.599646],[-157.897673,21.600814],[-157.897726,21.601749],[-157.897847,21.602092],[-157.898032,21.602494],[-157.898723,21.603117],[-157.899086,21.603276],[-157.899746,21.603943],[-157.901693,21.605428],[-157.905217,21.607052],[-157.905429,21.607234],[-157.906781,21.607269],[-157.907429,21.607481],[-157.908101,21.607837],[-157.908585,21.60835],[-157.908777,21.60845],[-157.908966,21.608766],[-157.908935,21.608998],[-157.909326,21.60956],[-157.909359,21.610103],[-157.909647,21.610683],[-157.910388,21.611292],[-157.910541,21.611635],[-157.910741,21.611722],[-157.911206,21.612748],[-157.912143,21.613531],[-157.912767,21.614176],[-157.912946,21.614503],[-157.913003,21.614919],[-157.912863,21.615629],[-157.912889,21.616534],[-157.91263,21.617433],[-157.912821,21.617775],[-157.912849,21.618135],[-157.912739,21.618663],[-157.912607,21.618812],[-157.912438,21.61933],[-157.912664,21.619933],[-157.9133,21.620513],[-157.913927,21.620941],[-157.914604,21.621588],[-157.914817,21.621636],[-157.915136,21.621845],[-157.915735,21.622304],[-157.916103,21.622731],[-157.917395,21.623549],[-157.917665,21.623808],[-157.918032,21.624372],[-157.918328,21.624613],[-157.919554,21.625119]]]]},"properties":{"slr_ft":1.1}},{"type":"Feature","id":257,"geometry":{"type":"MultiPolygon","coordinates":[[[[-157.835171,21.522452],[-157.835284,21.522461],[-157.83554,21.520667],[-157.835465,21.519937],[-157.835569,21.518857],[-157.83552,21.518134],[-157.835446,21.518129],[-157.8355,21.518852],[-157.835369,21.519929],[-157.835426,21.520477],[-157.835171,21.522452]]]]},"properties":{"slr_ft":1.1}},{"type":"Feature","id":249,"geometry":{"type":"MultiPolygon","coordinates":[[[[-157.883663,21.578117],[-157.883542,21.577942],[-157.882461,21.57714],[-157.881938,21.576906],[-157.88155,21.576822],[-157.881253,21.576573],[-157.879903,21.575868],[-157.878155,21.575096],[-157.877823,21.575307],[-157.877485,21.575132],[-157.876237,21.573978],[-157.875125,21.572728],[-157.87498,21.572189],[-157.875098,21.571649],[-157.87514,21.570747],[-157.874957,21.568213],[-157.87514,21.565867],[-157.875145,21.564969],[-157.87504,21.564967],[-157.87484,21.568029],[-157.875001,21.570924],[-157.874904,21.572368],[-157.875043,21.572793],[-157.876131,21.574063],[-157.876909,21.574867],[-157.877271,21.575125],[-157.877778,21.575389],[-157.878059,21.575272],[-157.879858,21.57595],[-157.881053,21.576542],[-157.881512,21.576893],[-157.882431,21.577196],[-157.883663,21.578117]]]]},"properties":{"slr_ft":1.1}},{"type":"Feature","id":251,"geometry":{"type":"MultiPolygon","coordinates":[[[[-157.872683,21.555843],[-157.872096,21.555729],[-157.871305,21.555685],[-157.869784,21.555944],[-157.869807,21.55607],[-157.870743,21.555827],[-157.871511,21.555743],[-157.872683,21.555843]]]]},"properties":{"slr_ft":1.1}},{"type":"Feature","id":252,"geometry":{"type":"MultiPolygon","coordinates":[[[[-157.864117,21.560325],[-157.864154,21.560236],[-157.863057,21.559884],[-157.86146,21.559238],[-157.860807,21.558814],[-157.860105,21.55851],[-157.858037,21.558003],[-157.85622,21.557388],[-157.856185,21.557473],[-157.858202,21.558104],[-157.86026,21.558635],[-157.860784,21.55887],[-157.861434,21.559301],[-157.863018,21.559978],[-157.864117,21.560325]]]]},"properties":{"slr_ft":1.1}},{"type":"Feature","id":258,"geometry":{"type":"MultiPolygon","coordinates":[[[[-157.836193,21.517586],[-157.836507,21.51758],[-157.836541,21.517398],[-157.836566,21.515952],[-157.836461,21.514692],[-157.836624,21.513743],[-157.835971,21.510177],[-157.837389,21.50926],[-157.838155,21.509148],[-157.838826,21.508667],[-157.839228,21.508537],[-157.838793,21.508538],[-157.838083,21.508868],[-157.837312,21.508957],[-157.835907,21.509673],[-157.835543,21.509654],[-157.835484,21.509819],[-157.83555,21.51045],[-157.836229,21.513641],[-157.836241,21.514194],[-157.836135,21.514699],[-157.836254,21.516139],[-157.836193,21.517586]]]]},"properties":{"slr_ft":1.1}},{"type":"Feature","id":253,"geometry":{"type":"MultiPolygon","coordinates":[[[[-157.854699,21.557763],[-157.854744,21.557682],[-157.854416,21.557487],[-157.853356,21.557047],[-157.852763,21.556686],[-157.851404,21.555495],[-157.848234,21.551402],[-157.84687,21.550061],[-157.846725,21.549683],[-157.846466,21.548442],[-157.846456,21.547826],[-157.846652,21.546714],[-157.846588,21.546176],[-157.846307,21.545676],[-157.845741,21.54501],[-157.845557,21.544487],[-157.844702,21.543513],[-157.844018,21.543054],[-157.842451,21.54227],[-157.842196,21.541948],[-157.842006,21.541626],[-157.841556,21.540243],[-157.841139,21.538618],[-157.840744,21.537884],[-157.840616,21.537355],[-157.840151,21.536268],[-157.839734,21.535655],[-157.838855,21.53493],[-157.838812,21.534962],[-157.839688,21.535689],[-157.840105,21.536302],[-157.840515,21.537378],[-157.840636,21.537908],[-157.841037,21.53867],[-157.841343,21.539929],[-157.841853,21.541484],[-157.842234,21.542203],[-157.842425,21.542391],[-157.84396,21.543153],[-157.844616,21.543581],[-157.845472,21.544529],[-157.845648,21.545056],[-157.846241,21.545731],[-157.846516,21.546183],[-157.846579,21.546721],[-157.846386,21.547812],[-157.846373,21.548459],[-157.846632,21.5497],[-157.846797,21.550106],[-157.848168,21.551446],[-157.850146,21.554115],[-157.850793,21.554793],[-157.85084,21.554983],[-157.851312,21.555556],[-157.8527,21.556757],[-157.854699,21.557763]]]]},"properties":{"slr_ft":1.1}},{"type":"Feature","id":254,"geometry":{"type":"MultiPolygon","coordinates":[[[[-157.837412,21.532415],[-157.836605,21.531681],[-157.836386,21.531381],[-157.836572,21.531697],[-157.837412,21.532415]]]]},"properties":{"slr_ft":1.1}},{"type":"Feature","id":255,"geometry":{"type":"MultiPolygon","coordinates":[[[[-157.83637,21.530868],[-157.835616,21.529607],[-157.834769,21.527805],[-157.834407,21.526406],[-157.834629,21.527464],[-157.834812,21.527981],[-157.83561,21.52961],[-157.83637,21.530868]]]]},"properties":{"slr_ft":1.1}},{"type":"Feature","id":256,"geometry":{"type":"MultiPolygon","coordinates":[[[[-157.834703,21.526119],[-157.834801,21.525217],[-157.834798,21.522696],[-157.834703,21.526119]]]]},"properties":{"slr_ft":1.1}},{"type":"Feature","id":262,"geometry":{"type":"MultiPolygon","coordinates":[[[[-157.756289,21.456635],[-157.755761,21.456386],[-157.754816,21.456196],[-157.75428,21.455978],[-157.753697,21.455918],[-157.752637,21.45544],[-157.750416,21.454824],[-157.749733,21.454425],[-157.748476,21.453935],[-157.745829,21.453406],[-157.744668,21.453271],[-157.74327,21.453258],[-157.742694,21.453185],[-157.742681,21.45323],[-157.742865,21.453273],[-157.74466,21.453297],[-157.74601,21.453471],[-157.748452,21.454016],[-157.749716,21.454481],[-157.750403,21.454869],[-157.75244,21.455428],[-157.753485,21.455958],[-157.75427,21.456013],[-157.755755,21.456407],[-157.756289,21.456635]]]]},"properties":{"slr_ft":1.1}},{"type":"Feature","id":263,"geometry":{"type":"MultiPolygon","coordinates":[[[[-157.740546,21.453834],[-157.7405,21.453796],[-157.739852,21.453974],[-157.73961,21.454249],[-157.739665,21.454296],[-157.739912,21.454026],[-157.740546,21.453834]]]]},"properties":{"slr_ft":1.1}},{"type":"Feature","id":264,"geometry":{"type":"MultiPolygon","coordinates":[[[[-157.729966,21.399081],[-157.728721,21.398602],[-157.728146,21.3985],[-157.727479,21.398097],[-157.726418,21.397656],[-157.726365,21.397796],[-157.727437,21.398208],[-157.728122,21.398562],[-157.728705,21.398644],[-157.729966,21.399081]]]]},"properties":{"slr_ft":1.1}},{"type":"Feature","id":265,"geometry":{"type":"MultiPolygon","coordinates":[[[[-157.725205,21.396879],[-157.725283,21.396761],[-157.723698,21.396069],[-157.723252,21.395715],[-157.722733,21.39547],[-157.722544,21.395413],[-157.721396,21.395481],[-157.721371,21.395583],[-157.722514,21.395457],[-157.722701,21.395517],[-157.723205,21.395785],[-157.723639,21.396159],[-157.725205,21.396879]]]]},"properties":{"slr_ft":1.1}},{"type":"Feature","id":266,"geometry":{"type":"MultiPolygon","coordinates":[[[[-157.720116,21.395883],[-157.720188,21.395791],[-157.72005,21.39566],[-157.718271,21.394573],[-157.71753,21.393991],[-157.71667,21.393678],[-157.717462,21.39408],[-157.720116,21.395883]]]]},"properties":{"slr_ft":1.1}},{"type":"Feature","id":267,"geometry":{"type":"MultiPolygon","coordinates":[[[[-157.712413,21.389073],[-157.712025,21.388602],[-157.711673,21.387954],[-157.711137,21.386212],[-157.710632,21.385342],[-157.710023,21.384574],[-157.710004,21.384385],[-157.709834,21.384257],[-157.709447,21.38343],[-157.709107,21.382979],[-157.708849,21.382314],[-157.708761,21.381778],[-157.708445,21.381101],[-157.708326,21.380953],[-157.708204,21.381003],[-157.708607,21.381803],[-157.708761,21.382511],[-157.709449,21.384022],[-157.709625,21.384344],[-157.709788,21.384474],[-157.709803,21.384666],[-157.710039,21.384852],[-157.710624,21.385566],[-157.711057,21.386434],[-157.711601,21.38798],[-157.711975,21.388619],[-157.712413,21.389073]]]]},"properties":{"slr_ft":1.1}},{"type":"Feature","id":274,"geometry":{"type":"MultiPolygon","coordinates":[[[[-157.668114,21.316705],[-157.668144,21.316641],[-157.667672,21.316298],[-157.666244,21.315846],[-157.665646,21.315823],[-157.665277,21.315932],[-157.664671,21.316276],[-157.664126,21.316271],[-157.664123,21.316324],[-157.664699,21.316348],[-157.66529,21.315988],[-157.665659,21.315877],[-157.666256,21.3159],[-157.667643,21.316359],[-157.668114,21.316705]]]]},"properties":{"slr_ft":1.1}},{"type":"Feature","id":269,"geometry":{"type":"MultiPolygon","coordinates":[[[[-157.705843,21.379621],[-157.706047,21.37963],[-157.706166,21.377646],[-157.7063,21.376748],[-157.706285,21.376204],[-157.706436,21.375866],[-157.706769,21.375593],[-157.707856,21.372887],[-157.707917,21.372524],[-157.708255,21.372061],[-157.708575,21.371401],[-157.7087,21.370484],[-157.709004,21.369626],[-157.709193,21.369306],[-157.709479,21.368059],[-157.709729,21.367567],[-157.709937,21.366869],[-157.710058,21.366308],[-157.710072,21.365583],[-157.709844,21.364268],[-157.709677,21.363922],[-157.709574,21.362842],[-157.709608,21.362111],[-157.709306,21.361234],[-157.70919,21.360337],[-157.709202,21.359779],[-157.708924,21.359295],[-157.708867,21.358932],[-157.708108,21.356884],[-157.708065,21.356516],[-157.707931,21.356368],[-157.707683,21.356256],[-157.707608,21.356089],[-157.70756,21.355913],[-157.707698,21.355488],[-157.707337,21.354458],[-157.707204,21.353355],[-157.706798,21.352912],[-157.706714,21.352557],[-157.705874,21.351298],[-157.705543,21.349724],[-157.705854,21.351304],[-157.706413,21.352271],[-157.706673,21.35257],[-157.706758,21.352925],[-157.707166,21.353367],[-157.707308,21.354085],[-157.707284,21.354284],[-157.707696,21.355488],[-157.707552,21.355916],[-157.707597,21.356092],[-157.707669,21.35626],[-157.707916,21.356372],[-157.708048,21.356521],[-157.708082,21.356892],[-157.708601,21.358635],[-157.708766,21.358964],[-157.708764,21.359155],[-157.709102,21.359811],[-157.709147,21.359988],[-157.709091,21.360347],[-157.709216,21.361243],[-157.709512,21.362121],[-157.709481,21.362852],[-157.709587,21.363931],[-157.709749,21.364278],[-157.709967,21.36559],[-157.709929,21.366317],[-157.709801,21.366824],[-157.709586,21.367519],[-157.709331,21.36801],[-157.709034,21.369253],[-157.708843,21.369573],[-157.708527,21.370427],[-157.708388,21.371339],[-157.708086,21.372005],[-157.707753,21.37247],[-157.707689,21.372832],[-157.707177,21.373812],[-157.70649,21.375501],[-157.706187,21.375783],[-157.706073,21.37602],[-157.705879,21.377632],[-157.705843,21.379621]]]]},"properties":{"slr_ft":1.1}},{"type":"Feature","id":276,"geometry":{"type":"MultiPolygon","coordinates":[[[[-157.660771,21.311736],[-157.66084,21.311687],[-157.660741,21.311531],[-157.660541,21.311446],[-157.660453,21.311056],[-157.660182,21.310795],[-157.660109,21.310621],[-157.659417,21.310205],[-157.660054,21.310659],[-157.660123,21.310836],[-157.660391,21.3111],[-157.66048,21.311489],[-157.660677,21.311576],[-157.660771,21.311736]]]]},"properties":{"slr_ft":1.1}},{"type":"Feature","id":277,"geometry":{"type":"MultiPolygon","coordinates":[[[[-157.674616,21.285273],[-157.674283,21.285537],[-157.673552,21.285786],[-157.672404,21.285944],[-157.672163,21.285756],[-157.671772,21.285772],[-157.671251,21.286073],[-157.67083,21.285962],[-157.67009,21.286173],[-157.670103,21.286226],[-157.670293,21.286196],[-157.670848,21.286037],[-157.67127,21.286155],[-157.671791,21.285851],[-157.672183,21.285841],[-157.672425,21.286034],[-157.673569,21.285862],[-157.674308,21.285647],[-157.674645,21.285397],[-157.674616,21.285273]]]]},"properties":{"slr_ft":1.1}},{"type":"Feature","id":278,"geometry":{"type":"MultiPolygon","coordinates":[[[[-157.69731,21.268183],[-157.697441,21.268612],[-157.697468,21.269202],[-157.69729,21.270492],[-157.697194,21.270844],[-157.697043,21.270984],[-157.697051,21.27118],[-157.696316,21.272088],[-157.697097,21.271196],[-157.697091,21.271001],[-157.697242,21.270861],[-157.697333,21.270507],[-157.697341,21.270123],[-157.69755,21.269231],[-157.697495,21.268631],[-157.697357,21.268166],[-157.69731,21.268183]]]]},"properties":{"slr_ft":1.1}},{"type":"Feature","id":279,"geometry":{"type":"MultiPolygon","coordinates":[[[[-157.721236,21.284086],[-157.720267,21.284168],[-157.719049,21.284714],[-157.719619,21.284561],[-157.720294,21.284211],[-157.721226,21.284145],[-157.721236,21.284086]]]]},"properties":{"slr_ft":1.1}},{"type":"Feature","id":270,"geometry":{"type":"MultiPolygon","coordinates":[[[[-157.704422,21.348398],[-157.704196,21.348044],[-157.704237,21.347806],[-157.703668,21.347074],[-157.703098,21.345917],[-157.702785,21.345674],[-157.70245,21.345231],[-157.702035,21.344622],[-157.701941,21.344251],[-157.701741,21.344155],[-157.701511,21.343651],[-157.700615,21.342684],[-157.700143,21.341894],[-157.699776,21.341683],[-157.69955,21.34139],[-157.699446,21.341237],[-157.699465,21.341013],[-157.699187,21.34075],[-157.699022,21.34042],[-157.698633,21.340009],[-157.698015,21.339093],[-157.697399,21.337749],[-157.697168,21.337458],[-157.696455,21.336172],[-157.695408,21.334867],[-157.693149,21.331634],[-157.690666,21.329484],[-157.689216,21.328586],[-157.684997,21.326626],[-157.684078,21.326352],[-157.683304,21.326244],[-157.682071,21.325707],[-157.681284,21.325639],[-157.680046,21.325118],[-157.679649,21.325091],[-157.679166,21.324925],[-157.67854,21.324492],[-157.678151,21.324406],[-157.677817,21.324225],[-157.676607,21.323036],[-157.676531,21.323094],[-157.677764,21.324316],[-157.678109,21.32448],[-157.678506,21.32455],[-157.67942,21.325172],[-157.680182,21.325307],[-157.681437,21.32578],[-157.682029,21.325827],[-157.683259,21.326374],[-157.684958,21.326736],[-157.689175,21.328651],[-157.690475,21.329431],[-157.691298,21.330049],[-157.692383,21.331077],[-157.69312,21.331663],[-157.693619,21.332293],[-157.695369,21.33489],[-157.696398,21.336205],[-157.697101,21.337497],[-157.697332,21.337788],[-157.697954,21.339128],[-157.69856,21.340051],[-157.698941,21.340468],[-157.699103,21.340799],[-157.699386,21.341059],[-157.699373,21.34128],[-157.699715,21.341719],[-157.700081,21.341931],[-157.700563,21.342714],[-157.701469,21.343675],[-157.701713,21.344171],[-157.701915,21.344266],[-157.70201,21.344637],[-157.702425,21.345246],[-157.702762,21.345687],[-157.703076,21.34593],[-157.703666,21.347075],[-157.704236,21.347807],[-157.704193,21.348045],[-157.704422,21.348398]]]]},"properties":{"slr_ft":1.1}},{"type":"Feature","id":273,"geometry":{"type":"MultiPolygon","coordinates":[[[[-157.671126,21.319456],[-157.671173,21.319398],[-157.670743,21.319039],[-157.670339,21.318926],[-157.669933,21.318679],[-157.669649,21.318202],[-157.669527,21.318071],[-157.669468,21.318111],[-157.669912,21.318693],[-157.670313,21.318959],[-157.670702,21.319089],[-157.671126,21.319456]]]]},"properties":{"slr_ft":1.1}},{"type":"Feature","id":281,"geometry":{"type":"MultiPolygon","coordinates":[[[[-157.711075,21.280618],[-157.710774,21.280219],[-157.710379,21.279407],[-157.709433,21.278066],[-157.709264,21.277549],[-157.709458,21.277303],[-157.709259,21.276682],[-157.709145,21.27677],[-157.709367,21.277316],[-157.709154,21.277577],[-157.709311,21.278137],[-157.709963,21.279011],[-157.710746,21.280246],[-157.711075,21.280618]]]]},"properties":{"slr_ft":1.1}},{"type":"Feature","id":282,"geometry":{"type":"MultiPolygon","coordinates":[[[[-157.722547,21.281844],[-157.722625,21.281893],[-157.722657,21.281695],[-157.722879,21.281462],[-157.724603,21.281193],[-157.726727,21.281246],[-157.727454,21.281197],[-157.728148,21.281284],[-157.72746,21.281177],[-157.724599,21.281109],[-157.722876,21.281413],[-157.722588,21.281652],[-157.722547,21.281844]]]]},"properties":{"slr_ft":1.1}},{"type":"Feature","id":283,"geometry":{"type":"MultiPolygon","coordinates":[[[[-157.731796,21.281951],[-157.73225,21.28208],[-157.732642,21.282091],[-157.733373,21.281851],[-157.733363,21.281791],[-157.732625,21.281989],[-157.731796,21.281951]]]]},"properties":{"slr_ft":1.1}},{"type":"Feature","id":284,"geometry":{"type":"MultiPolygon","coordinates":[[[[-157.736793,21.280418],[-157.736812,21.280473],[-157.737928,21.280208],[-157.737895,21.280116],[-157.737708,21.280134],[-157.736793,21.280418]]]]},"properties":{"slr_ft":1.1}},{"type":"Feature","id":287,"geometry":{"type":"MultiPolygon","coordinates":[[[[-157.744318,21.278934],[-157.745745,21.278565],[-157.746825,21.278184],[-157.744318,21.278934]]]]},"properties":{"slr_ft":1.1}},{"type":"Feature","id":288,"geometry":{"type":"MultiPolygon","coordinates":[[[[-157.747548,21.277715],[-157.748825,21.277256],[-157.749413,21.277227],[-157.749968,21.277086],[-157.750583,21.277067],[-157.751332,21.27723],[-157.751717,21.277191],[-157.752074,21.277053],[-157.752274,21.277057],[-157.752505,21.276902],[-157.753399,21.276565],[-157.753375,21.276506],[-157.753194,21.276567],[-157.752256,21.277002],[-157.752053,21.276989],[-157.751499,21.277145],[-157.750972,21.277099],[-157.750604,21.276989],[-157.749952,21.277022],[-157.749398,21.277168],[-157.749006,21.277189],[-157.747548,21.277715]]]]},"properties":{"slr_ft":1.1}},{"type":"Feature","id":289,"geometry":{"type":"MultiPolygon","coordinates":[[[[-157.759819,21.276064],[-157.759814,21.276117],[-157.760584,21.276157],[-157.761071,21.276299],[-157.76164,21.276202],[-157.763541,21.275522],[-157.76489,21.274955],[-157.766991,21.273847],[-157.767627,21.273436],[-157.76782,21.273387],[-157.768692,21.272714],[-157.769239,21.272539],[-157.770897,21.272355],[-157.771805,21.27207],[-157.770889,21.272329],[-157.769228,21.272508],[-157.768679,21.272679],[-157.767818,21.273383],[-157.767625,21.273433],[-157.764885,21.274946],[-157.762455,21.275896],[-157.761631,21.276155],[-157.76106,21.276242],[-157.759819,21.276064]]]]},"properties":{"slr_ft":1.1}},{"type":"Feature","id":300,"geometry":{"type":"MultiPolygon","coordinates":[[[[-157.823028,21.271541],[-157.82298,21.27156],[-157.823187,21.272067],[-157.823837,21.273182],[-157.823028,21.271541]]]]},"properties":{"slr_ft":1.1}},{"type":"Feature","id":290,"geometry":{"type":"MultiPolygon","coordinates":[[[[-157.772409,21.271683],[-157.773897,21.271292],[-157.775389,21.270759],[-157.776417,21.27012],[-157.776795,21.26971],[-157.776989,21.269629],[-157.777395,21.269058],[-157.776024,21.270277],[-157.774967,21.270783],[-157.773149,21.271478],[-157.772409,21.271683]]]]},"properties":{"slr_ft":1.1}},{"type":"Feature","id":293,"geometry":{"type":"MultiPolygon","coordinates":[[[[-157.779754,21.265515],[-157.780607,21.264911],[-157.781297,21.264578],[-157.782163,21.263842],[-157.783605,21.263263],[-157.784405,21.26276],[-157.784936,21.262529],[-157.785443,21.262052],[-157.786985,21.261303],[-157.787528,21.261112],[-157.788496,21.26049],[-157.789899,21.25989],[-157.790583,21.259208],[-157.791084,21.258908],[-157.791288,21.258601],[-157.791214,21.258534],[-157.791004,21.258836],[-157.790678,21.259043],[-157.790164,21.259582],[-157.789848,21.259786],[-157.788452,21.260399],[-157.786772,21.2613],[-157.785176,21.261939],[-157.78352,21.263144],[-157.781959,21.263879],[-157.781067,21.264579],[-157.780396,21.264939],[-157.779754,21.265515]]]]},"properties":{"slr_ft":1.1}},{"type":"Feature","id":294,"geometry":{"type":"MultiPolygon","coordinates":[[[[-157.796253,21.257345],[-157.796269,21.257405],[-157.796645,21.257326],[-157.797176,21.257085],[-157.797977,21.257103],[-157.798937,21.256978],[-157.799103,21.256857],[-157.800371,21.256399],[-157.801692,21.256136],[-157.803666,21.256083],[-157.804411,21.255899],[-157.805842,21.255307],[-157.806591,21.255135],[-157.807189,21.255142],[-157.807163,21.255044],[-157.806956,21.255016],[-157.806574,21.255074],[-157.80564,21.255297],[-157.804027,21.255947],[-157.803072,21.256093],[-157.801675,21.256073],[-157.800354,21.256336],[-157.799084,21.256787],[-157.798919,21.256913],[-157.797963,21.257055],[-157.797163,21.257036],[-157.796633,21.257282],[-157.796253,21.257345]]]]},"properties":{"slr_ft":1.1}},{"type":"Feature","id":295,"geometry":{"type":"MultiPolygon","coordinates":[[[[-157.811311,21.256022],[-157.811315,21.256086],[-157.811705,21.256142],[-157.812853,21.255975],[-157.81356,21.255947],[-157.814696,21.256175],[-157.816234,21.256931],[-157.817296,21.257646],[-157.818055,21.25782],[-157.81825,21.2578],[-157.818466,21.257925],[-157.818556,21.257797],[-157.81826,21.257669],[-157.818063,21.257716],[-157.817299,21.2576],[-157.816276,21.256863],[-157.814739,21.256105],[-157.813379,21.255863],[-157.8117,21.256072],[-157.811311,21.256022]]]]},"properties":{"slr_ft":1.1}},{"type":"Feature","id":296,"geometry":{"type":"MultiPolygon","coordinates":[[[[-157.820793,21.260895],[-157.820633,21.26112],[-157.821158,21.26136],[-157.821412,21.262053],[-157.821398,21.262401],[-157.821484,21.262373],[-157.821526,21.262017],[-157.821442,21.26147],[-157.821285,21.261181],[-157.820793,21.260895]]]]},"properties":{"slr_ft":1.1}},{"type":"Feature","id":301,"geometry":{"type":"MultiPolygon","coordinates":[[[[-157.824077,21.273346],[-157.823988,21.273385],[-157.823983,21.273586],[-157.824278,21.274255],[-157.824661,21.274794],[-157.825092,21.274984],[-157.825126,21.27487],[-157.824693,21.274689],[-157.824377,21.274212],[-157.824057,21.273554],[-157.824077,21.273346]]]]},"properties":{"slr_ft":1.1}},{"type":"Feature","id":304,"geometry":{"type":"MultiPolygon","coordinates":[[[[-157.829761,21.276624],[-157.831021,21.277104],[-157.831363,21.277304],[-157.831736,21.277395],[-157.831762,21.277303],[-157.831385,21.277228],[-157.829761,21.276624]]]]},"properties":{"slr_ft":1.1}},{"type":"Feature","id":305,"geometry":{"type":"MultiPolygon","coordinates":[[[[-157.832508,21.277487],[-157.832494,21.277535],[-157.833522,21.277995],[-157.833553,21.277935],[-157.832961,21.277626],[-157.832508,21.277487]]]]},"properties":{"slr_ft":1.1}},{"type":"Feature","id":306,"geometry":{"type":"MultiPolygon","coordinates":[[[[-157.833844,21.278142],[-157.833707,21.278343],[-157.835226,21.27917],[-157.836493,21.280685],[-157.835133,21.278937],[-157.834837,21.2787],[-157.833844,21.278142]]]]},"properties":{"slr_ft":1.1}},{"type":"Feature","id":307,"geometry":{"type":"MultiPolygon","coordinates":[[[[-157.837038,21.28115],[-157.837614,21.281683],[-157.838835,21.281936],[-157.840009,21.281635],[-157.840097,21.281417],[-157.840325,21.281246],[-157.840234,21.281097],[-157.840024,21.281298],[-157.839945,21.281532],[-157.838857,21.28188],[-157.837639,21.281656],[-157.837403,21.281361],[-157.837038,21.28115]]]]},"properties":{"slr_ft":1.1}},{"type":"Feature","id":309,"geometry":{"type":"MultiPolygon","coordinates":[[[[-157.845997,21.282225],[-157.845837,21.282781],[-157.845983,21.283194],[-157.846341,21.283645],[-157.846804,21.28397],[-157.847177,21.284098],[-157.847646,21.284153],[-157.847921,21.284092],[-157.847912,21.283904],[-157.847637,21.283973],[-157.847077,21.283936],[-157.84652,21.283723],[-157.846217,21.2835],[-157.845984,21.283192],[-157.84584,21.28278],[-157.845997,21.282225]]]]},"properties":{"slr_ft":1.1}},{"type":"Feature","id":310,"geometry":{"type":"MultiPolygon","coordinates":[[[[-157.846547,21.286082],[-157.846284,21.285939],[-157.84597,21.286395],[-157.84588,21.286792],[-157.845981,21.287173],[-157.845956,21.286967],[-157.84614,21.286487],[-157.846547,21.286082]]]]},"properties":{"slr_ft":1.1}},{"type":"Feature","id":311,"geometry":{"type":"MultiPolygon","coordinates":[[[[-157.847425,21.288778],[-157.848927,21.28935],[-157.852986,21.290502],[-157.853632,21.290779],[-157.85515,21.291767],[-157.855248,21.291607],[-157.853004,21.290451],[-157.847425,21.288778]]]]},"properties":{"slr_ft":1.1}},{"type":"Feature","id":313,"geometry":{"type":"MultiPolygon","coordinates":[[[[-157.882003,21.300842],[-157.882019,21.30093],[-157.88221,21.300903],[-157.882737,21.300578],[-157.882928,21.300555],[-157.883731,21.300669],[-157.883692,21.300458],[-157.882902,21.300411],[-157.882376,21.300742],[-157.882003,21.300842]]]]},"properties":{"slr_ft":1.1}},{"type":"Feature","id":315,"geometry":{"type":"MultiPolygon","coordinates":[[[[-157.970997,21.32262],[-157.971397,21.322256],[-157.971744,21.322153],[-157.972044,21.322172],[-157.972576,21.321398],[-157.973296,21.320794],[-157.973672,21.320631],[-157.973773,21.320472],[-157.973973,21.320401],[-157.974302,21.319945],[-157.976073,21.318783],[-157.976586,21.318242],[-157.976971,21.318088],[-157.977529,21.317732],[-157.977808,21.317451],[-157.977992,21.316995],[-157.978325,21.316812],[-157.978611,21.316543],[-157.97906,21.316336],[-157.979674,21.316436],[-157.981004,21.316219],[-157.982869,21.315747],[-157.984192,21.315307],[-157.982682,21.315791],[-157.980993,21.316168],[-157.979816,21.316192],[-157.978989,21.316016],[-157.978455,21.316257],[-157.978172,21.316532],[-157.977827,21.316693],[-157.977608,21.317086],[-157.976353,21.318033],[-157.97586,21.318591],[-157.974074,21.319991],[-157.973872,21.32031],[-157.973681,21.320389],[-157.973598,21.320565],[-157.972818,21.321116],[-157.971956,21.322094],[-157.971667,21.322085],[-157.97136,21.322243],[-157.970997,21.32262]]]]},"properties":{"slr_ft":1.1}},{"type":"Feature","id":318,"geometry":{"type":"MultiPolygon","coordinates":[[[[-157.999054,21.312026],[-158.000464,21.31162],[-158.002733,21.311195],[-158.005157,21.31058],[-158.005552,21.310584],[-158.007619,21.310137],[-158.008956,21.30995],[-158.009129,21.309841],[-158.010086,21.309716],[-158.011678,21.309332],[-158.011665,21.309278],[-158.010262,21.309624],[-158.009112,21.309769],[-158.008939,21.309876],[-158.0076,21.310056],[-158.005536,21.310516],[-158.005142,21.310514],[-158.002722,21.311147],[-158.000457,21.311586],[-157.999054,21.312026]]]]},"properties":{"slr_ft":1.1}},{"type":"Feature","id":319,"geometry":{"type":"MultiPolygon","coordinates":[[[[-158.024187,21.306341],[-158.024213,21.306439],[-158.025184,21.306354],[-158.026421,21.306521],[-158.027525,21.306189],[-158.028489,21.306078],[-158.029021,21.30584],[-158.03032,21.305493],[-158.030477,21.305336],[-158.03101,21.305101],[-158.03265,21.304542],[-158.03261,21.304392],[-158.032422,21.304431],[-158.030787,21.305008],[-158.030433,21.305172],[-158.030278,21.305337],[-158.029357,21.305606],[-158.028467,21.305998],[-158.027511,21.306139],[-158.026391,21.306408],[-158.025156,21.306248],[-158.024187,21.306341]]]]},"properties":{"slr_ft":1.1}},{"type":"Feature","id":320,"geometry":{"type":"MultiPolygon","coordinates":[[[[-158.044058,21.303841],[-158.04488,21.303789],[-158.045443,21.30364],[-158.045573,21.303471],[-158.046142,21.303334],[-158.046279,21.30318],[-158.048035,21.302433],[-158.048814,21.301857],[-158.049975,21.30146],[-158.051483,21.301109],[-158.052848,21.301145],[-158.05477,21.300987],[-158.055337,21.300867],[-158.057462,21.300776],[-158.05861,21.300645],[-158.059553,21.300431],[-158.060525,21.300433],[-158.061084,21.300253],[-158.061485,21.30035],[-158.062072,21.300378],[-158.063028,21.300267],[-158.064921,21.299884],[-158.065697,21.29988],[-158.066299,21.300027],[-158.067661,21.30004],[-158.068956,21.29955],[-158.070282,21.299294],[-158.071951,21.298687],[-158.072328,21.298605],[-158.072913,21.298622],[-158.07344,21.298431],[-158.07175,21.298643],[-158.070263,21.299151],[-158.069123,21.299339],[-158.067643,21.299905],[-158.066093,21.299934],[-158.065687,21.299803],[-158.06491,21.299802],[-158.063015,21.300168],[-158.061865,21.300285],[-158.061074,21.300178],[-158.060513,21.300346],[-158.059542,21.300346],[-158.058601,21.300575],[-158.057454,21.300717],[-158.055329,21.300813],[-158.054763,21.300938],[-158.052842,21.301099],[-158.051859,21.301011],[-158.051093,21.301101],[-158.049776,21.301423],[-158.048786,21.301801],[-158.047995,21.302351],[-158.046247,21.303113],[-158.046113,21.303273],[-158.045549,21.303422],[-158.045422,21.303595],[-158.044865,21.303757],[-158.044058,21.303841]]]]},"properties":{"slr_ft":1.1}},{"type":"Feature","id":321,"geometry":{"type":"MultiPolygon","coordinates":[[[[-158.075047,21.298616],[-158.075051,21.298725],[-158.075817,21.298566],[-158.076976,21.298603],[-158.077752,21.298708],[-158.079858,21.298308],[-158.080006,21.298264],[-158.080001,21.298155],[-158.07832,21.298458],[-158.078132,21.298566],[-158.077748,21.298625],[-158.075813,21.298489],[-158.075047,21.298616]]]]},"properties":{"slr_ft":1.1}},{"type":"Feature","id":322,"geometry":{"type":"MultiPolygon","coordinates":[[[[-158.088834,21.295813],[-158.088837,21.295885],[-158.091539,21.295888],[-158.094995,21.29552],[-158.097895,21.295611],[-158.098364,21.29547],[-158.098361,21.2954],[-158.09789,21.295517],[-158.096533,21.295399],[-158.095572,21.295463],[-158.094991,21.295429],[-158.091344,21.295837],[-158.088834,21.295813]]]]},"properties":{"slr_ft":1.1}},{"type":"Feature","id":323,"geometry":{"type":"MultiPolygon","coordinates":[[[[-158.130698,21.356784],[-158.130507,21.356846],[-158.130564,21.35721],[-158.13074,21.357536],[-158.130829,21.358272],[-158.131184,21.359113],[-158.131592,21.359745],[-158.131806,21.360632],[-158.132306,21.361234],[-158.13298,21.362927],[-158.133309,21.363394],[-158.134068,21.365059],[-158.13429,21.365368],[-158.134433,21.365321],[-158.133598,21.363682],[-158.133496,21.363332],[-158.133179,21.362862],[-158.132482,21.361176],[-158.132007,21.360566],[-158.131783,21.359683],[-158.131377,21.35905],[-158.131025,21.358208],[-158.130923,21.357476],[-158.130756,21.357147],[-158.130698,21.356784]]]]},"properties":{"slr_ft":1.1}},{"type":"Feature","id":324,"geometry":{"type":"MultiPolygon","coordinates":[[[[-158.140786,21.375282],[-158.140723,21.375326],[-158.140807,21.375493],[-158.141073,21.375758],[-158.141564,21.376542],[-158.142332,21.377358],[-158.142715,21.377642],[-158.142765,21.377606],[-158.142377,21.377326],[-158.141613,21.376508],[-158.140786,21.375282]]]]},"properties":{"slr_ft":1.1}},{"type":"Feature","id":325,"geometry":{"type":"MultiPolygon","coordinates":[[[[-158.146832,21.382242],[-158.146777,21.382298],[-158.147468,21.383198],[-158.149535,21.385098],[-158.151409,21.386659],[-158.152035,21.387358],[-158.152748,21.387966],[-158.153666,21.3889],[-158.154671,21.389745],[-158.154894,21.390053],[-158.156743,21.391639],[-158.157066,21.392113],[-158.157591,21.392647],[-158.158022,21.39274],[-158.15834,21.39295],[-158.158796,21.393554],[-158.159364,21.393775],[-158.160279,21.394443],[-158.160523,21.39473],[-158.162042,21.395582],[-158.162635,21.396046],[-158.163113,21.396091],[-158.164026,21.396711],[-158.164086,21.396649],[-158.16318,21.396021],[-158.162708,21.395971],[-158.162117,21.395505],[-158.161757,21.395339],[-158.161488,21.395079],[-158.160616,21.394633],[-158.160372,21.394348],[-158.159902,21.394026],[-158.159245,21.393629],[-158.158853,21.393496],[-158.15841,21.392877],[-158.158101,21.392658],[-158.157679,21.392556],[-158.157255,21.392187],[-158.15682,21.39156],[-158.15638,21.391208],[-158.156287,21.391036],[-158.155534,21.390468],[-158.154758,21.389656],[-158.153068,21.388173],[-158.151765,21.38683],[-158.151308,21.386494],[-158.150797,21.385946],[-158.150342,21.385609],[-158.147886,21.383305],[-158.147434,21.382965],[-158.146832,21.382242]]]]},"properties":{"slr_ft":1.1}},{"type":"Feature","id":326,"geometry":{"type":"MultiPolygon","coordinates":[[[[-158.176796,21.403749],[-158.176736,21.403792],[-158.177235,21.404573],[-158.177987,21.405368],[-158.178281,21.406605],[-158.178308,21.406967],[-158.177952,21.40757],[-158.177594,21.407999],[-158.177712,21.40807],[-158.17838,21.407139],[-158.17837,21.40659],[-158.178091,21.405352],[-158.177308,21.404521],[-158.176796,21.403749]]]]},"properties":{"slr_ft":1.1}},{"type":"Feature","id":327,"geometry":{"type":"MultiPolygon","coordinates":[[[[-158.177599,21.409996],[-158.177432,21.409947],[-158.177338,21.410487],[-158.176893,21.410925],[-158.176835,21.411796],[-158.177175,21.413758],[-158.177623,21.414967],[-158.178188,21.416891],[-158.178212,21.417071],[-158.177908,21.418225],[-158.177855,21.419335],[-158.178293,21.421832],[-158.178539,21.422525],[-158.178585,21.423619],[-158.178446,21.424561],[-158.178454,21.42511],[-158.178606,21.425819],[-158.178523,21.426568],[-158.178776,21.427627],[-158.179196,21.427923],[-158.179305,21.428087],[-158.17938,21.428442],[-158.179708,21.428386],[-158.179548,21.427862],[-158.179147,21.427563],[-158.178912,21.426685],[-158.178999,21.425752],[-158.178874,21.425039],[-158.178986,21.42355],[-158.178757,21.422304],[-158.178544,21.421789],[-158.178093,21.419295],[-158.178173,21.418179],[-158.178386,21.417041],[-158.177849,21.414929],[-158.17742,21.413716],[-158.177015,21.411765],[-158.177027,21.410964],[-158.177118,21.410801],[-158.177458,21.410523],[-158.177599,21.410185],[-158.177599,21.409996]]]]},"properties":{"slr_ft":1.1}},{"type":"Feature","id":328,"geometry":{"type":"MultiPolygon","coordinates":[[[[-158.189933,21.441755],[-158.18974,21.441803],[-158.189074,21.442532],[-158.18891,21.443467],[-158.189031,21.44382],[-158.188957,21.44397],[-158.188921,21.44451],[-158.189665,21.445574],[-158.190284,21.44629],[-158.190692,21.446985],[-158.191686,21.447544],[-158.192141,21.447882],[-158.192475,21.44797],[-158.192721,21.448251],[-158.19241,21.447794],[-158.19223,21.447757],[-158.19081,21.44682],[-158.190003,21.445816],[-158.189123,21.444412],[-158.189067,21.443961],[-158.189132,21.443812],[-158.189026,21.443458],[-158.189177,21.442577],[-158.189933,21.441755]]]]},"properties":{"slr_ft":1.1}},{"type":"Feature","id":329,"geometry":{"type":"MultiPolygon","coordinates":[[[[-158.193421,21.448775],[-158.193362,21.448865],[-158.193724,21.449002],[-158.193924,21.449043],[-158.193986,21.44895],[-158.193421,21.448775]]]]},"properties":{"slr_ft":1.1}},{"type":"Feature","id":330,"geometry":{"type":"MultiPolygon","coordinates":[[[[-158.20545,21.459103],[-158.205416,21.459167],[-158.205891,21.459491],[-158.20662,21.460153],[-158.206962,21.46032],[-158.207671,21.460609],[-158.209743,21.461164],[-158.209807,21.461041],[-158.2079,21.460582],[-158.20701,21.460228],[-158.20667,21.460056],[-158.20545,21.459103]]]]},"properties":{"slr_ft":1.1}},{"type":"Feature","id":331,"geometry":{"type":"MultiPolygon","coordinates":[[[[-158.212793,21.46139],[-158.212682,21.461423],[-158.21258,21.462023],[-158.21285,21.46308],[-158.212939,21.463244],[-158.213158,21.463368],[-158.213275,21.463712],[-158.21365,21.464169],[-158.213598,21.463995],[-158.213314,21.4637],[-158.213198,21.463356],[-158.212981,21.463231],[-158.212895,21.463067],[-158.212667,21.461997],[-158.212793,21.46139]]]]},"properties":{"slr_ft":1.1}},{"type":"Feature","id":333,"geometry":{"type":"MultiPolygon","coordinates":[[[[-158.219531,21.475181],[-158.219465,21.475246],[-158.219736,21.475767],[-158.219698,21.476069],[-158.219832,21.476464],[-158.220261,21.477092],[-158.221322,21.478146],[-158.222048,21.478478],[-158.222511,21.478545],[-158.222759,21.478562],[-158.223507,21.478344],[-158.224319,21.478593],[-158.22527,21.47843],[-158.225249,21.478347],[-158.224301,21.478518],[-158.22357,21.478282],[-158.222821,21.4785],[-158.222569,21.478487],[-158.222112,21.478414],[-158.221399,21.478069],[-158.220308,21.477045],[-158.219885,21.476411],[-158.219743,21.476024],[-158.21978,21.475723],[-158.219531,21.475181]]]]},"properties":{"slr_ft":1.1}},{"type":"Feature","id":334,"geometry":{"type":"MultiPolygon","coordinates":[[[[-158.229763,21.489206],[-158.229422,21.489197],[-158.229357,21.489918],[-158.229339,21.491002],[-158.229583,21.492093],[-158.229493,21.494079],[-158.229656,21.494626],[-158.229707,21.49535],[-158.22969,21.495892],[-158.229627,21.496071],[-158.229449,21.496247],[-158.229238,21.496965],[-158.229323,21.498232],[-158.229464,21.498236],[-158.22937,21.496787],[-158.229485,21.496429],[-158.229778,21.496075],[-158.22984,21.495896],[-158.229829,21.495353],[-158.229641,21.494083],[-158.229748,21.492097],[-158.229533,21.491007],[-158.229721,21.490108],[-158.229763,21.489206]]]]},"properties":{"slr_ft":1.1}},{"type":"Feature","id":335,"geometry":{"type":"MultiPolygon","coordinates":[[[[-158.228954,21.51113],[-158.228824,21.51107],[-158.228726,21.511226],[-158.228438,21.512086],[-158.228553,21.512139],[-158.228954,21.51113]]]]},"properties":{"slr_ft":1.1}},{"type":"Feature","id":336,"geometry":{"type":"MultiPolygon","coordinates":[[[[-158.228821,21.516988],[-158.228756,21.516965],[-158.228442,21.517929],[-158.228743,21.517346],[-158.228821,21.516988]]]]},"properties":{"slr_ft":1.1}},{"type":"Feature","id":337,"geometry":{"type":"MultiPolygon","coordinates":[[[[-158.228983,21.527274],[-158.22877,21.527305],[-158.22882,21.527846],[-158.228778,21.529863],[-158.228978,21.530565],[-158.229415,21.533245],[-158.230393,21.535533],[-158.229439,21.532876],[-158.22911,21.530546],[-158.228915,21.529843],[-158.228983,21.527274]]]]},"properties":{"slr_ft":1.1}},{"type":"Feature","id":339,"geometry":{"type":"MultiPolygon","coordinates":[[[[-158.240244,21.545834],[-158.240061,21.545983],[-158.240085,21.546204],[-158.240416,21.547372],[-158.240783,21.547793],[-158.241143,21.548458],[-158.241329,21.548546],[-158.241367,21.548755],[-158.242018,21.549423],[-158.242743,21.549789],[-158.243028,21.550036],[-158.243295,21.550299],[-158.243363,21.550483],[-158.243825,21.550824],[-158.244201,21.551237],[-158.244569,21.551416],[-158.245156,21.551897],[-158.245645,21.552457],[-158.246268,21.553369],[-158.24642,21.553244],[-158.245249,21.55182],[-158.244676,21.551329],[-158.244151,21.551038],[-158.24377,21.55063],[-158.24359,21.550537],[-158.243393,21.550218],[-158.242849,21.549703],[-158.242458,21.549543],[-158.24187,21.549063],[-158.241537,21.548616],[-158.241504,21.548403],[-158.241321,21.548313],[-158.240552,21.547262],[-158.240325,21.546488],[-158.240244,21.545834]]]]},"properties":{"slr_ft":1.1}},{"type":"Feature","id":204,"geometry":{"type":"MultiPolygon","coordinates":[[[[-158.234451,21.57964],[-158.234454,21.579549],[-158.233486,21.579607],[-158.232726,21.579241],[-158.230419,21.578912],[-158.228884,21.578597],[-158.228496,21.578622],[-158.22732,21.579077],[-158.226545,21.579113],[-158.225393,21.578918],[-158.224417,21.579183],[-158.224029,21.579212],[-158.223454,21.579067],[-158.222886,21.578767],[-158.221541,21.57855],[-158.219421,21.578372],[-158.218144,21.578474],[-158.217067,21.578896],[-158.215716,21.579073],[-158.21482,21.57943],[-158.214526,21.579791],[-158.214041,21.580181],[-158.213659,21.580244],[-158.21275,21.580559],[-158.21196,21.580599],[-158.211011,21.580779],[-158.210305,21.581104],[-158.209719,21.581156],[-158.207507,21.581807],[-158.205913,21.581612],[-158.204953,21.581716],[-158.203579,21.581442],[-158.202807,21.581483],[-158.202425,21.581552],[-158.202051,21.581746],[-158.201039,21.582452],[-158.20046,21.582518],[-158.199494,21.582369],[-158.19795,21.58187],[-158.196405,21.58173],[-158.195634,21.581338],[-158.195247,21.581277],[-158.194668,21.581344],[-158.193507,21.581694],[-158.19196,21.582359],[-158.1908,21.582553],[-158.190221,21.582453],[-158.18771,21.582343],[-158.187088,21.582115],[-158.186055,21.581569],[-158.185138,21.581284],[-158.183858,21.581492],[-158.183279,21.581409],[-158.182363,21.581123],[-158.182197,21.581012],[-158.181788,21.580408],[-158.18105,21.580193],[-158.179596,21.580003],[-158.178823,21.579984],[-158.177631,21.580119],[-158.176339,21.580493],[-158.174938,21.581129],[-158.173807,21.58142],[-158.17342,21.581439],[-158.172865,21.581172],[-158.17241,21.580825],[-158.171715,21.580506],[-158.171112,21.580037],[-158.169336,21.5793],[-158.168477,21.578852],[-158.167898,21.578752],[-158.167162,21.578862],[-158.166293,21.57926],[-158.165345,21.579479],[-158.164193,21.580184],[-158.163297,21.580522],[-158.162717,21.580521],[-158.162138,21.580392],[-158.16059,21.579825],[-158.158658,21.579613],[-158.158079,21.579662],[-158.156921,21.580014],[-158.155956,21.580522],[-158.155377,21.580672],[-158.153832,21.580631],[-158.152865,21.580375],[-158.151959,21.580412],[-158.149336,21.581032],[-158.148415,21.581308],[-158.146977,21.581866],[-158.145446,21.582113],[-158.14383,21.58275],[-158.143074,21.582903],[-158.142069,21.582891],[-158.14149,21.582967],[-158.139118,21.583758],[-158.137945,21.583925],[-158.135635,21.583748],[-158.133937,21.582849],[-158.132288,21.582323],[-158.131713,21.58225],[-158.130737,21.58231],[-158.129704,21.582172],[-158.130734,21.582342],[-158.13171,21.582281],[-158.132283,21.582368],[-158.133915,21.582894],[-158.13563,21.583809],[-158.137941,21.583987],[-158.139129,21.583794],[-158.141497,21.58299],[-158.142076,21.582914],[-158.143082,21.58293],[-158.143842,21.58279],[-158.145458,21.582153],[-158.146982,21.581886],[-158.148424,21.581337],[-158.149347,21.581069],[-158.15011,21.58094],[-158.15197,21.580452],[-158.152865,21.580416],[-158.153832,21.580663],[-158.155377,21.58071],[-158.155956,21.580561],[-158.156921,21.580055],[-158.158079,21.57972],[-158.158658,21.579669],[-158.159624,21.579728],[-158.160591,21.579883],[-158.162138,21.580436],[-158.163104,21.580565],[-158.163493,21.580492],[-158.164203,21.580205],[-158.165359,21.579511],[-158.16649,21.579234],[-158.167176,21.578894],[-158.167898,21.578786],[-158.168476,21.578885],[-158.169487,21.579416],[-158.171088,21.580076],[-158.171689,21.580547],[-158.172388,21.58086],[-158.172847,21.581201],[-158.173419,21.581481],[-158.173805,21.581486],[-158.174963,21.581195],[-158.176356,21.58054],[-158.177654,21.580181],[-158.178816,21.580059],[-158.179589,21.580084],[-158.181398,21.580366],[-158.181756,21.580506],[-158.182179,21.581068],[-158.183264,21.581457],[-158.183843,21.581538],[-158.185123,21.581328],[-158.186039,21.581617],[-158.187074,21.582159],[-158.18771,21.582391],[-158.190221,21.582497],[-158.1908,21.582608],[-158.19196,21.582434],[-158.193507,21.581752],[-158.194667,21.581398],[-158.195247,21.581322],[-158.195633,21.581379],[-158.196405,21.581771],[-158.19795,21.581903],[-158.199494,21.582409],[-158.200459,21.582562],[-158.201039,21.582509],[-158.202054,21.581792],[-158.202428,21.581605],[-158.202811,21.581535],[-158.203582,21.581491],[-158.204956,21.581764],[-158.205916,21.581657],[-158.207091,21.58185],[-158.207521,21.581854],[-158.209733,21.581203],[-158.210318,21.581148],[-158.211023,21.580822],[-158.211973,21.580643],[-158.212763,21.580602],[-158.213675,21.580298],[-158.214058,21.580237],[-158.214544,21.579848],[-158.214836,21.579484],[-158.215365,21.579242],[-158.215918,21.579079],[-158.217083,21.578949],[-158.218163,21.578536],[-158.218643,21.578496],[-158.219805,21.578447],[-158.221343,21.57866],[-158.221537,21.578635],[-158.222882,21.57885],[-158.223451,21.579164],[-158.224025,21.579306],[-158.224413,21.579268],[-158.22539,21.578986],[-158.226542,21.579209],[-158.227317,21.57915],[-158.228688,21.578662],[-158.229458,21.578742],[-158.230416,21.578977],[-158.231187,21.579046],[-158.232531,21.579293],[-158.233104,21.579478],[-158.233483,21.579693],[-158.234451,21.57964]]]]},"properties":{"slr_ft":0.5}},{"type":"Feature","id":230,"geometry":{"type":"MultiPolygon","coordinates":[[[[-157.949265,21.690854],[-157.948987,21.690165],[-157.948642,21.689727],[-157.948213,21.689343],[-157.94895,21.690186],[-157.949265,21.690854]]]]},"properties":{"slr_ft":0.5}},{"type":"Feature","id":205,"geometry":{"type":"MultiPolygon","coordinates":[[[[-158.126576,21.582644],[-158.125833,21.582592],[-158.124312,21.582859],[-158.123483,21.58293],[-158.122806,21.583283],[-158.122431,21.583722],[-158.122829,21.583316],[-158.123506,21.582963],[-158.124318,21.582902],[-158.125837,21.582617],[-158.126576,21.582644]]]]},"properties":{"slr_ft":0.5}},{"type":"Feature","id":206,"geometry":{"type":"MultiPolygon","coordinates":[[[[-158.118794,21.582091],[-158.118745,21.58203],[-158.117766,21.582614],[-158.116308,21.583809],[-158.116225,21.583994],[-158.116759,21.583468],[-158.117798,21.582655],[-158.118794,21.582091]]]]},"properties":{"slr_ft":0.5}},{"type":"Feature","id":207,"geometry":{"type":"MultiPolygon","coordinates":[[[[-158.117088,21.588929],[-158.1167,21.588901],[-158.11574,21.589082],[-158.114774,21.589101],[-158.113993,21.588857],[-158.113217,21.588757],[-158.112643,21.588944],[-158.112106,21.589296],[-158.111707,21.589695],[-158.111172,21.590002],[-158.110753,21.590387],[-158.11064,21.590757],[-158.110039,21.591911],[-158.109408,21.592814],[-158.110063,21.591927],[-158.110661,21.590771],[-158.110769,21.590398],[-158.111185,21.590011],[-158.111716,21.589701],[-158.11212,21.589305],[-158.112643,21.588958],[-158.113217,21.588769],[-158.11341,21.588769],[-158.113993,21.588864],[-158.114775,21.589122],[-158.115355,21.58913],[-158.117088,21.588929]]]]},"properties":{"slr_ft":0.5}},{"type":"Feature","id":210,"geometry":{"type":"MultiPolygon","coordinates":[[[[-158.103168,21.596255],[-158.103069,21.596232],[-158.103155,21.597741],[-158.103619,21.599347],[-158.103787,21.600418],[-158.10394,21.600389],[-158.103801,21.599866],[-158.103776,21.599318],[-158.103338,21.59811],[-158.103168,21.596255]]]]},"properties":{"slr_ft":0.5}},{"type":"Feature","id":212,"geometry":{"type":"MultiPolygon","coordinates":[[[[-158.094914,21.612705],[-158.094884,21.61266],[-158.094552,21.613189],[-158.094221,21.613376],[-158.092799,21.613628],[-158.091572,21.614178],[-158.091124,21.614532],[-158.090058,21.614981],[-158.089447,21.61543],[-158.088318,21.616472],[-158.086501,21.617504],[-158.085509,21.618408],[-158.085294,21.618762],[-158.085531,21.618442],[-158.086523,21.617537],[-158.088187,21.616617],[-158.088927,21.616018],[-158.089467,21.615462],[-158.090083,21.615018],[-158.091149,21.61457],[-158.091604,21.614226],[-158.092824,21.613667],[-158.094251,21.61342],[-158.094581,21.613233],[-158.094914,21.612705]]]]},"properties":{"slr_ft":0.5}},{"type":"Feature","id":225,"geometry":{"type":"MultiPolygon","coordinates":[[[[-157.980284,21.709368],[-157.979552,21.709102],[-157.97841,21.708912],[-157.977428,21.708899],[-157.977017,21.70899],[-157.977005,21.70905],[-157.977416,21.708953],[-157.978406,21.708931],[-157.980284,21.709368]]]]},"properties":{"slr_ft":0.5}},{"type":"Feature","id":213,"geometry":{"type":"MultiPolygon","coordinates":[[[[-158.081982,21.621538],[-158.080802,21.623525],[-158.080184,21.623794],[-158.078881,21.624135],[-158.077122,21.624948],[-158.075949,21.625892],[-158.075637,21.626263],[-158.075304,21.626965],[-158.074476,21.627443],[-158.075323,21.62701],[-158.075678,21.626284],[-158.075976,21.625923],[-158.07715,21.624981],[-158.078888,21.624159],[-158.080192,21.623822],[-158.080828,21.623553],[-158.081982,21.621538]]]]},"properties":{"slr_ft":0.5}},{"type":"Feature","id":214,"geometry":{"type":"MultiPolygon","coordinates":[[[[-158.073539,21.628883],[-158.073498,21.628857],[-158.072961,21.629607],[-158.072244,21.630316],[-158.07154,21.631413],[-158.071906,21.630995],[-158.07196,21.630801],[-158.072287,21.63035],[-158.073003,21.629634],[-158.073539,21.628883]]]]},"properties":{"slr_ft":0.5}},{"type":"Feature","id":215,"geometry":{"type":"MultiPolygon","coordinates":[[[[-158.065401,21.638185],[-158.065018,21.638182],[-158.064261,21.638813],[-158.063685,21.638912],[-158.063155,21.639458],[-158.063161,21.639672],[-158.062592,21.640617],[-158.062526,21.641842],[-158.062434,21.641999],[-158.062536,21.641848],[-158.062603,21.640623],[-158.06318,21.639683],[-158.063175,21.639469],[-158.063706,21.638924],[-158.064286,21.638826],[-158.065082,21.638218],[-158.065401,21.638185]]]]},"properties":{"slr_ft":0.5}},{"type":"Feature","id":216,"geometry":{"type":"MultiPolygon","coordinates":[[[[-158.063834,21.645447],[-158.063783,21.645419],[-158.063378,21.646028],[-158.063436,21.646059],[-158.063547,21.645918],[-158.063834,21.645447]]]]},"properties":{"slr_ft":0.5}},{"type":"Feature","id":217,"geometry":{"type":"MultiPolygon","coordinates":[[[[-158.060856,21.655058],[-158.06079,21.655001],[-158.06013,21.655416],[-158.059345,21.656459],[-158.059004,21.657147],[-158.058164,21.657897],[-158.058039,21.65828],[-158.057757,21.658774],[-158.057021,21.659614],[-158.055846,21.660568],[-158.055311,21.660845],[-158.054791,21.66089],[-158.054759,21.661353],[-158.054637,21.661493],[-158.053891,21.662079],[-158.053432,21.662667],[-158.052081,21.66396],[-158.051645,21.664493],[-158.050685,21.665399],[-158.048444,21.667119],[-158.047931,21.667679],[-158.047475,21.668329],[-158.046429,21.670158],[-158.045065,21.670847],[-158.044054,21.671716],[-158.043499,21.671912],[-158.042553,21.672542],[-158.042026,21.672776],[-158.04169,21.672621],[-158.041392,21.673161],[-158.04072,21.673579],[-158.040019,21.674209],[-158.039819,21.674523],[-158.039857,21.674788],[-158.039731,21.675159],[-158.039171,21.676068],[-158.039011,21.676589],[-158.038873,21.677306],[-158.038932,21.678835],[-158.038514,21.679627],[-158.037801,21.680503],[-158.037493,21.680739],[-158.036344,21.681046],[-158.035571,21.681097],[-158.034603,21.681037],[-158.034285,21.681101],[-158.033546,21.681345],[-158.032878,21.68171],[-158.032131,21.682553],[-158.031605,21.683521],[-158.031206,21.683947],[-158.031008,21.684061],[-158.030938,21.68423],[-158.031091,21.684493],[-158.030883,21.685397],[-158.030595,21.686068],[-158.029982,21.686856],[-158.028356,21.687494],[-158.027527,21.687994],[-158.024643,21.689077],[-158.023714,21.689732],[-158.022522,21.690926],[-158.021709,21.691431],[-158.021642,21.691622],[-158.021895,21.691355],[-158.022556,21.690961],[-158.023462,21.690011],[-158.024037,21.689527],[-158.024674,21.68911],[-158.027544,21.688036],[-158.028373,21.687536],[-158.030012,21.686891],[-158.030644,21.686089],[-158.030929,21.685416],[-158.031135,21.684512],[-158.030981,21.684249],[-158.031052,21.68408],[-158.03125,21.683966],[-158.031649,21.683539],[-158.032161,21.682566],[-158.03261,21.682005],[-158.033054,21.681635],[-158.033554,21.681359],[-158.034293,21.681116],[-158.034604,21.681062],[-158.035765,21.681121],[-158.036537,21.681041],[-158.03752,21.680792],[-158.037853,21.680527],[-158.038553,21.679646],[-158.038986,21.67885],[-158.038914,21.677318],[-158.039039,21.676597],[-158.039181,21.676071],[-158.039758,21.67518],[-158.039892,21.674815],[-158.039858,21.674553],[-158.040066,21.674245],[-158.040765,21.673613],[-158.041439,21.673197],[-158.041724,21.672672],[-158.042062,21.67283],[-158.042604,21.672616],[-158.043542,21.671974],[-158.044095,21.671776],[-158.045097,21.670894],[-158.046453,21.670193],[-158.046732,21.669801],[-158.047413,21.668501],[-158.047971,21.667726],[-158.048491,21.667175],[-158.050755,21.665482],[-158.05171,21.664571],[-158.052145,21.664015],[-158.053464,21.662694],[-158.053803,21.662249],[-158.054675,21.661525],[-158.054795,21.661383],[-158.054826,21.66092],[-158.055354,21.660882],[-158.0559,21.660614],[-158.057076,21.659661],[-158.057808,21.658818],[-158.058085,21.65832],[-158.058204,21.657932],[-158.059082,21.657214],[-158.059422,21.656525],[-158.060207,21.655482],[-158.060856,21.655058]]]]},"properties":{"slr_ft":0.5}},{"type":"Feature","id":218,"geometry":{"type":"MultiPolygon","coordinates":[[[[-158.020904,21.692562],[-158.020882,21.69252],[-158.020114,21.692696],[-158.01962,21.692984],[-158.019643,21.693029],[-158.020137,21.692741],[-158.020904,21.692562]]]]},"properties":{"slr_ft":0.5}},{"type":"Feature","id":219,"geometry":{"type":"MultiPolygon","coordinates":[[[[-158.015863,21.69612],[-158.015009,21.697169],[-158.013844,21.698034],[-158.01336,21.698146],[-158.013874,21.69807],[-158.015039,21.697206],[-158.015347,21.696884],[-158.015863,21.69612]]]]},"properties":{"slr_ft":0.5}},{"type":"Feature","id":220,"geometry":{"type":"MultiPolygon","coordinates":[[[[-158.01333,21.696564],[-158.013284,21.696368],[-158.012889,21.696009],[-158.01255,21.695832],[-158.012171,21.69576],[-158.011038,21.695808],[-158.01004,21.696118],[-158.00927,21.696671],[-158.008254,21.697765],[-158.008024,21.698288],[-158.008081,21.699007],[-158.008064,21.69829],[-158.00828,21.697791],[-158.009292,21.696693],[-158.010061,21.696139],[-158.011041,21.695838],[-158.012155,21.695794],[-158.012532,21.695869],[-158.012869,21.696051],[-158.013129,21.69626],[-158.01333,21.696564]]]]},"properties":{"slr_ft":0.5}},{"type":"Feature","id":221,"geometry":{"type":"MultiPolygon","coordinates":[[[[-158.008724,21.699985],[-158.008535,21.699874],[-158.006682,21.700219],[-158.005555,21.699972],[-158.006672,21.700255],[-158.008533,21.699921],[-158.008724,21.699985]]]]},"properties":{"slr_ft":0.5}},{"type":"Feature","id":222,"geometry":{"type":"MultiPolygon","coordinates":[[[[-158.003577,21.699281],[-158.003569,21.699222],[-158.002983,21.699217],[-158.002413,21.699328],[-158.002045,21.699448],[-158.002053,21.699506],[-158.002991,21.699274],[-158.003577,21.699281]]]]},"properties":{"slr_ft":0.5}},{"type":"Feature","id":223,"geometry":{"type":"MultiPolygon","coordinates":[[[[-157.997919,21.70518],[-157.997545,21.705019],[-157.996938,21.70503],[-157.996632,21.705251],[-157.996527,21.705413],[-157.996561,21.705454],[-157.996968,21.705066],[-157.997542,21.705061],[-157.997919,21.70518]]]]},"properties":{"slr_ft":0.5}},{"type":"Feature","id":224,"geometry":{"type":"MultiPolygon","coordinates":[[[[-157.993542,21.705147],[-157.993576,21.705079],[-157.99317,21.705038],[-157.991446,21.704344],[-157.990284,21.704411],[-157.99028,21.704477],[-157.991442,21.704417],[-157.99314,21.705098],[-157.993542,21.705147]]]]},"properties":{"slr_ft":0.5}},{"type":"Feature","id":231,"geometry":{"type":"MultiPolygon","coordinates":[[[[-157.945409,21.684973],[-157.945415,21.684749],[-157.945289,21.684391],[-157.944638,21.683493],[-157.944105,21.68296],[-157.94366,21.682149],[-157.943092,21.681417],[-157.942314,21.680603],[-157.941832,21.679406],[-157.942303,21.68061],[-157.94284,21.681141],[-157.943652,21.682154],[-157.944097,21.682965],[-157.944617,21.683507],[-157.945162,21.684254],[-157.94535,21.684571],[-157.945409,21.684973]]]]},"properties":{"slr_ft":0.5}},{"type":"Feature","id":232,"geometry":{"type":"MultiPolygon","coordinates":[[[[-157.936428,21.672352],[-157.936828,21.671821],[-157.937223,21.670747],[-157.937186,21.669119],[-157.937027,21.668392],[-157.936219,21.666283],[-157.935472,21.665007],[-157.934289,21.663797],[-157.932232,21.66247],[-157.930966,21.662022],[-157.929602,21.661832],[-157.929107,21.661516],[-157.928747,21.661383],[-157.927743,21.661322],[-157.927511,21.661218],[-157.927343,21.661015],[-157.927697,21.657948],[-157.928104,21.657321],[-157.928417,21.656659],[-157.928635,21.656157],[-157.928678,21.655729],[-157.928628,21.656154],[-157.928412,21.656658],[-157.927674,21.65794],[-157.927299,21.661009],[-157.927485,21.66125],[-157.927728,21.661361],[-157.928732,21.661422],[-157.929589,21.661863],[-157.930956,21.66205],[-157.932223,21.662492],[-157.934267,21.663811],[-157.935448,21.665022],[-157.936212,21.666287],[-157.936986,21.668391],[-157.937144,21.669118],[-157.93718,21.670746],[-157.936792,21.67182],[-157.936428,21.672352]]]]},"properties":{"slr_ft":0.5}},{"type":"Feature","id":233,"geometry":{"type":"MultiPolygon","coordinates":[[[[-157.928524,21.654335],[-157.928033,21.653213],[-157.927998,21.652823],[-157.927885,21.652674],[-157.926364,21.651681],[-157.924544,21.650903],[-157.923559,21.65021],[-157.923228,21.649761],[-157.923544,21.650227],[-157.92453,21.650924],[-157.926357,21.651696],[-157.927875,21.652679],[-157.927987,21.652829],[-157.928021,21.653219],[-157.928524,21.654335]]]]},"properties":{"slr_ft":0.5}},{"type":"Feature","id":265,"geometry":{"type":"MultiPolygon","coordinates":[[[[-157.668114,21.316705],[-157.667983,21.316534],[-157.66766,21.316324],[-157.666248,21.315868],[-157.665651,21.315845],[-157.665283,21.315955],[-157.664683,21.316308],[-157.664125,21.316291],[-157.664699,21.316348],[-157.66529,21.315988],[-157.665659,21.315877],[-157.666256,21.3159],[-157.667643,21.316359],[-157.668114,21.316705]]]]},"properties":{"slr_ft":0.5}},{"type":"Feature","id":235,"geometry":{"type":"MultiPolygon","coordinates":[[[[-157.917724,21.647388],[-157.917897,21.647217],[-157.918503,21.645984],[-157.918742,21.644912],[-157.919112,21.643847],[-157.919087,21.643302],[-157.918799,21.641657],[-157.918699,21.641289],[-157.918569,21.641101],[-157.918388,21.640186],[-157.918323,21.639277],[-157.918413,21.638739],[-157.918548,21.638385],[-157.918746,21.638215],[-157.919005,21.637144],[-157.919222,21.636794],[-157.919186,21.63643],[-157.918958,21.635874],[-157.918952,21.635693],[-157.918721,21.635498],[-157.918909,21.635147],[-157.918743,21.634595],[-157.918877,21.63424],[-157.919462,21.633793],[-157.920129,21.633139],[-157.920697,21.632413],[-157.920848,21.631783],[-157.921105,21.631261],[-157.921256,21.63037],[-157.921084,21.631259],[-157.920823,21.631781],[-157.920667,21.632398],[-157.920099,21.633114],[-157.919415,21.633754],[-157.918928,21.634073],[-157.918672,21.634591],[-157.91882,21.635142],[-157.918632,21.635493],[-157.918852,21.635687],[-157.919104,21.636787],[-157.918911,21.637138],[-157.918678,21.638211],[-157.918488,21.638381],[-157.918361,21.638736],[-157.918275,21.639274],[-157.918403,21.640548],[-157.918517,21.641098],[-157.91875,21.641654],[-157.919022,21.643118],[-157.919074,21.643845],[-157.918697,21.644909],[-157.918467,21.645982],[-157.917724,21.647388]]]]},"properties":{"slr_ft":0.5}},{"type":"Feature","id":238,"geometry":{"type":"MultiPolygon","coordinates":[[[[-157.896198,21.597274],[-157.895795,21.595686],[-157.895356,21.594841],[-157.894699,21.59394],[-157.89357,21.592967],[-157.892282,21.592527],[-157.891963,21.592335],[-157.890839,21.59136],[-157.89007,21.590802],[-157.889553,21.590263],[-157.888993,21.589509],[-157.888553,21.588626],[-157.888281,21.587756],[-157.88776,21.586782],[-157.887377,21.585567],[-157.886879,21.582531],[-157.886706,21.582194],[-157.886449,21.5813],[-157.88582,21.58018],[-157.885221,21.579667],[-157.885801,21.58019],[-157.886433,21.581308],[-157.886695,21.5822],[-157.886867,21.582533],[-157.887335,21.585573],[-157.887719,21.586797],[-157.888237,21.587772],[-157.888512,21.588641],[-157.888965,21.589535],[-157.889535,21.590281],[-157.89006,21.590812],[-157.890829,21.59137],[-157.892088,21.592482],[-157.893549,21.593001],[-157.894673,21.593961],[-157.895331,21.59486],[-157.895759,21.595697],[-157.896198,21.597274]]]]},"properties":{"slr_ft":0.5}},{"type":"Feature","id":237,"geometry":{"type":"MultiPolygon","coordinates":[[[[-157.919908,21.625296],[-157.91835,21.624578],[-157.918057,21.624333],[-157.917695,21.623777],[-157.917424,21.623519],[-157.916126,21.622708],[-157.915758,21.622279],[-157.91485,21.621603],[-157.914634,21.621558],[-157.912731,21.619915],[-157.912491,21.619348],[-157.912661,21.618829],[-157.912794,21.618681],[-157.912906,21.61813],[-157.912874,21.61777],[-157.912666,21.61743],[-157.912951,21.616536],[-157.91293,21.615631],[-157.913054,21.614921],[-157.91299,21.614491],[-157.912811,21.614164],[-157.912171,21.613503],[-157.911245,21.612721],[-157.910792,21.611687],[-157.910593,21.6116],[-157.910437,21.611258],[-157.909689,21.610655],[-157.909395,21.610098],[-157.909362,21.609555],[-157.908965,21.60898],[-157.908995,21.608749],[-157.908805,21.608434],[-157.908614,21.608333],[-157.908117,21.607812],[-157.907445,21.607454],[-157.906782,21.607237],[-157.905431,21.607199],[-157.905234,21.60702],[-157.901767,21.605426],[-157.899775,21.603912],[-157.899353,21.60354],[-157.899125,21.603234],[-157.898762,21.603074],[-157.898197,21.60258],[-157.897782,21.601732],[-157.897705,21.600804],[-157.897178,21.599635],[-157.896861,21.598592],[-157.897142,21.599646],[-157.897673,21.600814],[-157.897726,21.601749],[-157.897847,21.602092],[-157.898032,21.602494],[-157.898723,21.603117],[-157.899086,21.603276],[-157.899746,21.603943],[-157.901693,21.605428],[-157.905217,21.607052],[-157.905429,21.607234],[-157.906781,21.607269],[-157.907429,21.607481],[-157.908101,21.607837],[-157.908585,21.60835],[-157.908777,21.60845],[-157.908966,21.608766],[-157.908935,21.608998],[-157.909326,21.60956],[-157.909359,21.610103],[-157.909647,21.610683],[-157.910388,21.611292],[-157.910541,21.611635],[-157.910741,21.611722],[-157.911206,21.612748],[-157.912143,21.613531],[-157.912767,21.614176],[-157.912946,21.614503],[-157.913003,21.614919],[-157.912863,21.615629],[-157.912889,21.616534],[-157.91263,21.617433],[-157.912821,21.617775],[-157.912849,21.618135],[-157.912739,21.618663],[-157.912607,21.618812],[-157.912438,21.61933],[-157.912664,21.619933],[-157.9133,21.620513],[-157.913927,21.620941],[-157.914604,21.621588],[-157.914817,21.621636],[-157.915136,21.621845],[-157.915735,21.622304],[-157.916103,21.622731],[-157.917395,21.623549],[-157.917665,21.623808],[-157.918032,21.624372],[-157.918328,21.624613],[-157.919908,21.625296]]]]},"properties":{"slr_ft":0.5}},{"type":"Feature","id":247,"geometry":{"type":"MultiPolygon","coordinates":[[[[-157.835171,21.522452],[-157.835228,21.522456],[-157.835476,21.520663],[-157.83542,21.519933],[-157.83554,21.518855],[-157.835446,21.518129],[-157.8355,21.518852],[-157.835369,21.519929],[-157.835426,21.520477],[-157.835171,21.522452]]]]},"properties":{"slr_ft":0.5}},{"type":"Feature","id":264,"geometry":{"type":"MultiPolygon","coordinates":[[[[-157.671126,21.319456],[-157.670726,21.31906],[-157.67033,21.318937],[-157.669929,21.318681],[-157.66975,21.318357],[-157.669468,21.318111],[-157.669912,21.318693],[-157.670313,21.318959],[-157.670702,21.319089],[-157.671126,21.319456]]]]},"properties":{"slr_ft":0.5}},{"type":"Feature","id":239,"geometry":{"type":"MultiPolygon","coordinates":[[[[-157.883663,21.578117],[-157.883534,21.577955],[-157.882448,21.577164],[-157.881532,21.576856],[-157.881237,21.576603],[-157.87988,21.575908],[-157.878104,21.57519],[-157.877801,21.575348],[-157.87746,21.575177],[-157.876969,21.574819],[-157.875086,21.57276],[-157.87495,21.572369],[-157.875069,21.570926],[-157.874897,21.568031],[-157.875041,21.566588],[-157.875098,21.565143],[-157.875093,21.564968],[-157.87504,21.564967],[-157.87484,21.568029],[-157.875001,21.570924],[-157.874904,21.572368],[-157.875043,21.572793],[-157.876131,21.574063],[-157.876909,21.574867],[-157.877271,21.575125],[-157.877778,21.575389],[-157.878059,21.575272],[-157.879858,21.57595],[-157.881053,21.576542],[-157.881512,21.576893],[-157.882431,21.577196],[-157.883663,21.578117]]]]},"properties":{"slr_ft":0.5}},{"type":"Feature","id":241,"geometry":{"type":"MultiPolygon","coordinates":[[[[-157.873235,21.555958],[-157.872298,21.555764],[-157.871505,21.555709],[-157.870735,21.555783],[-157.869796,21.556008],[-157.869807,21.55607],[-157.870743,21.555827],[-157.871511,21.555743],[-157.872301,21.555783],[-157.873235,21.555958]]]]},"properties":{"slr_ft":0.5}},{"type":"Feature","id":242,"geometry":{"type":"MultiPolygon","coordinates":[[[[-157.864117,21.560325],[-157.864137,21.560277],[-157.863038,21.559929],[-157.861449,21.559265],[-157.860798,21.558837],[-157.860274,21.558601],[-157.858029,21.558021],[-157.856576,21.557528],[-157.856204,21.557428],[-157.856185,21.557473],[-157.858202,21.558104],[-157.86026,21.558635],[-157.860784,21.55887],[-157.861434,21.559301],[-157.863018,21.559978],[-157.864117,21.560325]]]]},"properties":{"slr_ft":0.5}},{"type":"Feature","id":248,"geometry":{"type":"MultiPolygon","coordinates":[[[[-157.836193,21.517586],[-157.836336,21.517583],[-157.836383,21.517221],[-157.836393,21.515955],[-157.836285,21.514696],[-157.836417,21.513787],[-157.836253,21.51271],[-157.83574,21.510411],[-157.835732,21.509892],[-157.83596,21.509881],[-157.837346,21.50909],[-157.838115,21.508992],[-157.838808,21.508598],[-157.839257,21.508531],[-157.838793,21.508538],[-157.838083,21.508868],[-157.837312,21.508957],[-157.835907,21.509673],[-157.835543,21.509654],[-157.835484,21.509819],[-157.83555,21.51045],[-157.836229,21.513641],[-157.836241,21.514194],[-157.836135,21.514699],[-157.836254,21.516139],[-157.836193,21.517586]]]]},"properties":{"slr_ft":0.5}},{"type":"Feature","id":243,"geometry":{"type":"MultiPolygon","coordinates":[[[[-157.854699,21.557763],[-157.854723,21.557719],[-157.854399,21.557518],[-157.853339,21.557077],[-157.852734,21.556719],[-157.85136,21.555524],[-157.850886,21.554953],[-157.850837,21.554764],[-157.850194,21.554083],[-157.848205,21.551421],[-157.846837,21.550081],[-157.846681,21.549691],[-157.846423,21.54845],[-157.846425,21.54782],[-157.84662,21.546717],[-157.846557,21.546179],[-157.846277,21.545701],[-157.845697,21.545032],[-157.845517,21.544507],[-157.84466,21.543546],[-157.843989,21.543103],[-157.842403,21.542307],[-157.842145,21.541964],[-157.841964,21.54164],[-157.841504,21.540259],[-157.841089,21.538643],[-157.840692,21.537896],[-157.840568,21.537366],[-157.840133,21.536281],[-157.839716,21.535668],[-157.838838,21.534943],[-157.839688,21.535689],[-157.840105,21.536302],[-157.840515,21.537378],[-157.840636,21.537908],[-157.841037,21.53867],[-157.841343,21.539929],[-157.841853,21.541484],[-157.842234,21.542203],[-157.842425,21.542391],[-157.84396,21.543153],[-157.844616,21.543581],[-157.845472,21.544529],[-157.845648,21.545056],[-157.846241,21.545731],[-157.846516,21.546183],[-157.846579,21.546721],[-157.846386,21.547812],[-157.846373,21.548459],[-157.846632,21.5497],[-157.846797,21.550106],[-157.848168,21.551446],[-157.850146,21.554115],[-157.850793,21.554793],[-157.85084,21.554983],[-157.851312,21.555556],[-157.8527,21.556757],[-157.854699,21.557763]]]]},"properties":{"slr_ft":0.5}},{"type":"Feature","id":245,"geometry":{"type":"MultiPolygon","coordinates":[[[[-157.83637,21.530868],[-157.83562,21.529604],[-157.834838,21.527976],[-157.834643,21.527461],[-157.834407,21.526406],[-157.834629,21.527464],[-157.834812,21.527981],[-157.83561,21.52961],[-157.83637,21.530868]]]]},"properties":{"slr_ft":0.5}},{"type":"Feature","id":246,"geometry":{"type":"MultiPolygon","coordinates":[[[[-157.834703,21.526119],[-157.834784,21.525217],[-157.8348,21.522696],[-157.834703,21.526119]]]]},"properties":{"slr_ft":0.5}},{"type":"Feature","id":252,"geometry":{"type":"MultiPolygon","coordinates":[[[[-157.756289,21.456635],[-157.75576,21.45639],[-157.754818,21.456189],[-157.754277,21.45599],[-157.753499,21.455909],[-157.752448,21.455402],[-157.750411,21.454842],[-157.749726,21.45445],[-157.748465,21.453973],[-157.746017,21.453446],[-157.744666,21.453277],[-157.743859,21.453297],[-157.742689,21.453202],[-157.742865,21.453273],[-157.743651,21.453322],[-157.74466,21.453297],[-157.74601,21.453471],[-157.748452,21.454016],[-157.749716,21.454481],[-157.750403,21.454869],[-157.75244,21.455428],[-157.753485,21.455958],[-157.75427,21.456013],[-157.755755,21.456407],[-157.756289,21.456635]]]]},"properties":{"slr_ft":0.5}},{"type":"Feature","id":255,"geometry":{"type":"MultiPolygon","coordinates":[[[[-157.731223,21.399447],[-157.729603,21.398976],[-157.728715,21.398619],[-157.728135,21.398529],[-157.727282,21.398078],[-157.72639,21.39773],[-157.726365,21.397796],[-157.727437,21.398208],[-157.728122,21.398562],[-157.728705,21.398644],[-157.729599,21.398986],[-157.731223,21.399447]]]]},"properties":{"slr_ft":0.5}},{"type":"Feature","id":256,"geometry":{"type":"MultiPolygon","coordinates":[[[[-157.725205,21.396879],[-157.725243,21.396823],[-157.725049,21.396772],[-157.724739,21.396554],[-157.723668,21.396115],[-157.723229,21.39575],[-157.722718,21.395492],[-157.72253,21.395433],[-157.721384,21.395531],[-157.721371,21.395583],[-157.722514,21.395457],[-157.722701,21.395517],[-157.723205,21.395785],[-157.723639,21.396159],[-157.725205,21.396879]]]]},"properties":{"slr_ft":0.5}},{"type":"Feature","id":257,"geometry":{"type":"MultiPolygon","coordinates":[[[[-157.720116,21.395883],[-157.720151,21.395838],[-157.720015,21.395706],[-157.718248,21.394603],[-157.717496,21.394035],[-157.716554,21.39363],[-157.717462,21.39408],[-157.720116,21.395883]]]]},"properties":{"slr_ft":0.5}},{"type":"Feature","id":259,"geometry":{"type":"MultiPolygon","coordinates":[[[[-157.713131,21.389842],[-157.711907,21.38845],[-157.711565,21.387799],[-157.711057,21.386241],[-157.710575,21.385378],[-157.7099,21.384625],[-157.709884,21.384434],[-157.709627,21.384146],[-157.708899,21.38267],[-157.70868,21.381791],[-157.708377,21.381129],[-157.708262,21.380979],[-157.708204,21.381003],[-157.708607,21.381803],[-157.708761,21.382511],[-157.709367,21.383859],[-157.709625,21.384344],[-157.709788,21.384474],[-157.709803,21.384666],[-157.710039,21.384852],[-157.710624,21.385566],[-157.711057,21.386434],[-157.711601,21.38798],[-157.711975,21.388619],[-157.713131,21.389842]]]]},"properties":{"slr_ft":0.5}},{"type":"Feature","id":261,"geometry":{"type":"MultiPolygon","coordinates":[[[[-157.705843,21.379621],[-157.705939,21.379625],[-157.70601,21.377639],[-157.70619,21.376025],[-157.706302,21.375822],[-157.706618,21.375543],[-157.707283,21.373847],[-157.70777,21.372859],[-157.707832,21.372496],[-157.708167,21.372032],[-157.708477,21.371368],[-157.70861,21.370454],[-157.708921,21.369599],[-157.709111,21.369279],[-157.709403,21.368034],[-157.709656,21.367543],[-157.709869,21.366847],[-157.709994,21.366313],[-157.710021,21.365586],[-157.709799,21.364272],[-157.709634,21.363926],[-157.709531,21.362846],[-157.709563,21.362116],[-157.709265,21.361238],[-157.709143,21.360342],[-157.709154,21.359795],[-157.708816,21.359139],[-157.708818,21.358947],[-157.708652,21.358618],[-157.708101,21.356886],[-157.708063,21.356516],[-157.707931,21.356368],[-157.707683,21.356256],[-157.70761,21.356088],[-157.707563,21.355912],[-157.707705,21.355485],[-157.70734,21.354457],[-157.707191,21.353359],[-157.706783,21.352917],[-157.706699,21.352562],[-157.706441,21.352262],[-157.705871,21.351299],[-157.705586,21.349786],[-157.705227,21.349144],[-157.704895,21.348913],[-157.704576,21.34846],[-157.704371,21.348367],[-157.704264,21.348216],[-157.704202,21.34804],[-157.704244,21.347802],[-157.704155,21.347641],[-157.703675,21.34707],[-157.703093,21.34592],[-157.702979,21.345773],[-157.70278,21.345677],[-157.702028,21.344626],[-157.701934,21.344255],[-157.701733,21.34416],[-157.701494,21.34366],[-157.700592,21.342697],[-157.700115,21.341911],[-157.699748,21.341699],[-157.699411,21.341257],[-157.699427,21.341035],[-157.699146,21.340774],[-157.698983,21.340443],[-157.698599,21.340029],[-157.697988,21.339108],[-157.697368,21.337767],[-157.697137,21.337476],[-157.696431,21.336186],[-157.695393,21.334876],[-157.693137,21.331645],[-157.69065,21.32951],[-157.689197,21.328617],[-157.684977,21.326681],[-157.684052,21.326426],[-157.683281,21.32631],[-157.68205,21.325768],[-157.681456,21.325728],[-157.680021,21.325188],[-157.679443,21.325108],[-157.678526,21.324516],[-157.678132,21.324439],[-157.677792,21.324268],[-157.676572,21.323063],[-157.676531,21.323094],[-157.677293,21.323906],[-157.677764,21.324316],[-157.678109,21.32448],[-157.678506,21.32455],[-157.67942,21.325172],[-157.680182,21.325307],[-157.681437,21.32578],[-157.682029,21.325827],[-157.683259,21.326374],[-157.684958,21.326736],[-157.689175,21.328651],[-157.690475,21.329431],[-157.691298,21.330049],[-157.692383,21.331077],[-157.69312,21.331663],[-157.693619,21.332293],[-157.695369,21.33489],[-157.696398,21.336205],[-157.697101,21.337497],[-157.697332,21.337788],[-157.697954,21.339128],[-157.69856,21.340051],[-157.698941,21.340468],[-157.699103,21.340799],[-157.699386,21.341059],[-157.699373,21.34128],[-157.699715,21.341719],[-157.700081,21.341931],[-157.700563,21.342714],[-157.701469,21.343675],[-157.701713,21.344171],[-157.701915,21.344266],[-157.70201,21.344637],[-157.702762,21.345687],[-157.703076,21.34593],[-157.703666,21.347075],[-157.704147,21.347646],[-157.704236,21.347807],[-157.704193,21.348045],[-157.704255,21.348222],[-157.704363,21.348372],[-157.704569,21.348464],[-157.704889,21.348916],[-157.705221,21.349148],[-157.705494,21.349627],[-157.705627,21.349975],[-157.705854,21.351304],[-157.706413,21.352271],[-157.706673,21.35257],[-157.706758,21.352925],[-157.707166,21.353367],[-157.707308,21.354085],[-157.707284,21.354284],[-157.707696,21.355488],[-157.707552,21.355916],[-157.707597,21.356092],[-157.707669,21.35626],[-157.707916,21.356372],[-157.708048,21.356521],[-157.708082,21.356892],[-157.708601,21.358635],[-157.708766,21.358964],[-157.708764,21.359155],[-157.709102,21.359811],[-157.709147,21.359988],[-157.709091,21.360347],[-157.709216,21.361243],[-157.709512,21.362121],[-157.709481,21.362852],[-157.709587,21.363931],[-157.709749,21.364278],[-157.709967,21.36559],[-157.709929,21.366317],[-157.709801,21.366824],[-157.709586,21.367519],[-157.709331,21.36801],[-157.709034,21.369253],[-157.708843,21.369573],[-157.708527,21.370427],[-157.708388,21.371339],[-157.708086,21.372005],[-157.707753,21.37247],[-157.707689,21.372832],[-157.707177,21.373812],[-157.70649,21.375501],[-157.706187,21.375783],[-157.706073,21.37602],[-157.705879,21.377632],[-157.705843,21.379621]]]]},"properties":{"slr_ft":0.5}},{"type":"Feature","id":267,"geometry":{"type":"MultiPolygon","coordinates":[[[[-157.660771,21.311736],[-157.660711,21.311552],[-157.660513,21.311465],[-157.660425,21.311076],[-157.660156,21.310813],[-157.660085,21.310637],[-157.659417,21.310205],[-157.660054,21.310659],[-157.660123,21.310836],[-157.660391,21.3111],[-157.66048,21.311489],[-157.660677,21.311576],[-157.660771,21.311736]]]]},"properties":{"slr_ft":0.5}},{"type":"Feature","id":268,"geometry":{"type":"MultiPolygon","coordinates":[[[[-157.674616,21.285273],[-157.674283,21.285537],[-157.673552,21.285786],[-157.672404,21.285944],[-157.672163,21.285756],[-157.671772,21.285772],[-157.671251,21.286073],[-157.67083,21.285962],[-157.67009,21.286173],[-157.67084,21.286004],[-157.671261,21.286117],[-157.671782,21.285815],[-157.672174,21.285802],[-157.672416,21.285992],[-157.673561,21.285828],[-157.674296,21.285592],[-157.67463,21.285334],[-157.674616,21.285273]]]]},"properties":{"slr_ft":0.5}},{"type":"Feature","id":269,"geometry":{"type":"MultiPolygon","coordinates":[[[[-157.69731,21.268183],[-157.697441,21.268612],[-157.697468,21.269202],[-157.697194,21.270844],[-157.697043,21.270984],[-157.697051,21.27118],[-157.696949,21.271337],[-157.696775,21.271468],[-157.696319,21.272078],[-157.696273,21.272255],[-157.696065,21.272374],[-157.69628,21.272258],[-157.696331,21.272082],[-157.696801,21.271477],[-157.696978,21.271347],[-157.697082,21.271191],[-157.697074,21.270995],[-157.697226,21.270856],[-157.697514,21.269219],[-157.697475,21.268624],[-157.69731,21.268183]]]]},"properties":{"slr_ft":0.5}},{"type":"Feature","id":270,"geometry":{"type":"MultiPolygon","coordinates":[[[[-157.721236,21.284086],[-157.720267,21.284168],[-157.719049,21.284714],[-157.719605,21.284538],[-157.720283,21.284194],[-157.721236,21.284086]]]]},"properties":{"slr_ft":0.5}},{"type":"Feature","id":271,"geometry":{"type":"MultiPolygon","coordinates":[[[[-157.713716,21.281764],[-157.713031,21.281443],[-157.712298,21.281255],[-157.712285,21.2813],[-157.713053,21.281498],[-157.713716,21.281764]]]]},"properties":{"slr_ft":0.5}},{"type":"Feature","id":272,"geometry":{"type":"MultiPolygon","coordinates":[[[[-157.711361,21.280846],[-157.711067,21.280611],[-157.710774,21.280219],[-157.710379,21.279407],[-157.709506,21.278214],[-157.709264,21.277549],[-157.709458,21.277303],[-157.709259,21.276681],[-157.709203,21.276724],[-157.709411,21.27731],[-157.709207,21.277563],[-157.709446,21.278249],[-157.710223,21.279285],[-157.710757,21.280236],[-157.711062,21.280616],[-157.711361,21.280846]]]]},"properties":{"slr_ft":0.5}},{"type":"Feature","id":273,"geometry":{"type":"MultiPolygon","coordinates":[[[[-157.722547,21.281844],[-157.722588,21.28187],[-157.722626,21.281676],[-157.722878,21.281444],[-157.724601,21.281153],[-157.727455,21.281194],[-157.728035,21.281267],[-157.729052,21.281547],[-157.728038,21.281257],[-157.72746,21.281177],[-157.724599,21.281109],[-157.722876,21.281413],[-157.722588,21.281652],[-157.722547,21.281844]]]]},"properties":{"slr_ft":0.5}},{"type":"Feature","id":274,"geometry":{"type":"MultiPolygon","coordinates":[[[[-157.731648,21.281931],[-157.732244,21.282045],[-157.732634,21.282042],[-157.733369,21.281825],[-157.732432,21.282001],[-157.731648,21.281931]]]]},"properties":{"slr_ft":0.5}},{"type":"Feature","id":275,"geometry":{"type":"MultiPolygon","coordinates":[[[[-157.736793,21.280418],[-157.737911,21.280162],[-157.737708,21.280134],[-157.736793,21.280418]]]]},"properties":{"slr_ft":0.5}},{"type":"Feature","id":276,"geometry":{"type":"MultiPolygon","coordinates":[[[[-157.738553,21.280057],[-157.7404,21.279863],[-157.742321,21.280008],[-157.742901,21.279965],[-157.743592,21.279765],[-157.744192,21.279309],[-157.743584,21.279754],[-157.742902,21.279945],[-157.742322,21.279993],[-157.7404,21.279858],[-157.738553,21.280057]]]]},"properties":{"slr_ft":0.5}},{"type":"Feature","id":277,"geometry":{"type":"MultiPolygon","coordinates":[[[[-157.744258,21.278953],[-157.746111,21.278451],[-157.746824,21.278183],[-157.744258,21.278953]]]]},"properties":{"slr_ft":0.5}},{"type":"Feature","id":278,"geometry":{"type":"MultiPolygon","coordinates":[[[[-157.747072,21.277896],[-157.748824,21.27725],[-157.749406,21.277202],[-157.749961,21.277058],[-157.750593,21.277031],[-157.751151,21.277173],[-157.751514,21.277188],[-157.752065,21.277025],[-157.752267,21.277035],[-157.752497,21.276883],[-157.753389,21.27654],[-157.752485,21.276853],[-157.752256,21.277002],[-157.752053,21.276989],[-157.751499,21.277145],[-157.750972,21.277099],[-157.750604,21.276989],[-157.749952,21.277022],[-157.749398,21.277168],[-157.749006,21.277189],[-157.747072,21.277896]]]]},"properties":{"slr_ft":0.5}},{"type":"Feature","id":279,"geometry":{"type":"MultiPolygon","coordinates":[[[[-157.759819,21.276064],[-157.761066,21.276275],[-157.761636,21.276184],[-157.762462,21.275912],[-157.76419,21.275261],[-157.765654,21.274568],[-157.767631,21.273442],[-157.767824,21.273393],[-157.768688,21.272703],[-157.769236,21.27253],[-157.770895,21.272349],[-157.771805,21.27207],[-157.770889,21.272329],[-157.769228,21.272508],[-157.768679,21.272679],[-157.767818,21.273383],[-157.767625,21.273433],[-157.764885,21.274946],[-157.762455,21.275896],[-157.761631,21.276155],[-157.76106,21.276242],[-157.759819,21.276064]]]]},"properties":{"slr_ft":0.5}},{"type":"Feature","id":280,"geometry":{"type":"MultiPolygon","coordinates":[[[[-157.772409,21.271683],[-157.773158,21.271499],[-157.775003,21.270848],[-157.776072,21.270317],[-157.777399,21.26911],[-157.77741,21.268871],[-157.778065,21.268211],[-157.778533,21.267418],[-157.778058,21.268205],[-157.777405,21.268866],[-157.777392,21.269104],[-157.776892,21.269549],[-157.7767,21.269631],[-157.776024,21.270277],[-157.774967,21.270783],[-157.773149,21.271478],[-157.772409,21.271683]]]]},"properties":{"slr_ft":0.5}},{"type":"Feature","id":282,"geometry":{"type":"MultiPolygon","coordinates":[[[[-157.779602,21.265703],[-157.780422,21.264976],[-157.781103,21.264631],[-157.781984,21.263916],[-157.783562,21.263202],[-157.784833,21.262384],[-157.785224,21.262037],[-157.787494,21.261043],[-157.788475,21.260446],[-157.789874,21.259839],[-157.790191,21.259607],[-157.790562,21.259189],[-157.791044,21.258872],[-157.791252,21.258569],[-157.791214,21.258534],[-157.791004,21.258836],[-157.790536,21.259165],[-157.790164,21.259582],[-157.789848,21.259786],[-157.788452,21.260399],[-157.786772,21.2613],[-157.785344,21.261849],[-157.78352,21.263144],[-157.782119,21.26378],[-157.781067,21.264579],[-157.780396,21.264939],[-157.779602,21.265703]]]]},"properties":{"slr_ft":0.5}},{"type":"Feature","id":283,"geometry":{"type":"MultiPolygon","coordinates":[[[[-157.796253,21.257345],[-157.796641,21.25731],[-157.797171,21.257066],[-157.797972,21.257085],[-157.798929,21.25695],[-157.799095,21.256827],[-157.800364,21.256372],[-157.801684,21.25611],[-157.80308,21.256124],[-157.80366,21.256062],[-157.804405,21.255875],[-157.805834,21.255279],[-157.806584,21.25511],[-157.807176,21.255095],[-157.806956,21.255016],[-157.805824,21.25524],[-157.804395,21.25584],[-157.803651,21.256029],[-157.803072,21.256093],[-157.801675,21.256073],[-157.800354,21.256336],[-157.799084,21.256787],[-157.798919,21.256913],[-157.797963,21.257055],[-157.797163,21.257036],[-157.796633,21.257282],[-157.796253,21.257345]]]]},"properties":{"slr_ft":0.5}},{"type":"Feature","id":284,"geometry":{"type":"MultiPolygon","coordinates":[[[[-157.811311,21.256022],[-157.811703,21.256112],[-157.81285,21.255939],[-157.813566,21.255913],[-157.814715,21.256144],[-157.816253,21.256901],[-157.817297,21.25763],[-157.818059,21.25777],[-157.818255,21.257734],[-157.818512,21.25786],[-157.818556,21.257797],[-157.81826,21.257669],[-157.818063,21.257716],[-157.817299,21.2576],[-157.816276,21.256863],[-157.814739,21.256105],[-157.813379,21.255863],[-157.8117,21.256072],[-157.811311,21.256022]]]]},"properties":{"slr_ft":0.5}},{"type":"Feature","id":285,"geometry":{"type":"MultiPolygon","coordinates":[[[[-157.820793,21.260895],[-157.820721,21.260997],[-157.821226,21.261264],[-157.821345,21.261502],[-157.821468,21.262035],[-157.821437,21.262388],[-157.821484,21.262373],[-157.821526,21.262017],[-157.821442,21.26147],[-157.821285,21.261181],[-157.820793,21.260895]]]]},"properties":{"slr_ft":0.5}},{"type":"Feature","id":287,"geometry":{"type":"MultiPolygon","coordinates":[[[[-157.822037,21.265229],[-157.821859,21.265276],[-157.822005,21.265612],[-157.822172,21.266507],[-157.822478,21.267177],[-157.82263,21.26845],[-157.822755,21.268418],[-157.822723,21.267863],[-157.822596,21.267334],[-157.822627,21.267138],[-157.822037,21.265229]]]]},"properties":{"slr_ft":0.5}},{"type":"Feature","id":289,"geometry":{"type":"MultiPolygon","coordinates":[[[[-157.823028,21.271541],[-157.823293,21.272221],[-157.823837,21.273182],[-157.823028,21.271541]]]]},"properties":{"slr_ft":0.5}},{"type":"Feature","id":290,"geometry":{"type":"MultiPolygon","coordinates":[[[[-157.824077,21.273346],[-157.824017,21.273571],[-157.824326,21.274234],[-157.824676,21.274742],[-157.825109,21.274928],[-157.825058,21.274805],[-157.824693,21.274689],[-157.824377,21.274212],[-157.824057,21.273554],[-157.824077,21.273346]]]]},"properties":{"slr_ft":0.5}},{"type":"Feature","id":293,"geometry":{"type":"MultiPolygon","coordinates":[[[[-157.829761,21.276624],[-157.831373,21.27727],[-157.831749,21.277351],[-157.831762,21.277303],[-157.831385,21.277228],[-157.829761,21.276624]]]]},"properties":{"slr_ft":0.5}},{"type":"Feature","id":295,"geometry":{"type":"MultiPolygon","coordinates":[[[[-157.833844,21.278142],[-157.833781,21.278235],[-157.834945,21.278877],[-157.835216,21.279096],[-157.836276,21.280466],[-157.836714,21.280906],[-157.837382,21.281383],[-157.837622,21.281675],[-157.838844,21.281913],[-157.839978,21.281584],[-157.84006,21.281357],[-157.840278,21.281169],[-157.840234,21.281097],[-157.840024,21.281298],[-157.839945,21.281532],[-157.838857,21.28188],[-157.837639,21.281656],[-157.837403,21.281361],[-157.836571,21.280772],[-157.835133,21.278937],[-157.834837,21.2787],[-157.833844,21.278142]]]]},"properties":{"slr_ft":0.5}},{"type":"Feature","id":297,"geometry":{"type":"MultiPolygon","coordinates":[[[[-157.845997,21.282225],[-157.845827,21.282781],[-157.845976,21.283202],[-157.846205,21.283514],[-157.846495,21.283753],[-157.847031,21.283991],[-157.847641,21.284061],[-157.847916,21.283996],[-157.847912,21.283904],[-157.84728,21.283974],[-157.846878,21.283881],[-157.846217,21.2835],[-157.845984,21.283192],[-157.84584,21.28278],[-157.845997,21.282225]]]]},"properties":{"slr_ft":0.5}},{"type":"Feature","id":298,"geometry":{"type":"MultiPolygon","coordinates":[[[[-157.846547,21.286082],[-157.846425,21.286016],[-157.846058,21.286443],[-157.84592,21.28697],[-157.845968,21.287275],[-157.845956,21.286967],[-157.84614,21.286487],[-157.846547,21.286082]]]]},"properties":{"slr_ft":0.5}},{"type":"Feature","id":299,"geometry":{"type":"MultiPolygon","coordinates":[[[[-157.847274,21.288735],[-157.848762,21.28924],[-157.852993,21.290484],[-157.853633,21.290777],[-157.8552,21.291685],[-157.855248,21.291607],[-157.852824,21.290386],[-157.847274,21.288735]]]]},"properties":{"slr_ft":0.5}},{"type":"Feature","id":301,"geometry":{"type":"MultiPolygon","coordinates":[[[[-157.882003,21.300842],[-157.882203,21.300865],[-157.882915,21.300482],[-157.88371,21.300557],[-157.883692,21.300458],[-157.882902,21.300411],[-157.882376,21.300742],[-157.882003,21.300842]]]]},"properties":{"slr_ft":0.5}},{"type":"Feature","id":305,"geometry":{"type":"MultiPolygon","coordinates":[[[[-158.024187,21.306341],[-158.0242,21.306393],[-158.025371,21.306311],[-158.026406,21.306466],[-158.02752,21.30617],[-158.028479,21.306041],[-158.029373,21.305666],[-158.030299,21.305414],[-158.030454,21.305252],[-158.030988,21.305018],[-158.03263,21.304465],[-158.03261,21.304392],[-158.032422,21.304431],[-158.030968,21.304941],[-158.030433,21.305172],[-158.030278,21.305337],[-158.029357,21.305606],[-158.028467,21.305998],[-158.027511,21.306139],[-158.026391,21.306408],[-158.025156,21.306248],[-158.024187,21.306341]]]]},"properties":{"slr_ft":0.5}},{"type":"Feature","id":303,"geometry":{"type":"MultiPolygon","coordinates":[[[[-157.970877,21.322909],[-157.970958,21.322681],[-157.971221,21.322387],[-157.971706,21.322119],[-157.972,21.322133],[-157.972563,21.321387],[-157.973282,21.320782],[-157.973637,21.3206],[-157.973728,21.320431],[-157.973922,21.320355],[-157.974262,21.31991],[-157.975958,21.318679],[-157.976459,21.318128],[-157.977408,21.317511],[-157.977698,21.31725],[-157.977902,21.316831],[-157.978242,21.31666],[-157.978526,21.316388],[-157.979021,21.316161],[-157.979643,21.316297],[-157.981,21.3162],[-157.98287,21.315754],[-157.986001,21.314777],[-157.987759,21.314386],[-157.985999,21.314768],[-157.982868,21.315741],[-157.980993,21.316168],[-157.979816,21.316192],[-157.978989,21.316016],[-157.978455,21.316257],[-157.978172,21.316532],[-157.977827,21.316693],[-157.977608,21.317086],[-157.976353,21.318033],[-157.97586,21.318591],[-157.974074,21.319991],[-157.973872,21.32031],[-157.973681,21.320389],[-157.973598,21.320565],[-157.972818,21.321116],[-157.971956,21.322094],[-157.971667,21.322085],[-157.97136,21.322243],[-157.970952,21.322678],[-157.970877,21.322909]]]]},"properties":{"slr_ft":0.5}},{"type":"Feature","id":304,"geometry":{"type":"MultiPolygon","coordinates":[[[[-157.993084,21.313331],[-157.993519,21.313158],[-157.996132,21.312508],[-157.9967,21.312408],[-157.996906,21.312444],[-157.997835,21.312197],[-157.998986,21.312055],[-158.000462,21.311611],[-158.002729,21.311177],[-158.00515,21.310552],[-158.005545,21.310555],[-158.00761,21.3101],[-158.008949,21.309917],[-158.009121,21.309809],[-158.010269,21.309657],[-158.011665,21.309278],[-158.010073,21.309661],[-158.009112,21.309769],[-158.008939,21.309876],[-158.0076,21.310056],[-158.005536,21.310516],[-158.005142,21.310514],[-158.002722,21.311147],[-158.000457,21.311586],[-157.998983,21.312045],[-157.997833,21.312189],[-157.996903,21.312434],[-157.996698,21.312399],[-157.99613,21.3125],[-157.993518,21.313155],[-157.993084,21.313331]]]]},"properties":{"slr_ft":0.5}},{"type":"Feature","id":306,"geometry":{"type":"MultiPolygon","coordinates":[[[[-158.044058,21.303841],[-158.044876,21.30378],[-158.045435,21.303623],[-158.045564,21.303452],[-158.04613,21.303308],[-158.046265,21.30315],[-158.048016,21.302395],[-158.048803,21.301834],[-158.049969,21.301417],[-158.051478,21.301075],[-158.052845,21.301128],[-158.054767,21.300968],[-158.055334,21.300845],[-158.057458,21.300751],[-158.058606,21.300615],[-158.059548,21.300393],[-158.060519,21.300393],[-158.061079,21.30022],[-158.061873,21.300342],[-158.063022,21.30022],[-158.064916,21.299847],[-158.065693,21.299845],[-158.066294,21.299986],[-158.067652,21.299973],[-158.069133,21.299415],[-158.070273,21.299222],[-158.071945,21.298646],[-158.073098,21.298552],[-158.07344,21.298431],[-158.07175,21.298643],[-158.070263,21.299151],[-158.069123,21.299339],[-158.067643,21.299905],[-158.066093,21.299934],[-158.065687,21.299803],[-158.06491,21.299802],[-158.063015,21.300168],[-158.061865,21.300285],[-158.061074,21.300178],[-158.060513,21.300346],[-158.059542,21.300346],[-158.058601,21.300575],[-158.057454,21.300717],[-158.055329,21.300813],[-158.054763,21.300938],[-158.052842,21.301099],[-158.051859,21.301011],[-158.051093,21.301101],[-158.049776,21.301423],[-158.048786,21.301801],[-158.047995,21.302351],[-158.046247,21.303113],[-158.046113,21.303273],[-158.045549,21.303422],[-158.045422,21.303595],[-158.044865,21.303757],[-158.044058,21.303841]]]]},"properties":{"slr_ft":0.5}},{"type":"Feature","id":307,"geometry":{"type":"MultiPolygon","coordinates":[[[[-158.075047,21.298616],[-158.075049,21.298672],[-158.075242,21.298671],[-158.075815,21.298533],[-158.07775,21.29867],[-158.079855,21.298254],[-158.080003,21.298211],[-158.080001,21.298155],[-158.07832,21.298458],[-158.078132,21.298566],[-158.077748,21.298625],[-158.075813,21.298489],[-158.075047,21.298616]]]]},"properties":{"slr_ft":0.5}},{"type":"Feature","id":308,"geometry":{"type":"MultiPolygon","coordinates":[[[[-158.088834,21.295813],[-158.091346,21.29587],[-158.094993,21.295476],[-158.095574,21.295518],[-158.096537,21.295462],[-158.097893,21.295566],[-158.098363,21.295438],[-158.09789,21.295517],[-158.096533,21.295399],[-158.095572,21.295463],[-158.094991,21.295429],[-158.091344,21.295837],[-158.088834,21.295813]]]]},"properties":{"slr_ft":0.5}},{"type":"Feature","id":309,"geometry":{"type":"MultiPolygon","coordinates":[[[[-158.130698,21.356784],[-158.130609,21.356813],[-158.130666,21.357177],[-158.130837,21.357504],[-158.130932,21.358238],[-158.131284,21.35908],[-158.131691,21.359713],[-158.131911,21.360597],[-158.132397,21.361204],[-158.133085,21.362893],[-158.133407,21.363362],[-158.134149,21.365033],[-158.134362,21.365344],[-158.134433,21.365321],[-158.133598,21.363682],[-158.133496,21.363332],[-158.133179,21.362862],[-158.132482,21.361176],[-158.132007,21.360566],[-158.131783,21.359683],[-158.131377,21.35905],[-158.131025,21.358208],[-158.130923,21.357476],[-158.130756,21.357147],[-158.130698,21.356784]]]]},"properties":{"slr_ft":0.5}},{"type":"Feature","id":310,"geometry":{"type":"MultiPolygon","coordinates":[[[[-158.140786,21.375282],[-158.140834,21.375474],[-158.141096,21.375742],[-158.141583,21.376529],[-158.142349,21.377346],[-158.142765,21.377606],[-158.142377,21.377326],[-158.141613,21.376508],[-158.140786,21.375282]]]]},"properties":{"slr_ft":0.5}},{"type":"Feature","id":311,"geometry":{"type":"MultiPolygon","coordinates":[[[[-158.146832,21.382242],[-158.147385,21.383015],[-158.149592,21.38504],[-158.151724,21.386872],[-158.152084,21.387307],[-158.154714,21.389701],[-158.154941,21.390005],[-158.155492,21.390511],[-158.156241,21.391083],[-158.156336,21.391253],[-158.156781,21.391601],[-158.157219,21.392224],[-158.157635,21.392602],[-158.158061,21.3927],[-158.158374,21.392915],[-158.158821,21.393528],[-158.159385,21.393753],[-158.160325,21.394396],[-158.160569,21.394682],[-158.161439,21.395129],[-158.161714,21.395383],[-158.162078,21.395545],[-158.162669,21.39601],[-158.163144,21.396059],[-158.164053,21.396683],[-158.164086,21.396649],[-158.16318,21.396021],[-158.162708,21.395971],[-158.162117,21.395505],[-158.161757,21.395339],[-158.161488,21.395079],[-158.160616,21.394633],[-158.160372,21.394348],[-158.159902,21.394026],[-158.159245,21.393629],[-158.158853,21.393496],[-158.15841,21.392877],[-158.158101,21.392658],[-158.157679,21.392556],[-158.157255,21.392187],[-158.15682,21.39156],[-158.15638,21.391208],[-158.156287,21.391036],[-158.155534,21.390468],[-158.154758,21.389656],[-158.153068,21.388173],[-158.151765,21.38683],[-158.151308,21.386494],[-158.150797,21.385946],[-158.150342,21.385609],[-158.147886,21.383305],[-158.147434,21.382965],[-158.146832,21.382242]]]]},"properties":{"slr_ft":0.5}},{"type":"Feature","id":312,"geometry":{"type":"MultiPolygon","coordinates":[[[[-158.176796,21.403749],[-158.177268,21.40455],[-158.178035,21.405361],[-158.17832,21.406598],[-158.178305,21.407138],[-158.177653,21.408034],[-158.177712,21.40807],[-158.17838,21.407139],[-158.17837,21.40659],[-158.178091,21.405352],[-158.177308,21.404521],[-158.176796,21.403749]]]]},"properties":{"slr_ft":0.5}},{"type":"Feature","id":313,"geometry":{"type":"MultiPolygon","coordinates":[[[[-158.177599,21.409996],[-158.177518,21.409972],[-158.177524,21.410163],[-158.177397,21.410505],[-158.176962,21.410945],[-158.17693,21.41178],[-158.177307,21.413735],[-158.17806,21.415995],[-158.178302,21.417055],[-158.178051,21.4182],[-158.177982,21.419314],[-158.178428,21.421809],[-158.178641,21.422324],[-158.178779,21.423218],[-158.178687,21.425071],[-158.178823,21.425782],[-158.178749,21.426713],[-158.17898,21.427592],[-158.179389,21.42789],[-158.17956,21.428411],[-158.179708,21.428386],[-158.179646,21.428029],[-158.179548,21.427862],[-158.179147,21.427563],[-158.178912,21.426685],[-158.178999,21.425752],[-158.178874,21.425039],[-158.178986,21.42355],[-158.178757,21.422304],[-158.178544,21.421789],[-158.178093,21.419295],[-158.17836,21.416862],[-158.177849,21.414929],[-158.17742,21.413716],[-158.177015,21.411765],[-158.177027,21.410964],[-158.177118,21.410801],[-158.177458,21.410523],[-158.177599,21.410185],[-158.177599,21.409996]]]]},"properties":{"slr_ft":0.5}},{"type":"Feature","id":314,"geometry":{"type":"MultiPolygon","coordinates":[[[[-158.189975,21.441731],[-158.189756,21.441824],[-158.189123,21.442554],[-158.188966,21.443462],[-158.189078,21.443816],[-158.189009,21.443965],[-158.189027,21.444458],[-158.18973,21.445542],[-158.190754,21.446899],[-158.192186,21.447819],[-158.192505,21.447952],[-158.192726,21.448249],[-158.19241,21.447794],[-158.19223,21.447757],[-158.19081,21.44682],[-158.190003,21.445816],[-158.189123,21.444412],[-158.189067,21.443961],[-158.189132,21.443812],[-158.189026,21.443458],[-158.189177,21.442577],[-158.189779,21.441854],[-158.189975,21.441731]]]]},"properties":{"slr_ft":0.5}},{"type":"Feature","id":316,"geometry":{"type":"MultiPolygon","coordinates":[[[[-158.20545,21.459103],[-158.206645,21.460106],[-158.206985,21.460276],[-158.207691,21.460569],[-158.209,21.460944],[-158.209775,21.461102],[-158.209807,21.461041],[-158.2079,21.460582],[-158.20701,21.460228],[-158.20667,21.460056],[-158.20545,21.459103]]]]},"properties":{"slr_ft":0.5}},{"type":"Feature","id":317,"geometry":{"type":"MultiPolygon","coordinates":[[[[-158.212793,21.46139],[-158.212622,21.46201],[-158.212867,21.463075],[-158.212954,21.463239],[-158.213172,21.463364],[-158.213289,21.463708],[-158.213667,21.464164],[-158.213598,21.463995],[-158.213314,21.4637],[-158.213198,21.463356],[-158.212981,21.463231],[-158.212895,21.463067],[-158.212667,21.461997],[-158.212793,21.46139]]]]},"properties":{"slr_ft":0.5}},{"type":"Feature","id":319,"geometry":{"type":"MultiPolygon","coordinates":[[[[-158.219531,21.475181],[-158.219756,21.475748],[-158.219718,21.476049],[-158.219856,21.476439],[-158.220282,21.477071],[-158.221361,21.478107],[-158.22208,21.478446],[-158.222539,21.478516],[-158.222789,21.478531],[-158.223537,21.478314],[-158.224311,21.478559],[-158.22526,21.478391],[-158.225249,21.478347],[-158.224301,21.478518],[-158.22357,21.478282],[-158.222821,21.4785],[-158.222569,21.478487],[-158.222112,21.478414],[-158.221569,21.478164],[-158.221245,21.477959],[-158.220308,21.477045],[-158.219794,21.476238],[-158.21978,21.475723],[-158.219531,21.475181]]]]},"properties":{"slr_ft":0.5}},{"type":"Feature","id":320,"geometry":{"type":"MultiPolygon","coordinates":[[[[-158.229763,21.489206],[-158.22961,21.489202],[-158.229576,21.490105],[-158.229437,21.490824],[-158.229669,21.492095],[-158.229571,21.494081],[-158.229695,21.494627],[-158.229765,21.495894],[-158.229429,21.496427],[-158.229285,21.496966],[-158.229396,21.498234],[-158.229464,21.498236],[-158.229335,21.496967],[-158.229485,21.496429],[-158.229778,21.496075],[-158.22984,21.495896],[-158.229829,21.495353],[-158.229641,21.494083],[-158.229748,21.492097],[-158.229533,21.491007],[-158.229721,21.490108],[-158.229763,21.489206]]]]},"properties":{"slr_ft":0.5}},{"type":"Feature","id":321,"geometry":{"type":"MultiPolygon","coordinates":[[[[-158.228954,21.51113],[-158.22889,21.5111],[-158.228717,21.511423],[-158.228497,21.512113],[-158.228553,21.512139],[-158.228954,21.51113]]]]},"properties":{"slr_ft":0.5}},{"type":"Feature","id":323,"geometry":{"type":"MultiPolygon","coordinates":[[[[-158.228983,21.527274],[-158.228886,21.527288],[-158.228831,21.529672],[-158.229044,21.530556],[-158.229386,21.532883],[-158.230203,21.535142],[-158.230663,21.536173],[-158.230291,21.535313],[-158.229976,21.534261],[-158.229439,21.532876],[-158.22911,21.530546],[-158.228899,21.529663],[-158.228983,21.527274]]]]},"properties":{"slr_ft":0.5}},{"type":"Feature","id":325,"geometry":{"type":"MultiPolygon","coordinates":[[[[-158.240244,21.545834],[-158.24016,21.545903],[-158.240207,21.546344],[-158.240489,21.547314],[-158.240852,21.547737],[-158.241239,21.548379],[-158.241424,21.548469],[-158.241458,21.54868],[-158.241802,21.549119],[-158.242403,21.549588],[-158.242798,21.549745],[-158.243346,21.550257],[-158.243544,21.550574],[-158.243868,21.550789],[-158.244249,21.551198],[-158.244625,21.551371],[-158.245204,21.551857],[-158.246349,21.553302],[-158.24642,21.553244],[-158.246215,21.55295],[-158.245249,21.55182],[-158.244676,21.551329],[-158.244151,21.551038],[-158.24377,21.55063],[-158.24359,21.550537],[-158.243393,21.550218],[-158.242849,21.549703],[-158.242458,21.549543],[-158.24187,21.549063],[-158.241537,21.548616],[-158.241504,21.548403],[-158.241321,21.548313],[-158.240552,21.547262],[-158.240325,21.546488],[-158.240244,21.545834]]]]},"properties":{"slr_ft":0.5}}]}