{"type":"FeatureCollection","features":[{"type":"Feature","id":22,"geometry":{"type":"MultiPolygon","coordinates":[[[[-157.958206,21.370972],[-157.959,21.371224],[-157.958476,21.371669],[-157.958528,21.371724],[-157.961528,21.369442],[-157.961482,21.369394],[-157.960888,21.369805],[-157.960631,21.369511],[-157.960744,21.369089],[-157.961577,21.368892],[-157.962094,21.368651],[-157.962225,21.368223],[-157.962616,21.367948],[-157.963056,21.367439],[-157.963461,21.367191],[-157.964476,21.366336],[-157.965033,21.36602],[-157.965964,21.365676],[-157.966209,21.365473],[-157.966475,21.36517],[-157.966532,21.364799],[-157.967045,21.364334],[-157.968815,21.361504],[-157.968939,21.361131],[-157.968848,21.360718],[-157.968905,21.360066],[-157.968619,21.359468],[-157.968676,21.359245],[-157.967357,21.358444],[-157.966979,21.358054],[-157.966387,21.357701],[-157.966214,21.3575],[-157.966061,21.357082],[-157.966312,21.355517],[-157.966147,21.355296],[-157.965851,21.355085],[-157.965567,21.35513],[-157.965133,21.355468],[-157.964966,21.355472],[-157.964541,21.355241],[-157.961394,21.356414],[-157.961126,21.356301],[-157.960368,21.357542],[-157.959693,21.35728],[-157.959612,21.357408],[-157.959498,21.358261],[-157.959203,21.359379],[-157.958613,21.36093],[-157.957963,21.361896],[-157.957235,21.362002],[-157.956605,21.361684],[-157.956274,21.361621],[-157.956188,21.361767],[-157.955404,21.36194],[-157.954785,21.362285],[-157.95431,21.362746],[-157.954087,21.362759],[-157.953856,21.362437],[-157.954153,21.362213],[-157.954055,21.362035],[-157.954634,21.361683],[-157.95451,21.36154],[-157.952305,21.363207],[-157.952428,21.363343],[-157.95286,21.36294],[-157.953022,21.363037],[-157.953525,21.362689],[-157.953797,21.36291],[-157.95373,21.363052],[-157.952835,21.363285],[-157.952097,21.364055],[-157.951763,21.36424],[-157.951303,21.364844],[-157.951199,21.365541],[-157.950909,21.365777],[-157.950721,21.366295],[-157.950869,21.367222],[-157.950792,21.367368],[-157.950828,21.367541],[-157.950703,21.36769],[-157.950576,21.368144],[-157.950816,21.368516],[-157.951532,21.368784],[-157.952427,21.368652],[-157.953435,21.368632],[-157.953768,21.368686],[-157.954531,21.369114],[-157.954792,21.369341],[-157.95626,21.370901],[-157.956466,21.370903],[-157.956969,21.37119],[-157.957239,21.371239],[-157.957402,21.371242],[-157.957865,21.37101],[-157.958206,21.370972]],[[-157.959082,21.370388],[-157.958035,21.370806],[-157.957623,21.370541],[-157.957041,21.370512],[-157.955494,21.369034],[-157.953789,21.36798],[-157.952707,21.368123],[-157.951827,21.368392],[-157.951189,21.368496],[-157.950612,21.368254],[-157.950603,21.368108],[-157.951059,21.367209],[-157.950814,21.366363],[-157.950976,21.365954],[-157.951847,21.365109],[-157.952115,21.364876],[-157.952817,21.364596],[-157.95327,21.364016],[-157.953432,21.363918],[-157.954341,21.363819],[-157.95453,21.363524],[-157.954051,21.362965],[-157.955464,21.362066],[-157.956613,21.362013],[-157.957049,21.362551],[-157.957738,21.36258],[-157.958141,21.362383],[-157.958281,21.361963],[-157.959014,21.36086],[-157.959113,21.360472],[-157.959932,21.359153],[-157.960713,21.357981],[-157.961015,21.35805],[-157.961338,21.357581],[-157.961645,21.357046],[-157.961741,21.356577],[-157.96256,21.356201],[-157.962864,21.356576],[-157.964098,21.356226],[-157.964618,21.356891],[-157.964903,21.356893],[-157.96533,21.357111],[-157.965563,21.357318],[-157.966159,21.358256],[-157.967409,21.359573],[-157.968297,21.359559],[-157.96848,21.360553],[-157.968393,21.3614],[-157.966832,21.363981],[-157.962274,21.367125],[-157.96194,21.367667],[-157.961409,21.368079],[-157.960314,21.368458],[-157.960206,21.368857],[-157.959082,21.370388]]]]},"properties":{}},{"type":"Feature","id":23,"geometry":{"type":"MultiPolygon","coordinates":[[[[-157.796136,21.258397],[-157.798184,21.258924],[-157.79958,21.258616],[-157.80092,21.257769],[-157.802816,21.257058],[-157.796136,21.258397]]]]},"properties":{}},{"type":"Feature","id":24,"geometry":{"type":"MultiPolygon","coordinates":[[[[-157.689513,21.273012],[-157.69135,21.274392],[-157.6928,21.275005],[-157.693735,21.275175],[-157.694871,21.275185],[-157.696594,21.274945],[-157.707164,21.264493],[-157.706988,21.259962],[-157.705744,21.259688],[-157.705114,21.259794],[-157.70498,21.259672],[-157.703936,21.259514],[-157.701365,21.25996],[-157.700776,21.259959],[-157.699971,21.260073],[-157.698948,21.260594],[-157.698296,21.261115],[-157.698017,21.261492],[-157.6978,21.26155],[-157.697211,21.26152],[-157.696313,21.261664],[-157.694794,21.262387],[-157.694049,21.262879],[-157.693709,21.262849],[-157.693399,21.262674],[-157.693151,21.263022],[-157.692716,21.263428],[-157.692251,21.263659],[-157.692003,21.264036],[-157.691877,21.264907],[-157.692124,21.265285],[-157.693145,21.265722],[-157.693919,21.265898],[-157.69429,21.266247],[-157.694816,21.266597],[-157.695186,21.26741],[-157.695154,21.267991],[-157.695888,21.267639],[-157.696557,21.26758],[-157.696993,21.267621],[-157.697545,21.267871],[-157.697778,21.268304],[-157.69794,21.268852],[-157.697804,21.269798],[-157.697861,21.270231],[-157.69706,21.271904],[-157.695565,21.272685],[-157.694479,21.272836],[-157.69422,21.272808],[-157.693951,21.272763],[-157.693135,21.272338],[-157.692953,21.272005],[-157.692253,21.27158],[-157.691648,21.270975],[-157.691119,21.269525],[-157.690773,21.269471],[-157.69041,21.270479],[-157.690038,21.270275],[-157.690082,21.269226],[-157.689704,21.269322],[-157.688296,21.273632],[-157.688465,21.273151],[-157.688796,21.272908],[-157.689157,21.272868],[-157.689513,21.273012]]]]},"properties":{}},{"type":"Feature","id":25,"geometry":{"type":"MultiPolygon","coordinates":[[[[-157.692951,21.302453],[-157.694543,21.302675],[-157.694879,21.301255],[-157.6951,21.301148],[-157.69535,21.30126],[-157.695276,21.300969],[-157.696205,21.300485],[-157.696984,21.299518],[-157.697371,21.298559],[-157.698128,21.294354],[-157.699946,21.29196],[-157.701671,21.290414],[-157.702888,21.288769],[-157.70512,21.28842],[-157.707827,21.295842],[-157.708104,21.297337],[-157.708251,21.297287],[-157.707925,21.295729],[-157.707877,21.294603],[-157.707952,21.294114],[-157.708471,21.293043],[-157.708631,21.292937],[-157.708779,21.292935],[-157.708997,21.293143],[-157.708987,21.293294],[-157.70851,21.294291],[-157.708463,21.294646],[-157.708509,21.295665],[-157.708812,21.297094],[-157.71141,21.2962],[-157.713906,21.290073],[-157.714775,21.292598],[-157.715548,21.29299],[-157.715585,21.292447],[-157.715429,21.292077],[-157.715441,21.291877],[-157.715593,21.291729],[-157.715895,21.291763],[-157.716159,21.292289],[-157.716189,21.292714],[-157.716107,21.293273],[-157.716384,21.293414],[-157.717445,21.29296],[-157.720293,21.289056],[-157.722107,21.293399],[-157.722854,21.293278],[-157.722393,21.292242],[-157.721953,21.290893],[-157.721299,21.289753],[-157.72093,21.288926],[-157.720891,21.288557],[-157.720612,21.288208],[-157.720436,21.287807],[-157.719974,21.287562],[-157.719597,21.287231],[-157.71927,21.287214],[-157.719128,21.28764],[-157.719076,21.288142],[-157.718413,21.288117],[-157.717169,21.287768],[-157.715813,21.286476],[-157.716209,21.285864],[-157.716279,21.285509],[-157.715231,21.284621],[-157.714819,21.284491],[-157.712192,21.284556],[-157.709705,21.285532],[-157.70871,21.28391],[-157.708784,21.283434],[-157.708962,21.283128],[-157.709406,21.282888],[-157.709824,21.28275],[-157.710329,21.28289],[-157.711281,21.282551],[-157.710627,21.281694],[-157.706488,21.278285],[-157.706213,21.278156],[-157.706075,21.278236],[-157.705225,21.277551],[-157.704994,21.277588],[-157.704573,21.277282],[-157.704819,21.276773],[-157.705254,21.27624],[-157.704753,21.275857],[-157.706564,21.273352],[-157.707753,21.272447],[-157.707831,21.272451],[-157.707773,21.271603],[-157.705525,21.271747],[-157.704812,21.272521],[-157.703469,21.275186],[-157.703666,21.276121],[-157.701811,21.278698],[-157.704226,21.280156],[-157.704356,21.280328],[-157.704317,21.280535],[-157.704133,21.280657],[-157.703912,21.28062],[-157.701482,21.279155],[-157.699497,21.281913],[-157.698168,21.283068],[-157.696023,21.28658],[-157.695846,21.287987],[-157.695176,21.289106],[-157.696167,21.289341],[-157.697204,21.289269],[-157.697415,21.289503],[-157.697353,21.289705],[-157.697157,21.289808],[-157.696155,21.289892],[-157.694857,21.289612],[-157.693619,21.291076],[-157.690588,21.293989],[-157.688645,21.295755],[-157.686806,21.297213],[-157.686034,21.298999],[-157.685923,21.30119],[-157.686221,21.301381],[-157.68626,21.301324],[-157.686669,21.299804],[-157.688042,21.297801],[-157.688311,21.297491],[-157.689033,21.296993],[-157.689509,21.29634],[-157.68978,21.296269],[-157.689967,21.296399],[-157.689963,21.296683],[-157.689464,21.297368],[-157.688895,21.297745],[-157.688517,21.298126],[-157.6872,21.300041],[-157.686976,21.300835],[-157.687259,21.300066],[-157.687733,21.299243],[-157.688341,21.29948],[-157.690597,21.298039],[-157.69078,21.2996],[-157.691345,21.300313],[-157.692351,21.300502],[-157.69285,21.300883],[-157.692951,21.302453]]],[[[-157.707412,21.269724],[-157.706047,21.27118],[-157.707726,21.271053],[-157.707437,21.269552],[-157.707412,21.269724]]],[[[-157.790574,21.260425],[-157.786259,21.262587],[-157.784392,21.26384],[-157.785023,21.264602],[-157.782476,21.266384],[-157.783153,21.267162],[-157.782134,21.268239],[-157.782077,21.268592],[-157.782189,21.268963],[-157.782396,21.269211],[-157.783489,21.269849],[-157.783325,21.2701],[-157.785861,21.271494],[-157.78684,21.272228],[-157.786955,21.272557],[-157.786646,21.273322],[-157.787032,21.274287],[-157.788003,21.274055],[-157.787871,21.273109],[-157.787689,21.272734],[-157.787772,21.27191],[-157.788911,21.270833],[-157.789353,21.270833],[-157.789468,21.269868],[-157.789262,21.269146],[-157.788965,21.26857],[-157.788643,21.268215],[-157.789525,21.267067],[-157.790125,21.266887],[-157.790314,21.26567],[-157.790247,21.264978],[-157.792317,21.262025],[-157.792847,21.260701],[-157.792698,21.259978],[-157.790574,21.260425]]],[[[-157.781423,21.27694],[-157.781179,21.277234],[-157.78116,21.277912],[-157.782224,21.278008],[-157.781817,21.277215],[-157.78152,21.276811],[-157.781423,21.27694]]],[[[-157.780695,21.274444],[-157.780959,21.274904],[-157.781749,21.275647],[-157.781862,21.275927],[-157.781906,21.276366],[-157.782332,21.276949],[-157.782907,21.278069],[-157.783818,21.278151],[-157.783517,21.276977],[-157.782618,21.275362],[-157.783607,21.274864],[-157.784246,21.274326],[-157.785144,21.274658],[-157.785605,21.274628],[-157.786463,21.274423],[-157.786052,21.273258],[-157.786128,21.272931],[-157.786337,21.272531],[-157.785536,21.271953],[-157.783018,21.270569],[-157.781429,21.273168],[-157.7808,21.273305],[-157.780896,21.27376],[-157.780695,21.274444]]],[[[-157.77305,21.278587],[-157.775489,21.278746],[-157.77917,21.278419],[-157.779663,21.278461],[-157.779746,21.277785],[-157.780573,21.277859],[-157.78064,21.277009],[-157.781069,21.276455],[-157.781272,21.276007],[-157.781071,21.275735],[-157.780524,21.275274],[-157.780177,21.274772],[-157.780098,21.274278],[-157.780308,21.273739],[-157.780224,21.27343],[-157.778208,21.273888],[-157.777389,21.273855],[-157.777217,21.273519],[-157.776779,21.273443],[-157.776167,21.273464],[-157.775498,21.273755],[-157.773869,21.275342],[-157.773695,21.276099],[-157.773367,21.276342],[-157.773836,21.277093],[-157.773856,21.277446],[-157.773794,21.277601],[-157.773294,21.278068],[-157.77305,21.278587]]],[[[-157.760938,21.277951],[-157.761103,21.278184],[-157.761113,21.278475],[-157.760977,21.278824],[-157.760639,21.27932],[-157.76085,21.279355],[-157.760943,21.278942],[-157.761433,21.277974],[-157.762566,21.277929],[-157.764267,21.278021],[-157.767166,21.277563],[-157.767378,21.277853],[-157.76821,21.278095],[-157.769725,21.278182],[-157.772445,21.278525],[-157.772813,21.277751],[-157.773285,21.277301],[-157.772729,21.276408],[-157.771376,21.276236],[-157.770903,21.276376],[-157.770683,21.276581],[-157.767461,21.276015],[-157.767343,21.276607],[-157.765813,21.276473],[-157.761793,21.277004],[-157.761477,21.277266],[-157.761441,21.277792],[-157.760851,21.27786],[-157.760938,21.277951]]],[[[-157.754019,21.284751],[-157.755337,21.284198],[-157.755676,21.28385],[-157.757108,21.283278],[-157.757487,21.282842],[-157.757332,21.280754],[-157.759332,21.27951],[-157.760032,21.279357],[-157.760122,21.27902],[-157.760531,21.278387],[-157.760221,21.277945],[-157.759759,21.278008],[-157.759638,21.277461],[-157.755379,21.278531],[-157.755705,21.279828],[-157.755684,21.280146],[-157.754037,21.280539],[-157.752853,21.280981],[-157.752648,21.280836],[-157.752514,21.280556],[-157.752128,21.280612],[-157.754019,21.284751]]],[[[-157.736115,21.284485],[-157.736332,21.284981],[-157.737131,21.2857],[-157.737922,21.286148],[-157.738169,21.286467],[-157.738218,21.286693],[-157.740721,21.286403],[-157.741196,21.286182],[-157.742236,21.285274],[-157.744081,21.280915],[-157.747023,21.280747],[-157.748731,21.283045],[-157.74999,21.283571],[-157.750549,21.284371],[-157.751445,21.28532],[-157.752926,21.285152],[-157.753472,21.284952],[-157.751529,21.280699],[-157.751362,21.280724],[-157.751392,21.280898],[-157.751031,21.281254],[-157.750712,21.281359],[-157.750517,21.281002],[-157.749591,21.281194],[-157.747862,21.281336],[-157.747525,21.279754],[-157.746207,21.280109],[-157.745569,21.280185],[-157.743198,21.280724],[-157.742226,21.282625],[-157.741893,21.282917],[-157.741528,21.283092],[-157.741485,21.283736],[-157.741391,21.283911],[-157.737237,21.284354],[-157.736321,21.284079],[-157.735957,21.284115],[-157.736115,21.284485]]],[[[-157.736319,21.285795],[-157.736185,21.286136],[-157.734899,21.288339],[-157.735397,21.288561],[-157.737113,21.286804],[-157.737634,21.286752],[-157.737519,21.286551],[-157.736805,21.286159],[-157.73633,21.285742],[-157.736319,21.285795]]],[[[-157.721836,21.28953],[-157.722505,21.2907],[-157.722942,21.292045],[-157.723451,21.293181],[-157.724743,21.292972],[-157.724718,21.292547],[-157.72613,21.292467],[-157.726114,21.292196],[-157.726615,21.29058],[-157.727189,21.286009],[-157.731187,21.283472],[-157.732192,21.285128],[-157.732794,21.287398],[-157.734368,21.288101],[-157.735664,21.285881],[-157.735795,21.285425],[-157.735791,21.285196],[-157.735332,21.284175],[-157.735126,21.283424],[-157.732596,21.283634],[-157.731931,21.282824],[-157.730744,21.283066],[-157.729868,21.283698],[-157.729801,21.284235],[-157.728697,21.284204],[-157.726767,21.285206],[-157.726201,21.288514],[-157.725238,21.288759],[-157.725237,21.289192],[-157.723499,21.289174],[-157.723482,21.289055],[-157.721685,21.289175],[-157.721836,21.28953]]],[[[-157.695402,21.301468],[-157.695126,21.302756],[-157.695373,21.30279],[-157.695469,21.301729],[-157.695402,21.301468]]]]},"properties":{}},{"type":"Feature","id":26,"geometry":{"type":"MultiPolygon","coordinates":[[[[-157.674792,21.285604],[-157.673028,21.287273],[-157.670491,21.288466],[-157.670959,21.289644],[-157.66725,21.290882],[-157.661851,21.293674],[-157.661924,21.29501],[-157.662476,21.29688],[-157.663082,21.29661],[-157.665198,21.295902],[-157.666651,21.295526],[-157.669351,21.295402],[-157.66942,21.293928],[-157.669619,21.292689],[-157.671437,21.292222],[-157.671976,21.291736],[-157.673749,21.290921],[-157.674592,21.290817],[-157.675869,21.284988],[-157.674792,21.285604]]],[[[-157.665841,21.296289],[-157.664327,21.296786],[-157.664101,21.297253],[-157.664707,21.298178],[-157.665294,21.298816],[-157.665705,21.299894],[-157.666197,21.300436],[-157.666525,21.301224],[-157.667112,21.301257],[-157.667933,21.296102],[-157.669317,21.296121],[-157.669325,21.295953],[-157.667204,21.296018],[-157.665841,21.296289]]],[[[-157.659528,21.309509],[-157.659656,21.309539],[-157.661556,21.300938],[-157.665907,21.301188],[-157.66569,21.300715],[-157.665214,21.300205],[-157.664783,21.299088],[-157.664201,21.298473],[-157.663564,21.297495],[-157.663515,21.297055],[-157.66265,21.297405],[-157.662614,21.298036],[-157.662352,21.298662],[-157.660923,21.300151],[-157.660107,21.300676],[-157.657079,21.301946],[-157.656715,21.302232],[-157.65651,21.302591],[-157.656479,21.30315],[-157.657179,21.306514],[-157.657273,21.308429],[-157.657353,21.30876],[-157.657632,21.309157],[-157.65804,21.309407],[-157.658835,21.309526],[-157.659528,21.309509]]]]},"properties":{}},{"type":"Feature","id":27,"geometry":{"type":"MultiPolygon","coordinates":[[[[-157.94132,21.353573],[-157.94298,21.353704],[-157.942928,21.353578],[-157.939867,21.353162],[-157.939805,21.352481],[-157.938981,21.352488],[-157.938767,21.353029],[-157.938771,21.353488],[-157.940009,21.353474],[-157.94132,21.353573]]]]},"properties":{}},{"type":"Feature","id":28,"geometry":{"type":"MultiPolygon","coordinates":[[[[-157.893455,21.345499],[-157.893901,21.346642],[-157.894385,21.347217],[-157.894601,21.347592],[-157.895166,21.349484],[-157.895781,21.348018],[-157.894868,21.347027],[-157.895699,21.345417],[-157.896705,21.34582],[-157.897432,21.344088],[-157.899078,21.344862],[-157.900798,21.342664],[-157.901692,21.341386],[-157.901786,21.336888],[-157.902592,21.334369],[-157.902778,21.332975],[-157.904036,21.332996],[-157.912368,21.334213],[-157.912595,21.333104],[-157.912285,21.332879],[-157.909141,21.332311],[-157.90931,21.331451],[-157.910386,21.331571],[-157.913574,21.328364],[-157.917563,21.327908],[-157.929091,21.328056],[-157.931045,21.319754],[-157.933088,21.31981],[-157.932126,21.319256],[-157.929971,21.319208],[-157.929874,21.32211],[-157.929685,21.322359],[-157.929367,21.32229],[-157.929287,21.322093],[-157.929394,21.318942],[-157.929392,21.316326],[-157.929487,21.316126],[-157.930932,21.31488],[-157.927694,21.313999],[-157.924576,21.310092],[-157.919439,21.313502],[-157.904299,21.324207],[-157.900058,21.326878],[-157.900348,21.327188],[-157.899586,21.32777],[-157.901036,21.329467],[-157.900844,21.329861],[-157.899601,21.33083],[-157.897388,21.331293],[-157.896002,21.332319],[-157.895588,21.333559],[-157.894697,21.335128],[-157.894573,21.335999],[-157.894212,21.33605],[-157.894254,21.337435],[-157.89408,21.337796],[-157.894142,21.33988],[-157.894638,21.341672],[-157.894765,21.342748],[-157.89476,21.343536],[-157.894688,21.344012],[-157.894499,21.344456],[-157.894195,21.344894],[-157.893455,21.345499]]],[[[-157.819118,21.285489],[-157.819334,21.285794],[-157.820429,21.284705],[-157.820205,21.284513],[-157.82159,21.283232],[-157.82235,21.282848],[-157.823384,21.28275],[-157.82349,21.282593],[-157.818931,21.278632],[-157.819648,21.277688],[-157.818568,21.276765],[-157.817781,21.277633],[-157.816521,21.276538],[-157.817343,21.275642],[-157.816873,21.275043],[-157.817556,21.274487],[-157.817085,21.274039],[-157.816888,21.27309],[-157.816033,21.270367],[-157.815865,21.268891],[-157.816122,21.267535],[-157.816406,21.266911],[-157.817347,21.265494],[-157.817604,21.264844],[-157.817919,21.264387],[-157.818463,21.26392],[-157.818596,21.263664],[-157.818221,21.261182],[-157.818239,21.260315],[-157.818149,21.259998],[-157.817394,21.258475],[-157.817139,21.258148],[-157.816142,21.257696],[-157.8147,21.256671],[-157.813574,21.25648],[-157.81685,21.259012],[-157.81754,21.260409],[-157.817022,21.260636],[-157.81625,21.26439],[-157.81494,21.266747],[-157.814055,21.268997],[-157.813168,21.269029],[-157.813681,21.271838],[-157.81186,21.272282],[-157.813488,21.277843],[-157.813919,21.278174],[-157.814191,21.281779],[-157.813725,21.284209],[-157.814357,21.284824],[-157.814576,21.284602],[-157.816893,21.284136],[-157.819118,21.285489]]],[[[-157.859845,21.314333],[-157.8602,21.314396],[-157.861099,21.314773],[-157.861999,21.314261],[-157.861741,21.313973],[-157.864043,21.312564],[-157.863846,21.312198],[-157.864231,21.312005],[-157.863983,21.311616],[-157.864313,21.311413],[-157.863573,21.310262],[-157.863654,21.310262],[-157.863385,21.309706],[-157.862227,21.307986],[-157.861419,21.307379],[-157.862128,21.306872],[-157.860857,21.305402],[-157.862071,21.304667],[-157.861207,21.303462],[-157.859833,21.301869],[-157.864682,21.298203],[-157.863648,21.297088],[-157.864932,21.295963],[-157.862359,21.293932],[-157.861361,21.295044],[-157.860545,21.296258],[-157.85969,21.297046],[-157.856735,21.29936],[-157.854905,21.297136],[-157.85376,21.298006],[-157.851249,21.294987],[-157.850657,21.295436],[-157.84959,21.294191],[-157.846822,21.293141],[-157.847286,21.291976],[-157.84369,21.290603],[-157.842937,21.292264],[-157.840889,21.291386],[-157.8405,21.292181],[-157.837208,21.290751],[-157.836571,21.290588],[-157.835382,21.290547],[-157.834968,21.290427],[-157.835325,21.29129],[-157.836185,21.292224],[-157.836365,21.292591],[-157.836714,21.294381],[-157.836892,21.294652],[-157.836998,21.296012],[-157.836837,21.296279],[-157.836612,21.296294],[-157.836412,21.296052],[-157.836313,21.294786],[-157.836151,21.294557],[-157.835794,21.292725],[-157.835416,21.292191],[-157.834842,21.291606],[-157.834468,21.290753],[-157.834289,21.291146],[-157.831988,21.290354],[-157.832335,21.289529],[-157.831949,21.289254],[-157.831448,21.289111],[-157.82907,21.287292],[-157.828799,21.287496],[-157.828556,21.287482],[-157.828401,21.287368],[-157.828297,21.287422],[-157.828127,21.28783],[-157.827186,21.288427],[-157.825866,21.289755],[-157.825457,21.290404],[-157.825247,21.290481],[-157.825041,21.290397],[-157.824983,21.290096],[-157.82542,21.289396],[-157.826771,21.288036],[-157.827704,21.287428],[-157.827834,21.287052],[-157.828376,21.286762],[-157.824511,21.283574],[-157.823025,21.283588],[-157.822393,21.283737],[-157.821715,21.284228],[-157.819669,21.286268],[-157.820876,21.287651],[-157.820146,21.289939],[-157.819448,21.290419],[-157.819294,21.290668],[-157.818629,21.291238],[-157.819346,21.292299],[-157.820408,21.29365],[-157.821343,21.294499],[-157.822008,21.294935],[-157.824188,21.296136],[-157.824356,21.2961],[-157.825188,21.294027],[-157.827205,21.294758],[-157.826852,21.295595],[-157.831135,21.297173],[-157.83147,21.296295],[-157.834161,21.297275],[-157.834518,21.29643],[-157.842752,21.29937],[-157.8424,21.30023],[-157.845414,21.301329],[-157.845726,21.300561],[-157.848769,21.301637],[-157.850137,21.302049],[-157.852597,21.302996],[-157.852134,21.303762],[-157.853577,21.304183],[-157.855032,21.30573],[-157.856966,21.30442],[-157.859287,21.305799],[-157.859453,21.307631],[-157.85866,21.308148],[-157.858773,21.308297],[-157.861177,21.309879],[-157.862095,21.309194],[-157.863628,21.311826],[-157.861152,21.313325],[-157.860106,21.312162],[-157.859442,21.31268],[-157.858093,21.314124],[-157.859102,21.314389],[-157.859845,21.314333]]],[[[-157.858713,21.315849],[-157.857251,21.31746],[-157.857589,21.317974],[-157.859303,21.316674],[-157.859971,21.315605],[-157.860561,21.31513],[-157.859861,21.314885],[-157.859451,21.314964],[-157.858962,21.314925],[-157.857739,21.314573],[-157.858713,21.315849]]],[[[-157.867645,21.319905],[-157.868415,21.321882],[-157.867526,21.32235],[-157.867476,21.323631],[-157.867039,21.323848],[-157.866803,21.323878],[-157.866031,21.324282],[-157.865717,21.324859],[-157.863962,21.325545],[-157.864127,21.326287],[-157.865673,21.328302],[-157.865865,21.329103],[-157.865741,21.329915],[-157.866048,21.330154],[-157.866351,21.328678],[-157.867437,21.326141],[-157.867747,21.325618],[-157.868017,21.32533],[-157.873021,21.322015],[-157.872449,21.32168],[-157.873335,21.320431],[-157.871757,21.319374],[-157.873097,21.318192],[-157.873216,21.317963],[-157.87251,21.31689],[-157.87161,21.315152],[-157.873429,21.314579],[-157.873642,21.314324],[-157.873143,21.314042],[-157.870753,21.313643],[-157.868409,21.314338],[-157.866074,21.315429],[-157.866037,21.315659],[-157.866422,21.315809],[-157.867503,21.317327],[-157.866788,21.317793],[-157.866242,21.317661],[-157.865244,21.317704],[-157.864634,21.31616],[-157.864003,21.316274],[-157.862968,21.315349],[-157.86238,21.314689],[-157.860677,21.315727],[-157.860416,21.315967],[-157.859747,21.317036],[-157.857918,21.318434],[-157.858124,21.318687],[-157.859972,21.317244],[-157.863659,21.318137],[-157.864244,21.319683],[-157.864965,21.320253],[-157.866467,21.319414],[-157.867645,21.319905]]],[[[-157.883694,21.332814],[-157.884951,21.333975],[-157.885501,21.334272],[-157.885853,21.334088],[-157.886633,21.333211],[-157.887242,21.33294],[-157.887813,21.332814],[-157.888148,21.332839],[-157.88897,21.332514],[-157.8893,21.332108],[-157.888823,21.331768],[-157.888421,21.330754],[-157.888893,21.330336],[-157.888711,21.32967],[-157.889883,21.32872],[-157.890496,21.327729],[-157.890018,21.327455],[-157.890257,21.32639],[-157.891087,21.325165],[-157.892048,21.324225],[-157.892135,21.323816],[-157.891917,21.323489],[-157.891219,21.323162],[-157.891656,21.322549],[-157.891657,21.321813],[-157.891352,21.321037],[-157.889112,21.31676],[-157.887671,21.317488],[-157.885121,21.317343],[-157.884918,21.319636],[-157.88365,21.319407],[-157.882802,21.320732],[-157.880446,21.320867],[-157.87959,21.320399],[-157.878797,21.321012],[-157.878345,21.320705],[-157.876978,21.322083],[-157.87565,21.321893],[-157.874944,21.322289],[-157.87431,21.321991],[-157.873557,21.32233],[-157.86839,21.325756],[-157.867981,21.32635],[-157.867431,21.327757],[-157.867286,21.327912],[-157.86691,21.328849],[-157.866814,21.329323],[-157.867987,21.329016],[-157.869702,21.326389],[-157.870092,21.326785],[-157.871145,21.328207],[-157.871406,21.328426],[-157.873442,21.32749],[-157.877153,21.323756],[-157.879412,21.32418],[-157.88094,21.325444],[-157.881884,21.324497],[-157.882062,21.324531],[-157.885021,21.326699],[-157.885854,21.327451],[-157.886431,21.328206],[-157.885825,21.328473],[-157.885213,21.329014],[-157.885473,21.329303],[-157.88441,21.330907],[-157.883964,21.331451],[-157.883323,21.331979],[-157.88301,21.332127],[-157.882469,21.332103],[-157.881891,21.332297],[-157.88214,21.332607],[-157.883071,21.332596],[-157.883694,21.332814]]],[[[-157.965542,21.346003],[-157.96627,21.345377],[-157.966164,21.345218],[-157.966222,21.344976],[-157.966357,21.345196],[-157.96648,21.345036],[-157.965437,21.343561],[-157.965166,21.343479],[-157.964958,21.342499],[-157.964902,21.341332],[-157.9652,21.340891],[-157.966055,21.340053],[-157.968081,21.338222],[-157.968285,21.337853],[-157.96841,21.336449],[-157.968592,21.336261],[-157.968541,21.333927],[-157.968612,21.331494],[-157.967465,21.331446],[-157.967057,21.330991],[-157.966419,21.330633],[-157.965919,21.330598],[-157.965744,21.330761],[-157.963027,21.328233],[-157.962646,21.327953],[-157.962417,21.3276],[-157.962002,21.327332],[-157.961268,21.326641],[-157.957239,21.325636],[-157.954613,21.322864],[-157.955225,21.322266],[-157.956051,21.320127],[-157.950781,21.318496],[-157.950125,21.31966],[-157.949947,21.319649],[-157.949571,21.322047],[-157.949027,21.323556],[-157.950322,21.32377],[-157.954832,21.323629],[-157.957218,21.326157],[-157.957415,21.327037],[-157.957362,21.327244],[-157.957168,21.327354],[-157.955305,21.327613],[-157.95501,21.327482],[-157.954977,21.327274],[-157.955111,21.327104],[-157.956787,21.32685],[-157.956719,21.32646],[-157.954586,21.324162],[-157.950313,21.324322],[-157.94874,21.324068],[-157.948143,21.326058],[-157.948831,21.327174],[-157.949823,21.327013],[-157.950203,21.32674],[-157.951208,21.326553],[-157.951751,21.326708],[-157.95503,21.326177],[-157.955249,21.326223],[-157.955369,21.326401],[-157.95532,21.326607],[-157.95513,21.326719],[-157.951762,21.327265],[-157.951261,21.327104],[-157.950413,21.327262],[-157.950008,21.327536],[-157.949108,21.327688],[-157.949372,21.3283],[-157.949272,21.328489],[-157.94904,21.328555],[-157.948824,21.32842],[-157.947781,21.326571],[-157.94664,21.327564],[-157.946415,21.327559],[-157.94624,21.327301],[-157.946331,21.327108],[-157.947557,21.325978],[-157.948058,21.324306],[-157.94668,21.32497],[-157.946465,21.324909],[-157.946371,21.324616],[-157.946513,21.324454],[-157.948426,21.323501],[-157.948993,21.321942],[-157.949359,21.319611],[-157.937484,21.318763],[-157.935028,21.315994],[-157.931591,21.315059],[-157.929978,21.31645],[-157.929977,21.318658],[-157.932302,21.318728],[-157.933138,21.319154],[-157.934096,21.319838],[-157.942329,21.320063],[-157.941407,21.327375],[-157.941018,21.33376],[-157.944143,21.335423],[-157.944786,21.336092],[-157.944816,21.337507],[-157.947499,21.337517],[-157.948183,21.337307],[-157.948558,21.33652],[-157.949936,21.337324],[-157.950217,21.337038],[-157.95058,21.336139],[-157.951323,21.335485],[-157.95299,21.335406],[-157.954188,21.336504],[-157.954478,21.33664],[-157.95557,21.335655],[-157.956131,21.335942],[-157.956815,21.33534],[-157.95737,21.335785],[-157.958282,21.334928],[-157.960214,21.334303],[-157.961443,21.335402],[-157.962577,21.334333],[-157.963717,21.333747],[-157.966282,21.336182],[-157.965645,21.337447],[-157.965,21.338218],[-157.965283,21.338298],[-157.965224,21.338463],[-157.965397,21.338752],[-157.965464,21.339108],[-157.964056,21.340571],[-157.963583,21.341497],[-157.963773,21.341997],[-157.963642,21.342695],[-157.963198,21.343933],[-157.965542,21.346003]]],[[[-157.891411,21.346312],[-157.891556,21.346434],[-157.892249,21.345169],[-157.892987,21.344771],[-157.893176,21.344782],[-157.893318,21.3449],[-157.893762,21.344519],[-157.894111,21.343901],[-157.894174,21.34349],[-157.894179,21.342792],[-157.894059,21.341766],[-157.893555,21.339914],[-157.89349,21.337791],[-157.893663,21.337339],[-157.893627,21.336132],[-157.893063,21.336211],[-157.892981,21.335591],[-157.892692,21.334816],[-157.892341,21.334157],[-157.890232,21.33371],[-157.88888,21.333188],[-157.888368,21.333426],[-157.887899,21.333359],[-157.886931,21.33369],[-157.886225,21.334516],[-157.88589,21.334731],[-157.885478,21.334834],[-157.884841,21.334598],[-157.883362,21.33327],[-157.882992,21.333143],[-157.882558,21.333125],[-157.883775,21.334765],[-157.88562,21.33517],[-157.886615,21.334575],[-157.88744,21.336005],[-157.887883,21.335995],[-157.888118,21.337008],[-157.888134,21.337382],[-157.887773,21.33783],[-157.884774,21.339872],[-157.885459,21.341719],[-157.885293,21.341925],[-157.886781,21.341414],[-157.887861,21.341399],[-157.888523,21.34124],[-157.889175,21.340965],[-157.88964,21.339822],[-157.890625,21.338732],[-157.891423,21.337327],[-157.892047,21.33691],[-157.893068,21.336397],[-157.893334,21.336405],[-157.893493,21.336548],[-157.893501,21.336754],[-157.893355,21.336907],[-157.892341,21.337387],[-157.891839,21.337717],[-157.891125,21.339022],[-157.890147,21.340101],[-157.889812,21.341053],[-157.889547,21.341394],[-157.888717,21.34176],[-157.887974,21.34194],[-157.886931,21.341948],[-157.885537,21.342428],[-157.885298,21.342633],[-157.885512,21.342752],[-157.887494,21.342431],[-157.890643,21.343246],[-157.891268,21.343501],[-157.892365,21.34434],[-157.891411,21.346312]]],[[[-157.892633,21.345596],[-157.892167,21.346475],[-157.892045,21.346848],[-157.894165,21.348639],[-157.894266,21.348387],[-157.894052,21.347791],[-157.893369,21.346879],[-157.893037,21.345925],[-157.892792,21.345507],[-157.892633,21.345596]]]]},"properties":{}},{"type":"Feature","id":29,"geometry":{"type":"MultiPolygon","coordinates":[[[[-157.941679,21.360357],[-157.942157,21.360547],[-157.944153,21.357872],[-157.945928,21.356404],[-157.946879,21.355738],[-157.94665,21.35546],[-157.946429,21.355435],[-157.945844,21.355938],[-157.945952,21.356062],[-157.945706,21.35627],[-157.945497,21.356037],[-157.943873,21.357625],[-157.942799,21.358877],[-157.942605,21.358719],[-157.941704,21.359759],[-157.940503,21.358762],[-157.940098,21.359099],[-157.940699,21.359639],[-157.941679,21.360357]]]]},"properties":{}},{"type":"Feature","id":30,"geometry":{"type":"MultiPolygon","coordinates":[[[[-157.965099,21.390066],[-157.96581,21.389962],[-157.96584,21.389714],[-157.966072,21.389591],[-157.9663,21.389678],[-157.966418,21.389874],[-157.966823,21.389815],[-157.970051,21.389838],[-157.969617,21.388125],[-157.970663,21.387898],[-157.971085,21.385341],[-157.970894,21.38251],[-157.969831,21.381416],[-157.969758,21.38254],[-157.970447,21.382994],[-157.970446,21.384189],[-157.970548,21.384906],[-157.970426,21.385693],[-157.970097,21.385755],[-157.969582,21.385643],[-157.969091,21.386461],[-157.969244,21.387154],[-157.968032,21.387596],[-157.967534,21.387369],[-157.96696,21.387214],[-157.96622,21.387142],[-157.966056,21.386822],[-157.965465,21.387191],[-157.964868,21.38718],[-157.964307,21.387392],[-157.963674,21.387437],[-157.962832,21.38789],[-157.962115,21.387593],[-157.961483,21.38785],[-157.961459,21.38823],[-157.958897,21.387346],[-157.958301,21.386904],[-157.957429,21.385842],[-157.95697,21.385428],[-157.956134,21.384941],[-157.955221,21.384667],[-157.954647,21.384577],[-157.953848,21.384594],[-157.953672,21.38503],[-157.952776,21.386259],[-157.952751,21.386343],[-157.953171,21.386543],[-157.953435,21.386761],[-157.954401,21.387211],[-157.955241,21.385505],[-157.956675,21.386145],[-157.958175,21.387754],[-157.959946,21.388125],[-157.960813,21.388212],[-157.965099,21.390066]]],[[[-157.941207,21.380321],[-157.941878,21.380543],[-157.943265,21.379987],[-157.942431,21.379841],[-157.942251,21.379174],[-157.942047,21.378875],[-157.942022,21.378206],[-157.942124,21.37768],[-157.942341,21.37725],[-157.942584,21.377071],[-157.942648,21.37682],[-157.942648,21.376485],[-157.94252,21.37633],[-157.942193,21.376177],[-157.942561,21.376515],[-157.942586,21.376781],[-157.9425,21.377077],[-157.942153,21.377397],[-157.941017,21.377227],[-157.940493,21.377675],[-157.940299,21.378932],[-157.939538,21.380404],[-157.939733,21.380499],[-157.940026,21.380515],[-157.940511,21.380388],[-157.941207,21.380321]]],[[[-157.942014,21.381539],[-157.942932,21.38195],[-157.943467,21.380914],[-157.9438,21.380543],[-157.944177,21.380312],[-157.943934,21.380175],[-157.943528,21.380482],[-157.941925,21.381099],[-157.941226,21.380878],[-157.940632,21.380936],[-157.942014,21.381539]]],[[[-157.948848,21.384663],[-157.952186,21.38619],[-157.952419,21.385717],[-157.953232,21.384637],[-157.952976,21.384655],[-157.952922,21.384219],[-157.95226,21.383246],[-157.9514,21.383156],[-157.950033,21.382552],[-157.94992,21.382803],[-157.949209,21.38273],[-157.948893,21.382786],[-157.948308,21.382758],[-157.947347,21.382305],[-157.946994,21.382271],[-157.946034,21.381391],[-157.945198,21.380828],[-157.944365,21.380843],[-157.943945,21.381235],[-157.943459,21.382194],[-157.948848,21.384663]]]]},"properties":{}},{"type":"Feature","id":31,"geometry":{"type":"MultiPolygon","coordinates":[[[[-157.753856,21.393414],[-157.753326,21.393936],[-157.751977,21.395757],[-157.75147,21.39608],[-157.754517,21.399776],[-157.755625,21.401229],[-157.756432,21.403047],[-157.756382,21.403253],[-157.756191,21.403364],[-157.755972,21.403317],[-157.755802,21.403103],[-157.756082,21.404041],[-157.756164,21.405117],[-157.756445,21.404961],[-157.756684,21.404999],[-157.756826,21.405145],[-157.756927,21.405474],[-157.757358,21.405474],[-157.757566,21.405615],[-157.757699,21.405807],[-157.757721,21.406117],[-157.757597,21.406331],[-157.756077,21.407546],[-157.749624,21.415741],[-157.74754,21.420607],[-157.746953,21.421769],[-157.747382,21.422047],[-157.74479,21.425356],[-157.744377,21.425735],[-157.743264,21.430975],[-157.739959,21.438234],[-157.73966,21.439091],[-157.739699,21.439513],[-157.740125,21.440201],[-157.741116,21.440591],[-157.740738,21.441736],[-157.741286,21.441885],[-157.740118,21.444778],[-157.740072,21.445253],[-157.739439,21.445257],[-157.738602,21.445915],[-157.738092,21.445928],[-157.737618,21.446036],[-157.737348,21.446281],[-157.737348,21.446425],[-157.736948,21.446424],[-157.735168,21.447199],[-157.737368,21.448165],[-157.73743,21.44947],[-157.737341,21.45024],[-157.737427,21.452179],[-157.737721,21.453112],[-157.737868,21.453937],[-157.737691,21.454256],[-157.735368,21.455356],[-157.729829,21.459147],[-157.727651,21.458125],[-157.723045,21.458615],[-157.723591,21.455939],[-157.725348,21.455074],[-157.725262,21.45473],[-157.725293,21.454557],[-157.725126,21.454976],[-157.723107,21.455728],[-157.722784,21.45603],[-157.722755,21.45671],[-157.722351,21.457137],[-157.722134,21.458094],[-157.722428,21.4589],[-157.722751,21.459203],[-157.723073,21.459329],[-157.724311,21.458928],[-157.7284,21.459136],[-157.729179,21.459717],[-157.729394,21.46007],[-157.729716,21.460095],[-157.731251,21.459468],[-157.733243,21.45854],[-157.736665,21.455523],[-157.737049,21.45543],[-157.73806,21.455493],[-157.739039,21.455403],[-157.739213,21.455321],[-157.739366,21.455026],[-157.739421,21.454243],[-157.739542,21.453877],[-157.739727,21.453704],[-157.740238,21.453755],[-157.74262,21.452935],[-157.74286,21.45264],[-157.744429,21.452916],[-157.746701,21.453063],[-157.749074,21.453545],[-157.75017,21.454144],[-157.75109,21.454097],[-157.759405,21.457479],[-157.761523,21.458509],[-157.763741,21.459898],[-157.764582,21.460616],[-157.765684,21.458252],[-157.766672,21.457123],[-157.76518,21.454022],[-157.764466,21.453328],[-157.777193,21.44387],[-157.776785,21.443431],[-157.774367,21.443197],[-157.772632,21.442932],[-157.771739,21.44262],[-157.76901,21.441326],[-157.765031,21.439576],[-157.764598,21.439318],[-157.764646,21.439022],[-157.764155,21.438477],[-157.763717,21.438987],[-157.762589,21.441085],[-157.758208,21.436819],[-157.758081,21.436508],[-157.757317,21.435694],[-157.757292,21.435336],[-157.757599,21.434595],[-157.758342,21.434098],[-157.759464,21.433523],[-157.76018,21.432926],[-157.760598,21.431696],[-157.760542,21.430298],[-157.761081,21.428268],[-157.761821,21.428364],[-157.762433,21.428533],[-157.763352,21.428199],[-157.764119,21.427507],[-157.76435,21.426719],[-157.764275,21.426062],[-157.764658,21.425728],[-157.764888,21.425659],[-157.764927,21.425429],[-157.765124,21.425305],[-157.765238,21.425102],[-157.765298,21.424393],[-157.76522,21.423785],[-157.765132,21.423624],[-157.764502,21.423618],[-157.764381,21.42248],[-157.764273,21.422167],[-157.764028,21.421964],[-157.763912,21.421602],[-157.763935,21.42141],[-157.764675,21.420582],[-157.764788,21.42031],[-157.764708,21.419856],[-157.76474,21.419484],[-157.764994,21.419471],[-157.765156,21.418974],[-157.765923,21.41894],[-157.76652,21.418808],[-157.76638,21.418112],[-157.766187,21.417925],[-157.76587,21.417816],[-157.766039,21.416382],[-157.766192,21.415908],[-157.766928,21.415462],[-157.767175,21.415589],[-157.767724,21.416184],[-157.767976,21.41614],[-157.768322,21.415956],[-157.768736,21.415454],[-157.768968,21.414692],[-157.768884,21.414235],[-157.769025,21.414103],[-157.769794,21.414094],[-157.770876,21.414395],[-157.771096,21.414562],[-157.771374,21.414588],[-157.771563,21.414374],[-157.77167,21.414006],[-157.771734,21.413579],[-157.771645,21.412967],[-157.771794,21.412821],[-157.772145,21.412701],[-157.772437,21.412307],[-157.772819,21.412317],[-157.773032,21.412397],[-157.773138,21.412556],[-157.773986,21.412995],[-157.774443,21.412986],[-157.775751,21.41258],[-157.776494,21.411795],[-157.77711,21.411905],[-157.778671,21.411619],[-157.779193,21.41168],[-157.779496,21.411318],[-157.780687,21.410854],[-157.780736,21.410628],[-157.781012,21.410418],[-157.783469,21.409022],[-157.784644,21.408379],[-157.786093,21.407803],[-157.78706,21.407533],[-157.787981,21.407513],[-157.788961,21.407535],[-157.789711,21.407818],[-157.79071,21.407734],[-157.790876,21.407636],[-157.790885,21.407529],[-157.790452,21.406361],[-157.790128,21.405819],[-157.788922,21.405782],[-157.786224,21.405917],[-157.784595,21.406826],[-157.783004,21.406983],[-157.782108,21.406435],[-157.781799,21.406759],[-157.781003,21.407994],[-157.780515,21.408504],[-157.778246,21.410427],[-157.777693,21.410668],[-157.775809,21.410905],[-157.774552,21.410997],[-157.773787,21.410971],[-157.773481,21.4109],[-157.771747,21.410167],[-157.771329,21.410104],[-157.770356,21.411664],[-157.771244,21.413545],[-157.77113,21.413697],[-157.770794,21.413914],[-157.770541,21.413967],[-157.769553,21.41383],[-157.76911,21.413481],[-157.767412,21.413898],[-157.766293,21.414354],[-157.76595,21.41479],[-157.765347,21.415315],[-157.764075,21.416233],[-157.764476,21.41798],[-157.76444,21.418399],[-157.76418,21.419353],[-157.763501,21.421048],[-157.76338,21.421603],[-157.763274,21.425122],[-157.763067,21.425725],[-157.76278,21.426187],[-157.762203,21.426726],[-157.761736,21.426984],[-157.760355,21.427502],[-157.759358,21.427744],[-157.75768,21.427786],[-157.756104,21.427728],[-157.755588,21.427669],[-157.754684,21.427411],[-157.753756,21.426899],[-157.750008,21.423664],[-157.750657,21.422988],[-157.749922,21.422348],[-157.749379,21.421658],[-157.749354,21.421451],[-157.749445,21.421203],[-157.752615,21.414137],[-157.756468,21.409172],[-157.755986,21.408705],[-157.756236,21.408372],[-157.757569,21.407372],[-157.758624,21.407143],[-157.75858,21.407002],[-157.759646,21.406508],[-157.761874,21.406005],[-157.765374,21.406495],[-157.765959,21.406659],[-157.766824,21.405461],[-157.768324,21.403063],[-157.767971,21.401284],[-157.767099,21.401793],[-157.765782,21.402058],[-157.765403,21.402045],[-157.764804,21.401742],[-157.76419,21.401649],[-157.764012,21.401428],[-157.763822,21.401512],[-157.763787,21.401698],[-157.763623,21.401822],[-157.763092,21.401967],[-157.762874,21.401953],[-157.762666,21.401837],[-157.762209,21.401131],[-157.761877,21.400085],[-157.76156,21.399512],[-157.761479,21.399073],[-157.761194,21.39857],[-157.761004,21.398375],[-157.759647,21.394957],[-157.759435,21.394549],[-157.759221,21.394511],[-157.758721,21.394205],[-157.758709,21.39389],[-157.75819,21.393885],[-157.757822,21.394009],[-157.757117,21.393967],[-157.756518,21.393831],[-157.756296,21.393677],[-157.755769,21.393745],[-157.75461,21.393591],[-157.753856,21.393414]],[[-157.755592,21.444669],[-157.756789,21.444699],[-157.757525,21.444811],[-157.75821,21.445042],[-157.759211,21.445618],[-157.759753,21.446127],[-157.760179,21.446736],[-157.761335,21.44914],[-157.760802,21.449502],[-157.76019,21.450221],[-157.759629,21.453219],[-157.757,21.455163],[-157.756093,21.455614],[-157.755625,21.455317],[-157.75463,21.45487],[-157.754218,21.454556],[-157.753779,21.453729],[-157.753621,21.453123],[-157.75359,21.452079],[-157.753494,21.45162],[-157.753109,21.451017],[-157.7524,21.450999],[-157.75255,21.449694],[-157.752349,21.449684],[-157.753571,21.446088],[-157.754454,21.445222],[-157.755451,21.445216],[-157.755585,21.44502],[-157.755592,21.444669]],[[-157.755824,21.434468],[-157.756078,21.434606],[-157.756078,21.434881],[-157.755649,21.435101],[-157.753641,21.438046],[-157.753432,21.439843],[-157.753112,21.440658],[-157.752705,21.441181],[-157.751894,21.441983],[-157.7513,21.442897],[-157.750304,21.446019],[-157.747687,21.447894],[-157.74736,21.447912],[-157.747218,21.447637],[-157.747332,21.447455],[-157.749807,21.445699],[-157.750762,21.442674],[-157.751423,21.441653],[-157.752262,21.440818],[-157.752694,21.44018],[-157.752853,21.439741],[-157.753033,21.438028],[-157.753114,21.437794],[-157.755186,21.434758],[-157.755377,21.434598],[-157.755824,21.434468]]],[[[-157.73663,21.388513],[-157.736082,21.388518],[-157.734824,21.388727],[-157.729874,21.389117],[-157.729436,21.389289],[-157.729181,21.389202],[-157.729626,21.389894],[-157.72978,21.390411],[-157.729753,21.390738],[-157.729217,21.39134],[-157.729534,21.391465],[-157.729959,21.39219],[-157.730087,21.392597],[-157.73013,21.393236],[-157.729907,21.393983],[-157.729697,21.394412],[-157.729149,21.395118],[-157.728564,21.395565],[-157.728926,21.395871],[-157.728428,21.396217],[-157.729664,21.39702],[-157.730611,21.396921],[-157.730774,21.397058],[-157.73153,21.397301],[-157.731754,21.396899],[-157.736537,21.398806],[-157.737584,21.399644],[-157.738367,21.400594],[-157.740614,21.399474],[-157.746969,21.410218],[-157.747949,21.411438],[-157.748369,21.411821],[-157.747245,21.412405],[-157.747575,21.41372],[-157.748034,21.4139],[-157.748977,21.414594],[-157.748031,21.415752],[-157.747712,21.415918],[-157.746752,21.416216],[-157.747446,21.418581],[-157.749082,21.415053],[-157.755514,21.406868],[-157.755481,21.406589],[-157.755602,21.406297],[-157.75561,21.405788],[-157.755235,21.40391],[-157.754689,21.402304],[-157.754406,21.401611],[-157.754095,21.401141],[-157.753537,21.400593],[-157.753003,21.399873],[-157.748635,21.394773],[-157.748447,21.394437],[-157.748326,21.393799],[-157.747031,21.394302],[-157.746627,21.394303],[-157.746258,21.39418],[-157.745513,21.393721],[-157.74499,21.393092],[-157.742779,21.391174],[-157.741108,21.390515],[-157.739934,21.389452],[-157.738031,21.388808],[-157.73663,21.388513]]],[[[-157.728474,21.35055],[-157.727813,21.351299],[-157.72604,21.35215],[-157.725914,21.352437],[-157.725763,21.35258],[-157.725432,21.352701],[-157.724904,21.352757],[-157.723001,21.35372],[-157.722996,21.355227],[-157.722881,21.356206],[-157.72231,21.357201],[-157.722532,21.357255],[-157.722649,21.357372],[-157.722673,21.357548],[-157.722578,21.357701],[-157.722385,21.357769],[-157.72185,21.357712],[-157.720192,21.357908],[-157.719539,21.358478],[-157.716541,21.361562],[-157.716379,21.361642],[-157.715656,21.361732],[-157.713965,21.362635],[-157.713978,21.363676],[-157.712106,21.365924],[-157.712311,21.366704],[-157.712178,21.367046],[-157.710382,21.370214],[-157.708514,21.373738],[-157.707314,21.375551],[-157.707328,21.376279],[-157.706932,21.377155],[-157.707271,21.377665],[-157.707394,21.378491],[-157.706662,21.379415],[-157.706469,21.379559],[-157.70653,21.380012],[-157.708503,21.380478],[-157.708975,21.380687],[-157.710068,21.381616],[-157.71054,21.382131],[-157.711345,21.381674],[-157.711587,21.382079],[-157.711868,21.381774],[-157.712644,21.381533],[-157.712599,21.380492],[-157.716829,21.376603],[-157.719257,21.37249],[-157.719369,21.368845],[-157.723775,21.365865],[-157.729271,21.359362],[-157.729651,21.351374],[-157.728474,21.35055]]],[[[-157.818669,21.425212],[-157.813864,21.428074],[-157.814718,21.428473],[-157.816544,21.429731],[-157.816814,21.429967],[-157.817333,21.430752],[-157.81784,21.431903],[-157.817889,21.43232],[-157.817831,21.433445],[-157.817729,21.433708],[-157.817439,21.434095],[-157.817303,21.434493],[-157.816656,21.435044],[-157.814726,21.436084],[-157.813024,21.437217],[-157.811764,21.437712],[-157.810905,21.437747],[-157.810533,21.43863],[-157.809645,21.439749],[-157.809098,21.439754],[-157.808592,21.439863],[-157.808745,21.440601],[-157.808603,21.441435],[-157.808391,21.441569],[-157.807568,21.441645],[-157.807286,21.442063],[-157.80728,21.442397],[-157.807485,21.442922],[-157.807826,21.442988],[-157.808485,21.442948],[-157.808791,21.443022],[-157.80878,21.442733],[-157.808885,21.442553],[-157.809127,21.442649],[-157.809121,21.442311],[-157.809321,21.442077],[-157.809885,21.441928],[-157.810097,21.441956],[-157.811062,21.442257],[-157.81215,21.443452],[-157.812791,21.444332],[-157.813727,21.446779],[-157.814205,21.446936],[-157.814691,21.447474],[-157.81469,21.447847],[-157.814283,21.448168],[-157.814585,21.448915],[-157.814639,21.450423],[-157.81475,21.451304],[-157.815024,21.452176],[-157.81552,21.453186],[-157.815639,21.453969],[-157.816356,21.454552],[-157.816731,21.454508],[-157.817553,21.454173],[-157.818464,21.4536],[-157.819748,21.452656],[-157.820718,21.452427],[-157.821901,21.452429],[-157.822479,21.452111],[-157.823327,21.451832],[-157.823657,21.451881],[-157.824244,21.452226],[-157.824549,21.452498],[-157.825748,21.453028],[-157.826123,21.453519],[-157.825833,21.453945],[-157.82634,21.45445],[-157.82715,21.456022],[-157.827321,21.456149],[-157.827663,21.456301],[-157.830681,21.456738],[-157.831269,21.457039],[-157.831668,21.457384],[-157.831894,21.458023],[-157.832161,21.458229],[-157.832356,21.458588],[-157.832489,21.459241],[-157.832896,21.459807],[-157.832733,21.460442],[-157.832774,21.461192],[-157.832676,21.461349],[-157.83276,21.461779],[-157.83255,21.461883],[-157.83269,21.462085],[-157.833059,21.462151],[-157.833602,21.461786],[-157.833582,21.461317],[-157.83375,21.460567],[-157.833667,21.460046],[-157.833472,21.459821],[-157.833472,21.459633],[-157.833802,21.459025],[-157.833908,21.458251],[-157.834092,21.458086],[-157.83499,21.457546],[-157.835308,21.457518],[-157.836772,21.45776],[-157.836762,21.457698],[-157.838243,21.457676],[-157.838535,21.457388],[-157.838335,21.457223],[-157.837782,21.457033],[-157.83752,21.456864],[-157.837425,21.456444],[-157.836998,21.455857],[-157.83686,21.455453],[-157.836354,21.45499],[-157.835911,21.454441],[-157.834255,21.451833],[-157.834124,21.451471],[-157.834073,21.451009],[-157.834175,21.45048],[-157.834622,21.449395],[-157.834661,21.449104],[-157.834555,21.448537],[-157.834234,21.448149],[-157.834066,21.448281],[-157.833492,21.449077],[-157.83306,21.449458],[-157.833226,21.451051],[-157.834697,21.454372],[-157.835898,21.456001],[-157.836372,21.456338],[-157.836338,21.456534],[-157.83608,21.456705],[-157.835655,21.45681],[-157.833613,21.456759],[-157.833383,21.45695],[-157.833058,21.457733],[-157.83284,21.457721],[-157.832534,21.457219],[-157.831272,21.45616],[-157.830781,21.455969],[-157.829364,21.455752],[-157.828078,21.455708],[-157.827737,21.455517],[-157.827282,21.45512],[-157.827468,21.45494],[-157.827113,21.454477],[-157.82726,21.454298],[-157.826763,21.453784],[-157.82739,21.453236],[-157.826194,21.452052],[-157.825735,21.452003],[-157.824148,21.451126],[-157.823588,21.451007],[-157.823589,21.450429],[-157.822901,21.450354],[-157.8217,21.450517],[-157.821432,21.450838],[-157.821511,21.451328],[-157.820498,21.451507],[-157.818563,21.452019],[-157.818349,21.452003],[-157.818141,21.450371],[-157.819574,21.4476],[-157.822756,21.444895],[-157.821135,21.443443],[-157.820832,21.440396],[-157.821564,21.437206],[-157.82345,21.432785],[-157.818669,21.425212]]],[[[-157.737187,21.371104],[-157.737126,21.371261],[-157.737546,21.372099],[-157.738352,21.37417],[-157.738277,21.374606],[-157.738994,21.375434],[-157.738987,21.376522],[-157.738718,21.376967],[-157.738367,21.377205],[-157.738098,21.377828],[-157.73808,21.377977],[-157.738444,21.379099],[-157.738356,21.38027],[-157.738235,21.380707],[-157.737863,21.381438],[-157.737276,21.382075],[-157.736911,21.382285],[-157.73649,21.382366],[-157.735636,21.382217],[-157.735251,21.381852],[-157.735057,21.381461],[-157.734995,21.381006],[-157.735201,21.380334],[-157.735492,21.379738],[-157.735557,21.379385],[-157.735328,21.379591],[-157.735057,21.379663],[-157.734517,21.379671],[-157.734104,21.379573],[-157.732748,21.378469],[-157.732612,21.378254],[-157.732573,21.377953],[-157.732333,21.377939],[-157.732124,21.37806],[-157.73246,21.378439],[-157.732548,21.378814],[-157.732509,21.379162],[-157.732286,21.379541],[-157.731735,21.379961],[-157.730803,21.381326],[-157.730442,21.381677],[-157.730033,21.38194],[-157.728763,21.382251],[-157.728426,21.382488],[-157.728254,21.382788],[-157.72774,21.384529],[-157.727721,21.385311],[-157.727963,21.387173],[-157.728095,21.387575],[-157.728885,21.38877],[-157.72931,21.388532],[-157.729948,21.388395],[-157.734835,21.388019],[-157.736161,21.387836],[-157.73693,21.38788],[-157.738525,21.388117],[-157.740224,21.38883],[-157.741522,21.389941],[-157.742313,21.390226],[-157.743267,21.3907],[-157.744267,21.391446],[-157.745424,21.392496],[-157.74574,21.392979],[-157.746057,21.393271],[-157.746364,21.393519],[-157.746779,21.393603],[-157.748258,21.393115],[-157.748748,21.393203],[-157.748969,21.393411],[-157.749139,21.391821],[-157.748087,21.390871],[-157.748004,21.390719],[-157.748018,21.390507],[-157.74841,21.389797],[-157.748512,21.389691],[-157.748735,21.389654],[-157.748919,21.389774],[-157.748958,21.38998],[-157.748628,21.390597],[-157.749461,21.391303],[-157.749717,21.391696],[-157.749746,21.392027],[-157.749559,21.393852],[-157.751089,21.395654],[-157.751529,21.395396],[-157.752846,21.393617],[-157.753682,21.392829],[-157.755823,21.393196],[-157.756424,21.393091],[-157.756775,21.393328],[-157.757184,21.39342],[-157.757736,21.393457],[-157.757937,21.393386],[-157.757089,21.392933],[-157.756637,21.39231],[-157.756266,21.392295],[-157.755812,21.392052],[-157.755688,21.391748],[-157.75426,21.392813],[-157.754037,21.392788],[-157.753889,21.392515],[-157.754,21.392331],[-157.75554,21.391173],[-157.755543,21.390758],[-157.755748,21.390412],[-157.755947,21.390356],[-157.756135,21.390437],[-157.75622,21.390613],[-157.756164,21.390805],[-157.757029,21.39022],[-157.757309,21.389713],[-157.757658,21.389365],[-157.757753,21.389049],[-157.759464,21.386822],[-157.759504,21.386472],[-157.760149,21.385511],[-157.760325,21.384962],[-157.760678,21.38471],[-157.760995,21.384021],[-157.761304,21.383883],[-157.761389,21.383752],[-157.761309,21.383308],[-157.761055,21.383355],[-157.760687,21.383251],[-157.759935,21.382379],[-157.759668,21.382276],[-157.759518,21.38203],[-157.759531,21.381404],[-157.759848,21.38073],[-157.759793,21.380453],[-157.759956,21.379576],[-157.7605,21.378134],[-157.760434,21.377706],[-157.759844,21.377947],[-157.758127,21.382517],[-157.754491,21.38622],[-157.752157,21.385124],[-157.748214,21.389474],[-157.747709,21.390513],[-157.742494,21.388962],[-157.73966,21.385916],[-157.738542,21.385289],[-157.741073,21.382879],[-157.741691,21.383323],[-157.742198,21.382664],[-157.741599,21.381685],[-157.742481,21.379464],[-157.742243,21.378316],[-157.742579,21.37809],[-157.742643,21.377181],[-157.741775,21.376327],[-157.741045,21.375838],[-157.740493,21.373933],[-157.739467,21.373413],[-157.738834,21.372193],[-157.738036,21.372618],[-157.737187,21.371104]]],[[[-157.71161,21.342965],[-157.711384,21.343068],[-157.711199,21.34331],[-157.711216,21.344065],[-157.711122,21.344297],[-157.711462,21.344903],[-157.711749,21.346022],[-157.711758,21.346303],[-157.711364,21.347115],[-157.71153,21.347149],[-157.710533,21.348866],[-157.709898,21.350296],[-157.710149,21.3515],[-157.709907,21.351836],[-157.709737,21.351897],[-157.709161,21.351842],[-157.708332,21.351643],[-157.70785,21.352337],[-157.708166,21.353981],[-157.708351,21.354111],[-157.708974,21.355446],[-157.709309,21.355837],[-157.709908,21.356976],[-157.709977,21.357432],[-157.709789,21.358787],[-157.710527,21.360044],[-157.710648,21.360797],[-157.710559,21.361681],[-157.710242,21.362777],[-157.712729,21.362632],[-157.7154,21.361233],[-157.716187,21.361113],[-157.719612,21.357625],[-157.719882,21.357437],[-157.7202,21.357329],[-157.721634,21.357197],[-157.72231,21.356063],[-157.722409,21.355204],[-157.722409,21.353659],[-157.722564,21.352886],[-157.722836,21.347999],[-157.722288,21.347901],[-157.721432,21.349206],[-157.721161,21.352562],[-157.718676,21.352931],[-157.71809,21.350071],[-157.716984,21.348623],[-157.714681,21.347455],[-157.714745,21.346855],[-157.713609,21.346633],[-157.713922,21.344767],[-157.71837,21.345504],[-157.719508,21.345606],[-157.719649,21.34517],[-157.719364,21.3453],[-157.719079,21.34529],[-157.717477,21.344735],[-157.716172,21.344575],[-157.713031,21.343594],[-157.71161,21.342965]]],[[[-157.793031,21.417825],[-157.792227,21.418129],[-157.791206,21.418343],[-157.791322,21.41862],[-157.79041,21.41923],[-157.79041,21.419424],[-157.790575,21.419472],[-157.790668,21.41964],[-157.790624,21.420036],[-157.789756,21.420434],[-157.789562,21.420434],[-157.789525,21.420891],[-157.789403,21.421085],[-157.788944,21.421347],[-157.788757,21.421581],[-157.788714,21.421769],[-157.7889,21.422166],[-157.788806,21.422616],[-157.788698,21.422696],[-157.788304,21.422716],[-157.78826,21.42281],[-157.788246,21.423025],[-157.788417,21.42326],[-157.788467,21.423984],[-157.788567,21.424246],[-157.789047,21.424656],[-157.789577,21.424684],[-157.790037,21.424423],[-157.790195,21.424383],[-157.790324,21.424483],[-157.790797,21.42433],[-157.790848,21.424242],[-157.791077,21.424155],[-157.791163,21.424196],[-157.791536,21.424089],[-157.791708,21.424384],[-157.79155,21.424559],[-157.791729,21.42472],[-157.791722,21.424989],[-157.791836,21.425271],[-157.791569,21.42609],[-157.791626,21.42672],[-157.791338,21.427398],[-157.791309,21.42766],[-157.791624,21.428292],[-157.791834,21.428483],[-157.792154,21.428668],[-157.792964,21.42873],[-157.793681,21.428878],[-157.79455,21.428732],[-157.794987,21.428504],[-157.794952,21.428296],[-157.794708,21.427919],[-157.794688,21.427201],[-157.794524,21.426583],[-157.794252,21.426267],[-157.794266,21.426044],[-157.794805,21.425279],[-157.794806,21.425145],[-157.794949,21.425031],[-157.795394,21.425018],[-157.795767,21.42481],[-157.795846,21.424542],[-157.796428,21.424449],[-157.796628,21.424523],[-157.796772,21.424684],[-157.797209,21.424772],[-157.797926,21.425115],[-157.798112,21.425008],[-157.79817,21.424834],[-157.798464,21.424572],[-157.798651,21.424263],[-157.798922,21.424284],[-157.798931,21.424848],[-157.799181,21.424936],[-157.79931,21.424869],[-157.799439,21.424916],[-157.799762,21.424768],[-157.799856,21.424221],[-157.799964,21.424241],[-157.800576,21.425022],[-157.800645,21.425012],[-157.800908,21.425277],[-157.800859,21.425337],[-157.80106,21.425572],[-157.801633,21.42601],[-157.801866,21.426481],[-157.801828,21.426776],[-157.801883,21.426843],[-157.802586,21.426857],[-157.802952,21.426629],[-157.803038,21.426649],[-157.803245,21.426898],[-157.803365,21.42767],[-157.804205,21.428353],[-157.80435,21.42892],[-157.804495,21.429193],[-157.804674,21.429214],[-157.804842,21.429561],[-157.804774,21.42976],[-157.805088,21.429949],[-157.805771,21.430643],[-157.806375,21.43142],[-157.807058,21.431725],[-157.808278,21.43287],[-157.808681,21.433815],[-157.809676,21.435233],[-157.809922,21.435769],[-157.81037,21.436252],[-157.810498,21.436869],[-157.810586,21.437],[-157.811021,21.437012],[-157.811158,21.437221],[-157.811501,21.437194],[-157.812622,21.436787],[-157.814419,21.435613],[-157.81633,21.434585],[-157.816778,21.434238],[-157.81691,21.433852],[-157.817256,21.433325],[-157.817301,21.432198],[-157.816767,21.430937],[-157.81635,21.430306],[-157.816175,21.430161],[-157.814395,21.428935],[-157.813389,21.428483],[-157.813162,21.428492],[-157.811507,21.429477],[-157.809863,21.430268],[-157.80988,21.432178],[-157.808857,21.4327],[-157.808393,21.431996],[-157.807392,21.431142],[-157.807247,21.430735],[-157.80644,21.430632],[-157.805639,21.430073],[-157.804457,21.427998],[-157.804281,21.427446],[-157.804528,21.426725],[-157.804439,21.426139],[-157.803691,21.425448],[-157.802898,21.424962],[-157.802111,21.424957],[-157.801786,21.424822],[-157.801613,21.424196],[-157.801594,21.423617],[-157.80083,21.422779],[-157.7978,21.423046],[-157.797233,21.423483],[-157.795464,21.42363],[-157.794167,21.424412],[-157.792652,21.422441],[-157.792207,21.421661],[-157.791307,21.421217],[-157.791413,21.420352],[-157.79255,21.419582],[-157.793546,21.418517],[-157.793604,21.418069],[-157.793031,21.417825]]],[[[-157.766175,21.377171],[-157.763979,21.380764],[-157.763946,21.381293],[-157.763732,21.381675],[-157.76292,21.382461],[-157.762252,21.382794],[-157.762014,21.383004],[-157.761904,21.383282],[-157.76198,21.38381],[-157.761938,21.383966],[-157.761695,21.384314],[-157.761418,21.384434],[-157.761112,21.385098],[-157.760824,21.385267],[-157.760709,21.385712],[-157.76054,21.385941],[-157.760503,21.386402],[-157.760639,21.386811],[-157.760591,21.387],[-157.760459,21.387101],[-157.760289,21.387117],[-157.760139,21.387041],[-157.760049,21.386889],[-157.759996,21.387068],[-157.75925,21.388093],[-157.758271,21.389315],[-157.758182,21.389642],[-157.757778,21.390047],[-157.75749,21.390563],[-157.75729,21.390778],[-157.756239,21.391422],[-157.756271,21.391672],[-157.756426,21.391756],[-157.756955,21.391816],[-157.757479,21.392504],[-157.758309,21.392947],[-157.758658,21.393351],[-157.758871,21.393473],[-157.758921,21.393626],[-157.758874,21.393775],[-157.759102,21.3938],[-157.75945,21.393997],[-157.759733,21.394007],[-157.759864,21.394127],[-157.760196,21.394757],[-157.761528,21.398114],[-157.761674,21.398248],[-157.762026,21.398867],[-157.762124,21.39934],[-157.762435,21.399908],[-157.762757,21.400924],[-157.76306,21.401413],[-157.763438,21.401299],[-157.76352,21.401057],[-157.76406,21.400722],[-157.76422,21.39906],[-157.764377,21.398613],[-157.764594,21.398478],[-157.764826,21.398544],[-157.764925,21.39877],[-157.764773,21.399312],[-157.764685,21.400639],[-157.764598,21.400955],[-157.764462,21.401134],[-157.765022,21.401227],[-157.765415,21.401462],[-157.765719,21.401509],[-157.766875,21.401284],[-157.767392,21.400936],[-157.767862,21.400736],[-157.767413,21.39847],[-157.76576,21.394006],[-157.764132,21.392156],[-157.763463,21.389401],[-157.763355,21.388094],[-157.763548,21.386376],[-157.764159,21.384563],[-157.76574,21.380476],[-157.766842,21.377297],[-157.766175,21.377171]]],[[[-157.697377,21.329368],[-157.694382,21.329879],[-157.693315,21.329533],[-157.692234,21.329451],[-157.692053,21.329597],[-157.694564,21.330752],[-157.699737,21.33745],[-157.700841,21.339087],[-157.702287,21.341029],[-157.704607,21.340581],[-157.710191,21.345109],[-157.709471,21.346129],[-157.710793,21.346958],[-157.711174,21.346193],[-157.710896,21.345054],[-157.710066,21.343641],[-157.709286,21.342673],[-157.708838,21.341932],[-157.708708,21.3415],[-157.708779,21.340964],[-157.708509,21.340268],[-157.707988,21.339568],[-157.707992,21.339164],[-157.708435,21.336694],[-157.708088,21.336131],[-157.708044,21.336083],[-157.707524,21.336191],[-157.706113,21.336025],[-157.705588,21.335684],[-157.705252,21.33516],[-157.705187,21.334353],[-157.701599,21.331139],[-157.700073,21.331004],[-157.698831,21.330079],[-157.697831,21.32981],[-157.697377,21.329368]]],[[[-157.730002,21.380413],[-157.729612,21.380712],[-157.728461,21.380969],[-157.728138,21.38098],[-157.727411,21.38081],[-157.726181,21.381103],[-157.724187,21.38495],[-157.722359,21.388224],[-157.724255,21.388914],[-157.724058,21.390102],[-157.725235,21.391172],[-157.72522,21.392138],[-157.724314,21.392267],[-157.723598,21.392226],[-157.721826,21.394493],[-157.720704,21.394818],[-157.720077,21.394022],[-157.71944,21.391925],[-157.717786,21.389721],[-157.716479,21.388785],[-157.714584,21.386804],[-157.712688,21.383765],[-157.712613,21.383042],[-157.712669,21.382111],[-157.71219,21.382239],[-157.711914,21.382626],[-157.711177,21.383303],[-157.712361,21.38497],[-157.712826,21.386207],[-157.713289,21.387132],[-157.714005,21.387719],[-157.715754,21.388677],[-157.716389,21.389138],[-157.716687,21.389476],[-157.71825,21.391831],[-157.718936,21.392588],[-157.719784,21.395047],[-157.720299,21.395584],[-157.720655,21.395582],[-157.721888,21.395083],[-157.722349,21.395146],[-157.722549,21.395096],[-157.723983,21.393277],[-157.726286,21.39483],[-157.726722,21.394004],[-157.7281,21.395172],[-157.728522,21.394933],[-157.729192,21.394129],[-157.729523,21.393319],[-157.729534,21.392967],[-157.729498,21.39266],[-157.729253,21.392072],[-157.728921,21.392238],[-157.728634,21.392156],[-157.728506,21.391985],[-157.728466,21.391496],[-157.728611,21.391317],[-157.728729,21.390978],[-157.729189,21.390526],[-157.729191,21.390443],[-157.729076,21.390094],[-157.727805,21.388255],[-157.727541,21.38776],[-157.727301,21.386708],[-157.727107,21.384794],[-157.727697,21.382609],[-157.727939,21.382174],[-157.728519,21.381749],[-157.728995,21.381583],[-157.729816,21.381426],[-157.730072,21.381248],[-157.73056,21.380687],[-157.730002,21.380413]]],[[[-157.736844,21.371992],[-157.736482,21.372928],[-157.736351,21.373022],[-157.735446,21.373272],[-157.735193,21.372885],[-157.734711,21.373203],[-157.734488,21.373254],[-157.732249,21.373368],[-157.732108,21.373294],[-157.731964,21.373051],[-157.731187,21.373479],[-157.730365,21.37313],[-157.729348,21.374053],[-157.727536,21.375206],[-157.726833,21.376952],[-157.725899,21.37815],[-157.726857,21.379315],[-157.727116,21.379255],[-157.7273,21.380224],[-157.728347,21.380429],[-157.729291,21.380236],[-157.729624,21.379984],[-157.729377,21.379025],[-157.728263,21.379071],[-157.728068,21.379026],[-157.727726,21.378768],[-157.727278,21.378583],[-157.727232,21.378376],[-157.727355,21.3782],[-157.727576,21.378157],[-157.72787,21.37822],[-157.728314,21.378518],[-157.729443,21.378472],[-157.729736,21.378546],[-157.729987,21.378968],[-157.730177,21.379787],[-157.730398,21.380003],[-157.730877,21.380222],[-157.731257,21.379637],[-157.731822,21.379197],[-157.731937,21.379024],[-157.731921,21.378683],[-157.731513,21.378323],[-157.731453,21.377945],[-157.731981,21.377477],[-157.732234,21.37739],[-157.732638,21.377403],[-157.732972,21.377493],[-157.733141,21.377731],[-157.733181,21.378092],[-157.734382,21.379079],[-157.73503,21.379103],[-157.735349,21.378566],[-157.735578,21.378371],[-157.735814,21.378364],[-157.736057,21.378498],[-157.736133,21.378804],[-157.736142,21.379448],[-157.736043,21.379935],[-157.735586,21.381012],[-157.735611,21.381273],[-157.735761,21.381574],[-157.735932,21.381731],[-157.736436,21.381817],[-157.736655,21.381786],[-157.736937,21.381624],[-157.737374,21.381131],[-157.737772,21.380204],[-157.737855,21.379101],[-157.737489,21.378049],[-157.737533,21.377672],[-157.737779,21.377045],[-157.737982,21.376786],[-157.738283,21.376588],[-157.738448,21.3762],[-157.738384,21.375566],[-157.737964,21.375172],[-157.737713,21.374765],[-157.737665,21.374527],[-157.737772,21.37429],[-157.736844,21.371992]]],[[[-157.664537,21.314073],[-157.663019,21.314846],[-157.663485,21.315146],[-157.664,21.315364],[-157.66517,21.314984],[-157.666349,21.315064],[-157.666897,21.315456],[-157.666813,21.315702],[-157.667902,21.316172],[-157.668952,21.317058],[-157.669112,21.317283],[-157.669782,21.317659],[-157.671961,21.319324],[-157.672449,21.320225],[-157.673089,21.320805],[-157.673753,21.321256],[-157.67471,21.321765],[-157.678079,21.323206],[-157.679731,21.324029],[-157.68195,21.324756],[-157.687532,21.326244],[-157.686922,21.327272],[-157.691517,21.329354],[-157.691808,21.329048],[-157.692217,21.328888],[-157.693463,21.329],[-157.694387,21.329327],[-157.696878,21.328878],[-157.696373,21.325888],[-157.696016,21.325664],[-157.695484,21.325623],[-157.691107,21.32638],[-157.68787,21.32524],[-157.68627,21.325354],[-157.672537,21.319118],[-157.667812,21.314914],[-157.666567,21.314456],[-157.664537,21.314073]]],[[[-157.835949,21.451074],[-157.83556,21.451463],[-157.835298,21.451962],[-157.835445,21.452597],[-157.835932,21.453474],[-157.836811,21.454643],[-157.837409,21.455196],[-157.837517,21.455597],[-157.837996,21.456291],[-157.838011,21.456523],[-157.838644,21.456746],[-157.8393,21.457227],[-157.839716,21.457761],[-157.839762,21.458011],[-157.842018,21.459782],[-157.842644,21.46041],[-157.842827,21.460736],[-157.843113,21.461806],[-157.846277,21.460057],[-157.847003,21.459375],[-157.847642,21.458591],[-157.847844,21.45852],[-157.848361,21.458527],[-157.848985,21.458131],[-157.849762,21.458007],[-157.849628,21.457645],[-157.847059,21.45804],[-157.844373,21.458779],[-157.844054,21.458007],[-157.843321,21.456734],[-157.8433,21.455737],[-157.843045,21.455694],[-157.84287,21.455533],[-157.842333,21.455632],[-157.842084,21.45554],[-157.841454,21.455473],[-157.840684,21.454819],[-157.840322,21.454905],[-157.840044,21.454867],[-157.839418,21.455213],[-157.839342,21.455445],[-157.838986,21.455684],[-157.838649,21.455677],[-157.838474,21.455476],[-157.838518,21.45527],[-157.838833,21.455141],[-157.839004,21.454775],[-157.839344,21.454662],[-157.839832,21.454337],[-157.84037,21.454335],[-157.840796,21.454102],[-157.841157,21.454161],[-157.841449,21.454342],[-157.841761,21.454207],[-157.843053,21.453021],[-157.843142,21.452866],[-157.843024,21.452688],[-157.841342,21.451411],[-157.838409,21.453068],[-157.837636,21.452395],[-157.836097,21.451813],[-157.835949,21.451074]]],[[[-157.849956,21.458531],[-157.849196,21.458649],[-157.848556,21.459048],[-157.848258,21.459106],[-157.847945,21.459071],[-157.847449,21.459734],[-157.846641,21.46049],[-157.843214,21.46237],[-157.843355,21.463252],[-157.843215,21.463928],[-157.843344,21.465296],[-157.843169,21.465834],[-157.84318,21.466216],[-157.844477,21.466134],[-157.844843,21.466209],[-157.845052,21.466329],[-157.845185,21.466619],[-157.845597,21.46675],[-157.845954,21.466977],[-157.846632,21.466817],[-157.847119,21.466846],[-157.846721,21.465499],[-157.848095,21.465021],[-157.848294,21.464557],[-157.84829,21.464402],[-157.84784,21.463669],[-157.847807,21.463343],[-157.848132,21.461489],[-157.850218,21.461041],[-157.85025,21.459323],[-157.849956,21.458531]]],[[[-157.791432,21.407842],[-157.791238,21.408076],[-157.790958,21.408236],[-157.790154,21.408376],[-157.789464,21.408347],[-157.789043,21.40813],[-157.788699,21.408056],[-157.787036,21.4081],[-157.785638,21.408557],[-157.784888,21.40888],[-157.783143,21.409865],[-157.784174,21.410262],[-157.784467,21.410865],[-157.784583,21.410939],[-157.784973,21.410757],[-157.785506,21.410633],[-157.78625,21.410617],[-157.786851,21.410692],[-157.788438,21.410505],[-157.789003,21.410633],[-157.790409,21.411401],[-157.790851,21.411554],[-157.791819,21.411484],[-157.792369,21.411172],[-157.792999,21.410938],[-157.793766,21.410792],[-157.794251,21.410798],[-157.794272,21.410532],[-157.793279,21.410388],[-157.792785,21.410051],[-157.791432,21.407842]]],[[[-157.788336,21.411065],[-157.786958,21.411237],[-157.786945,21.411288],[-157.785429,21.411214],[-157.78515,21.411283],[-157.78504,21.411358],[-157.785078,21.411836],[-157.784842,21.41202],[-157.785166,21.412434],[-157.785706,21.412702],[-157.786177,21.413052],[-157.786481,21.413561],[-157.787125,21.414089],[-157.787319,21.414377],[-157.787369,21.414572],[-157.787124,21.415068],[-157.787438,21.415787],[-157.787438,21.416452],[-157.787573,21.417252],[-157.787909,21.417736],[-157.788074,21.41787],[-157.788569,21.417938],[-157.788834,21.417911],[-157.789136,21.417623],[-157.789939,21.417691],[-157.790641,21.418008],[-157.790956,21.417949],[-157.79136,21.417715],[-157.792043,21.417606],[-157.792824,21.417295],[-157.79332,21.417321],[-157.793677,21.417497],[-157.79369,21.417401],[-157.792184,21.416307],[-157.791738,21.41563],[-157.790051,21.416522],[-157.789665,21.415878],[-157.789593,21.413914],[-157.788083,21.413996],[-157.786517,21.41239],[-157.787321,21.412139],[-157.788858,21.412255],[-157.789305,21.412432],[-157.78971,21.411861],[-157.790718,21.412296],[-157.790902,21.412104],[-157.790157,21.411899],[-157.788789,21.411147],[-157.788336,21.411065]]],[[[-157.764331,21.376952],[-157.763341,21.376985],[-157.762309,21.377132],[-157.760981,21.377505],[-157.761102,21.377879],[-157.761076,21.378247],[-157.760525,21.379718],[-157.760382,21.380493],[-157.760431,21.380853],[-157.760109,21.381512],[-157.760077,21.381746],[-157.761012,21.382778],[-157.761619,21.382597],[-157.761929,21.382327],[-157.762543,21.382036],[-157.763335,21.381236],[-157.763431,21.38055],[-157.765574,21.377057],[-157.764331,21.376952]]],[[[-157.709109,21.336881],[-157.708984,21.336962],[-157.708561,21.339401],[-157.709018,21.339991],[-157.709184,21.340386],[-157.709369,21.340894],[-157.709298,21.341485],[-157.709582,21.342078],[-157.710582,21.343377],[-157.710829,21.342814],[-157.711114,21.342559],[-157.711415,21.342428],[-157.711724,21.342422],[-157.712059,21.342516],[-157.712734,21.342837],[-157.713292,21.341812],[-157.713769,21.340669],[-157.71129,21.339782],[-157.711739,21.338721],[-157.709511,21.337767],[-157.709109,21.336881]]],[[[-157.84447,21.466687],[-157.843196,21.466771],[-157.843157,21.467008],[-157.843559,21.467503],[-157.843793,21.467976],[-157.844253,21.469263],[-157.844774,21.470281],[-157.84472,21.471845],[-157.844562,21.47267],[-157.846846,21.47162],[-157.846865,21.470914],[-157.848032,21.469664],[-157.847064,21.468988],[-157.847107,21.4674],[-157.846723,21.467362],[-157.846034,21.467527],[-157.845728,21.467495],[-157.845319,21.467237],[-157.844752,21.46703],[-157.844606,21.46672],[-157.84447,21.466687]]],[[[-157.723419,21.348103],[-157.723135,21.353039],[-157.724637,21.35226],[-157.725421,21.352129],[-157.725526,21.351843],[-157.725715,21.351691],[-157.727452,21.350863],[-157.728001,21.35022],[-157.725821,21.348694],[-157.724667,21.34833],[-157.723419,21.348103]]],[[[-157.713967,21.341642],[-157.713828,21.342038],[-157.713259,21.343086],[-157.716321,21.344041],[-157.717623,21.344201],[-157.718281,21.344473],[-157.719278,21.344742],[-157.719308,21.343858],[-157.714703,21.342388],[-157.713967,21.341642]]],[[[-157.834872,21.447647],[-157.834685,21.447795],[-157.835093,21.448312],[-157.835248,21.44914],[-157.835182,21.449567],[-157.834736,21.450649],[-157.83466,21.451062],[-157.834795,21.451612],[-157.835081,21.451143],[-157.835807,21.450365],[-157.835532,21.448997],[-157.834872,21.447647]]],[[[-157.843254,21.453625],[-157.842118,21.45465],[-157.841621,21.454875],[-157.841659,21.454955],[-157.84238,21.455064],[-157.842951,21.454982],[-157.843286,21.455088],[-157.843254,21.453625]]],[[[-157.794077,21.411326],[-157.79315,21.411471],[-157.792552,21.411716],[-157.794189,21.411589],[-157.794204,21.41139],[-157.794077,21.411326]]],[[[-157.75673,21.405993],[-157.756651,21.406343],[-157.757047,21.406037],[-157.75673,21.405993]]]]},"properties":{}},{"type":"Feature","id":32,"geometry":{"type":"MultiPolygon","coordinates":[[[[-158.024488,21.36261],[-158.024894,21.362716],[-158.025449,21.363023],[-158.025938,21.363736],[-158.026226,21.364021],[-158.026894,21.364343],[-158.027254,21.363497],[-158.02701,21.362858],[-158.02652,21.361998],[-158.025471,21.36141],[-158.025058,21.360421],[-158.024208,21.358951],[-158.022539,21.357716],[-158.02189,21.356332],[-158.022151,21.35432],[-158.016746,21.351454],[-158.011833,21.352365],[-158.007942,21.353207],[-158.006853,21.353254],[-158.00546,21.352725],[-158.001944,21.350704],[-157.999932,21.350769],[-157.998687,21.350957],[-157.994677,21.352649],[-157.994375,21.349312],[-157.992319,21.34726],[-157.990809,21.346904],[-157.983,21.347429],[-157.980262,21.342327],[-157.978507,21.340626],[-157.981426,21.337186],[-157.980814,21.335513],[-157.97969,21.335181],[-157.985095,21.327389],[-157.985112,21.326848],[-157.985517,21.326245],[-157.986374,21.326194],[-157.987279,21.326925],[-157.987956,21.32629],[-157.9914,21.326313],[-157.992216,21.325393],[-157.994205,21.326241],[-157.995881,21.327618],[-158.001817,21.321204],[-158.002265,21.321533],[-158.002996,21.320666],[-158.00402,21.31971],[-158.006051,21.318631],[-158.00647,21.318973],[-158.006968,21.318447],[-158.007968,21.319276],[-158.00924,21.318156],[-158.010835,21.319243],[-158.012629,21.319184],[-158.013734,21.318026],[-158.015832,21.317052],[-158.017181,21.315984],[-158.017341,21.315093],[-158.016652,21.314666],[-158.016101,21.314084],[-158.017649,21.312319],[-158.017988,21.312595],[-158.018642,21.311981],[-158.018356,21.311693],[-158.019367,21.310629],[-158.02104,21.311867],[-158.021006,21.314106],[-158.020337,21.314536],[-158.020701,21.315697],[-158.021484,21.315621],[-158.023189,21.316232],[-158.023629,21.316007],[-158.024195,21.316553],[-158.025052,21.316938],[-158.025444,21.316832],[-158.02576,21.316842],[-158.02584,21.31756],[-158.026285,21.318976],[-158.02733,21.32177],[-158.027827,21.321615],[-158.028615,21.323125],[-158.028856,21.330164],[-158.02924,21.3314],[-158.035077,21.329226],[-158.035413,21.324175],[-158.030659,21.321457],[-158.030477,21.319893],[-158.030177,21.319594],[-158.029216,21.316899],[-158.029252,21.316183],[-158.03046,21.313834],[-158.032115,21.314647],[-158.032486,21.314089],[-158.033402,21.314533],[-158.037539,21.314014],[-158.037947,21.314653],[-158.038355,21.315048],[-158.038759,21.315172],[-158.03926,21.315678],[-158.039727,21.315923],[-158.042108,21.320344],[-158.048944,21.320408],[-158.056252,21.319607],[-158.056682,21.316057],[-158.063874,21.31464],[-158.068145,21.312359],[-158.070571,21.311844],[-158.084684,21.311476],[-158.087662,21.314424],[-158.086542,21.30125],[-158.076581,21.3029],[-158.074114,21.303061],[-158.072904,21.30204],[-158.072031,21.301891],[-158.071164,21.302371],[-158.063535,21.304337],[-158.056981,21.305397],[-158.031111,21.30996],[-158.030715,21.310626],[-158.025768,21.311248],[-158.025362,21.310515],[-158.024126,21.309131],[-158.022218,21.307602],[-158.01609,21.309414],[-158.016326,21.310033],[-158.015501,21.310276],[-158.014134,21.311468],[-158.011451,21.314485],[-158.010536,21.312988],[-158.01008,21.312418],[-158.009184,21.313368],[-158.008689,21.313015],[-158.007675,21.312772],[-158.006452,21.313125],[-158.007148,21.315622],[-158.007118,21.315831],[-158.006938,21.315958],[-158.006716,21.315929],[-158.00658,21.315761],[-158.006125,21.314129],[-157.991435,21.318338],[-157.989573,21.314119],[-157.987155,21.314659],[-157.985967,21.315111],[-157.986122,21.315319],[-157.984876,21.317264],[-157.983882,21.316875],[-157.983428,21.316893],[-157.983312,21.319178],[-157.978761,21.318974],[-157.978625,21.31911],[-157.978788,21.319391],[-157.976263,21.320939],[-157.975532,21.321741],[-157.975073,21.321836],[-157.973032,21.323365],[-157.972548,21.323628],[-157.972395,21.323294],[-157.971808,21.32499],[-157.971859,21.326185],[-157.972445,21.327189],[-157.97219,21.32793],[-157.972879,21.327117],[-157.973006,21.326066],[-157.973568,21.32499],[-157.976807,21.322888],[-157.977445,21.323438],[-157.976399,21.324871],[-157.975761,21.326114],[-157.975123,21.326974],[-157.973006,21.328097],[-157.97244,21.32948],[-157.972675,21.331589],[-157.973196,21.331583],[-157.973258,21.334337],[-157.972776,21.334344],[-157.972637,21.334468],[-157.972581,21.334617],[-157.972608,21.335129],[-157.972767,21.33562],[-157.973194,21.336029],[-157.973408,21.336472],[-157.974007,21.336739],[-157.974324,21.337053],[-157.974455,21.337503],[-157.97431,21.338222],[-157.974341,21.338348],[-157.974579,21.338504],[-157.974611,21.338933],[-157.97484,21.339255],[-157.975328,21.339606],[-157.976182,21.339719],[-157.976655,21.340186],[-157.976569,21.340611],[-157.976632,21.340825],[-157.977258,21.341664],[-157.977339,21.341894],[-157.977286,21.342198],[-157.977376,21.342505],[-157.977668,21.342887],[-157.978129,21.343298],[-157.978784,21.343459],[-157.979201,21.343756],[-157.979295,21.343754],[-157.979362,21.343874],[-157.979231,21.344124],[-157.979449,21.344457],[-157.979333,21.344563],[-157.979364,21.344629],[-157.979518,21.344709],[-157.979799,21.34465],[-157.979882,21.345023],[-157.980079,21.345197],[-157.980221,21.345553],[-157.980526,21.345823],[-157.980858,21.346639],[-157.981581,21.347631],[-157.981663,21.347927],[-157.981653,21.34834],[-157.981766,21.348432],[-157.982324,21.3487],[-157.983143,21.348846],[-157.985169,21.348705],[-157.987048,21.348902],[-157.987306,21.348876],[-157.987509,21.348741],[-157.987832,21.348719],[-157.987851,21.348796],[-157.991286,21.348881],[-157.991284,21.348766],[-157.990936,21.348699],[-157.990976,21.348633],[-157.991197,21.348541],[-157.992262,21.348591],[-157.992778,21.349459],[-157.993018,21.349703],[-157.993361,21.349857],[-157.993094,21.350324],[-157.993304,21.351566],[-157.993231,21.352382],[-157.993077,21.352638],[-157.993103,21.352792],[-157.993289,21.35302],[-157.993658,21.353268],[-157.994446,21.353592],[-157.996093,21.353633],[-157.996424,21.35371],[-157.996492,21.353902],[-158.000295,21.352263],[-158.0006,21.352203],[-158.000803,21.352095],[-158.000766,21.351969],[-158.000911,21.351873],[-158.001093,21.351837],[-158.002043,21.352027],[-158.002625,21.352354],[-158.003486,21.353145],[-158.004379,21.353478],[-158.004649,21.353749],[-158.004773,21.354078],[-158.005259,21.354324],[-158.005861,21.354766],[-158.006342,21.354693],[-158.006751,21.354543],[-158.006939,21.354562],[-158.007212,21.354718],[-158.0075,21.355044],[-158.007582,21.355318],[-158.007897,21.355495],[-158.007236,21.355698],[-158.006904,21.355543],[-158.007086,21.355855],[-158.007013,21.356054],[-158.00703,21.356329],[-158.007181,21.356558],[-158.007575,21.356888],[-158.007858,21.356906],[-158.008248,21.357043],[-158.008506,21.356984],[-158.008676,21.356618],[-158.00881,21.356555],[-158.008947,21.35636],[-158.008925,21.356129],[-158.009352,21.355649],[-158.010256,21.355613],[-158.012767,21.356252],[-158.013619,21.356755],[-158.014385,21.35761],[-158.014512,21.357651],[-158.016107,21.356913],[-158.016489,21.356315],[-158.01654,21.355168],[-158.016854,21.354781],[-158.01783,21.354871],[-158.018646,21.355035],[-158.019038,21.355493],[-158.01931,21.35544],[-158.019678,21.355238],[-158.021751,21.356483],[-158.021998,21.358249],[-158.023342,21.361527],[-158.023308,21.361939],[-158.023586,21.361797],[-158.023595,21.361404],[-158.023766,21.36122],[-158.024058,21.361256],[-158.024216,21.361558],[-158.024151,21.361966],[-158.024041,21.362157],[-158.023818,21.36232],[-158.023554,21.363041],[-158.023796,21.362875],[-158.024488,21.36261]]],[[[-158.126676,21.357973],[-158.127314,21.357833],[-158.128217,21.357952],[-158.128921,21.357817],[-158.129375,21.357945],[-158.130113,21.357716],[-158.129506,21.355817],[-158.129399,21.355251],[-158.129434,21.354026],[-158.129694,21.353363],[-158.129714,21.352169],[-158.129617,21.35131],[-158.129405,21.350433],[-158.129008,21.349307],[-158.126804,21.344439],[-158.124673,21.342438],[-158.12585,21.341651],[-158.126103,21.339676],[-158.126308,21.339075],[-158.126267,21.338759],[-158.125872,21.338743],[-158.125576,21.338859],[-158.125378,21.338852],[-158.125271,21.33896],[-158.125214,21.339291],[-158.124992,21.339299],[-158.125008,21.338852],[-158.12453,21.338606],[-158.124073,21.338158],[-158.124031,21.336793],[-158.12445,21.33633],[-158.123001,21.335236],[-158.121867,21.332418],[-158.121499,21.329777],[-158.116908,21.330467],[-158.116654,21.32879],[-158.115856,21.32872],[-158.11481,21.328195],[-158.112972,21.326141],[-158.110805,21.328055],[-158.109197,21.326574],[-158.115467,21.321026],[-158.115274,21.319715],[-158.113299,21.3145],[-158.114661,21.31389],[-158.114125,21.312863],[-158.114774,21.312637],[-158.115235,21.312356],[-158.115027,21.311459],[-158.114518,21.310346],[-158.113363,21.308206],[-158.111105,21.308232],[-158.110594,21.306942],[-158.110135,21.306966],[-158.110134,21.305699],[-158.108961,21.3057],[-158.108014,21.300945],[-158.105036,21.297796],[-158.104258,21.298653],[-158.103076,21.29893],[-158.087125,21.301165],[-158.088257,21.314487],[-158.099609,21.315682],[-158.103695,21.32393],[-158.107173,21.320814],[-158.107511,21.320326],[-158.107717,21.320243],[-158.107926,21.320321],[-158.107994,21.32062],[-158.107608,21.321187],[-158.103956,21.324458],[-158.109632,21.335914],[-158.111692,21.336265],[-158.113347,21.339448],[-158.115394,21.340753],[-158.115515,21.34406],[-158.118208,21.344119],[-158.120012,21.344384],[-158.122498,21.345578],[-158.127472,21.348157],[-158.127476,21.348958],[-158.128457,21.35085],[-158.127722,21.352794],[-158.125824,21.355173],[-158.126676,21.357973]]],[[[-158.127199,21.359693],[-158.127473,21.359511],[-158.127966,21.359355],[-158.128818,21.358842],[-158.128886,21.358679],[-158.128761,21.358379],[-158.128229,21.358504],[-158.127526,21.358384],[-158.126837,21.358504],[-158.127199,21.359693]]],[[[-158.129279,21.359196],[-158.128255,21.359835],[-158.127747,21.359999],[-158.127431,21.360217],[-158.129773,21.361845],[-158.130184,21.360103],[-158.129279,21.359196]]],[[[-158.019029,21.366953],[-158.019387,21.367726],[-158.020151,21.368892],[-158.020311,21.369262],[-158.020768,21.370849],[-158.021113,21.371553],[-158.021335,21.3725],[-158.021249,21.373192],[-158.020904,21.373735],[-158.020374,21.374116],[-158.018664,21.374868],[-158.019136,21.375714],[-158.021402,21.374556],[-158.021865,21.37233],[-158.021156,21.371028],[-158.02153,21.370616],[-158.021576,21.370404],[-158.021413,21.369975],[-158.020017,21.368035],[-158.01928,21.367178],[-158.019309,21.366807],[-158.019462,21.366549],[-158.019819,21.366412],[-158.02232,21.366851],[-158.022738,21.366673],[-158.023158,21.366343],[-158.024486,21.367117],[-158.026261,21.366892],[-158.02656,21.365129],[-158.026676,21.364856],[-158.025849,21.364445],[-158.025179,21.363694],[-158.025088,21.363461],[-158.024556,21.363192],[-158.024057,21.363374],[-158.023666,21.363617],[-158.023358,21.363606],[-158.023009,21.363489],[-158.022451,21.363847],[-158.021322,21.365556],[-158.020903,21.365902],[-158.020434,21.36611],[-158.01935,21.366387],[-158.019029,21.366953]]],[[[-157.966714,21.375312],[-157.9667,21.37956],[-157.96736,21.379696],[-157.968661,21.379696],[-157.968529,21.379377],[-157.966906,21.379348],[-157.966876,21.37519],[-157.968091,21.375191],[-157.967798,21.373557],[-157.967987,21.372954],[-157.968893,21.37278],[-157.969625,21.371879],[-157.969977,21.371879],[-157.97085,21.370789],[-157.972319,21.371463],[-157.972763,21.372037],[-157.972874,21.372717],[-157.97334,21.372631],[-157.973985,21.373465],[-157.97487,21.374836],[-157.975141,21.375633],[-157.974656,21.376073],[-157.974851,21.377949],[-157.975694,21.377783],[-157.975398,21.376841],[-157.975377,21.37607],[-157.975676,21.37574],[-157.976093,21.375463],[-157.97611,21.375058],[-157.97601,21.375025],[-157.975962,21.374909],[-157.975274,21.374635],[-157.975043,21.374173],[-157.974904,21.372985],[-157.97458,21.37282],[-157.973348,21.371925],[-157.973553,21.371826],[-157.973623,21.371617],[-157.973717,21.371666],[-157.973729,21.371583],[-157.972568,21.370848],[-157.971374,21.370409],[-157.971351,21.370596],[-157.971003,21.370376],[-157.971073,21.370118],[-157.971197,21.370222],[-157.971267,21.370068],[-157.97019,21.369745],[-157.969673,21.369844],[-157.969126,21.369845],[-157.968985,21.369774],[-157.968247,21.370782],[-157.968588,21.370798],[-157.967828,21.372114],[-157.967663,21.371982],[-157.966726,21.373111],[-157.966938,21.373171],[-157.967044,21.375108],[-157.966692,21.375142],[-157.966714,21.375312]]],[[[-158.011099,21.380051],[-158.011026,21.380464],[-158.013625,21.379854],[-158.014305,21.379987],[-158.015024,21.379548],[-158.014903,21.379191],[-158.015824,21.378775],[-158.0181,21.377498],[-158.017809,21.376785],[-158.01811,21.376246],[-158.018622,21.375981],[-158.018116,21.375075],[-158.017391,21.375571],[-158.016737,21.377249],[-158.016509,21.377569],[-158.016065,21.377985],[-158.014655,21.378739],[-158.013674,21.379084],[-158.011047,21.37888],[-158.011135,21.379451],[-158.011099,21.380051]]],[[[-158.005422,21.380787],[-158.008888,21.380422],[-158.010424,21.380495],[-158.010546,21.379449],[-158.010451,21.378813],[-158.008552,21.37851],[-158.007034,21.3746],[-158.006236,21.375527],[-158.005729,21.37642],[-158.005009,21.377111],[-158.004732,21.377766],[-158.004749,21.379049],[-158.005127,21.379517],[-158.005422,21.380787]]],[[[-158.003844,21.380933],[-158.004829,21.380847],[-158.004577,21.37972],[-158.004168,21.379171],[-158.004144,21.377729],[-158.004485,21.376842],[-158.005257,21.376086],[-158.00547,21.375706],[-158.004863,21.375676],[-158.004005,21.375468],[-158.003786,21.375525],[-158.003502,21.375489],[-158.002853,21.37526],[-158.002748,21.375113],[-158.002753,21.374953],[-158.002868,21.374813],[-158.003051,21.374767],[-158.003735,21.374968],[-158.003883,21.374859],[-158.004053,21.374843],[-158.004292,21.374976],[-158.004954,21.375132],[-158.005383,21.375161],[-158.005873,21.375062],[-158.006535,21.374308],[-158.006781,21.373891],[-158.00671,21.373032],[-158.006646,21.372751],[-158.005684,21.372312],[-158.005366,21.372083],[-158.005415,21.371371],[-158.005071,21.370843],[-158.00463,21.370453],[-158.004091,21.370659],[-158.002817,21.370246],[-158.002327,21.369328],[-158.00316,21.367996],[-158.004305,21.367385],[-158.004352,21.367184],[-158.004118,21.366498],[-158.00403,21.365961],[-158.004163,21.364737],[-158.003282,21.364199],[-158.002949,21.364162],[-158.002643,21.363991],[-158.002354,21.363995],[-158.001686,21.363682],[-158.001059,21.362947],[-158.000866,21.362325],[-158.000421,21.36214],[-158.000047,21.360713],[-158.000386,21.359533],[-158.000773,21.358886],[-158.000824,21.35818],[-158.000312,21.357753],[-158.000138,21.357424],[-158.000113,21.357112],[-158.000002,21.357046],[-157.999673,21.357091],[-157.999525,21.356739],[-157.999164,21.356709],[-157.998628,21.356814],[-157.998207,21.357116],[-157.997848,21.357111],[-157.9975,21.357216],[-157.997245,21.357454],[-157.997046,21.357526],[-157.9969,21.358272],[-157.995444,21.359674],[-157.994056,21.359719],[-157.992643,21.359947],[-157.991499,21.360472],[-157.991329,21.360859],[-157.991329,21.361247],[-157.990817,21.361703],[-157.989405,21.362593],[-157.988942,21.362752],[-157.988358,21.362502],[-157.987384,21.362707],[-157.986361,21.362387],[-157.987019,21.360905],[-157.987311,21.359445],[-157.987214,21.359263],[-157.98697,21.358054],[-157.988139,21.357301],[-157.991693,21.357303],[-157.992313,21.357211],[-157.992587,21.357003],[-157.992914,21.356952],[-157.99296,21.356782],[-157.992815,21.356635],[-157.991537,21.356133],[-157.991036,21.355731],[-157.99059,21.355251],[-157.990159,21.355028],[-157.989522,21.354075],[-157.989395,21.352767],[-157.989199,21.352332],[-157.98912,21.351942],[-157.988784,21.351607],[-157.986908,21.351372],[-157.985713,21.351018],[-157.985184,21.351042],[-157.984779,21.351143],[-157.982779,21.352097],[-157.981715,21.352035],[-157.980755,21.351592],[-157.980277,21.351154],[-157.979903,21.350467],[-157.979849,21.350291],[-157.980024,21.34991],[-157.979787,21.349559],[-157.979066,21.348647],[-157.978724,21.348467],[-157.978511,21.348203],[-157.978458,21.348121],[-157.978522,21.348027],[-157.978415,21.347818],[-157.978156,21.347599],[-157.977998,21.347704],[-157.977921,21.34766],[-157.977342,21.347068],[-157.977281,21.346462],[-157.97698,21.346204],[-157.976857,21.346431],[-157.976793,21.34642],[-157.976257,21.346229],[-157.976232,21.346031],[-157.976009,21.346032],[-157.97589,21.345713],[-157.975923,21.345321],[-157.975545,21.344755],[-157.974884,21.344251],[-157.974674,21.343338],[-157.973516,21.342092],[-157.973375,21.341993],[-157.971504,21.341697],[-157.971399,21.34173],[-157.971324,21.343355],[-157.97123,21.343394],[-157.971266,21.344738],[-157.971443,21.34488],[-157.972084,21.344966],[-157.972191,21.345247],[-157.97215,21.345412],[-157.971745,21.345513],[-157.971605,21.345656],[-157.971854,21.346135],[-157.97182,21.346438],[-157.971545,21.346664],[-157.971516,21.346764],[-157.971865,21.347324],[-157.972125,21.347466],[-157.972337,21.347691],[-157.972758,21.3484],[-157.972875,21.349484],[-157.972549,21.350267],[-157.971621,21.351746],[-157.971002,21.352563],[-157.970939,21.352888],[-157.971248,21.353636],[-157.971232,21.354082],[-157.9715,21.354797],[-157.972097,21.3555],[-157.973015,21.355777],[-157.973522,21.356134],[-157.973853,21.356485],[-157.97409,21.356908],[-157.974052,21.357558],[-157.974126,21.358317],[-157.974227,21.358559],[-157.974192,21.358669],[-157.97454,21.358933],[-157.975075,21.358898],[-157.975259,21.359376],[-157.975113,21.359569],[-157.975319,21.359668],[-157.975633,21.359997],[-157.975931,21.360959],[-157.975838,21.361251],[-157.975288,21.361821],[-157.975155,21.362162],[-157.975105,21.362867],[-157.975224,21.363296],[-157.975257,21.36393],[-157.975143,21.36469],[-157.97538,21.365129],[-157.975375,21.365278],[-157.975146,21.365312],[-157.975099,21.365384],[-157.9751,21.365599],[-157.977553,21.36608],[-157.977742,21.366189],[-157.977943,21.366535],[-157.978103,21.366667],[-157.978243,21.366611],[-157.978178,21.366518],[-157.978331,21.36644],[-157.978912,21.366306],[-157.979088,21.366058],[-157.979638,21.365643],[-157.98106,21.365483],[-157.981553,21.36535],[-157.982,21.365381],[-157.982359,21.365528],[-157.982732,21.36594],[-157.983268,21.366252],[-157.983943,21.367356],[-157.984607,21.367627],[-157.985819,21.368784],[-157.986198,21.368921],[-157.986709,21.368798],[-157.987219,21.369276],[-157.987569,21.369782],[-157.988561,21.370916],[-157.989378,21.372459],[-157.989946,21.373675],[-157.990074,21.374117],[-157.990381,21.374043],[-157.991131,21.374104],[-157.992362,21.373358],[-157.989004,21.367708],[-157.996649,21.36276],[-158.002578,21.374731],[-158.003844,21.380933]]],[[[-157.99096,21.374758],[-157.990986,21.375881],[-157.991445,21.377554],[-157.991815,21.382512],[-157.992008,21.383138],[-157.992288,21.383651],[-157.992825,21.383586],[-157.993378,21.383322],[-157.994351,21.38315],[-157.996138,21.382197],[-157.997308,21.381679],[-157.992649,21.373841],[-157.991461,21.374587],[-157.991018,21.374659],[-157.990484,21.374599],[-157.99096,21.374758]]],[[[-158.128895,21.383717],[-158.129304,21.383973],[-158.129656,21.383366],[-158.129969,21.383217],[-158.130412,21.383175],[-158.130885,21.383254],[-158.131796,21.38364],[-158.133337,21.381996],[-158.134103,21.38144],[-158.134558,21.381147],[-158.135739,21.380874],[-158.136025,21.380468],[-158.136025,21.380238],[-158.135763,21.379492],[-158.135736,21.379113],[-158.135861,21.378704],[-158.136104,21.378268],[-158.135975,21.378121],[-158.136261,21.377861],[-158.137638,21.377143],[-158.137972,21.376789],[-158.137989,21.376428],[-158.137848,21.376108],[-158.13889,21.375706],[-158.136218,21.371551],[-158.136882,21.371252],[-158.135703,21.369298],[-158.13543,21.368207],[-158.134813,21.368428],[-158.134483,21.368363],[-158.134295,21.368213],[-158.134274,21.36802],[-158.134379,21.367873],[-158.134558,21.367816],[-158.134767,21.367868],[-158.134965,21.367744],[-158.135269,21.367677],[-158.135233,21.36758],[-158.134917,21.366919],[-158.13211,21.362038],[-158.131277,21.360218],[-158.130741,21.360408],[-158.130218,21.362412],[-158.132694,21.365567],[-158.133574,21.367573],[-158.13482,21.371582],[-158.135887,21.376027],[-158.128895,21.383717]]],[[[-157.976143,21.378192],[-157.975637,21.378389],[-157.974909,21.378507],[-157.975185,21.381165],[-157.975275,21.381447],[-157.977717,21.384164],[-157.977774,21.383574],[-157.977554,21.381945],[-157.977828,21.381375],[-157.978085,21.380445],[-157.978481,21.379926],[-157.976947,21.379092],[-157.977598,21.378662],[-157.976143,21.378192]]],[[[-157.982302,21.391891],[-157.98615,21.390212],[-157.987306,21.389285],[-157.987986,21.388922],[-157.988645,21.389311],[-157.989302,21.389589],[-157.990093,21.389482],[-157.991742,21.389075],[-157.992709,21.387654],[-157.992798,21.386005],[-157.993233,21.384565],[-157.993882,21.383778],[-157.99354,21.383852],[-157.993003,21.384113],[-157.99257,21.384167],[-157.992392,21.384529],[-157.992767,21.385537],[-157.9927,21.385998],[-157.992144,21.387143],[-157.991582,21.387573],[-157.990434,21.388146],[-157.98921,21.388361],[-157.987041,21.388385],[-157.984262,21.388595],[-157.983901,21.388959],[-157.983905,21.38989],[-157.983662,21.390624],[-157.98342,21.390905],[-157.982966,21.391078],[-157.982659,21.391103],[-157.982577,21.391558],[-157.982385,21.391709],[-157.982179,21.391728],[-157.982034,21.391643],[-157.981962,21.39148],[-157.982001,21.391126],[-157.982127,21.390828],[-157.982366,21.390615],[-157.982771,21.390544],[-157.983141,21.390365],[-157.983322,21.389801],[-157.983341,21.38873],[-157.983966,21.388093],[-157.984311,21.386043],[-157.984311,21.385207],[-157.983979,21.3848],[-157.983622,21.384538],[-157.982256,21.382455],[-157.981326,21.381424],[-157.98013,21.379913],[-157.979735,21.379783],[-157.979414,21.380433],[-157.979003,21.38021],[-157.978628,21.380657],[-157.978398,21.381516],[-157.978137,21.382031],[-157.97826,21.382656],[-157.978368,21.383982],[-157.978137,21.384631],[-157.980175,21.384896],[-157.980661,21.386514],[-157.980606,21.38733],[-157.980426,21.388141],[-157.979961,21.389273],[-157.980272,21.389937],[-157.980295,21.390614],[-157.980539,21.391146],[-157.980837,21.391169],[-157.982302,21.391891]]],[[[-158.142845,21.399018],[-158.142559,21.403074],[-158.144742,21.404315],[-158.145008,21.403685],[-158.145104,21.403157],[-158.145356,21.402447],[-158.145627,21.401153],[-158.145698,21.400724],[-158.145625,21.400018],[-158.145705,21.399544],[-158.146015,21.399284],[-158.146821,21.398895],[-158.146651,21.397916],[-158.146772,21.397484],[-158.147001,21.397179],[-158.14714,21.397081],[-158.147463,21.397043],[-158.148197,21.397229],[-158.14733,21.396299],[-158.147192,21.395732],[-158.147376,21.395105],[-158.147555,21.394886],[-158.148025,21.394587],[-158.148467,21.3946],[-158.149079,21.394829],[-158.149258,21.394987],[-158.149667,21.395052],[-158.150132,21.395275],[-158.150665,21.395746],[-158.151195,21.396353],[-158.151555,21.395911],[-158.152169,21.395586],[-158.152377,21.395337],[-158.1522,21.39516],[-158.151929,21.394283],[-158.152224,21.394024],[-158.150281,21.392389],[-158.150019,21.391954],[-158.148683,21.390818],[-158.147917,21.387159],[-158.14738,21.386702],[-158.146463,21.386446],[-158.144958,21.384902],[-158.144522,21.38522],[-158.143828,21.384607],[-158.143986,21.384476],[-158.141452,21.382204],[-158.142931,21.381055],[-158.139808,21.378384],[-158.137667,21.380035],[-158.1365,21.378715],[-158.136326,21.379142],[-158.136334,21.379357],[-158.136598,21.380107],[-158.136606,21.380589],[-158.136414,21.380988],[-158.13612,21.381298],[-158.135634,21.381507],[-158.13479,21.38166],[-158.134454,21.381882],[-158.133777,21.382365],[-158.132661,21.383611],[-158.132034,21.384158],[-158.131604,21.384165],[-158.130675,21.38377],[-158.130165,21.383739],[-158.129929,21.383979],[-158.129823,21.384298],[-158.132231,21.385804],[-158.134665,21.385448],[-158.135295,21.385261],[-158.137316,21.383443],[-158.139898,21.385833],[-158.140952,21.38708],[-158.14179,21.386554],[-158.142687,21.386806],[-158.143284,21.38678],[-158.146439,21.391747],[-158.143143,21.39283],[-158.142845,21.399018]]],[[[-158.156337,21.435276],[-158.157521,21.437241],[-158.158672,21.436908],[-158.159476,21.43636],[-158.162142,21.433872],[-158.16268,21.433449],[-158.163256,21.433152],[-158.164754,21.432794],[-158.166459,21.432581],[-158.168166,21.432812],[-158.168727,21.432812],[-158.168332,21.43229],[-158.170402,21.430612],[-158.173303,21.428707],[-158.172833,21.426749],[-158.171626,21.426898],[-158.170322,21.424653],[-158.16894,21.421333],[-158.169138,21.416171],[-158.172115,21.408999],[-158.1749,21.407057],[-158.174611,21.405784],[-158.175315,21.405648],[-158.174999,21.40433],[-158.176114,21.404105],[-158.176408,21.403481],[-158.176537,21.403014],[-158.1764,21.402445],[-158.17556,21.401559],[-158.174121,21.400339],[-158.172667,21.399262],[-158.171275,21.398622],[-158.169916,21.398293],[-158.16693,21.397905],[-158.165741,21.397625],[-158.16544,21.398265],[-158.162496,21.39736],[-158.161477,21.398191],[-158.160558,21.398536],[-158.159855,21.39777],[-158.159152,21.397583],[-158.158884,21.396972],[-158.155872,21.395017],[-158.155404,21.395081],[-158.154518,21.395489],[-158.1538,21.3961],[-158.153141,21.395413],[-158.152551,21.396007],[-158.151943,21.396327],[-158.15151,21.396832],[-158.15121,21.396907],[-158.150962,21.396869],[-158.150707,21.396698],[-158.150222,21.39611],[-158.149653,21.395635],[-158.149031,21.395501],[-158.148762,21.395299],[-158.148214,21.395119],[-158.147878,21.395394],[-158.147792,21.395844],[-158.147857,21.39602],[-158.148696,21.396898],[-158.148785,21.397135],[-158.148777,21.397419],[-158.148655,21.397646],[-158.148434,21.397781],[-158.148017,21.397768],[-158.147396,21.3976],[-158.147239,21.397976],[-158.147397,21.398738],[-158.14737,21.399113],[-158.147182,21.399369],[-158.146242,21.399817],[-158.146287,21.400726],[-158.146206,21.401254],[-158.145574,21.403838],[-158.145257,21.404581],[-158.146854,21.405515],[-158.148874,21.398942],[-158.153174,21.398864],[-158.15394,21.398175],[-158.155716,21.399505],[-158.156416,21.399154],[-158.163893,21.399937],[-158.16746,21.399039],[-158.170751,21.39947],[-158.174079,21.401405],[-158.174833,21.402274],[-158.174546,21.402695],[-158.170952,21.405188],[-158.166887,21.405976],[-158.166916,21.407759],[-158.164763,21.408246],[-158.164838,21.408565],[-158.164589,21.408931],[-158.164695,21.411465],[-158.163138,21.411228],[-158.16168,21.411843],[-158.160759,21.414337],[-158.16073,21.415302],[-158.158131,21.418046],[-158.162293,21.42125],[-158.166795,21.424538],[-158.166525,21.427128],[-158.166862,21.430719],[-158.159974,21.43213],[-158.156337,21.435276]]],[[[-158.160995,21.438616],[-158.160948,21.438827],[-158.161688,21.438715],[-158.162631,21.438454],[-158.163798,21.438489],[-158.164075,21.438374],[-158.165548,21.437182],[-158.1653,21.437039],[-158.164687,21.437187],[-158.164414,21.437181],[-158.163815,21.436808],[-158.163501,21.436707],[-158.161151,21.437896],[-158.161271,21.438022],[-158.16129,21.43819],[-158.160995,21.438616]]],[[[-158.160383,21.436303],[-158.159287,21.437217],[-158.1589,21.437416],[-158.157823,21.437742],[-158.158177,21.43833],[-158.156981,21.439303],[-158.158482,21.439546],[-158.158701,21.43893],[-158.158892,21.438673],[-158.159322,21.43838],[-158.159887,21.438304],[-158.159936,21.437954],[-158.160065,21.437797],[-158.163315,21.436182],[-158.163561,21.43615],[-158.163864,21.436213],[-158.164569,21.436646],[-158.165287,21.436487],[-158.165621,21.436546],[-158.165951,21.43672],[-158.16621,21.436646],[-158.166693,21.436322],[-158.169181,21.433411],[-158.169114,21.433322],[-158.168121,21.433361],[-158.166502,21.433131],[-158.164866,21.433334],[-158.163515,21.433647],[-158.16299,21.433918],[-158.162536,21.43428],[-158.160383,21.436303]]],[[[-158.160402,21.438583],[-158.160168,21.438798],[-158.159464,21.438929],[-158.159227,21.439177],[-158.15908,21.439643],[-158.159456,21.439704],[-158.160342,21.438851],[-158.160402,21.438583]]],[[[-158.16231,21.439089],[-158.160953,21.439419],[-158.16057,21.439628],[-158.16042,21.439861],[-158.161849,21.440093],[-158.163763,21.441843],[-158.164486,21.442006],[-158.165546,21.441949],[-158.166149,21.440787],[-158.167461,21.438916],[-158.167518,21.438541],[-158.167325,21.438174],[-158.166755,21.437613],[-158.166551,21.437095],[-158.166206,21.437239],[-158.165892,21.437643],[-158.164348,21.438863],[-158.163648,21.43907],[-158.162903,21.438997],[-158.16231,21.439089]]],[[[-158.181605,21.447133],[-158.181999,21.447171],[-158.182693,21.447455],[-158.183853,21.448568],[-158.184939,21.449162],[-158.185445,21.449518],[-158.186199,21.44952],[-158.187271,21.44932],[-158.186991,21.449131],[-158.186807,21.448712],[-158.18673,21.448112],[-158.185993,21.446362],[-158.187014,21.445872],[-158.185764,21.443172],[-158.187088,21.442749],[-158.185998,21.4394],[-158.185182,21.439607],[-158.184767,21.438318],[-158.183212,21.434963],[-158.182625,21.435109],[-158.182059,21.434218],[-158.18177,21.433416],[-158.182101,21.432533],[-158.18203,21.431172],[-158.180425,21.429762],[-158.179293,21.429196],[-158.17847,21.429104],[-158.177066,21.429117],[-158.176212,21.429292],[-158.175549,21.429719],[-158.174768,21.430613],[-158.174085,21.4309],[-158.17343,21.431066],[-158.173047,21.43129],[-158.172705,21.431626],[-158.172065,21.432546],[-158.171641,21.432834],[-158.170172,21.433145],[-158.16728,21.436453],[-158.167132,21.436848],[-158.167165,21.437155],[-158.167971,21.438109],[-158.168108,21.438511],[-158.168088,21.438835],[-158.167841,21.439409],[-158.166655,21.441067],[-158.166257,21.441818],[-158.16703,21.441598],[-158.167497,21.441102],[-158.170347,21.440478],[-158.173626,21.431953],[-158.177807,21.430013],[-158.178554,21.430046],[-158.179489,21.429558],[-158.181294,21.431108],[-158.180124,21.436105],[-158.177668,21.436715],[-158.177756,21.437264],[-158.17757,21.437747],[-158.178071,21.440127],[-158.177643,21.44025],[-158.178039,21.44126],[-158.178712,21.441544],[-158.180427,21.442073],[-158.182234,21.442537],[-158.182859,21.442432],[-158.183023,21.442747],[-158.180693,21.44408],[-158.178259,21.446945],[-158.176474,21.448308],[-158.177079,21.448765],[-158.178026,21.447787],[-158.178652,21.447459],[-158.17986,21.44724],[-158.181605,21.447133]]],[[[-158.178656,21.454226],[-158.179494,21.454386],[-158.182149,21.455098],[-158.183083,21.453426],[-158.184176,21.451184],[-158.185312,21.450058],[-158.183785,21.449219],[-158.183248,21.448785],[-158.182605,21.4481],[-158.182346,21.447901],[-158.181837,21.447702],[-158.179931,21.447786],[-158.179179,21.447887],[-158.178414,21.448201],[-158.177538,21.449111],[-158.180122,21.45106],[-158.179816,21.452777],[-158.178115,21.453155],[-158.177781,21.45354],[-158.177706,21.454383],[-158.178656,21.454226]]],[[[-158.177583,21.455787],[-158.179212,21.458261],[-158.179702,21.458758],[-158.180602,21.458873],[-158.181134,21.458109],[-158.181308,21.456705],[-158.181884,21.455602],[-158.179337,21.454917],[-158.17845,21.454781],[-158.177658,21.454931],[-158.177583,21.455787]]],[[[-158.180628,21.459695],[-158.180731,21.459716],[-158.180602,21.459424],[-158.180339,21.459403],[-158.180628,21.459695]]],[[[-158.194946,21.460905],[-158.198582,21.461268],[-158.199567,21.46315],[-158.200155,21.463453],[-158.200071,21.464522],[-158.200174,21.464592],[-158.200433,21.464198],[-158.200882,21.463761],[-158.201924,21.463252],[-158.201975,21.462348],[-158.20218,21.461885],[-158.202497,21.461562],[-158.199897,21.45958],[-158.197953,21.457919],[-158.197953,21.457568],[-158.193981,21.454703],[-158.192371,21.453295],[-158.187761,21.449716],[-158.187113,21.449941],[-158.186195,21.450072],[-158.18538,21.450731],[-158.184767,21.45134],[-158.183611,21.453669],[-158.182083,21.456417],[-158.181822,21.457055],[-158.181836,21.457599],[-158.181686,21.458306],[-158.181126,21.45913],[-158.181372,21.459843],[-158.181767,21.459921],[-158.183458,21.46056],[-158.185219,21.460128],[-158.189804,21.457838],[-158.194946,21.460905]]],[[[-158.215578,21.475324],[-158.216087,21.475381],[-158.217047,21.475762],[-158.217883,21.475816],[-158.218408,21.476082],[-158.218841,21.476097],[-158.219216,21.475995],[-158.214093,21.466294],[-158.212358,21.467075],[-158.20764,21.462405],[-158.207531,21.462333],[-158.206985,21.462976],[-158.205497,21.461367],[-158.204113,21.46283],[-158.202942,21.461924],[-158.20271,21.462148],[-158.202537,21.462513],[-158.202533,21.463231],[-158.202396,21.46359],[-158.201242,21.464199],[-158.200897,21.464537],[-158.20065,21.464915],[-158.20173,21.465651],[-158.200965,21.466627],[-158.20433,21.468971],[-158.205179,21.469968],[-158.206869,21.468725],[-158.209564,21.468594],[-158.209896,21.468766],[-158.210854,21.468389],[-158.211976,21.469667],[-158.211919,21.47008],[-158.212101,21.470439],[-158.212597,21.470581],[-158.212806,21.471081],[-158.212349,21.472078],[-158.214194,21.474287],[-158.214231,21.475276],[-158.214611,21.475373],[-158.215578,21.475324]]],[[[-158.214274,21.479538],[-158.215187,21.480075],[-158.21556,21.480167],[-158.215938,21.480072],[-158.216646,21.479718],[-158.217057,21.479598],[-158.218681,21.479434],[-158.219572,21.47945],[-158.219914,21.479328],[-158.219985,21.47912],[-158.21967,21.478044],[-158.218643,21.476662],[-158.218241,21.476612],[-158.217692,21.476339],[-158.216878,21.476298],[-158.215933,21.475913],[-158.214579,21.475923],[-158.214253,21.475862],[-158.214289,21.47682],[-158.213207,21.478456],[-158.213763,21.479104],[-158.214274,21.479538]]],[[[-158.226028,21.481581],[-158.227789,21.483379],[-158.228499,21.485089],[-158.228661,21.488014],[-158.226153,21.492559],[-158.225386,21.49714],[-158.22686,21.49704],[-158.229057,21.490401],[-158.229363,21.488173],[-158.229803,21.486904],[-158.229787,21.484705],[-158.229889,21.484263],[-158.230361,21.484262],[-158.230346,21.483044],[-158.229834,21.482089],[-158.227776,21.480323],[-158.227584,21.479798],[-158.2266,21.478987],[-158.225833,21.478617],[-158.225438,21.478725],[-158.22517,21.478953],[-158.224865,21.479598],[-158.223397,21.479066],[-158.221505,21.478217],[-158.220677,21.479401],[-158.220571,21.479257],[-158.220546,21.479482],[-158.220185,21.479821],[-158.219646,21.479998],[-158.218731,21.479983],[-158.217146,21.480143],[-158.216157,21.480584],[-158.21559,21.480718],[-158.215073,21.48064],[-158.213917,21.479977],[-158.213342,21.479489],[-158.212955,21.479037],[-158.21297,21.479955],[-158.214744,21.48152],[-158.216649,21.481632],[-158.217967,21.481621],[-158.221151,21.480537],[-158.223186,21.480092],[-158.226028,21.481581]]],[[[-158.225019,21.498926],[-158.22481,21.500011],[-158.225654,21.500704],[-158.226898,21.501123],[-158.226994,21.505029],[-158.227928,21.504953],[-158.22822,21.501288],[-158.225998,21.499646],[-158.226674,21.497604],[-158.225242,21.497674],[-158.225019,21.498926]]],[[[-158.22333,21.525831],[-158.223811,21.526116],[-158.224304,21.526614],[-158.22462,21.526782],[-158.225468,21.526662],[-158.225411,21.52575],[-158.227768,21.525764],[-158.227432,21.524009],[-158.227379,21.523187],[-158.22747,21.522331],[-158.22787,21.52061],[-158.227901,21.517849],[-158.224194,21.5126],[-158.226668,21.508282],[-158.227855,21.506685],[-158.227905,21.50551],[-158.227007,21.505584],[-158.227031,21.506568],[-158.224074,21.507623],[-158.222482,21.509107],[-158.221987,21.513168],[-158.226694,21.518867],[-158.224304,21.5251],[-158.22333,21.525831]]],[[[-158.22289,21.531405],[-158.223082,21.531344],[-158.223543,21.531354],[-158.223931,21.530968],[-158.224324,21.53077],[-158.225701,21.530456],[-158.225502,21.527213],[-158.224616,21.527335],[-158.224267,21.527259],[-158.223914,21.527026],[-158.22343,21.526536],[-158.222836,21.526226],[-158.222417,21.526565],[-158.22289,21.531405]]],[[[-158.222991,21.531968],[-158.225808,21.534435],[-158.226167,21.534849],[-158.226724,21.534545],[-158.227317,21.534432],[-158.227983,21.534169],[-158.227463,21.531387],[-158.225782,21.531718],[-158.225735,21.531007],[-158.225384,21.531051],[-158.224322,21.531382],[-158.223789,21.53186],[-158.223517,21.531927],[-158.223169,21.531891],[-158.222991,21.531968]]],[[[-158.228045,21.534717],[-158.227471,21.534965],[-158.226957,21.535051],[-158.226549,21.535288],[-158.227331,21.536188],[-158.230556,21.538081],[-158.237775,21.544454],[-158.238389,21.545081],[-158.238852,21.54547],[-158.239037,21.545353],[-158.237899,21.544413],[-158.235934,21.542013],[-158.232903,21.539682],[-158.229097,21.536262],[-158.228561,21.535615],[-158.228123,21.534712],[-158.228045,21.534717]]],[[[-158.239303,21.545844],[-158.238844,21.546484],[-158.238856,21.547247],[-158.238533,21.548055],[-158.238387,21.548611],[-158.238395,21.548908],[-158.238823,21.547817],[-158.239051,21.546844],[-158.239407,21.546686],[-158.239379,21.545805],[-158.239303,21.545844]]]]},"properties":{}},{"type":"Feature","id":33,"geometry":{"type":"MultiPolygon","coordinates":[[[[-157.842842,21.508334],[-157.841115,21.509189],[-157.839703,21.509725],[-157.839884,21.510876],[-157.839779,21.511242],[-157.840455,21.516051],[-157.839992,21.516227],[-157.838963,21.516844],[-157.838675,21.517285],[-157.837785,21.518287],[-157.837705,21.519584],[-157.837129,21.519985],[-157.836883,21.523194],[-157.837128,21.531321],[-157.837584,21.531856],[-157.838174,21.534109],[-157.838368,21.534322],[-157.840106,21.535675],[-157.84404,21.536421],[-157.844941,21.53855],[-157.847234,21.539876],[-157.84727,21.539128],[-157.84686,21.538362],[-157.846787,21.537938],[-157.846842,21.537619],[-157.846398,21.537089],[-157.846323,21.536894],[-157.846352,21.536624],[-157.846634,21.536115],[-157.846597,21.535593],[-157.846996,21.535104],[-157.845974,21.534903],[-157.840957,21.534485],[-157.839151,21.534043],[-157.838302,21.531284],[-157.83806,21.52786],[-157.838107,21.520259],[-157.83831,21.519396],[-157.839145,21.518767],[-157.844859,21.515683],[-157.846217,21.513923],[-157.849486,21.51256],[-157.853967,21.509653],[-157.854931,21.508681],[-157.854619,21.508563],[-157.854214,21.508261],[-157.85279,21.506678],[-157.851922,21.506174],[-157.851859,21.506326],[-157.851876,21.507263],[-157.851258,21.508112],[-157.849667,21.507288],[-157.847444,21.507457],[-157.845588,21.507725],[-157.845117,21.507969],[-157.844829,21.50792],[-157.843496,21.508065],[-157.842842,21.508334]]],[[[-157.844964,21.481219],[-157.846597,21.481447],[-157.846849,21.481218],[-157.848208,21.48125],[-157.848568,21.481159],[-157.848898,21.480952],[-157.847705,21.479011],[-157.846172,21.478835],[-157.844003,21.47898],[-157.844283,21.479362],[-157.844675,21.481251],[-157.844964,21.481219]]],[[[-157.850523,21.488109],[-157.850483,21.488516],[-157.854569,21.487304],[-157.855042,21.487396],[-157.855639,21.486967],[-157.856172,21.48674],[-157.856777,21.486809],[-157.857512,21.487255],[-157.858168,21.485084],[-157.851945,21.484117],[-157.849931,21.482631],[-157.849687,21.482235],[-157.84948,21.482165],[-157.849238,21.481915],[-157.84909,21.481491],[-157.848788,21.48167],[-157.848285,21.481796],[-157.847098,21.481751],[-157.846948,21.481918],[-157.846732,21.482018],[-157.844991,21.48177],[-157.844787,21.481793],[-157.844918,21.482422],[-157.845377,21.483258],[-157.846554,21.484029],[-157.847335,21.483936],[-157.847718,21.483765],[-157.849445,21.485089],[-157.850143,21.485417],[-157.850558,21.486382],[-157.850523,21.488109]]],[[[-157.85175,21.493775],[-157.85216,21.493773],[-157.854577,21.490876],[-157.856631,21.490172],[-157.857345,21.487806],[-157.856659,21.487365],[-157.856248,21.487288],[-157.855222,21.487923],[-157.855018,21.487957],[-157.854645,21.48786],[-157.850428,21.489085],[-157.850406,21.489312],[-157.850558,21.489673],[-157.850611,21.490383],[-157.85056,21.491187],[-157.850665,21.491361],[-157.851067,21.491496],[-157.851214,21.491731],[-157.851247,21.493624],[-157.85175,21.493775]]],[[[-157.84869,21.492339],[-157.848905,21.492899],[-157.849004,21.493817],[-157.850731,21.496246],[-157.851344,21.497414],[-157.851526,21.498534],[-157.851709,21.49911],[-157.852688,21.500667],[-157.853037,21.501009],[-157.852737,21.501523],[-157.852786,21.501989],[-157.853151,21.503079],[-157.853067,21.504168],[-157.852651,21.504432],[-157.852147,21.505638],[-157.853149,21.50624],[-157.853474,21.506527],[-157.853984,21.507211],[-157.85464,21.507881],[-157.854929,21.508094],[-157.85511,21.508141],[-157.855375,21.507939],[-157.855823,21.506803],[-157.855922,21.505412],[-157.855754,21.504236],[-157.85551,21.503648],[-157.854087,21.501191],[-157.852747,21.498279],[-157.851277,21.49483],[-157.851698,21.494326],[-157.851065,21.494169],[-157.850697,21.49386],[-157.850644,21.491911],[-157.850476,21.491898],[-157.850229,21.491744],[-157.849988,21.491345],[-157.849998,21.49007],[-157.848791,21.490597],[-157.84869,21.492339]]],[[[-157.847276,21.535659],[-157.84718,21.53577],[-157.84721,21.536237],[-157.847099,21.536557],[-157.84691,21.536811],[-157.847281,21.537202],[-157.847405,21.537444],[-157.847424,21.538201],[-157.847698,21.538617],[-157.847858,21.539078],[-157.847869,21.53975],[-157.84766,21.540739],[-157.848433,21.547334],[-157.848912,21.548175],[-157.84907,21.549667],[-157.850875,21.551335],[-157.852202,21.553027],[-157.852601,21.5534],[-157.852206,21.553795],[-157.853858,21.555464],[-157.854172,21.55608],[-157.854485,21.556211],[-157.85512,21.556218],[-157.855135,21.555739],[-157.855425,21.555346],[-157.854179,21.555012],[-157.853685,21.554529],[-157.854381,21.553694],[-157.853076,21.552402],[-157.852497,21.551301],[-157.850728,21.549375],[-157.849029,21.539722],[-157.849302,21.536535],[-157.848709,21.536039],[-157.848316,21.535943],[-157.847952,21.535706],[-157.847276,21.535659]]],[[[-157.862116,21.558701],[-157.861851,21.558457],[-157.856187,21.55555],[-157.85606,21.555516],[-157.855711,21.5559],[-157.855711,21.556224],[-157.857154,21.55624],[-157.860144,21.558341],[-157.861039,21.558687],[-157.861889,21.55861],[-157.862116,21.558701]]]]},"properties":{}},{"type":"Feature","id":34,"geometry":{"type":"MultiPolygon","coordinates":[[[[-158.061017,21.645138],[-158.060517,21.646471],[-158.059333,21.650153],[-158.058315,21.652809],[-158.059864,21.650555],[-158.062066,21.649842],[-158.062454,21.648133],[-158.061358,21.647973],[-158.063741,21.644629],[-158.063814,21.644135],[-158.063696,21.643627],[-158.063532,21.643399],[-158.063233,21.643544],[-158.062732,21.643641],[-158.062371,21.643571],[-158.062025,21.643383],[-158.061944,21.643135],[-158.06212,21.642934],[-158.062309,21.642922],[-158.062745,21.643087],[-158.063146,21.64297],[-158.062145,21.642118],[-158.060352,21.640966],[-158.060098,21.640608],[-158.060028,21.640212],[-158.05757,21.637978],[-158.057038,21.637763],[-158.056879,21.63755],[-158.056883,21.637361],[-158.056747,21.637239],[-158.056933,21.637063],[-158.056182,21.636576],[-158.055565,21.636631],[-158.055242,21.636548],[-158.054838,21.636292],[-158.054627,21.635837],[-158.053699,21.635881],[-158.0535,21.636193],[-158.053243,21.636427],[-158.052581,21.636662],[-158.051973,21.636623],[-158.051349,21.636238],[-158.051265,21.635948],[-158.051469,21.635766],[-158.051662,21.635779],[-158.052152,21.636091],[-158.052493,21.636116],[-158.05288,21.635992],[-158.053397,21.635402],[-158.053715,21.635293],[-158.054346,21.635303],[-158.053685,21.634309],[-158.053485,21.63413],[-158.053115,21.633948],[-158.05086,21.633212],[-158.050343,21.632942],[-158.049915,21.632566],[-158.049723,21.63228],[-158.049684,21.632124],[-158.049744,21.631975],[-158.049901,21.631876],[-158.05009,21.631888],[-158.050667,21.632481],[-158.051093,21.632705],[-158.053335,21.633437],[-158.053862,21.633706],[-158.054157,21.633978],[-158.054758,21.634827],[-158.055323,21.635963],[-158.055482,21.636044],[-158.056368,21.63604],[-158.05693,21.636441],[-158.057451,21.636706],[-158.058491,21.63592],[-158.058746,21.636181],[-158.058921,21.636127],[-158.059085,21.636173],[-158.059403,21.636852],[-158.061471,21.638967],[-158.062193,21.639065],[-158.062582,21.639021],[-158.063996,21.6385],[-158.064852,21.638001],[-158.06611,21.637901],[-158.066786,21.637596],[-158.067084,21.637321],[-158.067759,21.636351],[-158.067959,21.634833],[-158.068709,21.633946],[-158.068902,21.632216],[-158.070836,21.628434],[-158.071788,21.628817],[-158.072773,21.627896],[-158.071001,21.626487],[-158.070856,21.626247],[-158.070924,21.626037],[-158.071135,21.62594],[-158.071331,21.625999],[-158.07319,21.627506],[-158.074057,21.626695],[-158.074191,21.624407],[-158.078931,21.620587],[-158.077452,21.619791],[-158.077277,21.619567],[-158.077345,21.619332],[-158.077509,21.619244],[-158.077696,21.619267],[-158.079382,21.620207],[-158.083021,21.61714],[-158.084241,21.616444],[-158.083107,21.615478],[-158.082351,21.615039],[-158.081883,21.61496],[-158.081411,21.615107],[-158.081138,21.615085],[-158.080977,21.614819],[-158.081079,21.614631],[-158.081806,21.614413],[-158.082567,21.614525],[-158.08347,21.615043],[-158.084628,21.616021],[-158.084814,21.616117],[-158.085205,21.615893],[-158.0865,21.612831],[-158.085914,21.612441],[-158.09071,21.603733],[-158.090029,21.603459],[-158.089823,21.603461],[-158.089342,21.603625],[-158.089064,21.603622],[-158.088894,21.603483],[-158.088935,21.60318],[-158.089677,21.602927],[-158.090078,21.60291],[-158.090633,21.603054],[-158.090979,21.603243],[-158.092846,21.599853],[-158.09853,21.598176],[-158.098862,21.594814],[-158.097065,21.594815],[-158.09481,21.593864],[-158.091002,21.592887],[-158.089446,21.590662],[-158.087376,21.590412],[-158.08664,21.590169],[-158.085831,21.590076],[-158.085453,21.590137],[-158.085027,21.590313],[-158.084625,21.590603],[-158.084069,21.59116],[-158.083487,21.591569],[-158.082995,21.591722],[-158.082561,21.591677],[-158.082062,21.591294],[-158.081885,21.591009],[-158.081091,21.588666],[-158.080831,21.588303],[-158.080744,21.588296],[-158.079913,21.588804],[-158.079397,21.588936],[-158.079114,21.588816],[-158.079064,21.588663],[-158.079114,21.58851],[-158.079246,21.588409],[-158.079664,21.588305],[-158.080207,21.587989],[-158.080305,21.587721],[-158.080465,21.587597],[-158.080672,21.587604],[-158.080854,21.587748],[-158.081198,21.587871],[-158.081464,21.588124],[-158.081691,21.588551],[-158.081966,21.589553],[-158.082424,21.590785],[-158.082776,21.591161],[-158.083209,21.591083],[-158.08398,21.590459],[-158.083467,21.589841],[-158.083336,21.58947],[-158.083389,21.588808],[-158.083514,21.588675],[-158.083699,21.58864],[-158.083855,21.588706],[-158.083945,21.588842],[-158.083922,21.589389],[-158.083979,21.589565],[-158.084399,21.590071],[-158.08502,21.589689],[-158.085988,21.589512],[-158.086778,21.589633],[-158.087491,21.58987],[-158.089648,21.590141],[-158.089697,21.590092],[-158.092892,21.592336],[-158.094204,21.591823],[-158.095686,21.592114],[-158.0996,21.592048],[-158.101501,21.591458],[-158.102759,21.591195],[-158.102719,21.591044],[-158.103171,21.587288],[-158.103598,21.585594],[-158.103437,21.585494],[-158.103677,21.58423],[-158.102781,21.58423],[-158.103176,21.581893],[-158.10513,21.582362],[-158.105808,21.581349],[-158.106493,21.580814],[-158.106224,21.580301],[-158.105834,21.580558],[-158.105501,21.58062],[-158.105112,21.580515],[-158.103418,21.580458],[-158.103429,21.580397],[-158.102558,21.580818],[-158.102315,21.581125],[-158.102142,21.581183],[-158.101527,21.581138],[-158.100707,21.580905],[-158.100334,21.580922],[-158.099781,21.581105],[-158.099187,21.582122],[-158.098725,21.58263],[-158.098466,21.582797],[-158.097983,21.582958],[-158.097216,21.582949],[-158.096081,21.583282],[-158.095477,21.583253],[-158.093167,21.582491],[-158.09281,21.582304],[-158.091555,21.581274],[-158.090939,21.58088],[-158.092831,21.584956],[-158.097617,21.584639],[-158.09875,21.586635],[-158.099661,21.587562],[-158.099327,21.589431],[-158.095986,21.591238],[-158.089251,21.589052],[-158.080768,21.586445],[-158.073922,21.587213],[-158.08021,21.592563],[-158.087305,21.591737],[-158.089733,21.593426],[-158.094114,21.594985],[-158.095695,21.595129],[-158.09491,21.597245],[-158.092565,21.597587],[-158.089916,21.600527],[-158.089201,21.601529],[-158.087987,21.602797],[-158.087751,21.603543],[-158.08832,21.604037],[-158.088903,21.604172],[-158.086476,21.607161],[-158.083222,21.611402],[-158.079911,21.614264],[-158.079637,21.614871],[-158.081993,21.616562],[-158.081964,21.617797],[-158.080784,21.619021],[-158.079038,21.619268],[-158.077811,21.618611],[-158.076531,21.619582],[-158.077538,21.620737],[-158.076017,21.621311],[-158.073296,21.622686],[-158.072557,21.622769],[-158.072402,21.623631],[-158.070959,21.625029],[-158.070423,21.625209],[-158.069823,21.62638],[-158.070002,21.626738],[-158.06889,21.62887],[-158.068453,21.630236],[-158.0672,21.631254],[-158.065914,21.635383],[-158.06618,21.636664],[-158.061692,21.63801],[-158.059198,21.635226],[-158.056732,21.631831],[-158.04614,21.629177],[-158.046632,21.63149],[-158.0506,21.636822],[-158.056449,21.639363],[-158.060274,21.641682],[-158.062066,21.64258],[-158.061017,21.645138]]],[[[-158.120474,21.553922],[-158.120839,21.553956],[-158.121181,21.554081],[-158.121873,21.554541],[-158.121959,21.554735],[-158.121946,21.554948],[-158.121866,21.55515],[-158.121612,21.555352],[-158.121794,21.555429],[-158.12192,21.555091],[-158.122213,21.554646],[-158.123057,21.554077],[-158.123264,21.553423],[-158.121525,21.551894],[-158.121161,21.552029],[-158.11968,21.552182],[-158.119344,21.552808],[-158.11979,21.553281],[-158.120156,21.55389],[-158.120247,21.553945],[-158.120474,21.553922]]],[[[-158.103937,21.562753],[-158.104346,21.562817],[-158.104854,21.563068],[-158.105413,21.563454],[-158.10581,21.563906],[-158.106425,21.564036],[-158.106975,21.564314],[-158.107639,21.564478],[-158.108566,21.564407],[-158.108161,21.563884],[-158.108115,21.563537],[-158.108252,21.562969],[-158.108221,21.562746],[-158.107935,21.562233],[-158.107758,21.562054],[-158.105871,21.560919],[-158.105418,21.560845],[-158.10487,21.561042],[-158.104435,21.561096],[-158.103815,21.561015],[-158.102897,21.560734],[-158.102218,21.560133],[-158.101725,21.559513],[-158.101454,21.559013],[-158.101357,21.558684],[-158.101356,21.558311],[-158.101562,21.557714],[-158.100507,21.558023],[-158.102347,21.562262],[-158.102716,21.562591],[-158.103226,21.562813],[-158.103937,21.562753]]],[[[-158.115982,21.566742],[-158.116379,21.566687],[-158.116977,21.566718],[-158.117053,21.566296],[-158.116907,21.56593],[-158.116948,21.56557],[-158.11721,21.565221],[-158.117761,21.56515],[-158.119381,21.56542],[-158.119929,21.565297],[-158.120439,21.564863],[-158.120589,21.564475],[-158.120436,21.564271],[-158.12038,21.563923],[-158.120579,21.562986],[-158.120847,21.562273],[-158.12162,21.56151],[-158.121658,21.561358],[-158.121221,21.560723],[-158.120006,21.5596],[-158.119959,21.558946],[-158.120024,21.558568],[-158.119931,21.558203],[-158.120047,21.557322],[-158.120388,21.556683],[-158.120258,21.556151],[-158.120331,21.555587],[-158.120892,21.555038],[-158.121359,21.554839],[-158.120728,21.554498],[-158.120159,21.554491],[-158.119744,21.554286],[-158.1193,21.553587],[-158.118982,21.553243],[-158.117839,21.552742],[-158.117558,21.552506],[-158.116558,21.551019],[-158.116114,21.550643],[-158.115511,21.55049],[-158.115174,21.550502],[-158.114347,21.550737],[-158.113321,21.55122],[-158.112503,21.551374],[-158.112206,21.551246],[-158.112171,21.551037],[-158.112304,21.550867],[-158.113136,21.550696],[-158.114146,21.550219],[-158.115054,21.549962],[-158.115572,21.54994],[-158.116319,21.550125],[-158.116571,21.550256],[-158.117063,21.550723],[-158.1177,21.551733],[-158.118262,21.551218],[-158.118443,21.550774],[-158.118637,21.550706],[-158.118831,21.550774],[-158.118929,21.550945],[-158.118908,21.551261],[-158.118659,21.551635],[-158.118046,21.552181],[-158.118809,21.55257],[-158.119176,21.551889],[-158.119412,21.551683],[-158.121019,21.551491],[-158.116268,21.549389],[-158.113655,21.549035],[-158.110196,21.550829],[-158.110158,21.551552],[-158.110541,21.551934],[-158.111287,21.55192],[-158.11252,21.551722],[-158.112917,21.551521],[-158.114354,21.551651],[-158.11512,21.552003],[-158.117139,21.553704],[-158.117744,21.554343],[-158.117017,21.556005],[-158.11305,21.562042],[-158.111634,21.561176],[-158.110592,21.562956],[-158.11087,21.563189],[-158.110596,21.563957],[-158.10953,21.563311],[-158.109413,21.562303],[-158.108891,21.56102],[-158.106292,21.559567],[-158.10283,21.558891],[-158.102194,21.557647],[-158.101943,21.558367],[-158.101943,21.558593],[-158.102268,21.559284],[-158.102671,21.559782],[-158.103316,21.560322],[-158.104473,21.560545],[-158.105329,21.5603],[-158.106036,21.56039],[-158.108117,21.561616],[-158.108423,21.561921],[-158.108794,21.562599],[-158.108841,21.56301],[-158.108707,21.563561],[-158.108735,21.563711],[-158.109195,21.56422],[-158.109893,21.564709],[-158.110149,21.564814],[-158.11085,21.564755],[-158.113055,21.5648],[-158.114645,21.565195],[-158.11501,21.565426],[-158.115385,21.566109],[-158.115982,21.566742]]],[[[-158.169926,21.569429],[-158.170852,21.570125],[-158.17144,21.571032],[-158.17205,21.571538],[-158.173156,21.571663],[-158.17424,21.572169],[-158.174692,21.572633],[-158.177728,21.574029],[-158.177846,21.573554],[-158.177778,21.573219],[-158.177221,21.572775],[-158.176844,21.572076],[-158.176886,21.571707],[-158.177145,21.571381],[-158.177221,21.571157],[-158.177441,21.57096],[-158.177904,21.570735],[-158.178071,21.570175],[-158.177846,21.56996],[-158.177438,21.569775],[-158.177355,21.569278],[-158.17679,21.569063],[-158.176254,21.568636],[-158.175204,21.569259],[-158.168966,21.566169],[-158.166829,21.563963],[-158.161729,21.567],[-158.162371,21.567504],[-158.16268,21.567619],[-158.163522,21.567682],[-158.163943,21.567538],[-158.164862,21.567432],[-158.16539,21.567481],[-158.166337,21.56774],[-158.168065,21.568462],[-158.168287,21.568723],[-158.168264,21.569232],[-158.168932,21.569197],[-158.169926,21.569429]]],[[[-158.178421,21.571011],[-158.17821,21.571208],[-158.177731,21.571452],[-158.177428,21.571988],[-158.177703,21.572458],[-158.178143,21.57277],[-158.178348,21.573072],[-158.178435,21.573586],[-158.178292,21.574192],[-158.180383,21.574485],[-158.18239,21.5733],[-158.185968,21.572646],[-158.185818,21.571145],[-158.185583,21.570712],[-158.185413,21.570788],[-158.183736,21.570655],[-158.181596,21.570728],[-158.17953,21.569128],[-158.179601,21.568673],[-158.178754,21.567876],[-158.177685,21.567787],[-158.176754,21.568339],[-158.177089,21.568587],[-158.177765,21.568868],[-158.177884,21.569023],[-158.177991,21.569425],[-158.178216,21.569527],[-158.17859,21.569906],[-158.178657,21.570297],[-158.178421,21.571011]]],[[[-158.153018,21.573668],[-158.159169,21.575197],[-158.165552,21.574036],[-158.16607,21.572832],[-158.167104,21.569178],[-158.167675,21.569214],[-158.167695,21.568897],[-158.166144,21.56826],[-158.165252,21.568017],[-158.164842,21.567983],[-158.164056,21.568079],[-158.163457,21.568239],[-158.162316,21.568106],[-158.161217,21.567305],[-158.15767,21.569418],[-158.147638,21.56634],[-158.144948,21.564979],[-158.144531,21.56517],[-158.145154,21.565573],[-158.145241,21.565938],[-158.145133,21.566156],[-158.145832,21.566592],[-158.145931,21.566955],[-158.14629,21.567304],[-158.146299,21.567573],[-158.146209,21.567751],[-158.145775,21.568014],[-158.146017,21.568173],[-158.146314,21.568535],[-158.146479,21.568961],[-158.146577,21.569638],[-158.146461,21.570048],[-158.146223,21.570375],[-158.145759,21.570635],[-158.14459,21.571081],[-158.144195,21.57139],[-158.143759,21.573529],[-158.149793,21.572902],[-158.153018,21.573668]]],[[[-158.124206,21.576159],[-158.124204,21.57658],[-158.131838,21.575317],[-158.132217,21.575014],[-158.132106,21.574373],[-158.13175,21.573169],[-158.131623,21.571946],[-158.13141,21.570997],[-158.131493,21.570685],[-158.131872,21.570167],[-158.132204,21.569507],[-158.132351,21.569384],[-158.132577,21.569385],[-158.13272,21.569505],[-158.132736,21.569786],[-158.13238,21.570446],[-158.13202,21.570932],[-158.131998,21.571136],[-158.132205,21.57186],[-158.132326,21.573052],[-158.13277,21.57467],[-158.143147,21.573593],[-158.143555,21.571445],[-158.143707,21.571082],[-158.143892,21.570862],[-158.144349,21.570579],[-158.145733,21.570032],[-158.145923,21.569822],[-158.145989,21.569602],[-158.145789,21.568786],[-158.145211,21.568278],[-158.145084,21.568049],[-158.145077,21.567811],[-158.145184,21.567619],[-158.145402,21.567502],[-158.145686,21.567461],[-158.145392,21.567231],[-158.14534,21.566922],[-158.144964,21.566715],[-158.144639,21.566773],[-158.144366,21.566634],[-158.144232,21.566454],[-158.144197,21.566158],[-158.144321,21.565925],[-158.144463,21.565845],[-158.143868,21.565474],[-158.141497,21.566562],[-158.138283,21.567326],[-158.134505,21.565746],[-158.128872,21.565822],[-158.126957,21.565953],[-158.125201,21.565526],[-158.12544,21.564925],[-158.125543,21.564341],[-158.125771,21.564087],[-158.124728,21.563476],[-158.124605,21.563594],[-158.124427,21.563505],[-158.123619,21.562077],[-158.123429,21.559854],[-158.123888,21.553972],[-158.123736,21.553838],[-158.123556,21.554378],[-158.122623,21.555044],[-158.122174,21.555904],[-158.121959,21.555991],[-158.121653,21.555971],[-158.121005,21.555674],[-158.120841,21.5559],[-158.120981,21.556645],[-158.120955,21.556861],[-158.120624,21.557439],[-158.120521,21.558217],[-158.120614,21.558483],[-158.120572,21.559405],[-158.120942,21.559646],[-158.121689,21.560387],[-158.122203,21.56114],[-158.122248,21.561349],[-158.122155,21.561747],[-158.121377,21.562535],[-158.121135,21.563168],[-158.120969,21.563957],[-158.121127,21.564204],[-158.121189,21.564505],[-158.120961,21.565123],[-158.120279,21.565741],[-158.119895,21.565907],[-158.118996,21.565965],[-158.11814,21.565746],[-158.11752,21.565718],[-158.117642,21.566342],[-158.117514,21.567113],[-158.118039,21.568422],[-158.118685,21.569169],[-158.118844,21.569547],[-158.118889,21.569969],[-158.118801,21.57046],[-158.1191,21.570608],[-158.120252,21.570664],[-158.120859,21.571157],[-158.12129,21.571856],[-158.121062,21.57244],[-158.12057,21.573205],[-158.120586,21.573546],[-158.121112,21.574004],[-158.12246,21.574011],[-158.123105,21.573904],[-158.124206,21.576159]]],[[[-158.254046,21.575718],[-158.25053,21.576084],[-158.250656,21.576448],[-158.251051,21.576802],[-158.251104,21.577129],[-158.250899,21.577428],[-158.25046,21.577679],[-158.250383,21.577848],[-158.250412,21.578014],[-158.251256,21.578007],[-158.257079,21.576957],[-158.259256,21.576953],[-158.26063,21.576769],[-158.259854,21.576413],[-158.259209,21.575984],[-158.259125,21.575846],[-158.259136,21.575688],[-158.259238,21.575562],[-158.259398,21.575509],[-158.261138,21.576384],[-158.261311,21.576678],[-158.272248,21.575216],[-158.273693,21.574816],[-158.274961,21.574263],[-158.27524,21.573557],[-158.275088,21.572893],[-158.274506,21.57229],[-158.273902,21.57211],[-158.269437,21.56966],[-158.263105,21.565213],[-158.26151,21.563833],[-158.260053,21.562963],[-158.258777,21.561752],[-158.256863,21.560415],[-158.255291,21.559034],[-158.25429,21.558731],[-158.253219,21.557974],[-158.252855,21.557634],[-158.249923,21.556573],[-158.247536,21.556863],[-158.245668,21.556299],[-158.244805,21.555882],[-158.244171,21.555377],[-158.240943,21.552161],[-158.238685,21.549659],[-158.239747,21.552413],[-158.241987,21.554887],[-158.244077,21.556311],[-158.245943,21.557316],[-158.248403,21.557672],[-158.250087,21.557616],[-158.252807,21.55862],[-158.259171,21.563514],[-158.261684,21.565022],[-158.269274,21.570348],[-158.274594,21.573341],[-158.259203,21.575489],[-158.254046,21.575718]]],[[[-158.234442,21.578848],[-158.235713,21.579065],[-158.247778,21.577755],[-158.2498,21.577954],[-158.249825,21.577663],[-158.249977,21.577355],[-158.250475,21.577022],[-158.250136,21.576716],[-158.25004,21.576414],[-158.250097,21.576129],[-158.241929,21.576979],[-158.236543,21.577414],[-158.234883,21.578496],[-158.233203,21.577521],[-158.229221,21.575929],[-158.22677,21.576706],[-158.2242,21.575712],[-158.222946,21.575651],[-158.221269,21.574945],[-158.216305,21.575923],[-158.212005,21.574496],[-158.207097,21.573858],[-158.2045,21.574923],[-158.203178,21.573763],[-158.203007,21.572142],[-158.198589,21.57005],[-158.193768,21.57093],[-158.193591,21.570833],[-158.193234,21.571709],[-158.193609,21.57218],[-158.193665,21.572593],[-158.192754,21.575745],[-158.192623,21.575916],[-158.1924,21.57595],[-158.192218,21.575827],[-158.192181,21.575619],[-158.193083,21.572498],[-158.193031,21.572352],[-158.192768,21.572097],[-158.192646,21.571784],[-158.192656,21.571553],[-158.192953,21.570904],[-158.193023,21.570523],[-158.190516,21.569156],[-158.18743,21.569878],[-158.186209,21.570429],[-158.186172,21.570552],[-158.1864,21.571056],[-158.186551,21.572562],[-158.189454,21.572342],[-158.192326,21.576562],[-158.192327,21.57747],[-158.204833,21.57756],[-158.208421,21.576711],[-158.209685,21.576857],[-158.212489,21.577974],[-158.215622,21.576746],[-158.222652,21.57667],[-158.227659,21.577177],[-158.234442,21.578848]]],[[[-158.094783,21.582429],[-158.095615,21.582717],[-158.09605,21.582731],[-158.097084,21.582411],[-158.098028,21.582391],[-158.098315,21.582233],[-158.098569,21.581971],[-158.099238,21.580864],[-158.099543,21.580596],[-158.100186,21.580388],[-158.100723,21.580352],[-158.101983,21.580637],[-158.102192,21.580382],[-158.102677,21.580104],[-158.103538,21.579753],[-158.103551,21.579674],[-158.102937,21.579356],[-158.102507,21.578926],[-158.102335,21.57865],[-158.10197,21.578418],[-158.101592,21.577929],[-158.10133,21.577042],[-158.101344,21.576408],[-158.101203,21.575698],[-158.101221,21.575366],[-158.101031,21.575136],[-158.100823,21.575021],[-158.100166,21.574816],[-158.100025,21.574833],[-158.09976,21.574925],[-158.098717,21.57557],[-158.098257,21.575612],[-158.09725,21.57544],[-158.096708,21.575613],[-158.095253,21.575837],[-158.094958,21.576185],[-158.09463,21.576351],[-158.093951,21.576316],[-158.092929,21.575783],[-158.092427,21.575679],[-158.091831,21.575334],[-158.09134,21.57482],[-158.090703,21.5737],[-158.089725,21.572682],[-158.08884,21.572746],[-158.088677,21.572517],[-158.088791,21.572281],[-158.089522,21.572103],[-158.089886,21.57214],[-158.090107,21.572258],[-158.091194,21.573394],[-158.091832,21.574517],[-158.092063,21.574793],[-158.092674,21.575178],[-158.093205,21.575293],[-158.094118,21.575787],[-158.094479,21.575811],[-158.094583,21.575759],[-158.094833,21.57542],[-158.095055,21.575318],[-158.096556,21.575081],[-158.097135,21.574899],[-158.098545,21.575043],[-158.099444,21.574458],[-158.099917,21.574291],[-158.100257,21.57427],[-158.101094,21.574531],[-158.10147,21.574765],[-158.101798,21.575205],[-158.101789,21.575626],[-158.101932,21.576386],[-158.101916,21.576988],[-158.102129,21.577699],[-158.10241,21.57804],[-158.102773,21.57827],[-158.102962,21.578575],[-158.103339,21.578952],[-158.103644,21.579124],[-158.103921,21.577485],[-158.105708,21.577738],[-158.107703,21.577842],[-158.109119,21.576205],[-158.112121,21.576058],[-158.112151,21.575299],[-158.115032,21.573935],[-158.114878,21.573261],[-158.114114,21.571483],[-158.114079,21.570121],[-158.116901,21.567273],[-158.115898,21.567293],[-158.115683,21.567225],[-158.114918,21.566447],[-158.114618,21.565851],[-158.114433,21.565711],[-158.112963,21.565345],[-158.110837,21.565306],[-158.110069,21.565362],[-158.109578,21.565176],[-158.109177,21.564903],[-158.107514,21.565018],[-158.106742,21.564821],[-158.106208,21.564549],[-158.105469,21.564371],[-158.104996,21.563843],[-158.104179,21.563347],[-158.103955,21.563305],[-158.103151,21.563367],[-158.10819,21.567377],[-158.108618,21.568438],[-158.106608,21.571728],[-158.103208,21.573255],[-158.099982,21.57321],[-158.093604,21.574272],[-158.089389,21.57099],[-158.088111,21.572812],[-158.091746,21.576626],[-158.093486,21.576922],[-158.099578,21.576662],[-158.096734,21.581789],[-158.092971,21.58059],[-158.091431,21.580535],[-158.091909,21.580833],[-158.093253,21.581914],[-158.094783,21.582429]]]]},"properties":{}},{"type":"Feature","id":35,"geometry":{"type":"MultiPolygon","coordinates":[[[[-157.976648,21.699223],[-157.979375,21.701705],[-157.984162,21.699741],[-157.983416,21.699063],[-157.982899,21.69813],[-157.981414,21.69765],[-157.981064,21.697831],[-157.980822,21.697859],[-157.97963,21.697451],[-157.979457,21.697334],[-157.978316,21.695],[-157.97759,21.693309],[-157.977481,21.692831],[-157.977553,21.692244],[-157.977483,21.691925],[-157.976656,21.692363],[-157.973895,21.689483],[-157.972795,21.689232],[-157.972822,21.689473],[-157.972695,21.689614],[-157.971456,21.689931],[-157.970975,21.6904],[-157.970988,21.690646],[-157.970901,21.690847],[-157.970562,21.691159],[-157.967929,21.692359],[-157.966674,21.693296],[-157.967619,21.693167],[-157.969571,21.693084],[-157.970432,21.693142],[-157.971118,21.693351],[-157.97137,21.694075],[-157.971645,21.694225],[-157.972787,21.694518],[-157.974534,21.694577],[-157.974668,21.694702],[-157.974696,21.694859],[-157.974612,21.695018],[-157.974443,21.695096],[-157.973206,21.695124],[-157.972308,21.695],[-157.971446,21.694743],[-157.971065,21.694584],[-157.970882,21.694384],[-157.970667,21.693776],[-157.970116,21.693655],[-157.967361,21.693742],[-157.964685,21.694274],[-157.964053,21.694238],[-157.962532,21.693478],[-157.961817,21.693006],[-157.958866,21.690577],[-157.959205,21.691473],[-157.959784,21.692298],[-157.963788,21.696073],[-157.9693,21.699052],[-157.971555,21.700361],[-157.972828,21.700463],[-157.974138,21.700259],[-157.974829,21.699002],[-157.976648,21.699223]]],[[[-157.880062,21.538774],[-157.880162,21.538813],[-157.880255,21.538749],[-157.880518,21.538532],[-157.880618,21.538354],[-157.880062,21.538774]]],[[[-157.884388,21.540741],[-157.884703,21.540827],[-157.88543,21.540038],[-157.881218,21.538465],[-157.880975,21.53888],[-157.880677,21.539133],[-157.881021,21.539324],[-157.881244,21.539645],[-157.881269,21.540398],[-157.881896,21.540473],[-157.882072,21.54036],[-157.882675,21.540195],[-157.883006,21.540249],[-157.883477,21.540181],[-157.883783,21.540311],[-157.883956,21.540696],[-157.884388,21.540741]]],[[[-157.863506,21.559183],[-157.864563,21.559184],[-157.865528,21.558828],[-157.866857,21.557611],[-157.867829,21.556608],[-157.868631,21.555526],[-157.869099,21.554759],[-157.869348,21.554556],[-157.869619,21.554479],[-157.869843,21.554174],[-157.87091,21.553873],[-157.870941,21.553778],[-157.870103,21.553623],[-157.869743,21.553332],[-157.869638,21.553046],[-157.869748,21.552296],[-157.869637,21.552073],[-157.869752,21.551855],[-157.870062,21.551826],[-157.870316,21.552137],[-157.870262,21.55306],[-157.870597,21.553194],[-157.871204,21.553248],[-157.871457,21.553397],[-157.872328,21.552143],[-157.872764,21.550375],[-157.873281,21.549679],[-157.873303,21.549071],[-157.873227,21.548861],[-157.873284,21.548689],[-157.873443,21.548588],[-157.8736,21.548588],[-157.873753,21.548684],[-157.873865,21.548894],[-157.874273,21.548345],[-157.877025,21.546098],[-157.877035,21.54508],[-157.877288,21.544241],[-157.877644,21.543721],[-157.877971,21.543597],[-157.87831,21.543341],[-157.878418,21.543013],[-157.879224,21.542221],[-157.878903,21.541869],[-157.878659,21.541423],[-157.878513,21.541041],[-157.878538,21.540865],[-157.878745,21.540717],[-157.87901,21.540793],[-157.879433,21.541617],[-157.879681,21.541873],[-157.880045,21.541729],[-157.880639,21.540803],[-157.880711,21.53999],[-157.880608,21.539727],[-157.879912,21.539312],[-157.8795,21.539197],[-157.87654,21.54143],[-157.874435,21.547152],[-157.871221,21.55005],[-157.86302,21.558457],[-157.862774,21.558877],[-157.862589,21.558868],[-157.863506,21.559183]]],[[[-157.877287,21.557745],[-157.876565,21.558861],[-157.876054,21.560067],[-157.876824,21.56038],[-157.878414,21.55808],[-157.881802,21.552653],[-157.883613,21.549282],[-157.882818,21.548677],[-157.883432,21.547294],[-157.883808,21.546971],[-157.884313,21.546773],[-157.884163,21.545467],[-157.883518,21.544453],[-157.882393,21.544666],[-157.882747,21.541935],[-157.884197,21.541377],[-157.884271,21.541296],[-157.883628,21.541228],[-157.883449,21.541027],[-157.883346,21.540734],[-157.882945,21.540828],[-157.882742,21.540768],[-157.882597,21.540869],[-157.88231,21.540871],[-157.881999,21.541019],[-157.881202,21.540962],[-157.880956,21.541463],[-157.880517,21.542079],[-157.880054,21.542299],[-157.879553,21.542681],[-157.878901,21.543335],[-157.878766,21.543693],[-157.878286,21.544067],[-157.878045,21.544145],[-157.877782,21.544559],[-157.877618,21.545158],[-157.877595,21.545923],[-157.879638,21.546366],[-157.880481,21.547346],[-157.880358,21.549526],[-157.880509,21.549785],[-157.880306,21.550452],[-157.880195,21.552412],[-157.880322,21.553439],[-157.880066,21.553803],[-157.880333,21.554053],[-157.880381,21.554224],[-157.880296,21.554401],[-157.880107,21.55448],[-157.879924,21.554435],[-157.87974,21.554266],[-157.877287,21.557745]]],[[[-157.893816,21.570139],[-157.894202,21.570094],[-157.894215,21.569694],[-157.894014,21.569549],[-157.893822,21.569873],[-157.893816,21.570139]]],[[[-157.892779,21.569049],[-157.892341,21.5695],[-157.891477,21.56992],[-157.892806,21.570588],[-157.893241,21.570484],[-157.893256,21.569717],[-157.893545,21.569209],[-157.893316,21.569043],[-157.892779,21.569049]]],[[[-157.884335,21.573889],[-157.88525,21.573468],[-157.886139,21.572786],[-157.886836,21.572354],[-157.887167,21.571946],[-157.887492,21.571291],[-157.887993,21.570888],[-157.888035,21.570461],[-157.888283,21.570168],[-157.888827,21.570065],[-157.889156,21.570132],[-157.889492,21.56982],[-157.890869,21.569581],[-157.891982,21.569057],[-157.891498,21.569062],[-157.887979,21.569976],[-157.881934,21.572157],[-157.87687,21.568471],[-157.876047,21.563772],[-157.87673,21.56079],[-157.876276,21.560765],[-157.875884,21.560615],[-157.875891,21.56197],[-157.875316,21.563008],[-157.875134,21.563727],[-157.875138,21.564081],[-157.87542,21.564814],[-157.875301,21.565578],[-157.875357,21.566905],[-157.875886,21.568428],[-157.87755,21.570465],[-157.884335,21.573889]]],[[[-157.888581,21.570945],[-157.888474,21.571213],[-157.887973,21.57161],[-157.88768,21.572215],[-157.887264,21.572736],[-157.885569,21.573931],[-157.884982,21.574215],[-157.88627,21.574816],[-157.886364,21.57451],[-157.886921,21.574151],[-157.887507,21.57345],[-157.887925,21.573231],[-157.888214,21.572912],[-157.889254,21.571502],[-157.889216,21.57114],[-157.889351,21.570967],[-157.889632,21.570898],[-157.889864,21.57094],[-157.890001,21.571041],[-157.890107,21.571262],[-157.890335,21.57081],[-157.89022,21.570538],[-157.890308,21.570276],[-157.889769,21.570313],[-157.889329,21.570676],[-157.888587,21.570655],[-157.888581,21.570945]]],[[[-157.890742,21.575509],[-157.891665,21.575684],[-157.890988,21.573453],[-157.894163,21.571219],[-157.894183,21.570642],[-157.894037,21.570656],[-157.893635,21.570938],[-157.892819,21.571151],[-157.892545,21.571085],[-157.891457,21.570495],[-157.891201,21.570696],[-157.890922,21.570677],[-157.890908,21.570955],[-157.890572,21.571604],[-157.890158,21.571838],[-157.889744,21.571807],[-157.889279,21.572488],[-157.888341,21.573623],[-157.887895,21.573868],[-157.88733,21.574548],[-157.886856,21.574872],[-157.886861,21.575091],[-157.887016,21.57528],[-157.887381,21.575434],[-157.887648,21.575662],[-157.888176,21.575526],[-157.890742,21.575509]]],[[[-157.893498,21.585757],[-157.893751,21.585927],[-157.893751,21.586137],[-157.893576,21.58631],[-157.89517,21.589675],[-157.896217,21.589772],[-157.897646,21.592664],[-157.902066,21.597566],[-157.903235,21.596983],[-157.903532,21.596646],[-157.903692,21.596024],[-157.903573,21.594641],[-157.903826,21.59345],[-157.903717,21.592744],[-157.893013,21.583854],[-157.893116,21.580467],[-157.891836,21.576248],[-157.890728,21.57606],[-157.888234,21.576079],[-157.887679,21.576212],[-157.889662,21.578998],[-157.890735,21.579663],[-157.89123,21.580219],[-157.891462,21.581258],[-157.892194,21.581106],[-157.89217,21.58024],[-157.892422,21.580085],[-157.892686,21.580217],[-157.8928,21.580707],[-157.892727,21.581394],[-157.892517,21.581585],[-157.891582,21.581797],[-157.891657,21.582135],[-157.891623,21.584405],[-157.891854,21.584482],[-157.893245,21.585853],[-157.893498,21.585757]]],[[[-157.907242,21.600752],[-157.907481,21.600849],[-157.907648,21.601263],[-157.907658,21.601484],[-157.907557,21.601616],[-157.907757,21.602567],[-157.907593,21.603381],[-157.907702,21.603653],[-157.907477,21.604125],[-157.90792,21.604167],[-157.908145,21.603611],[-157.908133,21.603204],[-157.908216,21.60303],[-157.908421,21.60284],[-157.908877,21.602723],[-157.908475,21.602397],[-157.907646,21.598248],[-157.905018,21.593823],[-157.904411,21.59332],[-157.904161,21.594671],[-157.904278,21.596091],[-157.904071,21.59687],[-157.903587,21.597426],[-157.902454,21.597994],[-157.903084,21.598689],[-157.907242,21.600752]]],[[[-157.908822,21.604459],[-157.909004,21.604759],[-157.909557,21.604623],[-157.910516,21.604053],[-157.909458,21.603195],[-157.908716,21.603329],[-157.908722,21.603751],[-157.908566,21.604048],[-157.908822,21.604459]]],[[[-157.910957,21.604462],[-157.910367,21.604745],[-157.909842,21.605107],[-157.909304,21.605254],[-157.909411,21.605431],[-157.910373,21.606243],[-157.910145,21.606456],[-157.911937,21.607956],[-157.91233,21.60917],[-157.912966,21.609197],[-157.913304,21.608935],[-157.912981,21.607986],[-157.91341,21.606402],[-157.910957,21.604462]]],[[[-157.915477,21.615186],[-157.915541,21.615365],[-157.914841,21.61691],[-157.915303,21.616623],[-157.916029,21.616445],[-157.915812,21.6161],[-157.916414,21.615268],[-157.91671,21.61377],[-157.916096,21.61331],[-157.915937,21.612551],[-157.915404,21.612212],[-157.915645,21.61181],[-157.914207,21.6104],[-157.913801,21.609426],[-157.913602,21.609417],[-157.913079,21.609746],[-157.912321,21.609721],[-157.912313,21.610204],[-157.911932,21.610316],[-157.911749,21.610523],[-157.912157,21.610829],[-157.912234,21.611803],[-157.913777,21.612736],[-157.914533,21.613572],[-157.915031,21.613477],[-157.915477,21.615186]]],[[[-157.918634,21.619455],[-157.918319,21.620441],[-157.918597,21.620894],[-157.922039,21.624523],[-157.922272,21.624896],[-157.922921,21.62418],[-157.918891,21.619073],[-157.917954,21.618882],[-157.917732,21.618585],[-157.917525,21.61868],[-157.916333,21.616925],[-157.91601,21.617057],[-157.915512,21.61714],[-157.915031,21.617447],[-157.914448,21.617533],[-157.91486,21.618363],[-157.91456,21.618522],[-157.91487,21.619148],[-157.915104,21.619552],[-157.916061,21.620742],[-157.916251,21.620756],[-157.917975,21.619324],[-157.918634,21.619455]]],[[[-157.923271,21.624661],[-157.922592,21.62541],[-157.922895,21.625897],[-157.923684,21.627692],[-157.924794,21.627013],[-157.924985,21.626795],[-157.923271,21.624661]]],[[[-157.925168,21.627441],[-157.924701,21.627678],[-157.924137,21.628121],[-157.923902,21.628205],[-157.924171,21.629028],[-157.924341,21.63046],[-157.923776,21.630487],[-157.923374,21.630694],[-157.92322,21.630958],[-157.922997,21.63179],[-157.923197,21.63239],[-157.923973,21.63123],[-157.924793,21.630807],[-157.925112,21.630179],[-157.925739,21.62995],[-157.92627,21.629445],[-157.925346,21.627279],[-157.925168,21.627441]]],[[[-157.926355,21.630211],[-157.92596,21.630462],[-157.925515,21.630594],[-157.925401,21.630975],[-157.925212,21.631197],[-157.924389,21.631629],[-157.923896,21.632315],[-157.923721,21.632679],[-157.923444,21.632893],[-157.923637,21.633957],[-157.923731,21.6353],[-157.923164,21.635954],[-157.92414,21.636358],[-157.92512,21.637149],[-157.92668,21.637368],[-157.927302,21.637315],[-157.928155,21.636917],[-157.928701,21.636421],[-157.928702,21.636198],[-157.928069,21.635851],[-157.926786,21.630655],[-157.926518,21.630027],[-157.926355,21.630211]]],[[[-157.94322,21.645232],[-157.943866,21.645331],[-157.943924,21.645245],[-157.943208,21.645062],[-157.94322,21.645232]]],[[[-157.937563,21.643669],[-157.937931,21.64479],[-157.938032,21.645842],[-157.938402,21.64733],[-157.93882,21.646911],[-157.939289,21.646194],[-157.939979,21.644237],[-157.937491,21.64345],[-157.937563,21.643669]]],[[[-157.940464,21.644549],[-157.939824,21.646432],[-157.939305,21.647224],[-157.938836,21.647715],[-157.939138,21.647792],[-157.939277,21.647736],[-157.939913,21.647332],[-157.94032,21.647177],[-157.941619,21.646451],[-157.941749,21.646323],[-157.941797,21.646035],[-157.942009,21.645714],[-157.942636,21.645327],[-157.942607,21.644908],[-157.940578,21.64439],[-157.940464,21.644549]]],[[[-157.942495,21.646042],[-157.942361,21.646214],[-157.942271,21.646582],[-157.942013,21.646863],[-157.939671,21.648151],[-157.940618,21.648683],[-157.941202,21.64927],[-157.943518,21.645845],[-157.943006,21.645763],[-157.942495,21.646042]]],[[[-157.934291,21.649005],[-157.934752,21.649779],[-157.936855,21.648245],[-157.937905,21.647798],[-157.937877,21.647672],[-157.934291,21.649005]]],[[[-157.931144,21.649815],[-157.931395,21.649846],[-157.931527,21.650133],[-157.931676,21.650289],[-157.931812,21.650305],[-157.932396,21.64968],[-157.932703,21.649166],[-157.933751,21.648091],[-157.933996,21.648522],[-157.937753,21.647126],[-157.937454,21.64595],[-157.937362,21.644934],[-157.936921,21.643588],[-157.936701,21.643184],[-157.932819,21.641875],[-157.931923,21.642025],[-157.931057,21.641258],[-157.930889,21.640613],[-157.932139,21.639774],[-157.931787,21.63791],[-157.92929,21.636519],[-157.928903,21.637064],[-157.928269,21.637492],[-157.927408,21.637859],[-157.926603,21.637915],[-157.924893,21.637659],[-157.924213,21.637093],[-157.923506,21.636651],[-157.921786,21.636098],[-157.921083,21.637263],[-157.922063,21.637412],[-157.922005,21.637869],[-157.920894,21.637736],[-157.920429,21.639392],[-157.922247,21.641055],[-157.922399,21.641904],[-157.922818,21.642482],[-157.923369,21.642154],[-157.923907,21.642478],[-157.926361,21.642849],[-157.926744,21.64322],[-157.927076,21.643638],[-157.92716,21.644228],[-157.926722,21.644823],[-157.927488,21.645521],[-157.927964,21.646897],[-157.928949,21.646693],[-157.929058,21.647084],[-157.928511,21.647316],[-157.92871,21.64805],[-157.928958,21.648088],[-157.929028,21.648237],[-157.929933,21.647995],[-157.930581,21.64981],[-157.931033,21.649759],[-157.931144,21.649815]]],[[[-158.05622,21.656498],[-158.056707,21.656752],[-158.05687,21.656487],[-158.056495,21.656308],[-158.05622,21.656498]]],[[[-158.050888,21.660329],[-158.049413,21.661481],[-158.049957,21.661482],[-158.050872,21.6612],[-158.051556,21.660643],[-158.052854,21.660256],[-158.053552,21.659918],[-158.054036,21.659801],[-158.055126,21.658869],[-158.056057,21.657813],[-158.056413,21.657232],[-158.055733,21.656837],[-158.05269,21.65895],[-158.050888,21.660329]]],[[[-157.941013,21.663535],[-157.941437,21.663814],[-157.941555,21.664175],[-157.941447,21.66447],[-157.940848,21.665118],[-157.94075,21.665554],[-157.940853,21.665941],[-157.941493,21.666571],[-157.942912,21.665298],[-157.950399,21.659141],[-157.948901,21.658261],[-157.947879,21.658578],[-157.946191,21.660931],[-157.943951,21.660521],[-157.938531,21.660197],[-157.935138,21.656561],[-157.93682,21.654225],[-157.937128,21.651887],[-157.940765,21.649641],[-157.940202,21.649089],[-157.939602,21.648798],[-157.939012,21.648331],[-157.938371,21.648167],[-157.937175,21.648708],[-157.935064,21.650251],[-157.935871,21.651569],[-157.935603,21.651891],[-157.934401,21.652452],[-157.934273,21.652691],[-157.934222,21.653886],[-157.933787,21.654447],[-157.933327,21.654722],[-157.932559,21.654821],[-157.93164,21.654822],[-157.931008,21.65567],[-157.931172,21.65634],[-157.933958,21.657273],[-157.934724,21.658468],[-157.93549,21.66007],[-157.938301,21.663129],[-157.940515,21.662858],[-157.941013,21.663535]]],[[[-158.042199,21.671645],[-158.046816,21.666609],[-158.053073,21.661294],[-158.053303,21.660665],[-158.051833,21.661133],[-158.051144,21.66169],[-158.050108,21.662015],[-158.049402,21.662039],[-158.048982,21.661929],[-158.047295,21.663681],[-158.042898,21.669204],[-158.039863,21.668285],[-158.03943,21.668728],[-158.040135,21.668784],[-158.040565,21.669044],[-158.040808,21.669367],[-158.040845,21.669827],[-158.040576,21.670897],[-158.040638,21.670817],[-158.042199,21.671645]]],[[[-157.942025,21.671821],[-157.948134,21.671633],[-157.94856,21.671703],[-157.949389,21.671704],[-157.950189,21.67149],[-157.951188,21.670922],[-157.95222,21.670635],[-157.952751,21.670281],[-157.952056,21.669897],[-157.949508,21.670765],[-157.946063,21.668172],[-157.947855,21.666856],[-157.949259,21.664767],[-157.948895,21.6641],[-157.94957,21.663649],[-157.951048,21.659768],[-157.950846,21.659508],[-157.944159,21.665037],[-157.944896,21.664955],[-157.945369,21.665208],[-157.946342,21.665478],[-157.946599,21.665276],[-157.946899,21.665278],[-157.947151,21.665473],[-157.947054,21.665766],[-157.946807,21.665823],[-157.946572,21.666028],[-157.94642,21.666064],[-157.945153,21.665722],[-157.94481,21.66551],[-157.943674,21.665654],[-157.943455,21.665599],[-157.941899,21.666971],[-157.943271,21.668785],[-157.944216,21.670267],[-157.942025,21.671821]]],[[[-158.03869,21.671033],[-158.035661,21.674558],[-158.035519,21.674823],[-158.037319,21.67349],[-158.03878,21.672005],[-158.040024,21.671273],[-158.03999,21.670686],[-158.040223,21.669926],[-158.040225,21.669505],[-158.039908,21.669296],[-158.039152,21.669291],[-158.03869,21.671033]]],[[[-158.032868,21.676986],[-158.032988,21.677782],[-158.033251,21.678399],[-158.033701,21.678649],[-158.034073,21.679103],[-158.035451,21.678387],[-158.035613,21.677286],[-158.039607,21.672144],[-158.039148,21.672436],[-158.037721,21.673894],[-158.036222,21.675049],[-158.035682,21.675356],[-158.035236,21.675349],[-158.034728,21.676295],[-158.033574,21.67686],[-158.032251,21.676076],[-158.031526,21.676666],[-158.032001,21.676483],[-158.032347,21.676487],[-158.032644,21.676619],[-158.032868,21.676986]]],[[[-157.941986,21.678211],[-157.945709,21.681993],[-157.952828,21.67773],[-157.956065,21.680301],[-157.956571,21.680032],[-157.958479,21.679971],[-157.959461,21.680118],[-157.960471,21.680496],[-157.960757,21.680532],[-157.961238,21.68037],[-157.96154,21.680351],[-157.962353,21.680506],[-157.962637,21.680674],[-157.962791,21.68003],[-157.961892,21.677287],[-157.959694,21.676025],[-157.958581,21.675929],[-157.956148,21.676372],[-157.956064,21.676019],[-157.954527,21.675604],[-157.953924,21.675524],[-157.953114,21.675657],[-157.95286,21.675326],[-157.952638,21.674505],[-157.95175,21.674471],[-157.951846,21.673452],[-157.951658,21.673062],[-157.950478,21.673151],[-157.950746,21.672273],[-157.953181,21.671406],[-157.953094,21.670728],[-157.95242,21.671155],[-157.951424,21.671427],[-157.950428,21.671994],[-157.949511,21.672244],[-157.948529,21.672254],[-157.948148,21.672185],[-157.941371,21.672368],[-157.941294,21.672523],[-157.94198,21.672979],[-157.942579,21.672573],[-157.943342,21.673102],[-157.942852,21.673558],[-157.944186,21.674444],[-157.942413,21.674828],[-157.940988,21.676879],[-157.941986,21.678211]]],[[[-158.029859,21.681059],[-158.028052,21.682118],[-158.028192,21.682246],[-158.029806,21.682994],[-158.030271,21.682682],[-158.031832,21.680435],[-158.032113,21.679651],[-158.032774,21.679078],[-158.032916,21.678874],[-158.032689,21.678604],[-158.032427,21.677959],[-158.032258,21.677044],[-158.032099,21.677028],[-158.031275,21.677281],[-158.029859,21.681059]]],[[[-158.026656,21.682937],[-158.020677,21.686693],[-158.021041,21.687379],[-158.021434,21.688568],[-158.023076,21.686698],[-158.025062,21.685184],[-158.026343,21.684512],[-158.027137,21.684494],[-158.029268,21.683327],[-158.02789,21.682722],[-158.027604,21.682381],[-158.026656,21.682937]]],[[[-158.01744,21.688726],[-158.015785,21.688816],[-158.01492,21.689283],[-158.015458,21.689639],[-158.015935,21.690086],[-158.018228,21.690458],[-158.020568,21.689824],[-158.020891,21.689332],[-158.020857,21.688681],[-158.020499,21.687598],[-158.020195,21.686996],[-158.01744,21.688726]]],[[[-157.958591,21.686693],[-157.95859,21.689577],[-157.961821,21.6923],[-157.962658,21.692887],[-157.964652,21.689527],[-157.965522,21.688419],[-157.966677,21.685959],[-157.966882,21.685352],[-157.966756,21.685071],[-157.966216,21.684504],[-157.965486,21.684571],[-157.962044,21.683146],[-157.962489,21.681289],[-157.962164,21.681032],[-157.96147,21.680899],[-157.960927,21.681063],[-157.960603,21.681074],[-157.960043,21.680951],[-157.959506,21.680707],[-157.958935,21.680557],[-157.956645,21.68058],[-157.956515,21.680657],[-157.961169,21.684171],[-157.958591,21.686693]]],[[[-157.965531,21.689322],[-157.965158,21.689811],[-157.963159,21.693179],[-157.964206,21.693706],[-157.964767,21.693678],[-157.964856,21.693436],[-157.964997,21.693319],[-157.965713,21.693187],[-157.966035,21.693054],[-157.967642,21.691877],[-157.970019,21.690828],[-157.970384,21.690579],[-157.970421,21.690172],[-157.970955,21.689573],[-157.971419,21.68934],[-157.972288,21.689163],[-157.971326,21.689088],[-157.969048,21.689322],[-157.968332,21.686722],[-157.967398,21.685743],[-157.966172,21.68843],[-157.965882,21.688933],[-157.965531,21.689322]]],[[[-158.00154,21.693462],[-158.001568,21.694033],[-158.001732,21.694316],[-158.002324,21.694447],[-158.002529,21.694426],[-158.003047,21.694277],[-158.003388,21.693966],[-158.004509,21.693456],[-158.005194,21.69348],[-158.006425,21.693298],[-158.007253,21.693431],[-158.016952,21.690804],[-158.015646,21.690568],[-158.015091,21.690071],[-158.014379,21.689574],[-158.013706,21.689938],[-158.005057,21.69036],[-158.002418,21.691275],[-158.001804,21.6919],[-158.001661,21.692136],[-158.001585,21.692404],[-158.00154,21.693462]]],[[[-157.99352,21.695246],[-157.992518,21.697394],[-157.997685,21.696146],[-158.000753,21.696146],[-158.002901,21.694895],[-158.00235,21.694998],[-158.001798,21.694931],[-158.001376,21.694764],[-158.001126,21.694476],[-158.000988,21.694135],[-158.000927,21.693536],[-158.001007,21.692291],[-158.001263,21.691676],[-157.999982,21.69212],[-157.993432,21.690322],[-157.992822,21.690327],[-157.992923,21.690594],[-157.993297,21.691061],[-157.994093,21.691761],[-157.994249,21.692063],[-157.994228,21.692624],[-157.993831,21.693448],[-157.993654,21.694814],[-157.99352,21.695246]]],[[[-157.9814,21.697081],[-157.983307,21.697705],[-157.983863,21.698701],[-157.984744,21.699502],[-157.988173,21.698096],[-157.991818,21.697528],[-157.992967,21.695053],[-157.993072,21.694725],[-157.993251,21.693338],[-157.993656,21.692488],[-157.993669,21.692168],[-157.99287,21.691441],[-157.992372,21.690789],[-157.992243,21.691326],[-157.989587,21.693433],[-157.98777,21.693851],[-157.986401,21.693801],[-157.98498,21.694716],[-157.983056,21.694321],[-157.979489,21.691615],[-157.978021,21.691644],[-157.978145,21.692212],[-157.978097,21.692984],[-157.978464,21.693925],[-157.979911,21.696962],[-157.980874,21.6973],[-157.9814,21.697081]]]]},"properties":{}},{"type":"Feature","id":36,"geometry":{"type":"MultiPolygon","coordinates":[[[[-157.876799,21.304704],[-157.876669,21.305421],[-157.876878,21.306488],[-157.876268,21.309449],[-157.879224,21.311046],[-157.881938,21.311731],[-157.886841,21.311924],[-157.88587,21.310215],[-157.885181,21.309455],[-157.885911,21.309114],[-157.884171,21.306038],[-157.87846,21.304515],[-157.876799,21.304704]]]]},"properties":{}},{"type":"Feature","id":37,"geometry":{"type":"MultiPolygon","coordinates":[[[[-157.787192,21.43322],[-157.787649,21.434498],[-157.787949,21.435614],[-157.78917,21.435078],[-157.788741,21.434002],[-157.788556,21.433155],[-157.788629,21.432308],[-157.7884,21.43173],[-157.788027,21.431554],[-157.787769,21.431567],[-157.78761,21.432092],[-157.787681,21.432885],[-157.787479,21.433005],[-157.787149,21.433018],[-157.787192,21.43322]]]]},"properties":{}},{"type":"Feature","id":38,"geometry":{"type":"MultiPolygon","coordinates":[[[[-157.832954,21.287852],[-157.833018,21.287904],[-157.833581,21.286564],[-157.835128,21.285191],[-157.83471,21.284675],[-157.835509,21.283954],[-157.834503,21.282794],[-157.833495,21.283175],[-157.832358,21.281772],[-157.830732,21.283441],[-157.824896,21.278363],[-157.824171,21.277311],[-157.823112,21.278266],[-157.822021,21.277172],[-157.821666,21.277471],[-157.819607,21.27566],[-157.819232,21.275918],[-157.832954,21.287852]]]]},"properties":{}},{"type":"Feature","id":39,"geometry":{"type":"MultiPolygon","coordinates":[[[[-157.933702,21.3719],[-157.932674,21.37381],[-157.932679,21.374603],[-157.932755,21.375093],[-157.933237,21.376286],[-157.934054,21.376887],[-157.934406,21.376622],[-157.933604,21.376159],[-157.933374,21.375574],[-157.933374,21.375299],[-157.933577,21.374791],[-157.934081,21.373907],[-157.934547,21.373529],[-157.935927,21.371403],[-157.936201,21.371337],[-157.936307,21.371122],[-157.936274,21.370925],[-157.936683,21.370638],[-157.936954,21.369958],[-157.937608,21.369513],[-157.938351,21.369192],[-157.938781,21.369217],[-157.939373,21.367479],[-157.939474,21.367412],[-157.939741,21.367441],[-157.940089,21.36666],[-157.938231,21.365948],[-157.938054,21.366108],[-157.937809,21.366087],[-157.936426,21.365261],[-157.935943,21.364655],[-157.93525,21.364353],[-157.934464,21.364314],[-157.933632,21.364607],[-157.933757,21.364831],[-157.934027,21.36462],[-157.934528,21.364477],[-157.935242,21.364496],[-157.935558,21.364619],[-157.93669,21.365814],[-157.93666,21.366137],[-157.936233,21.367625],[-157.933702,21.3719]]],[[[-157.938966,21.365389],[-157.940446,21.36592],[-157.940595,21.36551],[-157.944095,21.364083],[-157.944027,21.363945],[-157.940539,21.365372],[-157.941045,21.36395],[-157.940967,21.363924],[-157.941433,21.363373],[-157.941668,21.363281],[-157.942403,21.363221],[-157.942523,21.363364],[-157.942933,21.363195],[-157.942421,21.363121],[-157.941243,21.363314],[-157.94107,21.363219],[-157.940393,21.364939],[-157.940227,21.365196],[-157.93927,21.365063],[-157.937178,21.364212],[-157.935927,21.363101],[-157.934677,21.362792],[-157.932954,21.363402],[-157.933354,21.364114],[-157.934273,21.363791],[-157.934851,21.363745],[-157.935373,21.363814],[-157.935879,21.363998],[-157.936333,21.364241],[-157.936818,21.364848],[-157.938104,21.365611],[-157.938243,21.36579],[-157.938361,21.365175],[-157.938966,21.365389]]],[[[-157.935071,21.377638],[-157.936283,21.37855],[-157.937744,21.377338],[-157.938743,21.376929],[-157.9394,21.376861],[-157.93973,21.376678],[-157.939318,21.376819],[-157.938808,21.376771],[-157.938055,21.376986],[-157.937277,21.377595],[-157.936869,21.377618],[-157.934838,21.377004],[-157.934528,21.377237],[-157.935071,21.377638]]]]},"properties":{}},{"type":"Feature","id":40,"geometry":{"type":"MultiPolygon","coordinates":[[[[-157.940582,21.375517],[-157.940298,21.376023],[-157.941219,21.375792],[-157.941207,21.375625],[-157.940684,21.375338],[-157.940582,21.375517]]]]},"properties":{}},{"type":"Feature","id":41,"geometry":{"type":"MultiPolygon","coordinates":[[[[-157.94599,21.36045],[-157.945329,21.360723],[-157.945314,21.361175],[-157.946927,21.360533],[-157.946756,21.360131],[-157.94599,21.36045]]]]},"properties":{}},{"type":"Feature","id":42,"geometry":{"type":"MultiPolygon","coordinates":[[[[-157.953476,21.356293],[-157.953588,21.356354],[-157.954297,21.355223],[-157.954171,21.355146],[-157.953476,21.356293]]]]},"properties":{}},{"type":"Feature","id":43,"geometry":{"type":"MultiPolygon","coordinates":[[[[-157.952878,21.356481],[-157.953007,21.356553],[-157.953997,21.355062],[-157.953858,21.354995],[-157.952878,21.356481]]]]},"properties":{}},{"type":"Feature","id":44,"geometry":{"type":"MultiPolygon","coordinates":[[[[-157.954282,21.356738],[-157.954517,21.356909],[-157.955301,21.355693],[-157.954995,21.355592],[-157.954282,21.356738]]]]},"properties":{}},{"type":"Feature","id":45,"geometry":{"type":"MultiPolygon","coordinates":[[[[-157.951907,21.355954],[-157.95219,21.356108],[-157.953108,21.354632],[-157.952844,21.354504],[-157.951907,21.355954]]]]},"properties":{}},{"type":"Feature","id":46,"geometry":{"type":"MultiPolygon","coordinates":[[[[-157.952568,21.352771],[-157.951065,21.355096],[-157.951371,21.355294],[-157.952977,21.35279],[-157.952634,21.352603],[-157.952568,21.352771]]]]},"properties":{}},{"type":"Feature","id":47,"geometry":{"type":"MultiPolygon","coordinates":[[[[-157.96095,21.352115],[-157.961234,21.352265],[-157.961877,21.351422],[-157.962147,21.351361],[-157.962318,21.351543],[-157.96219,21.352016],[-157.96239,21.352115],[-157.962786,21.351525],[-157.961637,21.351108],[-157.96095,21.352115]]]]},"properties":{}},{"type":"Feature","id":48,"geometry":{"type":"MultiPolygon","coordinates":[[[[-157.962825,21.352379],[-157.964075,21.352113],[-157.964416,21.351975],[-157.964526,21.351722],[-157.96479,21.351446],[-157.965124,21.351314],[-157.965323,21.35106],[-157.965692,21.350895],[-157.96646,21.350371],[-157.966807,21.35031],[-157.966994,21.350144],[-157.96704,21.349968],[-157.967873,21.349576],[-157.968112,21.348965],[-157.968199,21.348497],[-157.968179,21.347688],[-157.967671,21.346725],[-157.967083,21.346285],[-157.966788,21.345972],[-157.96597,21.346534],[-157.967561,21.348491],[-157.967385,21.348972],[-157.965854,21.350455],[-157.964967,21.350656],[-157.963313,21.351752],[-157.963007,21.351638],[-157.962678,21.352275],[-157.962825,21.352379]]]]},"properties":{}}]}