{"type":"FeatureCollection","features":[{"type":"Feature","id":3,"geometry":{"type":"MultiPolygon","coordinates":[[[[-157.846841,21.282045],[-157.846735,21.281917],[-157.846342,21.281793],[-157.846205,21.281518],[-157.846053,21.281536],[-157.845006,21.285429],[-157.844292,21.287681],[-157.843101,21.287429],[-157.841355,21.2882],[-157.841238,21.288156],[-157.841029,21.287825],[-157.84055,21.287964],[-157.840438,21.287494],[-157.840878,21.287383],[-157.841217,21.287192],[-157.841028,21.286919],[-157.84121,21.286792],[-157.839851,21.285051],[-157.83991,21.284897],[-157.839487,21.28428],[-157.83956,21.284219],[-157.839396,21.283979],[-157.839426,21.283783],[-157.839565,21.28362],[-157.839627,21.283601],[-157.840179,21.284351],[-157.840276,21.284351],[-157.840994,21.283898],[-157.842794,21.286349],[-157.843032,21.286193],[-157.840619,21.282874],[-157.841274,21.282537],[-157.843489,21.285543],[-157.84376,21.285345],[-157.843615,21.285126],[-157.843471,21.285142],[-157.841248,21.282072],[-157.841236,21.281895],[-157.841725,21.281515],[-157.844054,21.284723],[-157.844155,21.284651],[-157.841752,21.281366],[-157.841066,21.281831],[-157.839779,21.280181],[-157.839543,21.280333],[-157.839584,21.280377],[-157.839799,21.280267],[-157.840208,21.280795],[-157.83863,21.281189],[-157.838499,21.281037],[-157.838004,21.280937],[-157.837867,21.280805],[-157.83782,21.280641],[-157.838212,21.28042],[-157.838393,21.280441],[-157.838453,21.280285],[-157.838386,21.280264],[-157.838347,21.280367],[-157.838236,21.280326],[-157.83822,21.280208],[-157.838141,21.280394],[-157.837703,21.2806],[-157.837347,21.281353],[-157.836472,21.28066],[-157.835087,21.278888],[-157.833234,21.277767],[-157.832836,21.277646],[-157.832884,21.277586],[-157.831795,21.277256],[-157.831729,21.27734],[-157.83115,21.277055],[-157.829697,21.276583],[-157.829726,21.276372],[-157.828748,21.276488],[-157.828029,21.276443],[-157.827602,21.276317],[-157.826318,21.27567],[-157.826211,21.275767],[-157.826053,21.275548],[-157.825992,21.275598],[-157.825137,21.274674],[-157.824336,21.273966],[-157.824029,21.273131],[-157.823529,21.272686],[-157.822875,21.271405],[-157.823841,21.271094],[-157.823789,21.271056],[-157.823229,21.271235],[-157.823196,21.271153],[-157.823034,21.270434],[-157.822881,21.268902],[-157.8229,21.268374],[-157.823123,21.268351],[-157.822945,21.268352],[-157.82289,21.268282],[-157.822892,21.268025],[-157.822629,21.267194],[-157.822707,21.267175],[-157.822643,21.266916],[-157.822058,21.265063],[-157.822792,21.264857],[-157.822559,21.263912],[-157.821786,21.264028],[-157.821489,21.263013],[-157.82161,21.262691],[-157.821519,21.262126],[-157.821606,21.262094],[-157.821554,21.261559],[-157.821435,21.261258],[-157.821314,21.261112],[-157.820376,21.260539],[-157.820014,21.260161],[-157.81974,21.259452],[-157.819262,21.258855],[-157.818738,21.257828],[-157.818433,21.257628],[-157.818351,21.257618],[-157.81832,21.257685],[-157.818013,21.257669],[-157.817228,21.25753],[-157.817282,21.257422],[-157.816368,21.256824],[-157.815013,21.256139],[-157.814589,21.256019],[-157.813404,21.25581],[-157.812414,21.255961],[-157.811427,21.25596],[-157.81121,21.255789],[-157.810363,21.25544],[-157.809891,21.255076],[-157.809523,21.255002],[-157.809447,21.255208],[-157.809109,21.255192],[-157.808196,21.254871],[-157.807122,21.25491],[-157.805803,21.255158],[-157.80366,21.255931],[-157.803391,21.255947],[-157.803376,21.2559],[-157.802717,21.255986],[-157.80244,21.255919],[-157.801691,21.255923],[-157.80168,21.256005],[-157.801149,21.256109],[-157.801089,21.256038],[-157.800836,21.256075],[-157.800315,21.256246],[-157.80021,21.256351],[-157.79946,21.256541],[-157.798949,21.256758],[-157.797789,21.256961],[-157.797107,21.256931],[-157.796697,21.257204],[-157.796195,21.257288],[-157.795954,21.257084],[-157.795899,21.256715],[-157.795793,21.256661],[-157.795615,21.256775],[-157.795525,21.256757],[-157.795523,21.256666],[-157.795412,21.256619],[-157.795205,21.256318],[-157.794986,21.256465],[-157.794854,21.256276],[-157.794944,21.256217],[-157.794955,21.25602],[-157.794841,21.25612],[-157.794438,21.255826],[-157.794103,21.255745],[-157.793933,21.255825],[-157.793642,21.255478],[-157.793267,21.255359],[-157.792875,21.255132],[-157.792708,21.255291],[-157.791967,21.255376],[-157.791776,21.255301],[-157.791654,21.255088],[-157.791553,21.25527],[-157.791308,21.255367],[-157.790968,21.255679],[-157.790664,21.256613],[-157.79081,21.257098],[-157.790744,21.257482],[-157.791034,21.257681],[-157.791149,21.257898],[-157.791078,21.258115],[-157.791193,21.25839],[-157.791093,21.258713],[-157.790617,21.25907],[-157.790247,21.259487],[-157.789375,21.259961],[-157.788575,21.260288],[-157.787373,21.260986],[-157.785721,21.261605],[-157.785124,21.261926],[-157.783474,21.263101],[-157.782167,21.263729],[-157.781324,21.264425],[-157.780606,21.264837],[-157.779995,21.265387],[-157.778928,21.266937],[-157.778869,21.266898],[-157.77889,21.266995],[-157.778379,21.267861],[-157.777931,21.268294],[-157.777996,21.268341],[-157.777215,21.269214],[-157.776504,21.26986],[-157.775741,21.270415],[-157.774989,21.270795],[-157.773312,21.271459],[-157.771425,21.272064],[-157.770532,21.272282],[-157.769345,21.272412],[-157.768628,21.272672],[-157.767815,21.273345],[-157.764689,21.27509],[-157.762717,21.2758],[-157.761791,21.276044],[-157.760702,21.276197],[-157.760633,21.276098],[-157.759628,21.27596],[-157.758984,21.274336],[-157.758514,21.273589],[-157.757717,21.273417],[-157.756274,21.273614],[-157.755219,21.273898],[-157.754955,21.274064],[-157.754661,21.274442],[-157.754471,21.275031],[-157.754496,21.275516],[-157.75456,21.275513],[-157.754659,21.275985],[-157.753389,21.276398],[-157.752172,21.27691],[-157.75154,21.276995],[-157.750986,21.276904],[-157.751005,21.276967],[-157.750942,21.276966],[-157.750596,21.276855],[-157.750135,21.276903],[-157.748735,21.277257],[-157.747043,21.277909],[-157.74684,21.277759],[-157.746819,21.27786],[-157.746935,21.278069],[-157.746768,21.278177],[-157.745109,21.278667],[-157.745123,21.27872],[-157.744213,21.278929],[-157.744262,21.27914],[-157.744122,21.279322],[-157.743941,21.279415],[-157.743927,21.279501],[-157.743676,21.279661],[-157.742952,21.279895],[-157.742075,21.279943],[-157.741837,21.279939],[-157.741831,21.279882],[-157.741577,21.27987],[-157.74148,21.279932],[-157.740726,21.279866],[-157.739495,21.279939],[-157.737742,21.280143],[-157.736648,21.28045],[-157.736603,21.280355],[-157.736358,21.280418],[-157.736001,21.279925],[-157.73532,21.279584],[-157.734921,21.279528],[-157.733915,21.279676],[-157.733662,21.279778],[-157.733434,21.280419],[-157.73329,21.281081],[-157.733393,21.281499],[-157.733334,21.281697],[-157.732575,21.281874],[-157.731872,21.281915],[-157.730439,21.281846],[-157.729871,21.281754],[-157.727394,21.281067],[-157.725516,21.280837],[-157.724683,21.280854],[-157.724297,21.281044],[-157.722808,21.28131],[-157.722467,21.28182],[-157.721894,21.282251],[-157.721674,21.282603],[-157.721639,21.282855],[-157.721709,21.282911],[-157.721847,21.282702],[-157.722564,21.282384],[-157.722599,21.282222],[-157.722445,21.282077],[-157.722531,21.281967],[-157.722761,21.28217],[-157.723094,21.282194],[-157.723397,21.281935],[-157.723755,21.281881],[-157.724017,21.281974],[-157.724219,21.28222],[-157.724411,21.282207],[-157.72457,21.282317],[-157.723808,21.282442],[-157.724605,21.282337],[-157.724844,21.282416],[-157.725121,21.282399],[-157.725182,21.282366],[-157.725006,21.282282],[-157.725012,21.282193],[-157.724925,21.282284],[-157.724599,21.282178],[-157.724655,21.281665],[-157.724778,21.281581],[-157.724951,21.28162],[-157.725003,21.281755],[-157.725154,21.281807],[-157.725056,21.28216],[-157.725249,21.28189],[-157.725266,21.281388],[-157.725639,21.281219],[-157.726049,21.281275],[-157.726978,21.281599],[-157.727384,21.281668],[-157.728077,21.282348],[-157.728049,21.282536],[-157.727407,21.282847],[-157.727146,21.282809],[-157.726423,21.283068],[-157.726029,21.283072],[-157.725972,21.283246],[-157.725656,21.283461],[-157.725461,21.283696],[-157.724928,21.283964],[-157.724131,21.28393],[-157.723828,21.283994],[-157.723832,21.284091],[-157.723592,21.284112],[-157.723348,21.284267],[-157.722837,21.284364],[-157.722775,21.284293],[-157.722307,21.284181],[-157.72169,21.284243],[-157.721672,21.284002],[-157.721767,21.28383],[-157.721673,21.283824],[-157.720904,21.283968],[-157.719605,21.284384],[-157.719602,21.284464],[-157.718998,21.284624],[-157.718665,21.284348],[-157.718708,21.283781],[-157.718142,21.283355],[-157.718312,21.28311],[-157.717934,21.282857],[-157.717702,21.283144],[-157.71751,21.282979],[-157.715244,21.282522],[-157.714984,21.28238],[-157.714935,21.282199],[-157.714321,21.281808],[-157.71429,21.282242],[-157.713684,21.282009],[-157.713978,21.2818],[-157.71396,21.281643],[-157.713623,21.281566],[-157.713189,21.281281],[-157.712846,21.281147],[-157.712321,21.28108],[-157.712005,21.281258],[-157.711333,21.280863],[-157.709948,21.278774],[-157.709669,21.278486],[-157.709413,21.278006],[-157.70934,21.277438],[-157.709586,21.277328],[-157.709407,21.277154],[-157.708988,21.275898],[-157.708898,21.275875],[-157.708765,21.275044],[-157.708795,21.274651],[-157.709083,21.273867],[-157.709093,21.272992],[-157.70904,21.27188],[-157.708626,21.270261],[-157.708591,21.269751],[-157.708855,21.268475],[-157.709275,21.267912],[-157.709185,21.26785],[-157.709531,21.267599],[-157.709746,21.267333],[-157.709639,21.267223],[-157.709723,21.267095],[-157.710215,21.266902],[-157.710366,21.266733],[-157.710404,21.266272],[-157.711017,21.265159],[-157.711123,21.264325],[-157.711358,21.263972],[-157.711771,21.263699],[-157.711803,21.26348],[-157.711614,21.263358],[-157.711456,21.262877],[-157.711473,21.262698],[-157.711653,21.262544],[-157.711404,21.262521],[-157.711354,21.26245],[-157.711363,21.262293],[-157.711607,21.262003],[-157.711315,21.260848],[-157.711133,21.260857],[-157.711017,21.260752],[-157.710837,21.260775],[-157.710971,21.260612],[-157.710957,21.260304],[-157.710672,21.260318],[-157.710508,21.260232],[-157.710451,21.259924],[-157.709772,21.260011],[-157.709868,21.259743],[-157.709758,21.259613],[-157.709231,21.259463],[-157.708911,21.259575],[-157.708606,21.259388],[-157.7083,21.259491],[-157.708097,21.259271],[-157.70777,21.259448],[-157.707243,21.259268],[-157.707195,21.259084],[-157.706817,21.259349],[-157.706549,21.259327],[-157.706164,21.259473],[-157.705947,21.259301],[-157.705751,21.259415],[-157.705411,21.259353],[-157.704998,21.259453],[-157.704453,21.25939],[-157.70362,21.259497],[-157.703218,21.259424],[-157.702486,21.259698],[-157.699923,21.260045],[-157.698873,21.260535],[-157.698461,21.260918],[-157.697686,21.261162],[-157.697516,21.261352],[-157.697241,21.261441],[-157.696958,21.261473],[-157.696532,21.261203],[-157.695209,21.261455],[-157.694364,21.261925],[-157.693597,21.262647],[-157.693375,21.262589],[-157.692918,21.26315],[-157.692517,21.263372],[-157.692119,21.263395],[-157.691751,21.263674],[-157.691976,21.263871],[-157.691837,21.264885],[-157.69207,21.265319],[-157.69252,21.265496],[-157.692928,21.265756],[-157.693132,21.265751],[-157.693311,21.266042],[-157.693939,21.266059],[-157.694192,21.266363],[-157.694505,21.266517],[-157.694798,21.266875],[-157.695056,21.267473],[-157.694712,21.267944],[-157.69472,21.268094],[-157.696116,21.268101],[-157.696474,21.268018],[-157.696979,21.268082],[-157.697302,21.268027],[-157.697511,21.268599],[-157.697567,21.269024],[-157.697436,21.269626],[-157.696643,21.271439],[-157.696024,21.272174],[-157.694501,21.272459],[-157.694083,21.272436],[-157.693338,21.272263],[-157.692987,21.271443],[-157.692637,21.271306],[-157.691878,21.270649],[-157.691691,21.269907],[-157.691432,21.269491],[-157.691214,21.268831],[-157.690751,21.268658],[-157.69058,21.268698],[-157.690496,21.26948],[-157.690348,21.269038],[-157.690063,21.268532],[-157.689984,21.268488],[-157.689751,21.268581],[-157.68952,21.268732],[-157.689012,21.269632],[-157.688698,21.269959],[-157.688087,21.270825],[-157.68794,21.271312],[-157.687712,21.271365],[-157.687671,21.271441],[-157.687516,21.271776],[-157.687548,21.272065],[-157.687483,21.272263],[-157.686853,21.273216],[-157.686859,21.273412],[-157.687198,21.274175],[-157.686719,21.27444],[-157.686379,21.274749],[-157.686441,21.275006],[-157.686283,21.275257],[-157.686457,21.275366],[-157.686443,21.27553],[-157.686302,21.275597],[-157.686322,21.275692],[-157.68547,21.275466],[-157.685046,21.275593],[-157.684414,21.275538],[-157.684387,21.275623],[-157.684534,21.275739],[-157.684723,21.276217],[-157.684772,21.276485],[-157.684632,21.27658],[-157.684711,21.276767],[-157.684287,21.276484],[-157.684085,21.276468],[-157.683719,21.27678],[-157.683477,21.276908],[-157.683393,21.276885],[-157.683443,21.277106],[-157.683322,21.27724],[-157.682369,21.277558],[-157.682017,21.277743],[-157.681627,21.278243],[-157.680621,21.278901],[-157.680624,21.278815],[-157.680511,21.278768],[-157.680295,21.279085],[-157.678378,21.280031],[-157.67805,21.280489],[-157.67787,21.280294],[-157.677485,21.280172],[-157.677445,21.280765],[-157.677321,21.281061],[-157.677039,21.281227],[-157.676796,21.28149],[-157.67685,21.281576],[-157.676949,21.28156],[-157.677042,21.281792],[-157.676756,21.281947],[-157.676541,21.281969],[-157.67646,21.282123],[-157.676114,21.282204],[-157.676278,21.282588],[-157.676567,21.28272],[-157.676464,21.282845],[-157.676368,21.282746],[-157.676198,21.282751],[-157.675143,21.284152],[-157.674131,21.285191],[-157.673812,21.285351],[-157.673268,21.285412],[-157.671962,21.285282],[-157.671196,21.28555],[-157.670445,21.285658],[-157.670002,21.2859],[-157.669633,21.285829],[-157.669309,21.285905],[-157.669068,21.285873],[-157.669063,21.285956],[-157.668892,21.286014],[-157.668918,21.286096],[-157.668736,21.286172],[-157.668764,21.286386],[-157.668466,21.28666],[-157.668392,21.286893],[-157.668495,21.287438],[-157.668102,21.287982],[-157.667871,21.288085],[-157.66743,21.287988],[-157.667128,21.28802],[-157.666646,21.288395],[-157.665923,21.28868],[-157.665863,21.289047],[-157.665629,21.289111],[-157.665521,21.289374],[-157.664301,21.290168],[-157.662002,21.291152],[-157.661374,21.291222],[-157.661129,21.291482],[-157.660806,21.292027],[-157.660487,21.292274],[-157.659759,21.292446],[-157.65884,21.292397],[-157.658589,21.292491],[-157.658051,21.292836],[-157.657715,21.293273],[-157.657819,21.293437],[-157.657955,21.293407],[-157.658288,21.29351],[-157.658819,21.293887],[-157.658453,21.293959],[-157.658128,21.293763],[-157.657917,21.293788],[-157.657721,21.293615],[-157.657309,21.293496],[-157.657201,21.293523],[-157.657109,21.293731],[-157.657183,21.293885],[-157.657554,21.294044],[-157.657674,21.294267],[-157.657631,21.294571],[-157.657395,21.294719],[-157.657322,21.294862],[-157.657873,21.295031],[-157.658734,21.295518],[-157.658384,21.295857],[-157.658096,21.295922],[-157.657458,21.295387],[-157.657371,21.295409],[-157.657317,21.295669],[-157.657169,21.295748],[-157.656036,21.295796],[-157.655715,21.295997],[-157.65527,21.296711],[-157.655095,21.296872],[-157.654922,21.296878],[-157.654729,21.296994],[-157.654687,21.297072],[-157.654788,21.297376],[-157.654613,21.29741],[-157.654331,21.297206],[-157.653489,21.296941],[-157.653026,21.297035],[-157.652891,21.297119],[-157.652746,21.297685],[-157.652466,21.298035],[-157.652396,21.298251],[-157.652219,21.298155],[-157.652047,21.298242],[-157.651918,21.298436],[-157.651678,21.298389],[-157.651623,21.298481],[-157.651366,21.298555],[-157.651309,21.298693],[-157.650799,21.298878],[-157.650832,21.299015],[-157.650742,21.299093],[-157.650651,21.299777],[-157.6505,21.300203],[-157.650247,21.300252],[-157.650186,21.300329],[-157.650438,21.300451],[-157.650313,21.300779],[-157.650134,21.300783],[-157.650112,21.300956],[-157.65021,21.301133],[-157.650046,21.301458],[-157.650069,21.301622],[-157.649956,21.301712],[-157.650021,21.301841],[-157.64983,21.302013],[-157.649961,21.30254],[-157.649823,21.30276],[-157.649879,21.303014],[-157.649785,21.303213],[-157.64985,21.303353],[-157.649777,21.303461],[-157.649363,21.303504],[-157.649442,21.303674],[-157.649222,21.303842],[-157.648975,21.303893],[-157.648928,21.304016],[-157.648764,21.304115],[-157.648816,21.304595],[-157.649097,21.304683],[-157.649156,21.305411],[-157.649268,21.305705],[-157.649184,21.306016],[-157.648996,21.306137],[-157.648981,21.306334],[-157.649082,21.306452],[-157.648904,21.306682],[-157.648937,21.306797],[-157.648857,21.306921],[-157.648869,21.307126],[-157.64899,21.30719],[-157.648943,21.307349],[-157.649087,21.307515],[-157.648856,21.307516],[-157.648772,21.307599],[-157.64883,21.307721],[-157.649289,21.308021],[-157.648981,21.308166],[-157.648979,21.308558],[-157.649127,21.30861],[-157.648881,21.308847],[-157.648971,21.30897],[-157.648954,21.309103],[-157.648833,21.30913],[-157.648689,21.309303],[-157.648682,21.3096],[-157.648806,21.309859],[-157.648946,21.310089],[-157.649116,21.310189],[-157.649078,21.310403],[-157.648976,21.310428],[-157.649097,21.310559],[-157.648839,21.310934],[-157.649377,21.311242],[-157.649569,21.311262],[-157.650054,21.310732],[-157.650623,21.310311],[-157.651114,21.310169],[-157.651213,21.310262],[-157.651104,21.310633],[-157.651153,21.310855],[-157.65213,21.310752],[-157.65267,21.310786],[-157.652718,21.3109],[-157.653005,21.31079],[-157.65304,21.310941],[-157.653398,21.310893],[-157.653422,21.310773],[-157.653616,21.310779],[-157.653701,21.310677],[-157.654256,21.310757],[-157.654367,21.310673],[-157.654784,21.310588],[-157.655035,21.310401],[-157.655223,21.310428],[-157.655424,21.310249],[-157.656088,21.310167],[-157.656209,21.310239],[-157.656528,21.309963],[-157.656619,21.310219],[-157.656928,21.310157],[-157.657068,21.310023],[-157.657172,21.310187],[-157.657383,21.31009],[-157.657382,21.310274],[-157.657449,21.310325],[-157.657601,21.31031],[-157.657783,21.310135],[-157.657818,21.309992],[-157.657973,21.310281],[-157.658101,21.310049],[-157.658231,21.310154],[-157.658553,21.310114],[-157.658815,21.310384],[-157.658969,21.310325],[-157.659126,21.310137],[-157.659468,21.310202],[-157.659657,21.310302],[-157.659981,21.310687],[-157.660548,21.311864],[-157.660503,21.312098],[-157.660082,21.312457],[-157.660111,21.312573],[-157.660211,21.31262],[-157.660178,21.312771],[-157.660479,21.312788],[-157.660362,21.313012],[-157.660156,21.313163],[-157.660236,21.313417],[-157.660149,21.313572],[-157.660259,21.313743],[-157.660175,21.313985],[-157.66025,21.31415],[-157.660163,21.314411],[-157.659967,21.314507],[-157.660004,21.31462],[-157.660166,21.314574],[-157.66021,21.314474],[-157.66052,21.314497],[-157.661298,21.315086],[-157.661471,21.315132],[-157.661529,21.315256],[-157.661393,21.315467],[-157.66144,21.315767],[-157.661558,21.315794],[-157.661936,21.315624],[-157.662206,21.315668],[-157.662355,21.315832],[-157.662361,21.316265],[-157.662556,21.316343],[-157.662807,21.316246],[-157.662729,21.31651],[-157.663031,21.316685],[-157.662995,21.316785],[-157.663205,21.316756],[-157.66318,21.316875],[-157.663252,21.31689],[-157.663366,21.316732],[-157.663747,21.316654],[-157.663826,21.316533],[-157.664022,21.31662],[-157.664622,21.316509],[-157.66503,21.316278],[-157.666075,21.315948],[-157.666447,21.315946],[-157.666903,21.316066],[-157.667861,21.316471],[-157.66819,21.316704],[-157.66916,21.317844],[-157.669885,21.3185],[-157.669408,21.318994],[-157.669343,21.318941],[-157.669094,21.319211],[-157.669224,21.319347],[-157.668888,21.319696],[-157.668348,21.31927],[-157.668111,21.319314],[-157.668125,21.3195],[-157.668763,21.320012],[-157.669196,21.320022],[-157.669391,21.319894],[-157.669323,21.31981],[-157.669008,21.319774],[-157.669487,21.319267],[-157.669547,21.319052],[-157.669821,21.318767],[-157.66997,21.318866],[-157.670085,21.318823],[-157.670224,21.318873],[-157.670305,21.318954],[-157.670308,21.319117],[-157.670472,21.319173],[-157.670703,21.319116],[-157.672021,21.320374],[-157.672516,21.321069],[-157.67248,21.321213],[-157.672643,21.32139],[-157.672835,21.321477],[-157.672942,21.321433],[-157.673181,21.321563],[-157.673887,21.322067],[-157.674901,21.322524],[-157.675511,21.322663],[-157.675685,21.322816],[-157.676191,21.322961],[-157.676641,21.323215],[-157.676761,21.32335],[-157.676686,21.323419],[-157.676747,21.32347],[-157.676819,21.323411],[-157.67743,21.324072],[-157.677968,21.324473],[-157.678611,21.324662],[-157.679501,21.325207],[-157.681041,21.325588],[-157.681485,21.325806],[-157.682245,21.325884],[-157.683303,21.326382],[-157.685146,21.326842],[-157.688016,21.328086],[-157.689535,21.328942],[-157.690269,21.329546],[-157.690615,21.329678],[-157.691164,21.330052],[-157.692272,21.331105],[-157.692926,21.331574],[-157.6944,21.333611],[-157.696298,21.336545],[-157.6991,21.341245],[-157.700457,21.342904],[-157.701858,21.345073],[-157.703079,21.346647],[-157.705024,21.349939],[-157.705987,21.35187],[-157.707093,21.354386],[-157.707989,21.357053],[-157.709053,21.359518],[-157.709339,21.361347],[-157.70946,21.361694],[-157.709782,21.364432],[-157.709617,21.364563],[-157.709593,21.364744],[-157.709621,21.365009],[-157.709756,21.365186],[-157.709778,21.36649],[-157.709475,21.367248],[-157.709366,21.367836],[-157.708863,21.368791],[-157.708648,21.369616],[-157.708017,21.371379],[-157.707643,21.371976],[-157.707323,21.372972],[-157.706599,21.374369],[-157.706216,21.375666],[-157.705931,21.376281],[-157.705755,21.377401],[-157.705738,21.378073],[-157.705545,21.378426],[-157.705531,21.378964],[-157.70567,21.379682],[-157.705573,21.379649],[-157.705578,21.379913],[-157.706215,21.380359],[-157.706854,21.380685],[-157.707513,21.380657],[-157.707675,21.380903],[-157.708252,21.381292],[-157.708739,21.382513],[-157.708802,21.382978],[-157.708849,21.382962],[-157.70897,21.383355],[-157.708956,21.383586],[-157.709281,21.383511],[-157.708964,21.38362],[-157.709037,21.383907],[-157.709137,21.383872],[-157.709177,21.384074],[-157.709249,21.384053],[-157.709524,21.384636],[-157.709681,21.384804],[-157.709438,21.384889],[-157.709667,21.385025],[-157.71011,21.38487],[-157.710291,21.385058],[-157.710058,21.385144],[-157.710426,21.385448],[-157.711337,21.387906],[-157.711749,21.388572],[-157.712106,21.389049],[-157.713955,21.390639],[-157.714927,21.391852],[-157.715641,21.392936],[-157.716259,21.393633],[-157.716884,21.394056],[-157.717716,21.394495],[-157.71871,21.395306],[-157.719881,21.395986],[-157.720172,21.396425],[-157.720652,21.396438],[-157.720733,21.396185],[-157.720976,21.396365],[-157.721252,21.396055],[-157.721596,21.395925],[-157.722468,21.396028],[-157.723202,21.396312],[-157.724931,21.397246],[-157.726063,21.398145],[-157.726792,21.398555],[-157.728688,21.398919],[-157.730868,21.39922],[-157.730844,21.399275],[-157.730924,21.39931],[-157.731292,21.399349],[-157.732586,21.399819],[-157.734412,21.400598],[-157.735697,21.40151],[-157.737147,21.402908],[-157.737298,21.403088],[-157.737251,21.403128],[-157.737414,21.403223],[-157.738049,21.403984],[-157.739867,21.406307],[-157.74122,21.408544],[-157.74196,21.410613],[-157.742291,21.411238],[-157.742448,21.411448],[-157.742515,21.411441],[-157.74238,21.411514],[-157.74255,21.412006],[-157.742485,21.412042],[-157.742611,21.412259],[-157.742682,21.412222],[-157.742851,21.412765],[-157.743118,21.414013],[-157.743269,21.41434],[-157.743361,21.415108],[-157.743633,21.416126],[-157.744378,21.418276],[-157.744521,21.418958],[-157.744612,21.421097],[-157.74459,21.421782],[-157.74447,21.422312],[-157.744232,21.422598],[-157.744095,21.422433],[-157.743926,21.422385],[-157.743725,21.422487],[-157.743567,21.422776],[-157.743429,21.423511],[-157.742778,21.424339],[-157.741819,21.425225],[-157.742006,21.42535],[-157.741745,21.425663],[-157.740985,21.425187],[-157.740378,21.425355],[-157.740077,21.42529],[-157.73997,21.425185],[-157.739992,21.424754],[-157.739773,21.424524],[-157.739668,21.42451],[-157.739438,21.424199],[-157.739091,21.424113],[-157.738974,21.42399],[-157.73889,21.424629],[-157.738591,21.425028],[-157.73804,21.425422],[-157.737888,21.425705],[-157.738024,21.427631],[-157.737949,21.427744],[-157.737906,21.428429],[-157.737884,21.428477],[-157.737347,21.428479],[-157.737245,21.428644],[-157.73708,21.429864],[-157.736523,21.430566],[-157.736149,21.431269],[-157.736043,21.43155],[-157.735985,21.432137],[-157.736008,21.432967],[-157.735599,21.433496],[-157.735756,21.435073],[-157.735989,21.436261],[-157.736051,21.437161],[-157.736005,21.437356],[-157.736506,21.438398],[-157.73663,21.438975],[-157.736646,21.439519],[-157.736447,21.440108],[-157.736556,21.440812],[-157.736485,21.441743],[-157.736579,21.44252],[-157.736521,21.443546],[-157.736387,21.44403],[-157.73607,21.444639],[-157.735876,21.44493],[-157.73565,21.445093],[-157.735494,21.445088],[-157.735325,21.444871],[-157.735072,21.445347],[-157.73466,21.445826],[-157.734356,21.446041],[-157.733969,21.445885],[-157.733302,21.446158],[-157.733206,21.445937],[-157.732691,21.445706],[-157.732427,21.445721],[-157.732512,21.445854],[-157.732107,21.445977],[-157.732091,21.446266],[-157.731841,21.446277],[-157.731577,21.446192],[-157.731296,21.446332],[-157.730035,21.446469],[-157.729606,21.446664],[-157.729091,21.446723],[-157.728874,21.44697],[-157.7286,21.447644],[-157.72717,21.448476],[-157.72711,21.448592],[-157.726849,21.448637],[-157.726774,21.448804],[-157.726464,21.448964],[-157.726467,21.449205],[-157.726079,21.449156],[-157.72599,21.449208],[-157.726113,21.449369],[-157.725933,21.449505],[-157.726075,21.449631],[-157.725914,21.449697],[-157.725806,21.449655],[-157.725705,21.449964],[-157.726065,21.450367],[-157.725835,21.450589],[-157.725682,21.450373],[-157.725313,21.450603],[-157.725058,21.451191],[-157.725374,21.451429],[-157.725045,21.451557],[-157.725303,21.451599],[-157.725398,21.45174],[-157.725666,21.451814],[-157.725658,21.451977],[-157.725405,21.45208],[-157.725404,21.45271],[-157.725291,21.453141],[-157.725221,21.454009],[-157.724775,21.454749],[-157.724482,21.454971],[-157.723707,21.455048],[-157.723565,21.454421],[-157.723399,21.454553],[-157.723374,21.454954],[-157.722899,21.455479],[-157.722454,21.455826],[-157.722411,21.455988],[-157.72249,21.456602],[-157.72206,21.457262],[-157.722097,21.457469],[-157.721937,21.458077],[-157.72217,21.458905],[-157.722627,21.45927],[-157.723004,21.459444],[-157.723545,21.459364],[-157.724104,21.459145],[-157.724897,21.459102],[-157.727597,21.459275],[-157.727831,21.459594],[-157.728838,21.459752],[-157.729071,21.459877],[-157.729145,21.460039],[-157.729581,21.460394],[-157.729886,21.460403],[-157.730447,21.460265],[-157.732526,21.459344],[-157.733194,21.459241],[-157.73438,21.458175],[-157.735314,21.457685],[-157.73625,21.456384],[-157.736905,21.456307],[-157.736856,21.456058],[-157.737029,21.455978],[-157.737171,21.456152],[-157.737595,21.455912],[-157.73816,21.45589],[-157.739094,21.455972],[-157.739484,21.455666],[-157.739802,21.455249],[-157.740102,21.454667],[-157.73984,21.45444],[-157.739942,21.454258],[-157.741418,21.453977],[-157.741624,21.4537],[-157.742341,21.453647],[-157.74305,21.45371],[-157.743304,21.453587],[-157.744562,21.453566],[-157.74677,21.453955],[-157.749163,21.454494],[-157.750739,21.455307],[-157.751794,21.455498],[-157.752516,21.455833],[-157.752801,21.456242],[-157.753012,21.456324],[-157.753695,21.456396],[-157.753947,21.456296],[-157.75449,21.456586],[-157.755983,21.456819],[-157.756952,21.457062],[-157.757669,21.457562],[-157.758043,21.457686],[-157.758943,21.458181],[-157.759338,21.458181],[-157.761365,21.45907],[-157.762301,21.459373],[-157.763149,21.459894],[-157.763724,21.460487],[-157.763809,21.460995],[-157.763746,21.461301],[-157.763572,21.46163],[-157.763123,21.461891],[-157.762931,21.462221],[-157.763095,21.462762],[-157.763279,21.462874],[-157.763465,21.462841],[-157.763977,21.462461],[-157.764516,21.462306],[-157.76467,21.462039],[-157.765231,21.461694],[-157.765712,21.460997],[-157.765839,21.460671],[-157.765814,21.460463],[-157.766022,21.459835],[-157.766032,21.45952],[-157.766571,21.459194],[-157.76657,21.458979],[-157.766424,21.458827],[-157.766411,21.45853],[-157.766691,21.458293],[-157.767156,21.458222],[-157.767495,21.458072],[-157.767673,21.45778],[-157.76786,21.45679],[-157.768099,21.456501],[-157.768995,21.456309],[-157.769747,21.456444],[-157.772252,21.457202],[-157.773036,21.457363],[-157.773146,21.457301],[-157.773699,21.455344],[-157.773691,21.454785],[-157.774024,21.454384],[-157.773969,21.454151],[-157.774052,21.453892],[-157.774505,21.453534],[-157.775743,21.453076],[-157.776815,21.452462],[-157.777484,21.45188],[-157.777736,21.451203],[-157.777837,21.450865],[-157.777788,21.450042],[-157.777597,21.449811],[-157.77701,21.449505],[-157.776795,21.449011],[-157.776891,21.448696],[-157.776791,21.448361],[-157.777902,21.447392],[-157.778622,21.446191],[-157.777435,21.444262],[-157.777326,21.443725],[-157.777066,21.443353],[-157.775205,21.443171],[-157.77295,21.442825],[-157.771786,21.442486],[-157.766843,21.44022],[-157.765303,21.439443],[-157.765089,21.439483],[-157.764761,21.43925],[-157.76474,21.438934],[-157.764087,21.438173],[-157.763792,21.438373],[-157.763621,21.438233],[-157.762513,21.440024],[-157.762217,21.439991],[-157.762079,21.439866],[-157.762093,21.439711],[-157.762394,21.439161],[-157.762599,21.438586],[-157.762492,21.438339],[-157.762396,21.438392],[-157.761718,21.438],[-157.761248,21.437892],[-157.760911,21.437729],[-157.760038,21.437092],[-157.759467,21.437108],[-157.758923,21.436926],[-157.758528,21.436971],[-157.757894,21.436014],[-157.757529,21.435715],[-157.757646,21.434922],[-157.758222,21.434325],[-157.758696,21.434178],[-157.759658,21.433715],[-157.760641,21.432801],[-157.760869,21.431641],[-157.761007,21.43146],[-157.760858,21.430889],[-157.761147,21.430831],[-157.761562,21.43012],[-157.761852,21.429369],[-157.761821,21.428933],[-157.761423,21.428658],[-157.76141,21.428526],[-157.761497,21.428484],[-157.762191,21.428663],[-157.762672,21.428598],[-157.763554,21.428363],[-157.763901,21.42817],[-157.764055,21.427996],[-157.764459,21.426713],[-157.764444,21.426003],[-157.764697,21.425821],[-157.764974,21.42573],[-157.765341,21.425227],[-157.765505,21.42464],[-157.765451,21.42416],[-157.765353,21.423826],[-157.765024,21.42338],[-157.764732,21.422661],[-157.764643,21.422184],[-157.764782,21.422032],[-157.764977,21.421528],[-157.764842,21.421066],[-157.764997,21.420477],[-157.765016,21.4199],[-157.765177,21.419692],[-157.765097,21.419639],[-157.765207,21.419354],[-157.765371,21.419179],[-157.766135,21.419133],[-157.766203,21.419047],[-157.766353,21.419128],[-157.766488,21.419096],[-157.766741,21.418768],[-157.76667,21.418552],[-157.766578,21.41849],[-157.766634,21.418399],[-157.766486,21.417979],[-157.766563,21.417828],[-157.766384,21.417806],[-157.766352,21.416907],[-157.766419,21.416902],[-157.766337,21.416749],[-157.766388,21.416682],[-157.766614,21.416728],[-157.766634,21.416682],[-157.766325,21.416418],[-157.766492,21.416171],[-157.766351,21.415931],[-157.766464,21.41583],[-157.766658,21.41624],[-157.767258,21.416684],[-157.767428,21.416632],[-157.76732,21.416412],[-157.766647,21.415769],[-157.766891,21.415594],[-157.767317,21.416092],[-157.767412,21.416065],[-157.767742,21.416238],[-157.768014,21.416193],[-157.768549,21.415926],[-157.768968,21.415212],[-157.768939,21.415111],[-157.769048,21.415026],[-157.768985,21.414364],[-157.769326,21.41423],[-157.769656,21.414249],[-157.769771,21.414168],[-157.76996,21.414168],[-157.77084,21.414442],[-157.771096,21.414592],[-157.77141,21.414631],[-157.771705,21.41443],[-157.771808,21.414088],[-157.771835,21.413146],[-157.772253,21.413083],[-157.772385,21.412993],[-157.771721,21.412992],[-157.771838,21.412847],[-157.77286,21.412527],[-157.773779,21.413],[-157.774138,21.413096],[-157.774465,21.413069],[-157.775972,21.41259],[-157.776265,21.412383],[-157.776542,21.411993],[-157.776708,21.411943],[-157.777124,21.412019],[-157.777624,21.411961],[-157.778143,21.411773],[-157.778659,21.411695],[-157.779797,21.411863],[-157.779878,21.41175],[-157.77995,21.411759],[-157.780133,21.411931],[-157.780472,21.411965],[-157.780875,21.411701],[-157.780948,21.411322],[-157.781148,21.411192],[-157.781418,21.411136],[-157.782127,21.411498],[-157.782932,21.411684],[-157.783246,21.411841],[-157.783621,21.412079],[-157.783505,21.412199],[-157.783601,21.412289],[-157.784988,21.410945],[-157.785302,21.410841],[-157.785734,21.410841],[-157.786931,21.410906],[-157.786876,21.411187],[-157.785414,21.411072],[-157.78508,21.411184],[-157.784344,21.41191],[-157.784289,21.412318],[-157.784194,21.412394],[-157.784301,21.412504],[-157.784583,21.412469],[-157.784966,21.412679],[-157.785542,21.412854],[-157.786222,21.41335],[-157.786545,21.413728],[-157.787079,21.414114],[-157.787263,21.414377],[-157.787293,21.414626],[-157.787072,21.415153],[-157.787335,21.41571],[-157.787471,21.417165],[-157.787621,21.417499],[-157.787994,21.417884],[-157.788518,21.418013],[-157.788957,21.417926],[-157.789122,21.417749],[-157.78921,21.41786],[-157.789355,21.417778],[-157.789368,21.417676],[-157.789535,21.417684],[-157.789544,21.417746],[-157.789575,21.417691],[-157.789939,21.417727],[-157.790083,21.417847],[-157.789575,21.418229],[-157.789626,21.418287],[-157.790166,21.417899],[-157.790341,21.418048],[-157.790682,21.418088],[-157.790746,21.418288],[-157.791033,21.418199],[-157.791203,21.418598],[-157.79067,21.418896],[-157.790426,21.418347],[-157.790501,21.418288],[-157.790437,21.418188],[-157.790075,21.418257],[-157.790096,21.418387],[-157.790288,21.418327],[-157.790617,21.419046],[-157.790265,21.419255],[-157.790127,21.419075],[-157.790117,21.418616],[-157.789952,21.418461],[-157.789921,21.418972],[-157.790032,21.419291],[-157.789258,21.41999],[-157.789377,21.42033],[-157.789498,21.420444],[-157.789477,21.4208],[-157.789251,21.421121],[-157.78881,21.421362],[-157.788694,21.421594],[-157.788661,21.421747],[-157.788749,21.421994],[-157.788695,21.422007],[-157.788717,21.422084],[-157.788779,21.422073],[-157.78883,21.422344],[-157.788778,21.422543],[-157.788684,21.422651],[-157.788535,21.422646],[-157.788469,21.422518],[-157.788367,21.422532],[-157.788239,21.422438],[-157.788274,21.422706],[-157.788204,21.423022],[-157.788357,21.423253],[-157.788365,21.423788],[-157.788477,21.424215],[-157.788731,21.424519],[-157.788935,21.424645],[-157.789454,21.424744],[-157.790348,21.424542],[-157.791503,21.424132],[-157.79165,21.42439],[-157.79139,21.424662],[-157.791765,21.425125],[-157.791787,21.425247],[-157.791718,21.425603],[-157.791483,21.426152],[-157.791566,21.426713],[-157.791284,21.427386],[-157.791275,21.427758],[-157.791593,21.42839],[-157.791925,21.428647],[-157.792296,21.428754],[-157.792232,21.428892],[-157.792293,21.42892],[-157.792355,21.428784],[-157.79375,21.428941],[-157.794559,21.428791],[-157.795139,21.428834],[-157.7952,21.428741],[-157.795112,21.428409],[-157.795285,21.428375],[-157.795294,21.428283],[-157.794988,21.428174],[-157.795108,21.428053],[-157.795125,21.427891],[-157.795018,21.427753],[-157.79489,21.427735],[-157.79497,21.427641],[-157.794962,21.427285],[-157.794943,21.427163],[-157.794823,21.427104],[-157.794698,21.42671],[-157.794647,21.426031],[-157.794863,21.425507],[-157.795246,21.42533],[-157.795259,21.425211],[-157.7954,21.425278],[-157.795455,21.425409],[-157.795593,21.425428],[-157.795652,21.42512],[-157.795883,21.425126],[-157.795899,21.424855],[-157.796051,21.424724],[-157.796218,21.424714],[-157.796599,21.424856],[-157.796703,21.42479],[-157.797102,21.424848],[-157.797554,21.425097],[-157.797974,21.425212],[-157.79826,21.425085],[-157.798425,21.424862],[-157.79861,21.424843],[-157.79871,21.424335],[-157.798853,21.424357],[-157.798843,21.424891],[-157.799262,21.425028],[-157.799952,21.424775],[-157.799921,21.424414],[-157.799935,21.42435],[-157.799995,21.424367],[-157.800504,21.4251],[-157.800599,21.425084],[-157.800717,21.425201],[-157.800804,21.425461],[-157.801665,21.42621],[-157.801793,21.426528],[-157.801798,21.42688],[-157.802382,21.426976],[-157.80267,21.426904],[-157.802944,21.426686],[-157.803098,21.426807],[-157.803173,21.426904],[-157.803303,21.427718],[-157.803719,21.427985],[-157.804152,21.428394],[-157.804266,21.428937],[-157.804574,21.42934],[-157.804581,21.429706],[-157.804672,21.429801],[-157.804602,21.429926],[-157.804665,21.430002],[-157.804619,21.430197],[-157.804788,21.430243],[-157.805087,21.430082],[-157.805357,21.430504],[-157.805569,21.430514],[-157.806243,21.431451],[-157.805118,21.433999],[-157.804936,21.434804],[-157.805652,21.437228],[-157.806331,21.438162],[-157.806941,21.438831],[-157.807674,21.439548],[-157.808317,21.440012],[-157.808568,21.440116],[-157.80866,21.440647],[-157.808526,21.441396],[-157.808379,21.441508],[-157.807847,21.441508],[-157.80753,21.441597],[-157.807303,21.44188],[-157.807147,21.442138],[-157.807322,21.442913],[-157.807534,21.443014],[-157.80783,21.443042],[-157.808469,21.443001],[-157.808969,21.443168],[-157.809028,21.443094],[-157.808911,21.442627],[-157.809258,21.442782],[-157.809328,21.442295],[-157.809628,21.442321],[-157.809885,21.442049],[-157.810097,21.442033],[-157.810178,21.442199],[-157.810366,21.442216],[-157.810459,21.442419],[-157.810156,21.442659],[-157.810351,21.442849],[-157.809554,21.443464],[-157.809648,21.443537],[-157.810604,21.442842],[-157.810823,21.4431],[-157.810015,21.443692],[-157.809736,21.443785],[-157.810042,21.443802],[-157.809584,21.444044],[-157.809669,21.444147],[-157.809765,21.444658],[-157.809983,21.444625],[-157.809884,21.44409],[-157.811401,21.443005],[-157.812276,21.443907],[-157.812978,21.445252],[-157.814373,21.448596],[-157.814496,21.449364],[-157.81442,21.450788],[-157.814564,21.450867],[-157.815011,21.452295],[-157.815466,21.453212],[-157.815606,21.453969],[-157.815988,21.454378],[-157.816142,21.454702],[-157.81693,21.454634],[-157.817078,21.454446],[-157.818325,21.453915],[-157.818932,21.453455],[-157.819141,21.453157],[-157.819854,21.452935],[-157.819982,21.452758],[-157.819975,21.452634],[-157.820602,21.452608],[-157.820736,21.452508],[-157.82163,21.452557],[-157.822288,21.452437],[-157.822479,21.45248],[-157.82303,21.452747],[-157.823048,21.45298],[-157.823387,21.453372],[-157.823913,21.453556],[-157.824399,21.453476],[-157.824983,21.453196],[-157.826111,21.454364],[-157.826623,21.45524],[-157.826778,21.455641],[-157.826467,21.456234],[-157.82659,21.456193],[-157.826673,21.456053],[-157.826794,21.456215],[-157.826587,21.456331],[-157.826708,21.456352],[-157.827013,21.45619],[-157.828977,21.456627],[-157.829208,21.456761],[-157.829483,21.457153],[-157.829714,21.457664],[-157.829861,21.457858],[-157.830043,21.457946],[-157.83039,21.457904],[-157.830779,21.457463],[-157.831388,21.457815],[-157.831773,21.458681],[-157.832215,21.460055],[-157.832575,21.461514],[-157.832583,21.461658],[-157.832458,21.461752],[-157.832418,21.461894],[-157.832639,21.46216],[-157.832749,21.462507],[-157.832696,21.462593],[-157.832949,21.46253],[-157.832853,21.462368],[-157.833189,21.462195],[-157.833466,21.462179],[-157.833776,21.461938],[-157.833864,21.461583],[-157.833692,21.461423],[-157.833683,21.461143],[-157.833815,21.461118],[-157.833832,21.461055],[-157.833744,21.461006],[-157.833851,21.460891],[-157.833991,21.460875],[-157.834162,21.461033],[-157.834424,21.461113],[-157.835419,21.461203],[-157.836974,21.460967],[-157.837617,21.460584],[-157.837916,21.46017],[-157.838106,21.459708],[-157.838507,21.459951],[-157.839659,21.460149],[-157.839907,21.460146],[-157.840056,21.460059],[-157.840429,21.460167],[-157.841131,21.460799],[-157.841761,21.461745],[-157.841955,21.462546],[-157.842198,21.462878],[-157.842396,21.462954],[-157.842616,21.463224],[-157.842818,21.463698],[-157.842705,21.46399],[-157.842904,21.464085],[-157.842997,21.464416],[-157.842937,21.464518],[-157.843035,21.465096],[-157.842544,21.465674],[-157.842255,21.466277],[-157.842505,21.467448],[-157.842353,21.467512],[-157.842357,21.467711],[-157.842271,21.467837],[-157.842337,21.467901],[-157.842587,21.467702],[-157.842634,21.467746],[-157.842394,21.467978],[-157.842423,21.468084],[-157.843083,21.467909],[-157.84321,21.468041],[-157.843148,21.468075],[-157.843189,21.468139],[-157.843392,21.468339],[-157.843468,21.468307],[-157.843826,21.46888],[-157.844455,21.470482],[-157.844414,21.470616],[-157.844536,21.471627],[-157.844399,21.472096],[-157.843955,21.472276],[-157.843809,21.472464],[-157.843299,21.472616],[-157.843305,21.472767],[-157.843127,21.473166],[-157.843248,21.473818],[-157.843195,21.474608],[-157.842966,21.474908],[-157.842409,21.475201],[-157.842373,21.475405],[-157.84222,21.47559],[-157.841999,21.476358],[-157.842002,21.477441],[-157.841641,21.478181],[-157.841641,21.47956],[-157.841441,21.480385],[-157.841882,21.482172],[-157.841863,21.482433],[-157.841659,21.482979],[-157.841691,21.483277],[-157.842048,21.483976],[-157.842352,21.483988],[-157.842382,21.484114],[-157.842254,21.484263],[-157.842294,21.484382],[-157.842675,21.484406],[-157.84266,21.484688],[-157.84282,21.48481],[-157.842842,21.484579],[-157.842929,21.48459],[-157.84298,21.484889],[-157.843106,21.485038],[-157.843397,21.484835],[-157.843815,21.48421],[-157.844306,21.48407],[-157.8445,21.483939],[-157.845067,21.4841],[-157.845621,21.48436],[-157.846007,21.484463],[-157.846136,21.484427],[-157.846346,21.484521],[-157.847389,21.485176],[-157.84773,21.485479],[-157.847811,21.485638],[-157.848007,21.485614],[-157.848646,21.486302],[-157.848957,21.486805],[-157.849209,21.487465],[-157.849264,21.487925],[-157.849152,21.488047],[-157.84888,21.488137],[-157.848677,21.488343],[-157.848973,21.488369],[-157.849351,21.488252],[-157.849348,21.488406],[-157.849122,21.488511],[-157.849157,21.489088],[-157.848793,21.489484],[-157.848543,21.490091],[-157.848319,21.490176],[-157.847963,21.490459],[-157.847592,21.49097],[-157.847417,21.49152],[-157.847308,21.491656],[-157.847334,21.492733],[-157.847192,21.492866],[-157.84767,21.49353],[-157.848024,21.493879],[-157.848331,21.494032],[-157.848522,21.494048],[-157.848943,21.493948],[-157.850584,21.496214],[-157.851212,21.498067],[-157.851383,21.498941],[-157.851926,21.50045],[-157.852452,21.502685],[-157.852469,21.503589],[-157.852309,21.504167],[-157.852291,21.504662],[-157.851785,21.504676],[-157.851624,21.50479],[-157.85151,21.505016],[-157.851499,21.505304],[-157.851157,21.505743],[-157.851137,21.506213],[-157.851021,21.506631],[-157.851296,21.506937],[-157.851394,21.507168],[-157.851117,21.50734],[-157.850724,21.507388],[-157.849065,21.507056],[-157.84907,21.506762],[-157.849297,21.506451],[-157.849057,21.506054],[-157.848856,21.50596],[-157.846968,21.506105],[-157.846557,21.506281],[-157.845595,21.506947],[-157.84421,21.507611],[-157.842067,21.507989],[-157.841339,21.507888],[-157.840635,21.507951],[-157.839739,21.508251],[-157.838864,21.508406],[-157.838237,21.508618],[-157.83724,21.508831],[-157.835521,21.509531],[-157.835377,21.510069],[-157.836095,21.513739],[-157.836101,21.5142],[-157.835955,21.514811],[-157.836047,21.515354],[-157.835963,21.517624],[-157.835314,21.51791],[-157.835384,21.518844],[-157.835164,21.522106],[-157.835091,21.522504],[-157.83465,21.522513],[-157.834619,21.526131],[-157.834249,21.526277],[-157.834578,21.527662],[-157.834986,21.528636],[-157.836267,21.531017],[-157.836187,21.531064],[-157.836367,21.531515],[-157.836921,21.532099],[-157.837408,21.532413],[-157.837454,21.5331],[-157.837834,21.533537],[-157.83768,21.533644],[-157.837671,21.533879],[-157.837795,21.534007],[-157.837919,21.534363],[-157.839514,21.53591],[-157.840081,21.536797],[-157.840528,21.538003],[-157.841035,21.539046],[-157.841629,21.541063],[-157.842058,21.542028],[-157.842546,21.542486],[-157.844002,21.54321],[-157.844265,21.54342],[-157.844783,21.543924],[-157.845437,21.545113],[-157.846091,21.54574],[-157.846335,21.546143],[-157.846422,21.546507],[-157.846196,21.548162],[-157.846302,21.549127],[-157.846614,21.55006],[-157.846868,21.550371],[-157.847747,21.551135],[-157.849631,21.553373],[-157.850529,21.5547],[-157.85132,21.555638],[-157.852482,21.556654],[-157.853205,21.557112],[-157.854892,21.557912],[-157.855018,21.558073],[-157.855112,21.558073],[-157.855362,21.55776],[-157.855748,21.557589],[-157.856087,21.557582],[-157.857206,21.557845],[-157.857487,21.557981],[-157.860044,21.558639],[-157.860726,21.558914],[-157.861416,21.559304],[-157.863252,21.560021],[-157.864023,21.560469],[-157.864566,21.560463],[-157.864837,21.560268],[-157.865299,21.55955],[-157.865648,21.559252],[-157.865696,21.558943],[-157.865859,21.558783],[-157.867712,21.558461],[-157.869354,21.557946],[-157.8692,21.556727],[-157.869034,21.556309],[-157.869156,21.556187],[-157.869738,21.556198],[-157.870234,21.556029],[-157.871474,21.555829],[-157.872053,21.55586],[-157.873442,21.556217],[-157.874285,21.556573],[-157.874863,21.556883],[-157.87559,21.557425],[-157.875986,21.558106],[-157.876087,21.55843],[-157.875801,21.558736],[-157.875934,21.55877],[-157.875848,21.559078],[-157.876049,21.559464],[-157.875568,21.560104],[-157.875425,21.560447],[-157.875524,21.561667],[-157.87542,21.562078],[-157.87532,21.562285],[-157.874789,21.562842],[-157.874756,21.562974],[-157.874835,21.563363],[-157.874807,21.564285],[-157.875124,21.565073],[-157.874817,21.56818],[-157.874988,21.570576],[-157.874769,21.571678],[-157.874716,21.572412],[-157.874885,21.572827],[-157.876648,21.574797],[-157.877105,21.57514],[-157.877785,21.575507],[-157.878528,21.575706],[-157.880194,21.576351],[-157.881116,21.576852],[-157.882505,21.577415],[-157.883439,21.578097],[-157.88372,21.578347],[-157.883893,21.578684],[-157.884467,21.57911],[-157.884641,21.579372],[-157.884908,21.579497],[-157.885562,21.580048],[-157.886042,21.580916],[-157.886615,21.582529],[-157.887387,21.586272],[-157.887814,21.58719],[-157.888414,21.588928],[-157.888681,21.589415],[-157.889762,21.590709],[-157.890537,21.591235],[-157.891351,21.591935],[-157.891672,21.592422],[-157.893395,21.593098],[-157.894436,21.594005],[-157.895023,21.594767],[-157.895384,21.595355],[-157.895624,21.596042],[-157.895717,21.596623],[-157.896411,21.598136],[-157.896357,21.598286],[-157.896584,21.598411],[-157.896664,21.598611],[-157.897331,21.600536],[-157.897704,21.602023],[-157.898061,21.602599],[-157.898712,21.603246],[-157.901126,21.605202],[-157.904689,21.607184],[-157.905343,21.607421],[-157.906145,21.607327],[-157.907027,21.607412],[-157.907518,21.6076],[-157.908269,21.608078],[-157.90876,21.60888],[-157.90917,21.609396],[-157.909301,21.609724],[-157.90928,21.610511],[-157.909815,21.610971],[-157.910617,21.611838],[-157.911083,21.612816],[-157.911914,21.613401],[-157.912584,21.614119],[-157.91274,21.614395],[-157.912815,21.615051],[-157.912738,21.615671],[-157.912819,21.616036],[-157.912719,21.617089],[-157.912839,21.617078],[-157.912845,21.61724],[-157.912641,21.617246],[-157.912593,21.617403],[-157.912728,21.617593],[-157.912788,21.617874],[-157.912697,21.618435],[-157.912354,21.619119],[-157.912413,21.619651],[-157.912555,21.619927],[-157.912976,21.620389],[-157.913676,21.620856],[-157.915074,21.622001],[-157.915907,21.6228],[-157.917234,21.623594],[-157.917542,21.623922],[-157.917902,21.624518],[-157.918283,21.624778],[-157.919198,21.625125],[-157.919795,21.625472],[-157.920381,21.626064],[-157.92072,21.626728],[-157.920926,21.627363],[-157.921017,21.6287],[-157.920925,21.628883],[-157.92077,21.628931],[-157.920647,21.628815],[-157.920431,21.628892],[-157.920348,21.629104],[-157.920391,21.629508],[-157.920598,21.629692],[-157.921039,21.630703],[-157.920948,21.631261],[-157.920692,21.632002],[-157.920367,21.632636],[-157.919989,21.633097],[-157.918778,21.634099],[-157.918634,21.634351],[-157.918504,21.634898],[-157.918527,21.635656],[-157.918666,21.636601],[-157.918557,21.637988],[-157.918242,21.639103],[-157.918202,21.639888],[-157.918363,21.640785],[-157.918943,21.64296],[-157.919012,21.643736],[-157.918851,21.644402],[-157.918622,21.644926],[-157.918452,21.64602],[-157.917916,21.647102],[-157.917617,21.647491],[-157.917086,21.647439],[-157.916373,21.647515],[-157.915651,21.647804],[-157.915062,21.647902],[-157.914986,21.647807],[-157.914713,21.647925],[-157.914692,21.648018],[-157.914052,21.64798],[-157.913194,21.648105],[-157.913004,21.648051],[-157.912631,21.648158],[-157.912293,21.648445],[-157.912422,21.648393],[-157.912586,21.648475],[-157.912924,21.648426],[-157.913358,21.648284],[-157.913462,21.648372],[-157.913453,21.648513],[-157.913776,21.64842],[-157.913985,21.648538],[-157.914204,21.648518],[-157.91426,21.64861],[-157.913983,21.648772],[-157.913968,21.648853],[-157.914352,21.648984],[-157.915452,21.648972],[-157.915715,21.648895],[-157.916622,21.648853],[-157.917215,21.648951],[-157.91755,21.648903],[-157.917798,21.648998],[-157.918183,21.64902],[-157.920459,21.648763],[-157.921001,21.648647],[-157.921321,21.648463],[-157.921713,21.648356],[-157.922075,21.648497],[-157.9224,21.64886],[-157.923395,21.650291],[-157.924486,21.651041],[-157.926523,21.651914],[-157.927152,21.652387],[-157.927319,21.652632],[-157.927623,21.652798],[-157.928231,21.653915],[-157.92844,21.65465],[-157.928481,21.655738],[-157.927977,21.657165],[-157.927485,21.657841],[-157.927074,21.661206],[-157.927189,21.661383],[-157.92742,21.661471],[-157.92851,21.66153],[-157.928971,21.661678],[-157.929547,21.661991],[-157.930737,21.662149],[-157.931913,21.662535],[-157.932592,21.662877],[-157.934228,21.664021],[-157.934747,21.664554],[-157.934929,21.664447],[-157.935137,21.664647],[-157.934959,21.664756],[-157.935625,21.665636],[-157.936136,21.666521],[-157.937105,21.669224],[-157.93697,21.670819],[-157.93661,21.67175],[-157.93615,21.672495],[-157.936067,21.672433],[-157.935967,21.672463],[-157.935769,21.672713],[-157.935657,21.672722],[-157.935556,21.672867],[-157.93498,21.673259],[-157.934768,21.673266],[-157.934408,21.67348],[-157.93409,21.673252],[-157.933684,21.673227],[-157.933443,21.673037],[-157.932997,21.673376],[-157.932916,21.673741],[-157.932757,21.673957],[-157.932864,21.674035],[-157.933192,21.674042],[-157.933527,21.674286],[-157.934093,21.674492],[-157.934249,21.674659],[-157.93503,21.675032],[-157.935274,21.675323],[-157.936007,21.675264],[-157.936186,21.674839],[-157.936424,21.675001],[-157.937004,21.675221],[-157.937472,21.675554],[-157.937861,21.676002],[-157.938323,21.67619],[-157.938958,21.677081],[-157.939651,21.677338],[-157.940286,21.677905],[-157.941021,21.678807],[-157.941325,21.679916],[-157.941902,21.681023],[-157.943375,21.682617],[-157.943663,21.683454],[-157.944529,21.683811],[-157.945194,21.684521],[-157.945338,21.685601],[-157.945193,21.68606],[-157.944876,21.686465],[-157.944576,21.686657],[-157.944643,21.687441],[-157.945326,21.688098],[-157.945342,21.688261],[-157.946025,21.688489],[-157.946837,21.688884],[-157.947162,21.689218],[-157.947828,21.689704],[-157.948478,21.690039],[-157.948608,21.690434],[-157.948975,21.690884],[-157.949106,21.691378],[-157.949372,21.691924],[-157.949667,21.692332],[-157.950717,21.693296],[-157.951096,21.693755],[-157.953641,21.695787],[-157.954279,21.696219],[-157.955108,21.696982],[-157.955628,21.697532],[-157.955715,21.697903],[-157.956022,21.698261],[-157.95613,21.69828],[-157.956154,21.698437],[-157.956561,21.699075],[-157.956841,21.699404],[-157.957001,21.699441],[-157.957049,21.699546],[-157.956977,21.699744],[-157.957176,21.70005],[-157.95728,21.700543],[-157.958032,21.701465],[-157.958376,21.701654],[-157.958586,21.701938],[-157.959153,21.702414],[-157.959658,21.702554],[-157.959906,21.702731],[-157.960114,21.702611],[-157.960328,21.702692],[-157.960338,21.702817],[-157.960557,21.702787],[-157.961272,21.703175],[-157.963047,21.703943],[-157.963251,21.704126],[-157.963792,21.704786],[-157.963758,21.705312],[-157.963932,21.705669],[-157.963864,21.705972],[-157.964051,21.706214],[-157.964097,21.706669],[-157.964293,21.706864],[-157.965114,21.707207],[-157.965281,21.707629],[-157.96574,21.707919],[-157.965886,21.708253],[-157.965666,21.708495],[-157.965646,21.708614],[-157.965795,21.708762],[-157.965972,21.708779],[-157.96622,21.709094],[-157.966131,21.709425],[-157.966326,21.709558],[-157.966486,21.709607],[-157.966681,21.709458],[-157.967354,21.709856],[-157.967479,21.70974],[-157.967691,21.709889],[-157.968028,21.709823],[-157.968064,21.709342],[-157.968188,21.70926],[-157.96872,21.709177],[-157.968826,21.709359],[-157.96918,21.709492],[-157.96934,21.709243],[-157.969538,21.709243],[-157.969772,21.709413],[-157.970444,21.709634],[-157.971574,21.709888],[-157.972911,21.709782],[-157.973646,21.710036],[-157.973915,21.710013],[-157.97414,21.710084],[-157.974432,21.710192],[-157.974537,21.710346],[-157.974616,21.710314],[-157.974592,21.710141],[-157.974739,21.710013],[-157.977424,21.709298],[-157.978478,21.709316],[-157.978938,21.709423],[-157.979421,21.70939],[-157.980302,21.709791],[-157.980595,21.710284],[-157.980936,21.710493],[-157.981546,21.710614],[-157.982133,21.710328],[-157.982696,21.710285],[-157.982942,21.71034],[-157.983365,21.71057],[-157.983702,21.710933],[-157.983672,21.711657],[-157.983611,21.711842],[-157.983377,21.711765],[-157.983036,21.711875],[-157.982966,21.711952],[-157.983083,21.712248],[-157.983341,21.712588],[-157.984538,21.712785],[-157.984632,21.712522],[-157.98448,21.7125],[-157.984421,21.712029],[-157.98421,21.711612],[-157.984222,21.711447],[-157.984362,21.711294],[-157.984597,21.711239],[-157.984562,21.710965],[-157.984351,21.710711],[-157.984276,21.71011],[-157.984408,21.709443],[-157.984825,21.709077],[-157.985134,21.709006],[-157.985405,21.708784],[-157.985502,21.708557],[-157.985744,21.708495],[-157.986078,21.708257],[-157.986217,21.707997],[-157.987128,21.70714],[-157.987874,21.706882],[-157.988764,21.705986],[-157.989008,21.705611],[-157.989322,21.705301],[-157.989992,21.704923],[-157.990558,21.704823],[-157.991451,21.7048],[-157.991918,21.704958],[-157.993212,21.705663],[-157.993853,21.70567],[-157.994038,21.705593],[-157.994471,21.705572],[-157.996143,21.705922],[-157.996287,21.706004],[-157.996452,21.70633],[-157.996367,21.706665],[-157.996409,21.706876],[-157.996729,21.707192],[-157.99679,21.707056],[-157.996682,21.706845],[-157.996621,21.706321],[-157.99676,21.706015],[-157.996756,21.705754],[-157.997323,21.705335],[-157.997815,21.7053],[-157.997911,21.705342],[-157.998334,21.706223],[-157.998442,21.706729],[-157.998758,21.706788],[-157.999417,21.707362],[-157.999579,21.707269],[-157.999615,21.707109],[-157.999507,21.706072],[-157.999832,21.705279],[-157.999832,21.705127],[-157.999588,21.704765],[-157.998857,21.704351],[-157.998785,21.704233],[-157.998722,21.703753],[-157.998758,21.703095],[-157.999047,21.702285],[-157.999444,21.701889],[-157.999552,21.701661],[-157.999778,21.701535],[-157.999805,21.701434],[-158.000121,21.701164],[-158.000319,21.70113],[-158.000427,21.701012],[-158.000617,21.700582],[-158.000906,21.700194],[-158.001321,21.700017],[-158.001835,21.7],[-158.001826,21.699823],[-158.001916,21.699756],[-158.002787,21.69946],[-158.003246,21.699386],[-158.003684,21.699472],[-158.003825,21.700261],[-158.004153,21.70039],[-158.005264,21.700368],[-158.005346,21.70031],[-158.005346,21.700193],[-158.005464,21.700193],[-158.006044,21.700464],[-158.006522,21.700527],[-158.008551,21.700145],[-158.008767,21.70017],[-158.009167,21.700958],[-158.009321,21.700751],[-158.009437,21.700246],[-158.009346,21.699705],[-158.009028,21.699516],[-158.008863,21.699254],[-158.008377,21.699159],[-158.008154,21.69903],[-158.008111,21.698233],[-158.008271,21.697904],[-158.009432,21.6966],[-158.009869,21.696261],[-158.010433,21.696042],[-158.011904,21.695853],[-158.012657,21.696026],[-158.013012,21.696239],[-158.01324,21.69667],[-158.01318,21.696928],[-158.01286,21.69693],[-158.012679,21.697026],[-158.012687,21.697399],[-158.012921,21.697633],[-158.013078,21.697684],[-158.013077,21.697783],[-158.012918,21.697953],[-158.012949,21.69822],[-158.01323,21.698309],[-158.013854,21.698297],[-158.014245,21.69792],[-158.015408,21.697121],[-158.015908,21.696467],[-158.016438,21.696112],[-158.016638,21.695757],[-158.016658,21.695579],[-158.017347,21.69486],[-158.017817,21.694607],[-158.018297,21.694196],[-158.019546,21.693411],[-158.019973,21.693036],[-158.020487,21.692801],[-158.020991,21.692672],[-158.021181,21.692735],[-158.021298,21.692671],[-158.021736,21.69174],[-158.022104,21.691429],[-158.022595,21.69117],[-158.023522,21.6902],[-158.024974,21.689041],[-158.027266,21.688211],[-158.027822,21.688075],[-158.028612,21.687548],[-158.030114,21.687025],[-158.030883,21.685908],[-158.031162,21.684895],[-158.031553,21.683932],[-158.032165,21.683132],[-158.032581,21.682383],[-158.033124,21.681839],[-158.033976,21.681487],[-158.034817,21.681359],[-158.03463,21.68113],[-158.035001,21.681155],[-158.035098,21.681292],[-158.036278,21.681231],[-158.0371,21.681293],[-158.037533,21.681233],[-158.037922,21.681043],[-158.038267,21.680469],[-158.038838,21.679819],[-158.039185,21.679122],[-158.039235,21.678704],[-158.039086,21.677845],[-158.039334,21.67687],[-158.039682,21.676057],[-158.040352,21.674966],[-158.041048,21.674129],[-158.04135,21.67383],[-158.041453,21.673867],[-158.043323,21.673041],[-158.043855,21.67233],[-158.044521,21.671932],[-158.045453,21.671188],[-158.046497,21.670578],[-158.046961,21.670513],[-158.047325,21.669687],[-158.04739,21.669351],[-158.048663,21.66772],[-158.050858,21.666285],[-158.05304,21.66473],[-158.054962,21.662349],[-158.05543,21.662203],[-158.056053,21.661717],[-158.056729,21.660988],[-158.056804,21.660491],[-158.057551,21.659827],[-158.059066,21.657926],[-158.061468,21.655423],[-158.061796,21.655425],[-158.062054,21.655512],[-158.062924,21.655482],[-158.063283,21.655084],[-158.063309,21.654536],[-158.063181,21.654482],[-158.063256,21.654092],[-158.062732,21.653694],[-158.062458,21.65359],[-158.062408,21.653456],[-158.062423,21.653083],[-158.062694,21.652926],[-158.062641,21.652774],[-158.06275,21.652722],[-158.062718,21.652545],[-158.062803,21.652542],[-158.062868,21.652399],[-158.062446,21.652175],[-158.062658,21.651988],[-158.062611,21.651846],[-158.062234,21.651724],[-158.062062,21.651843],[-158.061914,21.651846],[-158.061784,21.651568],[-158.061778,21.651373],[-158.062018,21.651189],[-158.062103,21.650857],[-158.062373,21.650768],[-158.062845,21.651372],[-158.06334,21.65147],[-158.063351,21.651237],[-158.063623,21.651397],[-158.06365,21.651301],[-158.063536,21.651164],[-158.06372,21.65102],[-158.063654,21.650952],[-158.063669,21.650723],[-158.06383,21.650679],[-158.06391,21.650435],[-158.064172,21.650303],[-158.063895,21.64998],[-158.064005,21.649911],[-158.063949,21.649456],[-158.064121,21.649393],[-158.063924,21.649207],[-158.063748,21.649325],[-158.063596,21.64926],[-158.063529,21.649142],[-158.063689,21.649105],[-158.063768,21.648937],[-158.063924,21.648932],[-158.063923,21.648627],[-158.063515,21.648489],[-158.063318,21.648534],[-158.063195,21.648478],[-158.063295,21.648338],[-158.063126,21.64796],[-158.063114,21.647779],[-158.063248,21.647386],[-158.063134,21.647257],[-158.063165,21.64696],[-158.063287,21.646596],[-158.063439,21.646393],[-158.063411,21.646305],[-158.064262,21.645536],[-158.064616,21.645656],[-158.064762,21.645575],[-158.064927,21.645849],[-158.065016,21.645863],[-158.06507,21.645777],[-158.064752,21.645284],[-158.064527,21.64524],[-158.064479,21.645127],[-158.064682,21.644583],[-158.064825,21.644577],[-158.064749,21.64442],[-158.0648,21.644224],[-158.064749,21.644126],[-158.064812,21.64369],[-158.064958,21.643366],[-158.064917,21.643226],[-158.063376,21.642755],[-158.063074,21.642565],[-158.063093,21.64233],[-158.062873,21.642188],[-158.0633,21.640846],[-158.063398,21.640884],[-158.063525,21.640728],[-158.063595,21.640466],[-158.064044,21.639656],[-158.064904,21.638797],[-158.065583,21.638302],[-158.065718,21.638265],[-158.066098,21.638354],[-158.066193,21.638537],[-158.066369,21.638572],[-158.066387,21.638248],[-158.066689,21.63812],[-158.067064,21.638052],[-158.06757,21.638074],[-158.067899,21.638273],[-158.068006,21.638049],[-158.068747,21.637783],[-158.068877,21.637541],[-158.068822,21.63722],[-158.068886,21.636703],[-158.069065,21.636596],[-158.068911,21.636428],[-158.068891,21.636079],[-158.069136,21.635778],[-158.069176,21.635427],[-158.069419,21.635165],[-158.069431,21.634898],[-158.069599,21.634705],[-158.0699,21.634538],[-158.069696,21.634225],[-158.069807,21.633961],[-158.069965,21.633906],[-158.070136,21.633605],[-158.070359,21.633604],[-158.070458,21.63342],[-158.070727,21.633205],[-158.0712,21.633002],[-158.071337,21.632032],[-158.071475,21.631768],[-158.071659,21.631651],[-158.072023,21.630968],[-158.072528,21.630296],[-158.072817,21.630125],[-158.072701,21.630065],[-158.072918,21.629762],[-158.073066,21.629627],[-158.073155,21.629671],[-158.07326,21.629536],[-158.07332,21.629441],[-158.073264,21.629411],[-158.073421,21.62926],[-158.07344,21.62906],[-158.073717,21.628703],[-158.073965,21.628817],[-158.073842,21.628143],[-158.07388,21.627995],[-158.074322,21.627637],[-158.075483,21.626998],[-158.075825,21.626258],[-158.076159,21.625866],[-158.076429,21.625638],[-158.077507,21.625147],[-158.078053,21.625001],[-158.078598,21.624637],[-158.079416,21.624235],[-158.080234,21.624053],[-158.08078,21.624053],[-158.081209,21.623943],[-158.081364,21.623651],[-158.081481,21.623105],[-158.082026,21.621829],[-158.082373,21.621404],[-158.082594,21.621297],[-158.082752,21.621326],[-158.083168,21.621181],[-158.083538,21.621147],[-158.08391,21.620858],[-158.084311,21.620977],[-158.084411,21.621124],[-158.084832,21.621151],[-158.084507,21.621011],[-158.084463,21.620825],[-158.084747,21.620759],[-158.084959,21.62042],[-158.085158,21.620383],[-158.085437,21.619839],[-158.085598,21.61972],[-158.085865,21.619704],[-158.08561,21.619631],[-158.085359,21.619352],[-158.085383,21.618784],[-158.086308,21.617925],[-158.088793,21.616693],[-158.089494,21.615818],[-158.090137,21.615298],[-158.091101,21.614888],[-158.091539,21.614532],[-158.09227,21.614286],[-158.093263,21.613821],[-158.094286,21.613711],[-158.094695,21.613465],[-158.094787,21.613271],[-158.094981,21.613143],[-158.095443,21.61251],[-158.095463,21.612028],[-158.09614,21.610848],[-158.097008,21.609944],[-158.098376,21.609125],[-158.098832,21.608944],[-158.099157,21.608685],[-158.099308,21.608671],[-158.099472,21.608752],[-158.099995,21.608674],[-158.100226,21.608475],[-158.10051,21.608049],[-158.101648,21.607301],[-158.10187,21.606866],[-158.102413,21.606395],[-158.103216,21.605287],[-158.103484,21.605044],[-158.103988,21.604762],[-158.104205,21.60476],[-158.104553,21.604623],[-158.105106,21.604176],[-158.105588,21.603893],[-158.106387,21.603788],[-158.106769,21.603403],[-158.107229,21.603185],[-158.107399,21.602882],[-158.10735,21.60256],[-158.107163,21.602475],[-158.106732,21.602541],[-158.106523,21.602468],[-158.106431,21.602334],[-158.106386,21.601853],[-158.106136,21.601697],[-158.106035,21.601685],[-158.105851,21.60182],[-158.105372,21.601706],[-158.10528,21.601888],[-158.105062,21.601864],[-158.104743,21.601378],[-158.104697,21.601024],[-158.10478,21.60041],[-158.104641,21.600254],[-158.104171,21.600448],[-158.103946,21.600186],[-158.103838,21.599735],[-158.103994,21.59947],[-158.103677,21.598848],[-158.10367,21.598307],[-158.10359,21.598179],[-158.103578,21.596975],[-158.103655,21.596499],[-158.103853,21.5962],[-158.104482,21.596524],[-158.104521,21.596471],[-158.103372,21.595808],[-158.103223,21.595494],[-158.103276,21.595273],[-158.10347,21.594994],[-158.10369,21.594826],[-158.104235,21.594626],[-158.104284,21.594535],[-158.104228,21.594471],[-158.104344,21.594401],[-158.104712,21.595245],[-158.104795,21.59529],[-158.105609,21.595032],[-158.105961,21.595135],[-158.105968,21.595051],[-158.105671,21.594954],[-158.105622,21.594767],[-158.104926,21.594948],[-158.104855,21.594905],[-158.104463,21.593974],[-158.105849,21.593437],[-158.105828,21.593186],[-158.105607,21.593044],[-158.104103,21.593651],[-158.103834,21.593374],[-158.105603,21.592584],[-158.106385,21.59302],[-158.106509,21.593379],[-158.106495,21.593597],[-158.106133,21.594054],[-158.106519,21.59475],[-158.106405,21.594856],[-158.106402,21.594976],[-158.106484,21.595068],[-158.106909,21.595188],[-158.107092,21.595721],[-158.107013,21.595877],[-158.105974,21.596756],[-158.106032,21.596815],[-158.107139,21.595857],[-158.107175,21.595645],[-158.10699,21.595164],[-158.107195,21.594943],[-158.107537,21.594851],[-158.108445,21.59412],[-158.109457,21.593756],[-158.109677,21.593612],[-158.109731,21.593374],[-158.109423,21.593007],[-158.11017,21.591975],[-158.110254,21.591654],[-158.11072,21.590756],[-158.111158,21.590253],[-158.11261,21.589163],[-158.113473,21.588975],[-158.114225,21.589138],[-158.114525,21.589302],[-158.114801,21.589325],[-158.115317,21.589229],[-158.117689,21.589082],[-158.118373,21.589454],[-158.118828,21.589454],[-158.118957,21.589361],[-158.119042,21.588854],[-158.119226,21.588732],[-158.119269,21.588548],[-158.119412,21.588455],[-158.119564,21.58794],[-158.119808,21.587825],[-158.118855,21.586936],[-158.118727,21.586843],[-158.118541,21.58683],[-158.118342,21.58659],[-158.118085,21.586511],[-158.117815,21.586218],[-158.117601,21.585805],[-158.116574,21.584714],[-158.116446,21.584407],[-158.11625,21.584262],[-158.117009,21.583344],[-158.119081,21.582059],[-158.118894,21.581772],[-158.11881,21.581824],[-158.118619,21.581551],[-158.118715,21.58149],[-158.118609,21.58142],[-158.119668,21.580754],[-158.119702,21.580834],[-158.119991,21.580971],[-158.120242,21.581542],[-158.120614,21.581977],[-158.12071,21.582281],[-158.120905,21.582465],[-158.120905,21.582798],[-158.121115,21.5832],[-158.121115,21.583412],[-158.121334,21.583763],[-158.121177,21.584005],[-158.121192,21.584258],[-158.121461,21.584574],[-158.121824,21.584791],[-158.122219,21.584739],[-158.122462,21.584564],[-158.122715,21.584566],[-158.122793,21.584429],[-158.122514,21.583844],[-158.122546,21.583743],[-158.122805,21.583515],[-158.123365,21.583252],[-158.123755,21.583229],[-158.123755,21.583149],[-158.123877,21.583126],[-158.124096,21.583183],[-158.124778,21.583057],[-158.125618,21.582795],[-158.126057,21.582772],[-158.126557,21.582874],[-158.127336,21.58285],[-158.128469,21.582417],[-158.129175,21.582313],[-158.130686,21.58246],[-158.131502,21.582377],[-158.132221,21.582448],[-158.13422,21.583164],[-158.134269,21.583301],[-158.134828,21.583508],[-158.135156,21.583778],[-158.135622,21.584008],[-158.137937,21.584141],[-158.138923,21.583946],[-158.141201,21.583204],[-158.141822,21.583067],[-158.143491,21.583054],[-158.146024,21.582277],[-158.147778,21.581865],[-158.149288,21.581305],[-158.151127,21.58099],[-158.151529,21.580739],[-158.152747,21.580544],[-158.153454,21.580783],[-158.153759,21.580771],[-158.154453,21.580919],[-158.155647,21.580861],[-158.156329,21.580564],[-158.156743,21.580301],[-158.158034,21.579901],[-158.158545,21.579821],[-158.16036,21.580026],[-158.16075,21.580118],[-158.161349,21.580425],[-158.162682,21.580768],[-158.163585,21.580735],[-158.16555,21.579664],[-158.166602,21.579491],[-158.167527,21.579052],[-158.167905,21.57902],[-158.168568,21.579115],[-158.16954,21.579628],[-158.170856,21.580118],[-158.171394,21.580567],[-158.172309,21.581015],[-158.173121,21.581559],[-158.17343,21.581651],[-158.174725,21.581417],[-158.175318,21.581233],[-158.176385,21.580685],[-158.177928,21.580278],[-158.179135,21.580185],[-158.180076,21.580286],[-158.180678,21.580436],[-158.180732,21.580301],[-158.181358,21.580485],[-158.18181,21.580791],[-158.181971,21.58129],[-158.182416,21.58129],[-158.183051,21.581496],[-158.183524,21.581746],[-158.183704,21.581759],[-158.184237,21.581613],[-158.184722,21.581764],[-158.185095,21.581573],[-158.185765,21.581624],[-158.186243,21.581853],[-158.186216,21.581953],[-158.186896,21.582365],[-158.187734,21.582441],[-158.18839,21.582712],[-158.188967,21.582616],[-158.189708,21.582806],[-158.190523,21.582773],[-158.190998,21.582963],[-158.191609,21.582613],[-158.192322,21.582549],[-158.194426,21.581721],[-158.195139,21.58153],[-158.195784,21.581561],[-158.196328,21.582068],[-158.198297,21.582224],[-158.19935,21.582668],[-158.200913,21.582888],[-158.201218,21.582602],[-158.202575,21.581902],[-158.203254,21.581806],[-158.203909,21.581764],[-158.204384,21.58188],[-158.20485,21.582185],[-158.206211,21.581971],[-158.206962,21.58203],[-158.207612,21.581959],[-158.208611,21.581742],[-158.209163,21.581539],[-158.209399,21.58183],[-158.210136,21.581446],[-158.210251,21.581445],[-158.210656,21.581669],[-158.210723,21.581479],[-158.211356,21.581063],[-158.213131,21.580781],[-158.214044,21.580525],[-158.214668,21.580149],[-158.21517,21.579701],[-158.215915,21.579535],[-158.216628,21.579471],[-158.2169,21.579284],[-158.219014,21.578945],[-158.219898,21.578911],[-158.220661,21.578986],[-158.220838,21.579147],[-158.222875,21.579494],[-158.223996,21.579778],[-158.224505,21.579587],[-158.224641,21.579446],[-158.226379,21.579348],[-158.22678,21.579457],[-158.227595,21.579392],[-158.228436,21.578997],[-158.231911,21.57936],[-158.232691,21.579624],[-158.233037,21.579587],[-158.233281,21.57972],[-158.233514,21.580006],[-158.234865,21.579842],[-158.236383,21.580057],[-158.236682,21.579971],[-158.236972,21.580157],[-158.237113,21.580164],[-158.237312,21.580055],[-158.238316,21.579922],[-158.238498,21.579991],[-158.238863,21.579913],[-158.239734,21.580052],[-158.240306,21.57988],[-158.241724,21.579824],[-158.242554,21.579986],[-158.242744,21.579737],[-158.243448,21.579496],[-158.244767,21.579385],[-158.244891,21.579082],[-158.245023,21.579043],[-158.245861,21.579197],[-158.246077,21.579406],[-158.246426,21.579452],[-158.246625,21.579615],[-158.24665,21.579817],[-158.247462,21.579567],[-158.248366,21.579434],[-158.248963,21.579441],[-158.249644,21.579572],[-158.250207,21.579555],[-158.250556,21.579718],[-158.250846,21.579663],[-158.251004,21.5795],[-158.251269,21.579445],[-158.252079,21.579631],[-158.252692,21.579632],[-158.253071,21.579607],[-158.254855,21.578972],[-158.255387,21.578905],[-158.257031,21.578295],[-158.25862,21.578254],[-158.259039,21.578115],[-158.259472,21.578108],[-158.259906,21.578216],[-158.260216,21.578535],[-158.260353,21.578116],[-158.260799,21.577931],[-158.260852,21.577779],[-158.260777,21.577384],[-158.260844,21.577332],[-158.261151,21.577364],[-158.261225,21.577443],[-158.261144,21.577924],[-158.261591,21.577689],[-158.261774,21.577673],[-158.262595,21.577925],[-158.263011,21.578221],[-158.2633,21.578224],[-158.263627,21.577937],[-158.263592,21.577802],[-158.263295,21.577545],[-158.263414,21.577186],[-158.263865,21.577185],[-158.264175,21.577458],[-158.264563,21.577672],[-158.264975,21.577664],[-158.26513,21.577835],[-158.265275,21.577845],[-158.265683,21.57763],[-158.265929,21.577327],[-158.266165,21.577267],[-158.26621,21.577139],[-158.26646,21.577095],[-158.266576,21.576891],[-158.266534,21.576718],[-158.266649,21.576661],[-158.266762,21.576733],[-158.266891,21.577217],[-158.267269,21.577126],[-158.268099,21.577141],[-158.268233,21.577081],[-158.268404,21.576859],[-158.268993,21.576655],[-158.269136,21.576499],[-158.269259,21.57655],[-158.26976,21.576461],[-158.269948,21.576228],[-158.270574,21.575999],[-158.271539,21.575963],[-158.27179,21.575786],[-158.272065,21.57578],[-158.272549,21.576023],[-158.272981,21.57592],[-158.273033,21.57611],[-158.273153,21.57615],[-158.273399,21.576003],[-158.273319,21.575746],[-158.273545,21.575628],[-158.273618,21.575501],[-158.273775,21.57551],[-158.273953,21.575696],[-158.274089,21.575676],[-158.274267,21.5755],[-158.274508,21.575509],[-158.274739,21.575812],[-158.275241,21.575743],[-158.275587,21.575958],[-158.275776,21.575957],[-158.275849,21.575781],[-158.275995,21.575761],[-158.276561,21.575858],[-158.276865,21.576014],[-158.277032,21.575828],[-158.277263,21.575828],[-158.277347,21.575945],[-158.277567,21.575964],[-158.277661,21.576072],[-158.277965,21.576071],[-158.278247,21.575885],[-158.27831,21.575914],[-158.278363,21.576178],[-158.278436,21.576208],[-158.278583,21.576178],[-158.278677,21.575904],[-158.279064,21.575599],[-158.27942,21.575579],[-158.279482,21.575452],[-158.279765,21.575295],[-158.280047,21.575284],[-158.280047,21.575167],[-158.280424,21.57496],[-158.281136,21.574969],[-158.281219,21.574802],[-158.281125,21.574665],[-158.280392,21.57458],[-158.280482,21.574467],[-158.280302,21.574237],[-158.280342,21.574156],[-158.280249,21.574138],[-158.280209,21.574035],[-158.280329,21.573779],[-158.280013,21.573942],[-158.279776,21.573918],[-158.27973,21.573557],[-158.279549,21.573533],[-158.279427,21.573294],[-158.279447,21.572973],[-158.279321,21.572764],[-158.279,21.57286],[-158.278877,21.573004],[-158.278822,21.573239],[-158.278689,21.573198],[-158.278561,21.573363],[-158.278527,21.573271],[-158.278645,21.573117],[-158.278604,21.572957],[-158.278458,21.573042],[-158.278254,21.573048],[-158.277815,21.57286],[-158.27766,21.57273],[-158.277641,21.572607],[-158.277519,21.572568],[-158.277491,21.572672],[-158.277334,21.572666],[-158.277162,21.572597],[-158.277108,21.572473],[-158.276855,21.572675],[-158.276735,21.572559],[-158.276565,21.572655],[-158.276412,21.572497],[-158.276357,21.572277],[-158.276081,21.572154],[-158.275836,21.572142],[-158.27572,21.571974],[-158.274826,21.571848],[-158.273989,21.571612],[-158.273792,21.571478],[-158.273326,21.571383],[-158.272905,21.570862],[-158.27279,21.570828],[-158.272634,21.570919],[-158.271194,21.570288],[-158.269527,21.569117],[-158.267712,21.568024],[-158.267487,21.567865],[-158.267478,21.567733],[-158.267325,21.567757],[-158.267097,21.567568],[-158.267098,21.56748],[-158.266973,21.567462],[-158.266414,21.56702],[-158.266187,21.566753],[-158.266066,21.566802],[-158.265737,21.566416],[-158.265392,21.566307],[-158.26514,21.566127],[-158.264958,21.565935],[-158.265134,21.565891],[-158.265103,21.565827],[-158.26486,21.565891],[-158.264493,21.565531],[-158.264129,21.565403],[-158.263809,21.565105],[-158.263662,21.564796],[-158.263345,21.564893],[-158.26316,21.564756],[-158.263088,21.5645],[-158.262749,21.564511],[-158.262603,21.564307],[-158.262675,21.564176],[-158.262425,21.564155],[-158.262273,21.564065],[-158.262082,21.563773],[-158.261907,21.563718],[-158.260938,21.563027],[-158.260914,21.562927],[-158.261168,21.562695],[-158.261221,21.562535],[-158.260791,21.562526],[-158.260413,21.562642],[-158.260081,21.562393],[-158.259875,21.562172],[-158.259823,21.561822],[-158.259349,21.56145],[-158.259466,21.561164],[-158.259437,21.561068],[-158.258704,21.560655],[-158.25863,21.560712],[-158.258453,21.560657],[-158.257647,21.560276],[-158.257085,21.559722],[-158.256653,21.559159],[-158.25685,21.558778],[-158.256486,21.558818],[-158.256005,21.558608],[-158.255713,21.558574],[-158.255421,21.558757],[-158.25527,21.558663],[-158.255446,21.558487],[-158.255021,21.558127],[-158.254522,21.557898],[-158.254116,21.558028],[-158.253883,21.557995],[-158.253825,21.557773],[-158.253569,21.557575],[-158.253166,21.557428],[-158.252951,21.557237],[-158.252722,21.557203],[-158.25255,21.55701],[-158.252076,21.556906],[-158.251994,21.556585],[-158.251693,21.556513],[-158.25157,21.556549],[-158.251313,21.556425],[-158.250839,21.556613],[-158.250848,21.556331],[-158.250789,21.556267],[-158.250368,21.556276],[-158.250176,21.556116],[-158.249639,21.555929],[-158.249607,21.555517],[-158.249414,21.555283],[-158.24914,21.555418],[-158.248885,21.555854],[-158.248691,21.555767],[-158.248618,21.555626],[-158.248804,21.555194],[-158.248631,21.554796],[-158.248381,21.554509],[-158.248123,21.554029],[-158.247603,21.553904],[-158.247332,21.553666],[-158.246581,21.552648],[-158.245519,21.551464],[-158.244554,21.550604],[-158.244184,21.550426],[-158.243518,21.549876],[-158.241921,21.548256],[-158.24167,21.547911],[-158.240497,21.545717],[-158.240753,21.545113],[-158.240344,21.544706],[-158.240328,21.544614],[-158.240419,21.544551],[-158.240314,21.544499],[-158.240202,21.544549],[-158.240251,21.544803],[-158.240061,21.544758],[-158.240081,21.544492],[-158.240008,21.544502],[-158.239968,21.544713],[-158.239799,21.544744],[-158.239658,21.544676],[-158.239729,21.544364],[-158.239396,21.544285],[-158.239306,21.54397],[-158.237668,21.542648],[-158.237502,21.54234],[-158.236956,21.541839],[-158.236711,21.541317],[-158.236361,21.541095],[-158.236213,21.540894],[-158.235671,21.540746],[-158.235318,21.540198],[-158.235127,21.540157],[-158.234918,21.540222],[-158.234581,21.539951],[-158.234345,21.539854],[-158.233779,21.539315],[-158.233406,21.539115],[-158.232726,21.538524],[-158.231733,21.536872],[-158.231556,21.536755],[-158.230892,21.535941],[-158.230353,21.534053],[-158.229968,21.533253],[-158.229948,21.532929],[-158.22973,21.532548],[-158.229747,21.531943],[-158.229493,21.530319],[-158.229471,21.529159],[-158.229528,21.52739],[-158.229586,21.527444],[-158.229616,21.526942],[-158.229575,21.526106],[-158.229839,21.525562],[-158.229824,21.525301],[-158.229566,21.524865],[-158.229486,21.524261],[-158.229615,21.52406],[-158.229364,21.52408],[-158.229249,21.52398],[-158.228877,21.523927],[-158.228818,21.52354],[-158.22893,21.522322],[-158.228815,21.521152],[-158.229188,21.520599],[-158.229249,21.520228],[-158.229362,21.520076],[-158.229378,21.519424],[-158.229586,21.518735],[-158.230193,21.517854],[-158.230403,21.517389],[-158.230661,21.517134],[-158.230786,21.516826],[-158.230756,21.51618],[-158.230623,21.515851],[-158.230458,21.515627],[-158.230019,21.515335],[-158.229536,21.514646],[-158.229593,21.514366],[-158.22955,21.513977],[-158.229642,21.513702],[-158.229444,21.51309],[-158.229528,21.512761],[-158.229476,21.512006],[-158.229621,21.510868],[-158.229475,21.510128],[-158.229536,21.508901],[-158.229407,21.508333],[-158.229382,21.507765],[-158.229475,21.507619],[-158.229547,21.507135],[-158.229635,21.506159],[-158.229575,21.506122],[-158.22968,21.505862],[-158.229646,21.505585],[-158.229903,21.504919],[-158.230158,21.503192],[-158.230073,21.502023],[-158.2304,21.499966],[-158.230403,21.499732],[-158.230068,21.498842],[-158.229917,21.498125],[-158.229932,21.496706],[-158.229974,21.496524],[-158.230159,21.496382],[-158.230228,21.496207],[-158.230157,21.496131],[-158.230147,21.49556],[-158.229948,21.494616],[-158.229963,21.493931],[-158.229875,21.493153],[-158.230036,21.492441],[-158.230014,21.492246],[-158.230206,21.491825],[-158.230004,21.491152],[-158.230461,21.489294],[-158.230488,21.488379],[-158.230241,21.487687],[-158.230236,21.48746],[-158.230697,21.485408],[-158.230624,21.485044],[-158.230646,21.484552],[-158.231019,21.4842],[-158.23127,21.483047],[-158.231223,21.482754],[-158.230851,21.481995],[-158.230709,21.481806],[-158.230292,21.48152],[-158.230234,21.481277],[-158.229638,21.481092],[-158.228778,21.480511],[-158.22873,21.480333],[-158.228383,21.480025],[-158.228369,21.479676],[-158.228509,21.479485],[-158.228475,21.479254],[-158.228316,21.479144],[-158.228003,21.479109],[-158.227893,21.47896],[-158.227934,21.478844],[-158.227832,21.478785],[-158.227462,21.478752],[-158.227099,21.478565],[-158.226929,21.478288],[-158.226506,21.478119],[-158.226039,21.477701],[-158.22569,21.477678],[-158.225509,21.477989],[-158.224597,21.47837],[-158.22424,21.478372],[-158.223616,21.478217],[-158.222786,21.478143],[-158.222269,21.477953],[-158.22197,21.47776],[-158.221476,21.477143],[-158.220708,21.476598],[-158.220615,21.475936],[-158.219893,21.47404],[-158.219629,21.472999],[-158.21989,21.472448],[-158.219693,21.471897],[-158.21915,21.471808],[-158.218924,21.471589],[-158.218639,21.471126],[-158.218475,21.470351],[-158.218029,21.469268],[-158.217808,21.468848],[-158.21746,21.468639],[-158.217404,21.468519],[-158.21751,21.468358],[-158.217913,21.468383],[-158.218111,21.468224],[-158.218112,21.467948],[-158.217863,21.467405],[-158.217396,21.466831],[-158.217192,21.466709],[-158.217003,21.466294],[-158.216663,21.466037],[-158.215805,21.465501],[-158.215481,21.46521],[-158.214808,21.46508],[-158.214517,21.464878],[-158.21434,21.464666],[-158.21432,21.464436],[-158.213729,21.463212],[-158.213335,21.461927],[-158.213334,21.461254],[-158.213416,21.460868],[-158.214022,21.46086],[-158.214304,21.460769],[-158.214734,21.459762],[-158.214608,21.459692],[-158.213637,21.459821],[-158.212737,21.459789],[-158.21207,21.459958],[-158.211718,21.459957],[-158.211279,21.460272],[-158.211126,21.460277],[-158.211031,21.460365],[-158.210961,21.460283],[-158.210935,21.460508],[-158.210435,21.460829],[-158.210036,21.460897],[-158.208127,21.460484],[-158.207522,21.460235],[-158.207057,21.459964],[-158.206251,21.459324],[-158.205816,21.459052],[-158.205651,21.459045],[-158.205637,21.458865],[-158.205012,21.458504],[-158.20434,21.457911],[-158.203618,21.457493],[-158.203305,21.457128],[-158.203187,21.456629],[-158.202993,21.45624],[-158.202971,21.455815],[-158.202846,21.455707],[-158.202955,21.455453],[-158.202851,21.455297],[-158.202939,21.455092],[-158.203021,21.454212],[-158.202791,21.453798],[-158.202436,21.453564],[-158.201444,21.453374],[-158.200568,21.453302],[-158.200557,21.453175],[-158.20038,21.453151],[-158.200233,21.452897],[-158.200134,21.452878],[-158.200165,21.452531],[-158.200321,21.452291],[-158.200065,21.451832],[-158.199407,21.451692],[-158.19936,21.451565],[-158.199214,21.451482],[-158.198985,21.451585],[-158.198305,21.451553],[-158.198502,21.451055],[-158.197954,21.451001],[-158.197647,21.450789],[-158.197077,21.450621],[-158.197111,21.450342],[-158.196919,21.450063],[-158.196899,21.449841],[-158.196602,21.449635],[-158.196924,21.449235],[-158.196471,21.44879],[-158.196367,21.448805],[-158.196249,21.448685],[-158.196123,21.448808],[-158.195323,21.448761],[-158.194915,21.448593],[-158.194624,21.448601],[-158.194582,21.448537],[-158.194138,21.448922],[-158.193564,21.448767],[-158.19329,21.448591],[-158.192684,21.449015],[-158.192144,21.449144],[-158.190297,21.449057],[-158.189969,21.448697],[-158.192235,21.44875],[-158.193088,21.4484],[-158.192881,21.448187],[-158.192701,21.447642],[-158.192707,21.44746],[-158.192086,21.447203],[-158.191837,21.447174],[-158.19127,21.446875],[-158.190409,21.446134],[-158.189874,21.44529],[-158.18941,21.443657],[-158.189528,21.442953],[-158.189824,21.442378],[-158.190457,21.441765],[-158.190793,21.441672],[-158.19111,21.441802],[-158.191149,21.441616],[-158.19084,21.441084],[-158.191021,21.441142],[-158.191642,21.440919],[-158.191697,21.440735],[-158.192052,21.440632],[-158.19202,21.440352],[-158.191912,21.440447],[-158.191952,21.440215],[-158.191817,21.440137],[-158.191672,21.440193],[-158.191561,21.440073],[-158.19119,21.440175],[-158.19116,21.440288],[-158.190692,21.440273],[-158.190574,21.440496],[-158.190192,21.440687],[-158.189978,21.440716],[-158.189852,21.440634],[-158.189604,21.440635],[-158.189426,21.44033],[-158.188633,21.439423],[-158.188494,21.439053],[-158.188355,21.439034],[-158.188355,21.438849],[-158.188097,21.438757],[-158.187403,21.437479],[-158.186887,21.436201],[-158.185797,21.435003],[-158.18544,21.434763],[-158.185142,21.434022],[-158.185063,21.433651],[-158.185141,21.433484],[-158.184963,21.433206],[-158.184725,21.43304],[-158.184725,21.432743],[-158.184467,21.43241],[-158.184447,21.432206],[-158.183773,21.431392],[-158.183595,21.431003],[-158.183357,21.430744],[-158.183158,21.430132],[-158.183257,21.430039],[-158.183158,21.429873],[-158.182702,21.429744],[-158.182346,21.429503],[-158.182088,21.429188],[-158.181877,21.42923],[-158.181525,21.428884],[-158.180229,21.428456],[-158.179627,21.427189],[-158.179407,21.426102],[-158.179628,21.423253],[-158.179407,21.422358],[-158.179111,21.42167],[-158.179,21.420792],[-158.178816,21.42031],[-158.178519,21.41821],[-158.178776,21.41759],[-158.178885,21.416867],[-158.178774,21.415903],[-158.177741,21.413356],[-158.177555,21.411393],[-158.177608,21.410805],[-158.177784,21.41079],[-158.178002,21.410514],[-158.178191,21.409555],[-158.178114,21.408897],[-158.177912,21.408479],[-158.177928,21.408122],[-158.178455,21.407204],[-158.17859,21.406607],[-158.178103,21.404898],[-158.177568,21.404429],[-158.177067,21.403827],[-158.176846,21.403433],[-158.176921,21.40246],[-158.176884,21.402005],[-158.176777,21.401782],[-158.176334,21.401433],[-158.175625,21.400462],[-158.175077,21.400108],[-158.174633,21.399963],[-158.174121,21.399526],[-158.174009,21.399256],[-158.17352,21.399027],[-158.17312,21.398611],[-158.17292,21.398632],[-158.172875,21.398445],[-158.17263,21.398445],[-158.172741,21.398133],[-158.172585,21.398029],[-158.172385,21.398071],[-158.172297,21.398196],[-158.172141,21.398113],[-158.171608,21.398155],[-158.171363,21.39803],[-158.171163,21.397802],[-158.170607,21.397781],[-158.16994,21.397511],[-158.169517,21.397574],[-158.168561,21.396847],[-158.168028,21.397097],[-158.167859,21.397308],[-158.167435,21.397393],[-158.167225,21.397626],[-158.167139,21.397264],[-158.167005,21.397077],[-158.166558,21.397285],[-158.166538,21.397015],[-158.166649,21.396869],[-158.166427,21.396745],[-158.166249,21.396703],[-158.166071,21.396849],[-158.165716,21.396787],[-158.165582,21.396558],[-158.165426,21.396621],[-158.16516,21.3966],[-158.165137,21.396392],[-158.164893,21.39633],[-158.164693,21.39633],[-158.164671,21.396476],[-158.164448,21.396372],[-158.164248,21.395914],[-158.163225,21.395541],[-158.163248,21.395585],[-158.163069,21.39552],[-158.162869,21.395645],[-158.162068,21.395104],[-158.161913,21.394855],[-158.161623,21.394647],[-158.161379,21.394689],[-158.161179,21.39446],[-158.160089,21.393712],[-158.159118,21.393295],[-158.158928,21.393149],[-158.158641,21.392586],[-158.158172,21.392148],[-158.156266,21.390688],[-158.155266,21.389665],[-158.152673,21.387416],[-158.152336,21.387202],[-158.150798,21.385576],[-158.148954,21.383853],[-158.148516,21.383181],[-158.148048,21.382859],[-158.147766,21.382275],[-158.147086,21.381786],[-158.147141,21.381398],[-158.14701,21.381244],[-158.14701,21.381096],[-158.147097,21.381003],[-158.146987,21.380691],[-158.147031,21.38046],[-158.146505,21.379923],[-158.146625,21.379661],[-158.146532,21.37961],[-158.146521,21.379308],[-158.146351,21.379185],[-158.145383,21.378899],[-158.144611,21.378346],[-158.14448,21.378331],[-158.144107,21.377804],[-158.143992,21.377742],[-158.143943,21.377517],[-158.143702,21.377338],[-158.143483,21.377338],[-158.143337,21.377493],[-158.142499,21.376906],[-158.141733,21.3758],[-158.141176,21.374773],[-158.141198,21.374594],[-158.141121,21.374552],[-158.14121,21.374286],[-158.141175,21.374185],[-158.141455,21.373728],[-158.141439,21.373653],[-158.141267,21.373612],[-158.141375,21.373504],[-158.141442,21.373262],[-158.141263,21.372854],[-158.141292,21.372624],[-158.140921,21.371893],[-158.140399,21.371854],[-158.139832,21.372175],[-158.139348,21.372158],[-158.139246,21.372229],[-158.139197,21.372158],[-158.139269,21.372095],[-158.139135,21.371959],[-158.139156,21.371831],[-158.138978,21.371746],[-158.138809,21.371425],[-158.138428,21.371289],[-158.13825,21.371145],[-158.138067,21.370831],[-158.13793,21.37076],[-158.138089,21.370497],[-158.138256,21.369854],[-158.137762,21.369748],[-158.137868,21.369605],[-158.137792,21.36947],[-158.137951,21.369228],[-158.137556,21.369014],[-158.137221,21.369221],[-158.137107,21.3692],[-158.136955,21.369029],[-158.136719,21.369036],[-158.136484,21.369208],[-158.136362,21.369165],[-158.136119,21.368845],[-158.13576,21.367428],[-158.135648,21.36737],[-158.135198,21.366329],[-158.134996,21.366048],[-158.134888,21.365761],[-158.134939,21.36556],[-158.134886,21.365424],[-158.134652,21.365217],[-158.134433,21.364813],[-158.134286,21.364748],[-158.1343,21.364602],[-158.134126,21.364457],[-158.134064,21.36406],[-158.133399,21.362872],[-158.133184,21.362183],[-158.132703,21.361374],[-158.132426,21.360395],[-158.132125,21.359913],[-158.131919,21.358948],[-158.131585,21.358279],[-158.131375,21.357294],[-158.131065,21.356744],[-158.130977,21.356361],[-158.130774,21.355942],[-158.130605,21.35579],[-158.130679,21.355664],[-158.130589,21.355525],[-158.130625,21.35531],[-158.130542,21.355094],[-158.130418,21.353891],[-158.130642,21.353641],[-158.130619,21.353447],[-158.130839,21.353014],[-158.130532,21.352597],[-158.130504,21.35214],[-158.130303,21.352197],[-158.130292,21.351945],[-158.13046,21.351789],[-158.130203,21.351416],[-158.130191,21.351093],[-158.129997,21.350862],[-158.130026,21.350699],[-158.1299,21.350165],[-158.12929,21.349007],[-158.128993,21.347616],[-158.1289,21.347531],[-158.128967,21.347323],[-158.128801,21.347036],[-158.128723,21.347036],[-158.128723,21.34688],[-158.129016,21.346556],[-158.128899,21.346398],[-158.12898,21.346206],[-158.129142,21.346067],[-158.129036,21.346051],[-158.128893,21.345828],[-158.12877,21.345442],[-158.128807,21.345289],[-158.128696,21.345166],[-158.128783,21.344718],[-158.12891,21.344616],[-158.128754,21.34442],[-158.12859,21.343804],[-158.128414,21.343554],[-158.128459,21.34326],[-158.128661,21.343108],[-158.12872,21.342631],[-158.128094,21.34265],[-158.127939,21.342746],[-158.127747,21.342745],[-158.12759,21.342205],[-158.127684,21.341906],[-158.128087,21.341809],[-158.128065,21.341316],[-158.127886,21.341089],[-158.127843,21.340427],[-158.127727,21.340062],[-158.127347,21.339657],[-158.127073,21.339608],[-158.126999,21.33949],[-158.126999,21.339322],[-158.127294,21.339322],[-158.127083,21.338621],[-158.126713,21.338098],[-158.126671,21.337871],[-158.126544,21.337723],[-158.126345,21.33777],[-158.126086,21.337871],[-158.125844,21.338162],[-158.125496,21.338213],[-158.125058,21.338075],[-158.124751,21.337755],[-158.12465,21.337365],[-158.124752,21.336979],[-158.124961,21.336754],[-158.125315,21.336706],[-158.125552,21.336385],[-158.124963,21.335711],[-158.124834,21.335406],[-158.124685,21.335295],[-158.124484,21.335347],[-158.124103,21.335255],[-158.123838,21.335072],[-158.123649,21.334806],[-158.123592,21.334285],[-158.123694,21.334017],[-158.123948,21.333795],[-158.123997,21.333434],[-158.123843,21.333078],[-158.12387,21.332621],[-158.123736,21.332186],[-158.123441,21.332173],[-158.123361,21.332305],[-158.12321,21.33234],[-158.122944,21.332322],[-158.122654,21.332141],[-158.122469,21.331816],[-158.12251,21.331354],[-158.122803,21.331016],[-158.123058,21.330943],[-158.123434,21.331122],[-158.123621,21.331139],[-158.123418,21.330355],[-158.123209,21.328881],[-158.12295,21.328701],[-158.122798,21.328797],[-158.122413,21.328607],[-158.122218,21.328085],[-158.122219,21.327863],[-158.122525,21.327616],[-158.122658,21.327725],[-158.122791,21.327647],[-158.122941,21.327397],[-158.123174,21.327506],[-158.123406,21.326258],[-158.123206,21.32554],[-158.123072,21.324214],[-158.122821,21.323434],[-158.122605,21.323107],[-158.122421,21.323045],[-158.122089,21.32356],[-158.121739,21.323685],[-158.121906,21.323934],[-158.122158,21.324133],[-158.122305,21.324425],[-158.122373,21.324855],[-158.122328,21.325331],[-158.122154,21.32579],[-158.1217,21.326165],[-158.121153,21.32579],[-158.12038,21.326778],[-158.120926,21.329172],[-158.12084,21.329344],[-158.118645,21.329783],[-158.118511,21.329909],[-158.118122,21.329987],[-158.117968,21.330138],[-158.116933,21.33037],[-158.116812,21.329601],[-158.117294,21.329496],[-158.119029,21.327344],[-158.120988,21.325144],[-158.120933,21.32495],[-158.120734,21.324859],[-158.120307,21.325097],[-158.117882,21.328125],[-158.117303,21.328459],[-158.116744,21.328621],[-158.116247,21.328622],[-158.115667,21.328498],[-158.114742,21.327937],[-158.114407,21.327538],[-158.11376,21.326973],[-158.112953,21.326006],[-158.110774,21.327906],[-158.109351,21.326556],[-158.110081,21.325917],[-158.110217,21.325917],[-158.115422,21.321137],[-158.116084,21.320422],[-158.118054,21.322236],[-158.119066,21.323269],[-158.119344,21.323172],[-158.119416,21.323076],[-158.118828,21.322062],[-158.120508,21.32152],[-158.120921,21.322089],[-158.121538,21.321735],[-158.120788,21.320737],[-158.120637,21.320238],[-158.120354,21.319817],[-158.120187,21.319302],[-158.119361,21.317607],[-158.119278,21.317261],[-158.119314,21.317122],[-158.11908,21.316406],[-158.119035,21.315778],[-158.11887,21.31518],[-158.118822,21.314186],[-158.118665,21.31422],[-158.118592,21.313992],[-158.118732,21.313649],[-158.11829,21.312153],[-158.117739,21.311482],[-158.117352,21.310501],[-158.116359,21.308592],[-158.116028,21.308179],[-158.115587,21.307354],[-158.115311,21.306631],[-158.11476,21.306064],[-158.114539,21.305651],[-158.114208,21.304877],[-158.114097,21.303999],[-158.113325,21.302554],[-158.112659,21.302315],[-158.112212,21.301877],[-158.111647,21.301058],[-158.111298,21.300396],[-158.110504,21.299287],[-158.109842,21.298753],[-158.109133,21.298471],[-158.108417,21.298072],[-158.107584,21.297216],[-158.106221,21.296177],[-158.105772,21.296028],[-158.104654,21.296031],[-158.103693,21.295827],[-158.102932,21.29576],[-158.101117,21.295162],[-158.099759,21.295367],[-158.098787,21.294931],[-158.098463,21.294617],[-158.098396,21.294622],[-158.098413,21.29479],[-158.098514,21.295036],[-158.098352,21.295224],[-158.098151,21.295287],[-158.096539,21.295272],[-158.095615,21.295139],[-158.094134,21.294789],[-158.092264,21.295227],[-158.089089,21.295675],[-158.08831,21.295643],[-158.088074,21.295779],[-158.087798,21.295697],[-158.0875,21.29581],[-158.087304,21.295806],[-158.087107,21.29564],[-158.086216,21.295543],[-158.085047,21.295941],[-158.084802,21.296242],[-158.084526,21.29616],[-158.083732,21.296735],[-158.082749,21.297242],[-158.082108,21.297491],[-158.080158,21.297917],[-158.079756,21.297892],[-158.079179,21.298009],[-158.078832,21.297996],[-158.078528,21.29789],[-158.078108,21.297996],[-158.077409,21.29779],[-158.076936,21.298087],[-158.075738,21.298227],[-158.075396,21.298209],[-158.074768,21.29796],[-158.073828,21.298309],[-158.072272,21.298335],[-158.071396,21.298622],[-158.06989,21.298973],[-158.069294,21.299206],[-158.069146,21.29913],[-158.068898,21.299197],[-158.06837,21.299511],[-158.067927,21.299628],[-158.066212,21.299595],[-158.063703,21.299696],[-158.063031,21.299862],[-158.061511,21.299962],[-158.060795,21.300112],[-158.060172,21.300092],[-158.059208,21.300246],[-158.055432,21.300593],[-158.054548,21.300759],[-158.050907,21.300966],[-158.050366,21.301054],[-158.049399,21.301419],[-158.048365,21.301877],[-158.047978,21.30218],[-158.047287,21.302569],[-158.044985,21.303515],[-158.044361,21.303703],[-158.0441,21.303717],[-158.043782,21.303583],[-158.042996,21.303609],[-158.0428,21.303727],[-158.041992,21.303888],[-158.041252,21.303887],[-158.0377,21.304393],[-158.036847,21.304426],[-158.035732,21.304737],[-158.035576,21.304704],[-158.034409,21.304002],[-158.032981,21.304231],[-158.03258,21.304215],[-158.029985,21.305053],[-158.027435,21.306006],[-158.026792,21.306167],[-158.026305,21.306219],[-158.024922,21.306184],[-158.023736,21.306303],[-158.022508,21.306045],[-158.022192,21.306046],[-158.021233,21.306314],[-158.020144,21.306442],[-158.02,21.30655],[-158.019371,21.306655],[-158.019126,21.306883],[-158.019009,21.306852],[-158.017998,21.307244],[-158.01703,21.307288],[-158.016406,21.307538],[-158.015927,21.307511],[-158.015168,21.307968],[-158.014548,21.308086],[-158.013337,21.30852],[-158.013004,21.308684],[-158.012804,21.308897],[-158.012624,21.308917],[-158.012599,21.308844],[-158.012402,21.30893],[-158.012438,21.309033],[-158.012202,21.30902],[-158.011819,21.309178],[-158.009598,21.309679],[-158.00762,21.309985],[-158.001062,21.311441],[-157.991391,21.313787],[-157.989972,21.313969],[-157.986674,21.314604],[-157.98484,21.315091],[-157.98241,21.315847],[-157.980761,21.315999],[-157.980248,21.315924],[-157.979443,21.315595],[-157.97903,21.315535],[-157.978187,21.315719],[-157.977796,21.315873],[-157.977244,21.316223],[-157.976677,21.31659],[-157.97611,21.317199],[-157.97581,21.318156],[-157.975426,21.318724],[-157.97445,21.319328],[-157.974192,21.319685],[-157.973687,21.32005],[-157.972923,21.320812],[-157.97267,21.320973],[-157.971988,21.321696],[-157.971238,21.322199],[-157.970893,21.322606],[-157.970726,21.323142],[-157.9707,21.324172],[-157.970585,21.324747],[-157.970526,21.325971],[-157.970595,21.3263],[-157.970614,21.327573],[-157.970763,21.327797],[-157.971326,21.327966],[-157.971842,21.328492],[-157.972116,21.328439],[-157.972248,21.328249],[-157.972387,21.328205],[-157.972523,21.32784],[-157.973048,21.32718],[-157.973148,21.326938],[-157.973085,21.326295],[-157.973138,21.325977],[-157.973666,21.325123],[-157.974244,21.324653],[-157.974902,21.32427],[-157.975254,21.32416],[-157.975501,21.323889],[-157.976451,21.323224],[-157.976737,21.323109],[-157.977041,21.323257],[-157.976897,21.323831],[-157.97648,21.324624],[-157.975986,21.325015],[-157.975575,21.325913],[-157.975087,21.326139],[-157.9743,21.326998],[-157.973118,21.327731],[-157.972871,21.327962],[-157.972536,21.328568],[-157.972037,21.329178],[-157.972085,21.329433],[-157.972363,21.329966],[-157.972441,21.331254],[-157.972637,21.331715],[-157.973068,21.331716],[-157.973088,21.334196],[-157.972759,21.334224],[-157.972544,21.334388],[-157.972421,21.334599],[-157.972431,21.33507],[-157.972708,21.335753],[-157.972964,21.335878],[-157.973303,21.336589],[-157.973959,21.336887],[-157.974277,21.337291],[-157.974174,21.338262],[-157.974215,21.338473],[-157.974369,21.338598],[-157.97438,21.338771],[-157.97478,21.339377],[-157.97521,21.339656],[-157.976031,21.339867],[-157.976329,21.340338],[-157.976513,21.340886],[-157.977108,21.341742],[-157.977344,21.342646],[-157.97797,21.343328],[-157.978698,21.343588],[-157.979078,21.343867],[-157.979027,21.344011],[-157.97932,21.344648],[-157.979727,21.344752],[-157.979823,21.345026],[-157.980012,21.345198],[-157.98015,21.345571],[-157.980476,21.345866],[-157.980583,21.346334],[-157.980795,21.346689],[-157.981485,21.347633],[-157.981587,21.347921],[-157.981548,21.348331],[-157.981748,21.34853],[-157.982257,21.348774],[-157.983103,21.348933],[-157.985376,21.348774],[-157.986176,21.348966],[-157.986676,21.348988],[-157.98733,21.34897],[-157.98757,21.348863],[-157.991308,21.348963],[-157.991391,21.348893],[-157.99132,21.348649],[-157.992179,21.348668],[-157.992541,21.349276],[-157.993195,21.349941],[-157.992923,21.350217],[-157.993183,21.351232],[-157.993164,21.352373],[-157.993014,21.352623],[-157.993018,21.352801],[-157.993203,21.353052],[-157.993494,21.353266],[-157.994093,21.353557],[-157.994432,21.35366],[-157.996043,21.353697],[-157.996256,21.353768],[-157.996457,21.354011],[-158.00035,21.352332],[-158.000653,21.352277],[-158.000902,21.352088],[-158.000929,21.351949],[-158.001157,21.351939],[-158.002204,21.352157],[-158.00257,21.352406],[-158.003144,21.352954],[-158.00325,21.353173],[-158.004334,21.353531],[-158.004477,21.35374],[-158.004493,21.354078],[-158.004307,21.354466],[-158.00444,21.354571],[-158.00479,21.354387],[-158.005842,21.354834],[-158.006596,21.354705],[-158.007021,21.355297],[-158.007319,21.355168],[-158.007409,21.355218],[-158.007404,21.355322],[-158.007175,21.355427],[-158.006788,21.355446],[-158.00683,21.3557],[-158.006968,21.355854],[-158.00691,21.356292],[-158.007059,21.356566],[-158.007531,21.356959],[-158.008339,21.357113],[-158.008503,21.357069],[-158.008753,21.356675],[-158.008955,21.356531],[-158.009045,21.356377],[-158.009034,21.356118],[-158.009289,21.355829],[-158.009475,21.35571],[-158.010256,21.35571],[-158.012572,21.356262],[-158.013624,21.357125],[-158.01419,21.357734],[-158.01452,21.357945],[-158.014968,21.357842],[-158.015018,21.357513],[-158.016145,21.356982],[-158.016436,21.356958],[-158.017961,21.357266],[-158.019634,21.357838],[-158.020285,21.357956],[-158.021081,21.358222],[-158.021503,21.358448],[-158.021964,21.358786],[-158.022479,21.359834],[-158.022925,21.361103],[-158.023029,21.36205],[-158.022981,21.362254],[-158.022168,21.362626],[-158.021393,21.362677],[-158.021182,21.362791],[-158.020924,21.363274],[-158.020975,21.363704],[-158.021109,21.363902],[-158.021001,21.364085],[-158.021022,21.364167],[-158.02163,21.364413],[-158.021671,21.364495],[-158.021429,21.364954],[-158.021326,21.36508],[-158.020841,21.365239],[-158.020682,21.365524],[-158.02037,21.365727],[-158.020043,21.36582],[-158.019511,21.365637],[-158.019473,21.365556],[-158.019257,21.365595],[-158.018172,21.365206],[-158.01778,21.365158],[-158.017063,21.365203],[-158.016841,21.365325],[-158.016633,21.365564],[-158.016252,21.365663],[-158.016388,21.366011],[-158.016899,21.366442],[-158.017314,21.366507],[-158.017787,21.36692],[-158.018183,21.366811],[-158.018466,21.366838],[-158.01914,21.367581],[-158.019856,21.368738],[-158.020389,21.370036],[-158.020677,21.371078],[-158.021071,21.371842],[-158.021025,21.372403],[-158.020923,21.372647],[-158.020482,21.373198],[-158.02064,21.373463],[-158.020018,21.373791],[-158.018944,21.373866],[-158.018254,21.373156],[-158.017688,21.372817],[-158.017077,21.372817],[-158.016715,21.373209],[-158.01658,21.373728],[-158.016127,21.374406],[-158.016071,21.375095],[-158.01503,21.375529],[-158.014781,21.376462],[-158.014736,21.377076],[-158.015064,21.37768],[-158.014103,21.377648],[-158.013786,21.377468],[-158.013017,21.376663],[-158.012689,21.375847],[-158.012904,21.375583],[-158.012756,21.37482],[-158.013209,21.374216],[-158.013593,21.374205],[-158.014023,21.37393],[-158.014057,21.373707],[-158.013955,21.373188],[-158.013492,21.373082],[-158.012281,21.373114],[-158.011738,21.37357],[-158.011422,21.373665],[-158.011003,21.373591],[-158.010415,21.372733],[-158.010064,21.372648],[-158.009668,21.373312],[-158.008636,21.371714],[-158.008458,21.371313],[-158.008112,21.370994],[-158.007746,21.370886],[-158.007547,21.370958],[-158.007349,21.371156],[-158.00722,21.371589],[-158.006707,21.371769],[-158.005732,21.37189],[-158.005835,21.371487],[-158.005629,21.370838],[-158.004641,21.370015],[-158.004442,21.369991],[-158.004211,21.370111],[-158.004134,21.370279],[-158.003884,21.370309],[-158.003198,21.370105],[-158.0033,21.369462],[-158.003172,21.369089],[-158.003345,21.368831],[-158.003525,21.368795],[-158.003493,21.36832],[-158.003756,21.367954],[-158.004513,21.367569],[-158.004692,21.367172],[-158.004641,21.36695],[-158.004385,21.36659],[-158.004263,21.366145],[-158.004256,21.365628],[-158.004455,21.364985],[-158.004402,21.364759],[-158.004141,21.364521],[-158.003342,21.364101],[-158.002386,21.363877],[-158.001856,21.36357],[-158.001177,21.362919],[-158.000953,21.362283],[-158.000841,21.36215],[-158.00055,21.362059],[-158.000214,21.360703],[-158.000408,21.359885],[-158.000669,21.35971],[-158.001028,21.358927],[-158.001252,21.358759],[-158.001222,21.358654],[-158.000961,21.358626],[-158.001035,21.35815],[-158.000431,21.357696],[-158.000326,21.357542],[-158.000304,21.357283],[-158.000087,21.356955],[-157.999238,21.356476],[-157.997971,21.356688],[-157.997837,21.356883],[-157.997162,21.357247],[-157.996816,21.357528],[-157.996686,21.357762],[-157.996728,21.357987],[-157.996372,21.358528],[-157.996141,21.35871],[-157.995771,21.358745],[-157.995646,21.359117],[-157.995485,21.359294],[-157.995129,21.359446],[-157.994796,21.359494],[-157.994454,21.359307],[-157.99408,21.359489],[-157.993377,21.359312],[-157.993151,21.359333],[-157.992618,21.359541],[-157.992228,21.359531],[-157.991555,21.359691],[-157.991323,21.359814],[-157.9914,21.360184],[-157.991284,21.360336],[-157.990781,21.360401],[-157.990332,21.360271],[-157.989799,21.360626],[-157.989234,21.361169],[-157.989079,21.361198],[-157.988862,21.361082],[-157.988661,21.361126],[-157.988135,21.361973],[-157.987802,21.36201],[-157.987733,21.361488],[-157.987926,21.361379],[-157.987841,21.361162],[-157.988244,21.36077],[-157.988267,21.360589],[-157.988189,21.360227],[-157.988035,21.359951],[-157.988019,21.359517],[-157.987826,21.359002],[-157.987965,21.358575],[-157.988151,21.358343],[-157.988313,21.357814],[-157.988708,21.357741],[-157.988925,21.357806],[-157.989118,21.358096],[-157.989273,21.358154],[-157.989451,21.358118],[-157.989574,21.357828],[-157.989667,21.357792],[-157.990797,21.357553],[-157.99099,21.357625],[-157.991423,21.357582],[-157.991702,21.357365],[-157.992344,21.357285],[-157.993149,21.35693],[-157.993149,21.35677],[-157.992947,21.356589],[-157.991392,21.355828],[-157.990998,21.355517],[-157.99089,21.355314],[-157.990325,21.355002],[-157.990186,21.354857],[-157.989613,21.353886],[-157.989637,21.353632],[-157.98949,21.352842],[-157.989188,21.351835],[-157.988995,21.351574],[-157.988523,21.351349],[-157.986976,21.35127],[-157.985637,21.350878],[-157.985189,21.350885],[-157.98491,21.350965],[-157.982736,21.352008],[-157.9817,21.351907],[-157.980756,21.351486],[-157.980354,21.351117],[-157.980168,21.350791],[-157.979998,21.350269],[-157.98012,21.349888],[-157.979993,21.349702],[-157.979373,21.348868],[-157.979009,21.348505],[-157.978796,21.348394],[-157.978531,21.347818],[-157.978223,21.34753],[-157.977954,21.347592],[-157.977518,21.347086],[-157.977353,21.346754],[-157.977367,21.346373],[-157.976956,21.346062],[-157.976795,21.346257],[-157.976454,21.346173],[-157.976042,21.345787],[-157.975995,21.345264],[-157.975598,21.344688],[-157.975011,21.344227],[-157.974746,21.34328],[-157.973423,21.341911],[-157.97146,21.341626],[-157.971297,21.341737],[-157.97123,21.343283],[-157.971129,21.34337],[-157.971164,21.344734],[-157.971221,21.344854],[-157.971393,21.344928],[-157.972037,21.345028],[-157.972112,21.345284],[-157.972015,21.345408],[-157.971525,21.345544],[-157.971384,21.34566],[-157.971737,21.346077],[-157.971686,21.346463],[-157.971449,21.346617],[-157.971409,21.346775],[-157.971827,21.347411],[-157.972172,21.347633],[-157.972641,21.348422],[-157.97272,21.34891],[-157.97263,21.349222],[-157.97276,21.349471],[-157.972556,21.349921],[-157.971838,21.350884],[-157.971731,21.351313],[-157.970762,21.352714],[-157.971252,21.354591],[-157.971507,21.355213],[-157.971712,21.355424],[-157.972243,21.35573],[-157.97304,21.355912],[-157.973674,21.356458],[-157.973878,21.356899],[-157.973878,21.357617],[-157.97397,21.358325],[-157.974123,21.358823],[-157.974328,21.358986],[-157.975053,21.359101],[-157.975084,21.359312],[-157.974879,21.359676],[-157.975145,21.359743],[-157.975452,21.360059],[-157.975769,21.36094],[-157.975653,21.361271],[-157.975157,21.361799],[-157.974974,21.362314],[-157.975139,21.363716],[-157.97492,21.364504],[-157.974924,21.364726],[-157.974719,21.364851],[-157.974531,21.364834],[-157.974294,21.36568],[-157.974321,21.365797],[-157.974562,21.365944],[-157.975094,21.365689],[-157.977561,21.366179],[-157.977691,21.366296],[-157.977888,21.36679],[-157.978099,21.36679],[-157.979128,21.366326],[-157.979388,21.366035],[-157.979773,21.365792],[-157.981359,21.365525],[-157.981979,21.36556],[-157.982351,21.365745],[-157.982686,21.366106],[-157.983219,21.366442],[-157.983801,21.367487],[-157.98457,21.367813],[-157.986033,21.369218],[-157.986349,21.369881],[-157.9874,21.371175],[-157.987609,21.371579],[-157.987695,21.372237],[-157.988065,21.372848],[-157.988188,21.373414],[-157.988176,21.373945],[-157.988015,21.374326],[-157.988015,21.374533],[-157.988607,21.374684],[-157.9891,21.375053],[-157.989285,21.375572],[-157.989543,21.375999],[-157.99011,21.376311],[-157.990307,21.376657],[-157.991047,21.377454],[-157.991281,21.378319],[-157.991372,21.379556],[-157.991315,21.380701],[-157.991409,21.381631],[-157.991704,21.38314],[-157.992094,21.384023],[-157.991945,21.384087],[-157.991939,21.384163],[-157.992149,21.384509],[-157.992166,21.384921],[-157.992258,21.385168],[-157.992202,21.385375],[-157.992272,21.385588],[-157.992239,21.386036],[-157.992393,21.386138],[-157.992398,21.386215],[-157.992208,21.386737],[-157.991622,21.387303],[-157.991241,21.387566],[-157.990252,21.387961],[-157.988483,21.38825],[-157.987809,21.388177],[-157.987408,21.387916],[-157.986149,21.387907],[-157.985472,21.387666],[-157.985183,21.387657],[-157.985352,21.387151],[-157.985344,21.386518],[-157.985117,21.385616],[-157.984845,21.385137],[-157.984527,21.384918],[-157.984254,21.384115],[-157.984036,21.383978],[-157.983565,21.383923],[-157.983316,21.383401],[-157.983221,21.382928],[-157.98296,21.382262],[-157.9821,21.381774],[-157.981868,21.381147],[-157.981191,21.380652],[-157.980842,21.380136],[-157.980811,21.379795],[-157.980623,21.379652],[-157.979735,21.379559],[-157.979704,21.379374],[-157.979317,21.379468],[-157.979054,21.379637],[-157.978688,21.379539],[-157.978476,21.379352],[-157.978421,21.378697],[-157.978155,21.378483],[-157.977279,21.378215],[-157.976179,21.37815],[-157.976102,21.378073],[-157.976066,21.377666],[-157.975709,21.376484],[-157.975738,21.376285],[-157.975978,21.376103],[-157.976094,21.375619],[-157.97652,21.375523],[-157.976452,21.375349],[-157.976317,21.375349],[-157.976228,21.374981],[-157.976098,21.374902],[-157.976076,21.374791],[-157.975412,21.374528],[-157.975143,21.373869],[-157.975008,21.372911],[-157.974626,21.37269],[-157.973721,21.371963],[-157.973811,21.371521],[-157.972591,21.37072],[-157.971473,21.370299],[-157.97136,21.369957],[-157.970967,21.369846],[-157.970062,21.369409],[-157.969916,21.369619],[-157.969651,21.36973],[-157.969162,21.369724],[-157.968679,21.369598],[-157.96846,21.369903],[-157.968538,21.370035],[-157.968077,21.370798],[-157.968296,21.370962],[-157.9677,21.371873],[-157.967543,21.371873],[-157.96738,21.372099],[-157.967211,21.372057],[-157.966801,21.37272],[-157.966688,21.372715],[-157.96648,21.373099],[-157.966829,21.373305],[-157.966896,21.375],[-157.966629,21.37504],[-157.966631,21.375834],[-157.966316,21.376948],[-157.966261,21.377778],[-157.966279,21.379981],[-157.966461,21.380109],[-157.966755,21.380134],[-157.966803,21.380352],[-157.967572,21.380674],[-157.967537,21.381062],[-157.967643,21.38145],[-157.967844,21.381794],[-157.968163,21.382303],[-157.968388,21.38247],[-157.96853,21.382691],[-157.968554,21.382946],[-157.969015,21.383146],[-157.969098,21.383268],[-157.969264,21.383955],[-157.9695,21.38452],[-157.969464,21.385529],[-157.969011,21.386204],[-157.968435,21.386552],[-157.967876,21.386488],[-157.967287,21.386254],[-157.967028,21.386029],[-157.966806,21.385961],[-157.966497,21.385986],[-157.966416,21.386084],[-157.966438,21.386305],[-157.966348,21.386411],[-157.966298,21.38636],[-157.966134,21.386428],[-157.965558,21.386849],[-157.964773,21.386972],[-157.964265,21.387146],[-157.963698,21.387171],[-157.963285,21.387566],[-157.962894,21.387779],[-157.962282,21.387418],[-157.962085,21.38752],[-157.961442,21.387382],[-157.961392,21.387414],[-157.961459,21.387738],[-157.96141,21.388],[-157.961022,21.387884],[-157.961016,21.387675],[-157.960811,21.387388],[-157.960611,21.38768],[-157.960399,21.387565],[-157.958982,21.387163],[-157.95847,21.386805],[-157.957518,21.385687],[-157.957248,21.385461],[-157.956036,21.384762],[-157.95459,21.384191],[-157.953266,21.383206],[-157.952788,21.382649],[-157.952671,21.382694],[-157.952656,21.382821],[-157.953078,21.383353],[-157.953405,21.384416],[-157.953082,21.384462],[-157.9529,21.383719],[-157.952414,21.38306],[-157.95202,21.3829],[-157.951644,21.3829],[-157.951607,21.382981],[-157.951468,21.382929],[-157.950647,21.382298],[-157.949701,21.382308],[-157.94938,21.382424],[-157.949184,21.382615],[-157.948964,21.382707],[-157.948019,21.38254],[-157.947962,21.382404],[-157.947496,21.381994],[-157.947469,21.381608],[-157.947401,21.381547],[-157.947217,21.381552],[-157.946979,21.381702],[-157.946775,21.381694],[-157.946356,21.381519],[-157.945754,21.380924],[-157.945273,21.380637],[-157.945078,21.380337],[-157.944745,21.380218],[-157.944431,21.379909],[-157.944217,21.379898],[-157.943832,21.379433],[-157.94374,21.379586],[-157.943627,21.379542],[-157.943639,21.379286],[-157.943212,21.379311],[-157.943137,21.379225],[-157.942962,21.379249],[-157.942684,21.37896],[-157.942526,21.378749],[-157.942324,21.37819],[-157.942362,21.377944],[-157.942707,21.377378],[-157.942797,21.376645],[-157.942733,21.376376],[-157.942281,21.375988],[-157.941206,21.37546],[-157.940714,21.375036],[-157.940358,21.375559],[-157.940229,21.375938],[-157.939533,21.376508],[-157.939141,21.376678],[-157.938325,21.37664],[-157.937924,21.376829],[-157.937702,21.37712],[-157.937277,21.377444],[-157.936867,21.377531],[-157.936366,21.377406],[-157.936131,21.377112],[-157.935742,21.37688],[-157.935547,21.376598],[-157.935571,21.376428],[-157.935474,21.376146],[-157.935257,21.376163],[-157.935068,21.375996],[-157.93523,21.375753],[-157.934775,21.375604],[-157.934254,21.375598],[-157.933965,21.375674],[-157.93385,21.375267],[-157.933905,21.374945],[-157.934158,21.374641],[-157.934049,21.374466],[-157.934113,21.374316],[-157.934288,21.374144],[-157.934595,21.374344],[-157.934637,21.374243],[-157.934526,21.374172],[-157.934671,21.373859],[-157.934782,21.37378],[-157.935243,21.373805],[-157.936063,21.373707],[-157.936082,21.373069],[-157.935887,21.372546],[-157.935667,21.372211],[-157.935718,21.371939],[-157.936025,21.371451],[-157.936296,21.371408],[-157.936459,21.37103],[-157.936776,21.370652],[-157.936996,21.370025],[-157.937129,21.369901],[-157.937497,21.369872],[-157.937677,21.369739],[-157.939221,21.369481],[-157.951195,21.368741],[-157.951533,21.368842],[-157.952429,21.368707],[-157.953562,21.368691],[-157.953951,21.368825],[-157.954501,21.369161],[-157.956229,21.370956],[-157.956446,21.370954],[-157.957142,21.371289],[-157.957413,21.371298],[-157.957885,21.371062],[-157.958196,21.371026],[-157.958945,21.371242],[-157.958391,21.371663],[-157.958522,21.371799],[-157.961613,21.369448],[-157.961488,21.369317],[-157.960918,21.369757],[-157.960689,21.369501],[-157.960782,21.369131],[-157.961601,21.368942],[-157.962139,21.368689],[-157.962269,21.368259],[-157.962659,21.367986],[-157.963094,21.367481],[-157.96377,21.36699],[-157.964085,21.367351],[-157.963806,21.367606],[-157.963889,21.367699],[-157.964523,21.367209],[-157.964411,21.367094],[-157.964184,21.367289],[-157.963863,21.366912],[-157.96473,21.366233],[-157.965693,21.365789],[-157.965969,21.365759],[-157.966064,21.365863],[-157.965773,21.366086],[-157.965886,21.366211],[-157.966503,21.36571],[-157.966402,21.365606],[-157.966157,21.365785],[-157.966062,21.36567],[-157.966526,21.365198],[-157.966627,21.364773],[-157.966858,21.364942],[-157.967085,21.364747],[-157.967025,21.364682],[-157.966857,21.364826],[-157.966708,21.364668],[-157.967092,21.364367],[-157.967288,21.363975],[-157.968166,21.362734],[-157.968977,21.361245],[-157.968906,21.360679],[-157.968964,21.360062],[-157.968676,21.359454],[-157.968726,21.359211],[-157.96739,21.358398],[-157.967016,21.358011],[-157.966425,21.357658],[-157.966187,21.357325],[-157.966119,21.357083],[-157.966342,21.355419],[-157.965862,21.355027],[-157.96554,21.35508],[-157.965033,21.355431],[-157.964655,21.355198],[-157.964525,21.355188],[-157.961374,21.356362],[-157.961103,21.356227],[-157.96033,21.3575],[-157.95967,21.357209],[-157.959554,21.357391],[-157.959441,21.358251],[-157.959148,21.35936],[-157.95856,21.360907],[-157.957925,21.361854],[-157.957245,21.361948],[-157.956631,21.361634],[-157.956243,21.361566],[-157.956168,21.361716],[-157.95536,21.361899],[-157.95532,21.36147],[-157.955566,21.361418],[-157.955548,21.361363],[-157.954944,21.361435],[-157.954939,21.361507],[-157.955197,21.361515],[-157.955249,21.361983],[-157.954738,21.362247],[-157.954684,21.362359],[-157.954177,21.362729],[-157.953912,21.362456],[-157.954238,21.362222],[-157.9541,21.362071],[-157.954715,21.361689],[-157.954519,21.361463],[-157.952221,21.3632],[-157.952421,21.36342],[-157.95289,21.362988],[-157.953016,21.36311],[-157.953535,21.362743],[-157.953746,21.362938],[-157.953685,21.363017],[-157.952801,21.36324],[-157.95206,21.364012],[-157.951719,21.364203],[-157.95125,21.36482],[-157.951143,21.365524],[-157.950861,21.365743],[-157.950662,21.366289],[-157.950816,21.367142],[-157.950708,21.367636],[-157.950082,21.367154],[-157.950024,21.367237],[-157.950648,21.367711],[-157.950515,21.368141],[-157.95054,21.368278],[-157.950784,21.368573],[-157.951102,21.36868],[-157.939169,21.369383],[-157.93777,21.369606],[-157.937829,21.369523],[-157.938406,21.36928],[-157.938733,21.369308],[-157.938907,21.369174],[-157.938983,21.369079],[-157.939019,21.368605],[-157.939147,21.368471],[-157.939418,21.367562],[-157.939495,21.367476],[-157.93972,21.367505],[-157.939801,21.36745],[-157.94018,21.366609],[-157.939624,21.366392],[-157.939651,21.366299],[-157.93948,21.366226],[-157.939128,21.366102],[-157.939092,21.366215],[-157.938305,21.365939],[-157.938263,21.36586],[-157.938401,21.365243],[-157.940531,21.36599],[-157.940708,21.36555],[-157.944334,21.364084],[-157.944227,21.363809],[-157.940685,21.365214],[-157.941174,21.363937],[-157.941299,21.363726],[-157.941731,21.363351],[-157.942319,21.363316],[-157.942513,21.363463],[-157.945417,21.362274],[-157.945392,21.361242],[-157.947426,21.360452],[-157.947188,21.359871],[-157.945411,21.360597],[-157.94544,21.35976],[-157.948284,21.35872],[-157.948847,21.357625],[-157.94664,21.355055],[-157.945355,21.355893],[-157.943724,21.357488],[-157.942771,21.358623],[-157.942569,21.358474],[-157.941659,21.359488],[-157.940764,21.358717],[-157.943537,21.355663],[-157.943578,21.355613],[-157.943487,21.355552],[-157.944064,21.354919],[-157.94425,21.354846],[-157.945135,21.353856],[-157.944903,21.353669],[-157.944045,21.354641],[-157.943993,21.354863],[-157.943467,21.355441],[-157.943587,21.354684],[-157.943191,21.353773],[-157.942946,21.353489],[-157.940279,21.353073],[-157.940259,21.352903],[-157.940049,21.352903],[-157.940005,21.352592],[-157.943682,21.352387],[-157.943847,21.352221],[-157.942711,21.350246],[-157.943075,21.349956],[-157.945559,21.351467],[-157.948859,21.353247],[-157.950194,21.35423],[-157.950448,21.35453],[-157.952038,21.352134],[-157.952359,21.352296],[-157.952469,21.35241],[-157.952502,21.352648],[-157.950889,21.355181],[-157.951386,21.355471],[-157.953076,21.352803],[-157.953319,21.352876],[-157.953551,21.353114],[-157.953495,21.353248],[-157.951706,21.355978],[-157.952214,21.356257],[-157.953186,21.354665],[-157.953738,21.354996],[-157.952733,21.356568],[-157.952854,21.356671],[-157.953561,21.356568],[-157.954356,21.355327],[-157.954853,21.355648],[-157.954079,21.356847],[-157.954499,21.357054],[-157.957674,21.352297],[-157.95833,21.352668],[-157.95805,21.353203],[-157.95818,21.353271],[-157.95892,21.352158],[-157.959711,21.352603],[-157.960175,21.351934],[-157.960777,21.352292],[-157.961347,21.35234],[-157.961723,21.35183],[-157.961866,21.351818],[-157.962054,21.351982],[-157.962021,21.352116],[-157.962625,21.352493],[-157.963948,21.352292],[-157.96448,21.351995],[-157.964831,21.351545],[-157.965363,21.351174],[-157.965973,21.350773],[-157.967011,21.350263],[-157.967089,21.350093],[-157.967938,21.349616],[-157.968233,21.348852],[-157.968317,21.348095],[-157.968258,21.34759],[-157.968023,21.347109],[-157.967745,21.346668],[-157.966803,21.345872],[-157.966408,21.345257],[-157.966613,21.344994],[-157.965096,21.342909],[-157.965003,21.34137],[-157.965252,21.340971],[-157.968159,21.338344],[-157.968391,21.337975],[-157.968507,21.336651],[-157.968739,21.336347],[-157.968806,21.333923],[-157.968859,21.33393],[-157.968866,21.33152],[-157.96873,21.331167],[-157.967986,21.330662],[-157.967635,21.331306],[-157.967517,21.331273],[-157.967851,21.330618],[-157.967019,21.330239],[-157.967522,21.329809],[-157.96741,21.329704],[-157.966795,21.330151],[-157.966431,21.330008],[-157.967034,21.329518],[-157.966928,21.329419],[-157.966278,21.32991],[-157.96536,21.329101],[-157.966151,21.328808],[-157.96648,21.328841],[-157.966002,21.327828],[-157.964942,21.328871],[-157.964271,21.328161],[-157.964198,21.327604],[-157.964555,21.327026],[-157.964322,21.326317],[-157.964177,21.326134],[-157.964176,21.32587],[-157.965767,21.325367],[-157.965726,21.325208],[-157.965407,21.325143],[-157.964936,21.325244],[-157.964694,21.32538],[-157.964348,21.325435],[-157.964176,21.325628],[-157.96404,21.325606],[-157.962998,21.324462],[-157.96295,21.324033],[-157.962748,21.323427],[-157.962094,21.322266],[-157.961782,21.32018],[-157.961559,21.320109],[-157.960635,21.31913],[-157.960208,21.318841],[-157.960163,21.318657],[-157.96027,21.318438],[-157.960116,21.3184],[-157.960096,21.318117],[-157.959868,21.317678],[-157.959587,21.31737],[-157.95962,21.317112],[-157.959506,21.317056],[-157.959412,21.317093],[-157.959292,21.317301],[-157.959091,21.317206],[-157.959091,21.317062],[-157.958762,21.316917],[-157.95828,21.316892],[-157.958072,21.316792],[-157.956594,21.316546],[-157.955064,21.316413],[-157.954512,21.316412],[-157.954405,21.316909],[-157.954086,21.316919],[-157.954233,21.316273],[-157.954476,21.316068],[-157.95439,21.315953],[-157.953559,21.315964],[-157.953522,21.316114],[-157.953799,21.316426],[-157.953695,21.316937],[-157.953601,21.31694],[-157.95359,21.316838],[-157.953421,21.316792],[-157.953315,21.316921],[-157.95054,21.316822],[-157.950401,21.316716],[-157.950165,21.316825],[-157.948988,21.316813],[-157.94851,21.316743],[-157.94792,21.316378],[-157.948024,21.315832],[-157.948024,21.315735],[-157.947928,21.315693],[-157.947846,21.315725],[-157.947679,21.316371],[-157.947409,21.316506],[-157.947215,21.316438],[-157.946298,21.310229],[-157.949112,21.310144],[-157.949201,21.309352],[-157.949415,21.309352],[-157.949429,21.30774],[-157.949642,21.307465],[-157.950236,21.307153],[-157.950183,21.306101],[-157.949544,21.305698],[-157.949434,21.305433],[-157.949295,21.303781],[-157.947253,21.303648],[-157.930934,21.303818],[-157.929004,21.30406],[-157.924848,21.303971],[-157.91131,21.303955],[-157.911107,21.304003],[-157.907694,21.303952],[-157.907198,21.304011],[-157.906752,21.304302],[-157.90646,21.304671],[-157.906328,21.305047],[-157.906321,21.308367],[-157.906513,21.309018],[-157.906897,21.309612],[-157.908321,21.310458],[-157.908469,21.310483],[-157.91029,21.310428],[-157.910716,21.310492],[-157.918308,21.31056],[-157.919332,21.310957],[-157.919775,21.311704],[-157.919723,21.311824],[-157.919843,21.312088],[-157.919795,21.31276],[-157.919612,21.313021],[-157.919085,21.313481],[-157.918328,21.313922],[-157.917483,21.314623],[-157.91733,21.314643],[-157.917015,21.314923],[-157.916862,21.314933],[-157.916547,21.315122],[-157.916055,21.315555],[-157.915712,21.315716],[-157.914009,21.316905],[-157.913666,21.317228],[-157.913365,21.317364],[-157.911721,21.31852],[-157.909753,21.319734],[-157.909429,21.320084],[-157.908693,21.320581],[-157.908036,21.321212],[-157.907535,21.32141],[-157.906623,21.322115],[-157.905968,21.322388],[-157.90582,21.322619],[-157.905441,21.322807],[-157.898874,21.327489],[-157.898862,21.327735],[-157.898614,21.327887],[-157.898655,21.328124],[-157.89889,21.328443],[-157.898901,21.328674],[-157.899283,21.32901],[-157.899406,21.329236],[-157.899342,21.329545],[-157.899071,21.329781],[-157.898779,21.329822],[-157.898495,21.329338],[-157.898247,21.329137],[-157.897708,21.329054],[-157.89759,21.329092],[-157.897237,21.329467],[-157.897032,21.329827],[-157.896221,21.330521],[-157.895479,21.330655],[-157.894409,21.330606],[-157.893902,21.330846],[-157.893539,21.331177],[-157.893446,21.331381],[-157.893646,21.332452],[-157.894109,21.33338],[-157.893258,21.333191],[-157.892827,21.332126],[-157.892908,21.331851],[-157.892898,21.331362],[-157.892857,21.331134],[-157.892629,21.330799],[-157.892106,21.330758],[-157.891678,21.330631],[-157.891273,21.330768],[-157.889889,21.332303],[-157.889369,21.332007],[-157.891038,21.330304],[-157.891596,21.329172],[-157.891544,21.329081],[-157.892165,21.328683],[-157.892647,21.328171],[-157.892576,21.327813],[-157.892676,21.327785],[-157.893018,21.327942],[-157.893081,21.327908],[-157.893358,21.327362],[-157.893392,21.326859],[-157.893377,21.326792],[-157.893018,21.326722],[-157.893153,21.326509],[-157.893528,21.326323],[-157.893634,21.326364],[-157.893913,21.326308],[-157.894228,21.326036],[-157.894452,21.325963],[-157.894937,21.325523],[-157.89499,21.325323],[-157.894874,21.324918],[-157.894588,21.324541],[-157.893856,21.323225],[-157.893767,21.323247],[-157.893548,21.322832],[-157.893555,21.322494],[-157.893426,21.322012],[-157.892484,21.320287],[-157.891933,21.320439],[-157.892015,21.320626],[-157.891886,21.320654],[-157.891798,21.320489],[-157.891451,21.320467],[-157.891298,21.320538],[-157.891257,21.320456],[-157.89131,21.320406],[-157.891227,21.320235],[-157.891357,21.320065],[-157.891468,21.320142],[-157.891627,21.319971],[-157.891562,21.319899],[-157.891792,21.319657],[-157.89188,21.319784],[-157.892315,21.319569],[-157.891415,21.317785],[-157.891503,21.317719],[-157.891079,21.316849],[-157.891314,21.316717],[-157.890991,21.316171],[-157.891097,21.316122],[-157.890817,21.315598],[-157.891074,21.315475],[-157.891032,21.315336],[-157.891237,21.315233],[-157.891181,21.315122],[-157.891249,21.315081],[-157.891124,21.314867],[-157.891044,21.314894],[-157.890831,21.314481],[-157.889815,21.314812],[-157.889586,21.314762],[-157.889392,21.314872],[-157.889133,21.314867],[-157.888992,21.314944],[-157.888468,21.314911],[-157.887788,21.313602],[-157.887801,21.31352],[-157.888367,21.313186],[-157.889486,21.312638],[-157.889564,21.312287],[-157.889281,21.311444],[-157.888696,21.31046],[-157.888428,21.309743],[-157.887883,21.308906],[-157.887675,21.308343],[-157.887327,21.307831],[-157.885817,21.304765],[-157.884665,21.302947],[-157.884535,21.302443],[-157.884165,21.301615],[-157.884422,21.301044],[-157.884727,21.300714],[-157.885364,21.300562],[-157.885597,21.300799],[-157.885799,21.300851],[-157.885928,21.300726],[-157.885922,21.30057],[-157.886283,21.300455],[-157.886027,21.300303],[-157.884938,21.30029],[-157.884588,21.300051],[-157.883994,21.299788],[-157.883659,21.300003],[-157.882903,21.300041],[-157.882312,21.300557],[-157.881571,21.300757],[-157.881047,21.300816],[-157.880932,21.300867],[-157.88086,21.301025],[-157.880483,21.3012],[-157.879678,21.301198],[-157.879142,21.301111],[-157.877738,21.301135],[-157.875874,21.300928],[-157.873676,21.299906],[-157.872618,21.299539],[-157.872282,21.299301],[-157.871988,21.299239],[-157.871643,21.299018],[-157.870914,21.298726],[-157.870113,21.299548],[-157.869447,21.30082],[-157.869283,21.301444],[-157.869334,21.301935],[-157.870347,21.303608],[-157.870213,21.303698],[-157.870324,21.303899],[-157.870481,21.303841],[-157.870748,21.304339],[-157.870146,21.304815],[-157.870466,21.305297],[-157.870368,21.305606],[-157.873828,21.307829],[-157.873168,21.308736],[-157.880123,21.313204],[-157.885946,21.314163],[-157.88748,21.313947],[-157.888061,21.315058],[-157.886243,21.315717],[-157.88606,21.317263],[-157.885385,21.317192],[-157.885578,21.316167],[-157.884685,21.316281],[-157.883316,21.316785],[-157.883234,21.317187],[-157.883057,21.317176],[-157.883075,21.317033],[-157.882875,21.317055],[-157.882861,21.317242],[-157.882965,21.317251],[-157.882806,21.318776],[-157.882716,21.318765],[-157.882703,21.318855],[-157.882797,21.318864],[-157.882762,21.3192],[-157.882677,21.319185],[-157.882669,21.319257],[-157.882755,21.319267],[-157.882676,21.319981],[-157.881957,21.319922],[-157.882214,21.317185],[-157.881475,21.317174],[-157.881193,21.31982],[-157.880532,21.319742],[-157.880813,21.316999],[-157.88053,21.316857],[-157.879118,21.319309],[-157.877676,21.320151],[-157.877338,21.319915],[-157.878484,21.318932],[-157.878879,21.31823],[-157.878697,21.318137],[-157.87954,21.316683],[-157.878654,21.316237],[-157.877818,21.317696],[-157.877734,21.317654],[-157.877888,21.317386],[-157.87726,21.317073],[-157.877866,21.316018],[-157.877694,21.315932],[-157.876936,21.317253],[-157.876286,21.316926],[-157.877263,21.315221],[-157.877078,21.31513],[-157.877239,21.314897],[-157.877168,21.314859],[-157.877244,21.314743],[-157.877333,21.31482],[-157.877538,21.314479],[-157.877426,21.314424],[-157.877521,21.314258],[-157.877644,21.314286],[-157.877626,21.313956],[-157.877777,21.313723],[-157.869705,21.308527],[-157.869586,21.30908],[-157.871764,21.310472],[-157.871521,21.310885],[-157.871379,21.310863],[-157.869724,21.309808],[-157.869626,21.309836],[-157.870131,21.310728],[-157.870633,21.312273],[-157.869863,21.312531],[-157.868994,21.309956],[-157.867579,21.310364],[-157.867144,21.313104],[-157.867005,21.313087],[-157.866857,21.314021],[-157.866276,21.31394],[-157.865896,21.313723],[-157.865634,21.313438],[-157.865446,21.312906],[-157.865359,21.312869],[-157.865628,21.31089],[-157.865022,21.311075],[-157.864853,21.310715],[-157.865625,21.310454],[-157.865623,21.310048],[-157.864678,21.310364],[-157.864468,21.309774],[-157.865436,21.309421],[-157.86533,21.309142],[-157.864527,21.309404],[-157.86453,21.309261],[-157.86441,21.309358],[-157.864441,21.309083],[-157.866549,21.307311],[-157.866326,21.305581],[-157.864718,21.306378],[-157.864467,21.305948],[-157.865806,21.30518],[-157.865653,21.304855],[-157.864472,21.30556],[-157.864374,21.305037],[-157.864807,21.304744],[-157.864789,21.304628],[-157.864981,21.304468],[-157.865071,21.304283],[-157.865077,21.304109],[-157.864849,21.303808],[-157.863632,21.303897],[-157.863591,21.303495],[-157.864425,21.30339],[-157.864407,21.303258],[-157.864213,21.303269],[-157.864143,21.303181],[-157.867697,21.29905],[-157.869192,21.296252],[-157.869068,21.296194],[-157.869271,21.295669],[-157.869712,21.295553],[-157.869665,21.29541],[-157.869024,21.295581],[-157.868026,21.295571],[-157.863883,21.292315],[-157.862499,21.291344],[-157.86122,21.290266],[-157.86025,21.291667],[-157.860103,21.29158],[-157.859876,21.291888],[-157.860163,21.292013],[-157.859926,21.292369],[-157.859707,21.292283],[-157.859235,21.293159],[-157.85951,21.293276],[-157.859471,21.293393],[-157.858928,21.293248],[-157.858791,21.293141],[-157.857407,21.294431],[-157.855019,21.293145],[-157.856179,21.291241],[-157.858196,21.292331],[-157.85942,21.290842],[-157.859444,21.290725],[-157.859251,21.290923],[-157.856204,21.290831],[-157.855478,21.291093],[-157.855068,21.291146],[-157.854688,21.291006],[-157.854082,21.290573],[-157.853494,21.290351],[-157.853058,21.290047],[-157.852617,21.28988],[-157.852204,21.289851],[-157.851657,21.289638],[-157.850641,21.289431],[-157.850194,21.289209],[-157.848993,21.288846],[-157.84752,21.288518],[-157.84726,21.288369],[-157.846802,21.287999],[-157.846396,21.287449],[-157.846294,21.287081],[-157.846336,21.286884],[-157.846492,21.286569],[-157.847256,21.285954],[-157.847758,21.285328],[-157.848276,21.284529],[-157.848328,21.284107],[-157.848059,21.283326],[-157.847917,21.283074],[-157.847769,21.28297],[-157.847576,21.282953],[-157.847851,21.283174],[-157.847925,21.283408],[-157.847826,21.283583],[-157.847667,21.283637],[-157.84737,21.283648],[-157.846994,21.283523],[-157.846449,21.283106],[-157.846237,21.28272],[-157.846193,21.282296],[-157.846359,21.282039],[-157.846841,21.282045]],[[-157.756794,21.406017],[-157.757047,21.406037],[-157.756651,21.406343],[-157.75673,21.405993],[-157.756794,21.406017]],[[-157.937905,21.647798],[-157.936855,21.648245],[-157.934752,21.649779],[-157.934291,21.649005],[-157.937877,21.647672],[-157.937905,21.647798]],[[-158.163627,21.436718],[-158.164414,21.437181],[-158.164687,21.437187],[-158.1653,21.437039],[-158.165548,21.437182],[-158.164075,21.438374],[-158.163798,21.438489],[-158.162631,21.438454],[-158.161688,21.438715],[-158.160948,21.438827],[-158.160995,21.438616],[-158.16129,21.43819],[-158.161271,21.438022],[-158.161151,21.437896],[-158.163114,21.436875],[-158.163501,21.436707],[-158.163627,21.436718]],[[-157.890308,21.570276],[-157.89022,21.570538],[-157.890335,21.57081],[-157.890107,21.571262],[-157.890001,21.571041],[-157.889864,21.57094],[-157.889632,21.570898],[-157.889351,21.570967],[-157.889216,21.57114],[-157.889254,21.571502],[-157.888214,21.572912],[-157.887925,21.573231],[-157.887507,21.57345],[-157.886921,21.574151],[-157.886364,21.57451],[-157.88627,21.574816],[-157.884982,21.574215],[-157.885569,21.573931],[-157.887264,21.572736],[-157.88768,21.572215],[-157.887973,21.57161],[-157.888474,21.571213],[-157.888563,21.571042],[-157.888587,21.570655],[-157.889329,21.570676],[-157.889769,21.570313],[-157.890308,21.570276]],[[-157.82164,21.277449],[-157.822021,21.277172],[-157.823112,21.278266],[-157.824171,21.277311],[-157.824896,21.278363],[-157.830732,21.283441],[-157.832358,21.281772],[-157.833495,21.283175],[-157.834503,21.282794],[-157.835509,21.283954],[-157.83471,21.284675],[-157.835128,21.285191],[-157.833581,21.286564],[-157.833018,21.287904],[-157.819232,21.275918],[-157.819607,21.27566],[-157.82164,21.277449]],[[-157.884171,21.306038],[-157.885911,21.309114],[-157.885181,21.309455],[-157.88587,21.310215],[-157.886841,21.311924],[-157.881938,21.311731],[-157.879224,21.311046],[-157.876268,21.309449],[-157.876878,21.306488],[-157.876669,21.305421],[-157.876799,21.304704],[-157.87846,21.304515],[-157.884171,21.306038]],[[-157.945255,21.310242],[-157.945216,21.31032],[-157.94583,21.314484],[-157.945943,21.315851],[-157.945938,21.316144],[-157.945845,21.316173],[-157.943204,21.316004],[-157.941553,21.315662],[-157.940827,21.315621],[-157.94003,21.315381],[-157.938645,21.315781],[-157.938011,21.315734],[-157.936245,21.314674],[-157.9355,21.314307],[-157.934603,21.313996],[-157.93417,21.313992],[-157.932669,21.313471],[-157.930576,21.312409],[-157.929579,21.312018],[-157.929281,21.31094],[-157.929093,21.310555],[-157.929077,21.310295],[-157.928911,21.310114],[-157.945255,21.310242]],[[-157.965905,21.355116],[-157.966312,21.355517],[-157.966061,21.357075],[-157.966134,21.35735],[-157.966387,21.357701],[-157.966979,21.358054],[-157.967351,21.358439],[-157.968676,21.359245],[-157.968619,21.359468],[-157.968905,21.360066],[-157.968848,21.360718],[-157.968939,21.361131],[-157.968815,21.361504],[-157.968115,21.362706],[-157.967237,21.363947],[-157.967045,21.364334],[-157.966532,21.364799],[-157.966475,21.36517],[-157.966209,21.365473],[-157.965964,21.365676],[-157.965033,21.36602],[-157.964476,21.366336],[-157.963461,21.367191],[-157.963056,21.367439],[-157.962616,21.367948],[-157.962225,21.368223],[-157.962094,21.368651],[-157.961577,21.368892],[-157.960744,21.369089],[-157.960631,21.369511],[-157.960888,21.369805],[-157.961482,21.369394],[-157.961528,21.369442],[-157.958528,21.371724],[-157.958476,21.371669],[-157.958983,21.371285],[-157.958983,21.3712],[-157.958196,21.370971],[-157.957865,21.37101],[-157.957402,21.371242],[-157.95715,21.371234],[-157.956466,21.370903],[-157.95626,21.370901],[-157.954792,21.369341],[-157.954531,21.369114],[-157.953775,21.368689],[-157.953435,21.368632],[-157.952427,21.368652],[-157.951532,21.368784],[-157.950816,21.368516],[-157.950576,21.368144],[-157.950703,21.36769],[-157.950828,21.367541],[-157.950792,21.367368],[-157.950867,21.367236],[-157.950721,21.366295],[-157.950909,21.365777],[-157.951199,21.365541],[-157.951303,21.364844],[-157.951763,21.36424],[-157.952097,21.364055],[-157.952801,21.363311],[-157.953705,21.363069],[-157.953804,21.362928],[-157.953525,21.362689],[-157.953022,21.363037],[-157.95286,21.36294],[-157.952428,21.363343],[-157.952305,21.363207],[-157.95451,21.36154],[-157.954634,21.361683],[-157.954055,21.362035],[-157.954153,21.362213],[-157.953856,21.362437],[-157.954087,21.362759],[-157.95431,21.362746],[-157.954785,21.362285],[-157.955404,21.36194],[-157.956188,21.361767],[-157.956274,21.361621],[-157.956605,21.361684],[-157.957235,21.362002],[-157.957954,21.361901],[-157.958613,21.36093],[-157.959203,21.359379],[-157.959498,21.358261],[-157.959612,21.357408],[-157.959693,21.35728],[-157.96035,21.357552],[-157.961126,21.356301],[-157.961394,21.356414],[-157.964541,21.355241],[-157.965036,21.355486],[-157.965567,21.35513],[-157.965905,21.355116]],[[-157.736771,21.388558],[-157.738031,21.388808],[-157.739934,21.389452],[-157.741108,21.390515],[-157.742779,21.391174],[-157.74499,21.393092],[-157.745513,21.393721],[-157.746258,21.39418],[-157.746627,21.394303],[-157.747031,21.394302],[-157.748326,21.393799],[-157.748447,21.394437],[-157.748635,21.394773],[-157.753003,21.399873],[-157.753537,21.400593],[-157.754095,21.401141],[-157.754406,21.401611],[-157.754689,21.402304],[-157.755235,21.40391],[-157.75561,21.405788],[-157.755602,21.406297],[-157.755481,21.406589],[-157.755514,21.406868],[-157.749082,21.415053],[-157.747446,21.418581],[-157.746752,21.416216],[-157.747712,21.415918],[-157.748031,21.415752],[-157.748977,21.414594],[-157.748034,21.4139],[-157.747575,21.41372],[-157.747245,21.412405],[-157.748369,21.411821],[-157.747949,21.411438],[-157.746969,21.410218],[-157.740614,21.399474],[-157.738367,21.400594],[-157.737584,21.399644],[-157.736537,21.398806],[-157.731754,21.396899],[-157.73153,21.397301],[-157.730774,21.397058],[-157.730611,21.396921],[-157.729664,21.39702],[-157.728428,21.396217],[-157.728926,21.395871],[-157.728564,21.395565],[-157.729149,21.395118],[-157.729697,21.394412],[-157.729907,21.393983],[-157.73013,21.393236],[-157.730087,21.392597],[-157.729959,21.39219],[-157.729534,21.391465],[-157.729217,21.39134],[-157.729753,21.390738],[-157.72978,21.390411],[-157.729626,21.389894],[-157.729181,21.389202],[-157.729436,21.389289],[-157.729874,21.389117],[-157.730952,21.389008],[-157.734824,21.388727],[-157.736082,21.388518],[-157.736771,21.388558]],[[-157.807414,21.255681],[-157.811676,21.256376],[-157.812854,21.256286],[-157.813575,21.25648],[-157.814525,21.256605],[-157.815128,21.256929],[-157.816142,21.257696],[-157.81702,21.258061],[-157.817394,21.258475],[-157.818149,21.259998],[-157.818239,21.260315],[-157.818221,21.261182],[-157.818596,21.263664],[-157.818463,21.26392],[-157.817919,21.264387],[-157.817604,21.264844],[-157.817347,21.265494],[-157.816406,21.266911],[-157.816122,21.267535],[-157.815865,21.268891],[-157.816033,21.270367],[-157.816888,21.27309],[-157.817085,21.274039],[-157.817556,21.274487],[-157.816873,21.275043],[-157.817343,21.275642],[-157.816521,21.276538],[-157.817781,21.277633],[-157.818568,21.276765],[-157.819648,21.277688],[-157.818931,21.278632],[-157.82349,21.282593],[-157.823384,21.28275],[-157.82235,21.282848],[-157.821985,21.28299],[-157.82159,21.283232],[-157.820205,21.284513],[-157.820429,21.284705],[-157.819334,21.285794],[-157.819669,21.286268],[-157.821715,21.284228],[-157.822393,21.283737],[-157.823025,21.283588],[-157.824511,21.283574],[-157.828376,21.286762],[-157.827834,21.287052],[-157.827704,21.287428],[-157.826771,21.288036],[-157.82542,21.289396],[-157.824983,21.290096],[-157.825041,21.290397],[-157.825247,21.290481],[-157.825457,21.290404],[-157.825866,21.289755],[-157.827186,21.288427],[-157.828127,21.28783],[-157.828297,21.287422],[-157.828401,21.287368],[-157.828556,21.287482],[-157.828799,21.287496],[-157.82907,21.287292],[-157.831448,21.289111],[-157.831949,21.289254],[-157.832335,21.289529],[-157.831988,21.290354],[-157.834289,21.291146],[-157.834468,21.290753],[-157.834842,21.291606],[-157.835416,21.292191],[-157.835794,21.292725],[-157.836151,21.294557],[-157.836313,21.294786],[-157.836412,21.296052],[-157.836513,21.296241],[-157.836726,21.296307],[-157.836927,21.296213],[-157.836998,21.296012],[-157.836892,21.294652],[-157.836714,21.294381],[-157.836365,21.292591],[-157.836185,21.292224],[-157.835325,21.29129],[-157.834968,21.290427],[-157.835382,21.290547],[-157.836571,21.290588],[-157.837208,21.290751],[-157.8405,21.292181],[-157.840889,21.291386],[-157.842937,21.292264],[-157.84369,21.290603],[-157.847286,21.291976],[-157.846822,21.293141],[-157.84959,21.294191],[-157.850657,21.295436],[-157.851249,21.294987],[-157.85376,21.298006],[-157.854905,21.297136],[-157.856735,21.29936],[-157.85969,21.297046],[-157.860545,21.296258],[-157.861361,21.295044],[-157.862359,21.293932],[-157.864932,21.295963],[-157.863648,21.297088],[-157.864682,21.298203],[-157.859833,21.301869],[-157.861207,21.303462],[-157.862071,21.304667],[-157.860857,21.305402],[-157.862128,21.306872],[-157.861419,21.307379],[-157.862227,21.307986],[-157.863385,21.309706],[-157.863654,21.310262],[-157.863573,21.310262],[-157.864313,21.311413],[-157.863983,21.311616],[-157.864231,21.312005],[-157.863846,21.312198],[-157.864043,21.312564],[-157.861741,21.313973],[-157.861999,21.314261],[-157.861099,21.314773],[-157.860152,21.314382],[-157.859845,21.314333],[-157.859102,21.314389],[-157.858093,21.314124],[-157.857739,21.314573],[-157.858962,21.314925],[-157.859451,21.314964],[-157.859861,21.314885],[-157.860561,21.31513],[-157.859971,21.315605],[-157.859303,21.316674],[-157.857589,21.317974],[-157.857918,21.318434],[-157.859747,21.317036],[-157.860416,21.315967],[-157.860677,21.315727],[-157.86238,21.314689],[-157.862968,21.315349],[-157.864003,21.316274],[-157.864634,21.31616],[-157.865244,21.317704],[-157.866242,21.317661],[-157.866788,21.317793],[-157.867503,21.317327],[-157.866422,21.315809],[-157.866037,21.315659],[-157.866074,21.315429],[-157.868409,21.314338],[-157.870753,21.313643],[-157.873143,21.314042],[-157.873642,21.314324],[-157.873429,21.314579],[-157.87161,21.315152],[-157.87251,21.31689],[-157.873216,21.317963],[-157.873097,21.318192],[-157.871757,21.319374],[-157.873335,21.320431],[-157.872449,21.32168],[-157.873021,21.322015],[-157.868017,21.32533],[-157.867747,21.325618],[-157.867437,21.326141],[-157.866343,21.328701],[-157.866048,21.330154],[-157.866496,21.330504],[-157.866703,21.329352],[-157.866814,21.329323],[-157.86691,21.328849],[-157.867286,21.327912],[-157.867431,21.327757],[-157.867981,21.32635],[-157.868215,21.325952],[-157.86839,21.325756],[-157.873557,21.32233],[-157.87431,21.321991],[-157.874944,21.322289],[-157.87565,21.321893],[-157.876978,21.322083],[-157.878345,21.320705],[-157.878797,21.321012],[-157.87959,21.320399],[-157.880446,21.320867],[-157.882802,21.320732],[-157.88365,21.319407],[-157.884918,21.319636],[-157.885121,21.317343],[-157.887671,21.317488],[-157.889112,21.31676],[-157.891352,21.321037],[-157.891657,21.321813],[-157.891656,21.322549],[-157.891219,21.323162],[-157.891917,21.323489],[-157.892135,21.323816],[-157.892048,21.324225],[-157.891087,21.325165],[-157.890257,21.32639],[-157.890018,21.327455],[-157.890496,21.327729],[-157.889883,21.32872],[-157.888711,21.32967],[-157.888893,21.330336],[-157.888421,21.330754],[-157.888823,21.331768],[-157.8893,21.332108],[-157.88897,21.332514],[-157.888148,21.332839],[-157.887813,21.332814],[-157.887242,21.33294],[-157.886578,21.333241],[-157.885853,21.334088],[-157.885501,21.334272],[-157.884951,21.333975],[-157.883748,21.332853],[-157.883488,21.332699],[-157.883045,21.332594],[-157.88214,21.332607],[-157.882558,21.333125],[-157.882992,21.333143],[-157.883362,21.33327],[-157.884841,21.334598],[-157.885478,21.334834],[-157.88589,21.334731],[-157.886225,21.334516],[-157.886931,21.33369],[-157.887899,21.333359],[-157.888368,21.333426],[-157.88888,21.333188],[-157.890232,21.33371],[-157.892341,21.334157],[-157.892692,21.334816],[-157.892981,21.335591],[-157.893063,21.336211],[-157.893627,21.336132],[-157.893663,21.337339],[-157.89349,21.337791],[-157.893555,21.339914],[-157.894059,21.341766],[-157.894179,21.342792],[-157.894174,21.34349],[-157.894111,21.343901],[-157.893762,21.344519],[-157.893318,21.3449],[-157.893176,21.344782],[-157.892969,21.344776],[-157.892177,21.345225],[-157.891556,21.346434],[-157.892045,21.346848],[-157.892167,21.346475],[-157.892633,21.345596],[-157.892792,21.345507],[-157.893037,21.345925],[-157.893369,21.346879],[-157.894052,21.347791],[-157.894266,21.348387],[-157.894165,21.348639],[-157.895162,21.349481],[-157.894601,21.347592],[-157.894385,21.347217],[-157.893901,21.346642],[-157.893455,21.345499],[-157.894195,21.344894],[-157.894499,21.344456],[-157.894688,21.344012],[-157.89476,21.343536],[-157.894765,21.342748],[-157.894638,21.341672],[-157.894142,21.33988],[-157.89408,21.337796],[-157.894254,21.337435],[-157.894212,21.33605],[-157.894573,21.335999],[-157.894697,21.335128],[-157.895588,21.333559],[-157.896002,21.332319],[-157.897388,21.331293],[-157.899601,21.33083],[-157.900844,21.329861],[-157.901036,21.329467],[-157.899586,21.32777],[-157.900348,21.327188],[-157.900058,21.326878],[-157.904299,21.324207],[-157.919439,21.313502],[-157.924576,21.310092],[-157.927694,21.313999],[-157.930932,21.31488],[-157.929487,21.316126],[-157.929392,21.316326],[-157.929394,21.318942],[-157.929287,21.322093],[-157.92946,21.322353],[-157.929685,21.322359],[-157.929874,21.32211],[-157.929971,21.319208],[-157.932126,21.319256],[-157.933088,21.31981],[-157.934096,21.319838],[-157.933138,21.319154],[-157.932302,21.318728],[-157.929959,21.318651],[-157.929978,21.31645],[-157.931591,21.315059],[-157.935028,21.315994],[-157.937484,21.318763],[-157.949359,21.319611],[-157.948993,21.321942],[-157.948426,21.323501],[-157.946513,21.324454],[-157.946371,21.324616],[-157.946465,21.324909],[-157.94668,21.32497],[-157.948058,21.324306],[-157.947557,21.325978],[-157.946331,21.327108],[-157.94624,21.327301],[-157.946415,21.327559],[-157.94664,21.327564],[-157.947781,21.326571],[-157.948824,21.32842],[-157.949098,21.328557],[-157.9493,21.328464],[-157.949373,21.328282],[-157.949108,21.327688],[-157.950008,21.327536],[-157.950413,21.327262],[-157.951261,21.327104],[-157.951762,21.327265],[-157.95513,21.326719],[-157.95532,21.326607],[-157.95537,21.326401],[-157.955249,21.326223],[-157.95503,21.326177],[-157.951751,21.326708],[-157.951208,21.326553],[-157.950203,21.32674],[-157.949823,21.327013],[-157.948831,21.327174],[-157.948143,21.326058],[-157.94874,21.324068],[-157.950313,21.324322],[-157.954586,21.324162],[-157.956719,21.32646],[-157.956787,21.32685],[-157.955111,21.327104],[-157.954977,21.327274],[-157.95501,21.327482],[-157.955305,21.327613],[-157.957168,21.327354],[-157.957362,21.327244],[-157.957415,21.327037],[-157.957218,21.326157],[-157.954832,21.323629],[-157.950322,21.32377],[-157.949027,21.323556],[-157.949571,21.322047],[-157.949947,21.319649],[-157.950125,21.31966],[-157.950781,21.318496],[-157.956051,21.320127],[-157.955225,21.322266],[-157.954613,21.322864],[-157.957239,21.325636],[-157.961268,21.326641],[-157.962002,21.327332],[-157.962417,21.3276],[-157.962646,21.327953],[-157.963027,21.328233],[-157.965744,21.330761],[-157.965919,21.330598],[-157.966419,21.330633],[-157.967057,21.330991],[-157.967465,21.331446],[-157.968612,21.331494],[-157.968541,21.333927],[-157.968592,21.336261],[-157.96841,21.336449],[-157.968285,21.337853],[-157.968081,21.338222],[-157.966055,21.340053],[-157.9652,21.340891],[-157.964902,21.341332],[-157.964958,21.342499],[-157.965166,21.343479],[-157.965437,21.343561],[-157.96648,21.345036],[-157.966357,21.345196],[-157.966222,21.344976],[-157.966164,21.345218],[-157.96627,21.345377],[-157.965542,21.346003],[-157.96597,21.346534],[-157.966788,21.345971],[-157.967083,21.346285],[-157.967671,21.346725],[-157.968179,21.347688],[-157.968199,21.348497],[-157.968007,21.349306],[-157.967873,21.349576],[-157.96704,21.349968],[-157.966994,21.350144],[-157.966807,21.35031],[-157.96646,21.350371],[-157.965692,21.350895],[-157.965323,21.35106],[-157.965124,21.351314],[-157.96479,21.351446],[-157.964526,21.351722],[-157.964416,21.351975],[-157.964075,21.352113],[-157.962825,21.352379],[-157.962678,21.352275],[-157.963007,21.351638],[-157.962786,21.351525],[-157.96239,21.352115],[-157.96219,21.352016],[-157.962318,21.351543],[-157.962147,21.351361],[-157.961877,21.351422],[-157.961234,21.352265],[-157.960165,21.351848],[-157.959716,21.352474],[-157.958869,21.352038],[-157.958557,21.352533],[-157.95764,21.352066],[-157.954517,21.356909],[-157.954282,21.356738],[-157.954995,21.355592],[-157.954297,21.355223],[-157.953588,21.356354],[-157.953476,21.356293],[-157.954171,21.355146],[-157.953997,21.355062],[-157.953007,21.356553],[-157.952878,21.356481],[-157.953895,21.354939],[-157.95316,21.354549],[-157.95219,21.356108],[-157.951907,21.355954],[-157.953515,21.353464],[-157.95365,21.353188],[-157.953631,21.353029],[-157.953478,21.35282],[-157.953179,21.352666],[-157.952833,21.352953],[-157.951371,21.355294],[-157.951065,21.355096],[-157.952568,21.352771],[-157.952667,21.352518],[-157.952596,21.352347],[-157.952173,21.352106],[-157.951944,21.352089],[-157.951838,21.352183],[-157.950605,21.354128],[-157.944221,21.350574],[-157.942729,21.349655],[-157.942411,21.349999],[-157.943486,21.351997],[-157.943401,21.352147],[-157.939858,21.352377],[-157.939799,21.352429],[-157.939867,21.353162],[-157.942928,21.353578],[-157.943441,21.354703],[-157.943405,21.355323],[-157.943241,21.355471],[-157.943282,21.355509],[-157.940503,21.358762],[-157.941704,21.359759],[-157.942605,21.358719],[-157.942799,21.358877],[-157.943873,21.357625],[-157.945497,21.356037],[-157.945706,21.35627],[-157.945952,21.356062],[-157.945844,21.355938],[-157.946429,21.355435],[-157.94665,21.35546],[-157.948451,21.357641],[-157.947932,21.358507],[-157.945171,21.359651],[-157.945176,21.360784],[-157.946756,21.360131],[-157.946927,21.360533],[-157.945182,21.361252],[-157.945183,21.362267],[-157.942523,21.363364],[-157.942403,21.363221],[-157.941668,21.363281],[-157.941433,21.363373],[-157.940967,21.363924],[-157.941045,21.36395],[-157.940539,21.365372],[-157.944027,21.363945],[-157.944095,21.364083],[-157.940595,21.36551],[-157.940446,21.36592],[-157.938361,21.365175],[-157.938243,21.36579],[-157.938104,21.365611],[-157.936818,21.364848],[-157.936539,21.36444],[-157.936262,21.364191],[-157.935373,21.363814],[-157.934379,21.363767],[-157.933354,21.364114],[-157.933632,21.364607],[-157.934464,21.364314],[-157.93525,21.364353],[-157.935943,21.364655],[-157.936426,21.365261],[-157.937809,21.366087],[-157.938054,21.366108],[-157.938231,21.365948],[-157.940089,21.36666],[-157.939741,21.367441],[-157.939474,21.367412],[-157.939373,21.367479],[-157.938781,21.369217],[-157.938351,21.369192],[-157.937528,21.369558],[-157.936914,21.37001],[-157.936683,21.370638],[-157.936274,21.370925],[-157.936307,21.371122],[-157.936201,21.371337],[-157.935927,21.371403],[-157.934547,21.373529],[-157.934081,21.373907],[-157.933577,21.374791],[-157.933374,21.375299],[-157.933374,21.375574],[-157.933604,21.376159],[-157.934406,21.376622],[-157.934054,21.376887],[-157.934528,21.377237],[-157.934838,21.377004],[-157.936869,21.377618],[-157.937277,21.377595],[-157.938055,21.376986],[-157.938808,21.376771],[-157.939318,21.376819],[-157.939739,21.376676],[-157.940237,21.376174],[-157.940684,21.375338],[-157.941003,21.375481],[-157.941207,21.375625],[-157.941219,21.375792],[-157.94252,21.37633],[-157.942648,21.376485],[-157.942584,21.377071],[-157.942341,21.37725],[-157.942124,21.37768],[-157.942022,21.378206],[-157.942047,21.378875],[-157.942251,21.379174],[-157.942431,21.379841],[-157.943265,21.379987],[-157.941878,21.380543],[-157.941293,21.380319],[-157.940511,21.380388],[-157.940026,21.380515],[-157.939733,21.380499],[-157.940632,21.380936],[-157.941226,21.380878],[-157.941925,21.381099],[-157.943528,21.380482],[-157.943934,21.380175],[-157.944177,21.380312],[-157.9438,21.380543],[-157.943467,21.380914],[-157.942932,21.38195],[-157.943459,21.382194],[-157.943945,21.381235],[-157.944183,21.380962],[-157.944365,21.380843],[-157.945198,21.380828],[-157.946034,21.381391],[-157.946994,21.382271],[-157.947347,21.382305],[-157.948308,21.382758],[-157.948893,21.382786],[-157.949209,21.38273],[-157.94992,21.382803],[-157.950033,21.382552],[-157.9514,21.383156],[-157.95226,21.383246],[-157.952922,21.384219],[-157.952976,21.384655],[-157.953232,21.384637],[-157.952419,21.385717],[-157.952186,21.38619],[-157.953435,21.386761],[-157.953171,21.386543],[-157.952751,21.386343],[-157.952776,21.386259],[-157.953672,21.38503],[-157.953848,21.384594],[-157.954647,21.384577],[-157.955221,21.384667],[-157.956134,21.384941],[-157.95697,21.385428],[-157.957429,21.385842],[-157.958301,21.386904],[-157.958897,21.387346],[-157.961459,21.38823],[-157.961483,21.38785],[-157.962115,21.387593],[-157.962832,21.38789],[-157.963674,21.387437],[-157.964307,21.387392],[-157.964868,21.38718],[-157.965465,21.387191],[-157.966056,21.386822],[-157.96622,21.387142],[-157.96696,21.387214],[-157.967534,21.387369],[-157.968032,21.387596],[-157.969244,21.387154],[-157.969091,21.386461],[-157.969582,21.385643],[-157.970097,21.385755],[-157.970426,21.385693],[-157.970548,21.384906],[-157.970446,21.384189],[-157.970447,21.382994],[-157.969758,21.38254],[-157.969835,21.381369],[-157.968661,21.379696],[-157.96736,21.379696],[-157.9667,21.37956],[-157.966692,21.375142],[-157.967044,21.375108],[-157.966938,21.373171],[-157.966726,21.373111],[-157.967663,21.371982],[-157.967828,21.372114],[-157.968588,21.370798],[-157.968247,21.370782],[-157.968985,21.369774],[-157.969126,21.369845],[-157.969673,21.369844],[-157.97019,21.369745],[-157.971267,21.370068],[-157.971197,21.370222],[-157.971073,21.370118],[-157.971003,21.370376],[-157.971351,21.370596],[-157.971374,21.370409],[-157.972568,21.370848],[-157.973729,21.371583],[-157.973717,21.371666],[-157.973623,21.371617],[-157.973553,21.371826],[-157.973348,21.371925],[-157.97458,21.37282],[-157.974904,21.372985],[-157.975043,21.374173],[-157.975274,21.374635],[-157.975962,21.374909],[-157.97601,21.375025],[-157.97611,21.375058],[-157.976093,21.375463],[-157.975676,21.37574],[-157.975377,21.37607],[-157.975398,21.376841],[-157.975694,21.377783],[-157.974851,21.377949],[-157.974909,21.378507],[-157.975637,21.378389],[-157.976143,21.378192],[-157.977598,21.378662],[-157.976947,21.379092],[-157.978481,21.379926],[-157.978085,21.380445],[-157.977828,21.381375],[-157.977554,21.381945],[-157.977774,21.383574],[-157.977717,21.384164],[-157.978137,21.384631],[-157.978368,21.383982],[-157.97826,21.382656],[-157.978137,21.382031],[-157.978398,21.381516],[-157.97855,21.380862],[-157.978756,21.380461],[-157.979003,21.38021],[-157.979414,21.380433],[-157.979735,21.379783],[-157.98013,21.379913],[-157.981326,21.381424],[-157.982256,21.382455],[-157.983622,21.384538],[-157.983979,21.3848],[-157.984311,21.385207],[-157.984311,21.386043],[-157.983966,21.388093],[-157.983341,21.38873],[-157.983322,21.389801],[-157.983141,21.390365],[-157.982771,21.390544],[-157.982366,21.390615],[-157.982119,21.390844],[-157.981996,21.391144],[-157.981964,21.391498],[-157.982047,21.391657],[-157.982217,21.391735],[-157.982402,21.3917],[-157.982588,21.391543],[-157.982659,21.391103],[-157.982966,21.391078],[-157.98342,21.390905],[-157.983662,21.390624],[-157.983905,21.38989],[-157.983901,21.388959],[-157.984262,21.388595],[-157.987041,21.388385],[-157.98921,21.388361],[-157.990434,21.388146],[-157.991582,21.387573],[-157.992144,21.387143],[-157.9927,21.385998],[-157.992767,21.385537],[-157.992392,21.384529],[-157.99257,21.384167],[-157.993003,21.384113],[-157.99354,21.383852],[-157.993882,21.383778],[-157.994117,21.383493],[-157.994959,21.382934],[-157.997347,21.381744],[-157.997308,21.381679],[-157.996998,21.381791],[-157.994351,21.38315],[-157.993378,21.383322],[-157.992825,21.383586],[-157.992288,21.383651],[-157.992008,21.383138],[-157.991815,21.382512],[-157.991445,21.377554],[-157.990986,21.375881],[-157.991012,21.374973],[-157.99096,21.374758],[-157.990484,21.374599],[-157.991018,21.374659],[-157.991461,21.374587],[-157.992649,21.373841],[-157.992362,21.373358],[-157.991246,21.374073],[-157.990381,21.374043],[-157.990074,21.374117],[-157.989946,21.373675],[-157.989378,21.372459],[-157.988561,21.370916],[-157.987569,21.369782],[-157.987219,21.369276],[-157.986709,21.368798],[-157.986198,21.368921],[-157.985819,21.368784],[-157.984607,21.367627],[-157.983943,21.367356],[-157.983268,21.366252],[-157.982732,21.36594],[-157.982359,21.365528],[-157.982,21.365381],[-157.981553,21.36535],[-157.98106,21.365483],[-157.979638,21.365643],[-157.979088,21.366058],[-157.978912,21.366306],[-157.978331,21.36644],[-157.978178,21.366518],[-157.978243,21.366611],[-157.978103,21.366667],[-157.977943,21.366535],[-157.977742,21.366189],[-157.977553,21.36608],[-157.9751,21.365599],[-157.975099,21.365384],[-157.975146,21.365312],[-157.975375,21.365278],[-157.97538,21.365129],[-157.975143,21.36469],[-157.975257,21.36393],[-157.975224,21.363296],[-157.975105,21.362867],[-157.975155,21.362162],[-157.975288,21.361821],[-157.975838,21.361251],[-157.975931,21.360959],[-157.975633,21.359997],[-157.975319,21.359668],[-157.975113,21.359569],[-157.975259,21.359376],[-157.975075,21.358898],[-157.97454,21.358933],[-157.974192,21.358669],[-157.974227,21.358559],[-157.974126,21.358317],[-157.974052,21.357558],[-157.97409,21.356908],[-157.973853,21.356485],[-157.973522,21.356134],[-157.973015,21.355777],[-157.972097,21.3555],[-157.9715,21.354797],[-157.971232,21.354082],[-157.971248,21.353636],[-157.970939,21.352888],[-157.971002,21.352563],[-157.971621,21.351746],[-157.972549,21.350267],[-157.972875,21.349484],[-157.972758,21.3484],[-157.972337,21.347691],[-157.972125,21.347466],[-157.971865,21.347324],[-157.971516,21.346764],[-157.971545,21.346664],[-157.97182,21.346438],[-157.971854,21.346135],[-157.971605,21.345656],[-157.971745,21.345513],[-157.97215,21.345412],[-157.972191,21.345247],[-157.972084,21.344966],[-157.971443,21.34488],[-157.971266,21.344738],[-157.97123,21.343394],[-157.971324,21.343355],[-157.971399,21.34173],[-157.971504,21.341697],[-157.973375,21.341993],[-157.973516,21.342092],[-157.974674,21.343338],[-157.974884,21.344251],[-157.975545,21.344755],[-157.975923,21.345321],[-157.97589,21.345713],[-157.976009,21.346032],[-157.976232,21.346031],[-157.976257,21.346229],[-157.976793,21.34642],[-157.976857,21.346431],[-157.97698,21.346204],[-157.977281,21.346462],[-157.977342,21.347068],[-157.977921,21.34766],[-157.977998,21.347704],[-157.978156,21.347599],[-157.978415,21.347818],[-157.978522,21.348027],[-157.978458,21.348121],[-157.978511,21.348203],[-157.978724,21.348467],[-157.979066,21.348647],[-157.979787,21.349559],[-157.980024,21.34991],[-157.979849,21.350291],[-157.979903,21.350467],[-157.980277,21.351154],[-157.980755,21.351592],[-157.981715,21.352035],[-157.982779,21.352097],[-157.984779,21.351143],[-157.985184,21.351042],[-157.985713,21.351018],[-157.986908,21.351372],[-157.988784,21.351607],[-157.98912,21.351942],[-157.989199,21.352332],[-157.989395,21.352767],[-157.989522,21.354075],[-157.990159,21.355028],[-157.99059,21.355251],[-157.991036,21.355731],[-157.991537,21.356133],[-157.992815,21.356635],[-157.99296,21.356782],[-157.992914,21.356952],[-157.992587,21.357003],[-157.992313,21.357211],[-157.991693,21.357303],[-157.988139,21.357301],[-157.98697,21.358054],[-157.987214,21.359263],[-157.987311,21.359445],[-157.987019,21.360905],[-157.986361,21.362387],[-157.987384,21.362707],[-157.988358,21.362502],[-157.988942,21.362752],[-157.989405,21.362593],[-157.990817,21.361703],[-157.991329,21.361247],[-157.991329,21.360859],[-157.991499,21.360472],[-157.992643,21.359947],[-157.994056,21.359719],[-157.995444,21.359674],[-157.9969,21.358272],[-157.997046,21.357526],[-157.997245,21.357454],[-157.9975,21.357216],[-157.997848,21.357111],[-157.998207,21.357116],[-157.998628,21.356814],[-157.999164,21.356709],[-157.999525,21.356739],[-157.999673,21.357091],[-158.000002,21.357046],[-158.000113,21.357112],[-158.000138,21.357424],[-158.000312,21.357753],[-158.000824,21.35818],[-158.000773,21.358886],[-158.000386,21.359533],[-158.000047,21.360713],[-158.000421,21.36214],[-158.000866,21.362325],[-158.001059,21.362947],[-158.001686,21.363682],[-158.002354,21.363995],[-158.002643,21.363991],[-158.002949,21.364162],[-158.003282,21.364199],[-158.004163,21.364737],[-158.00403,21.365961],[-158.004118,21.366498],[-158.004352,21.367184],[-158.004305,21.367385],[-158.00316,21.367996],[-158.002327,21.369328],[-158.002817,21.370246],[-158.004091,21.370659],[-158.00463,21.370453],[-158.005071,21.370843],[-158.005415,21.371371],[-158.005366,21.372083],[-158.005684,21.372312],[-158.006646,21.372751],[-158.00671,21.373032],[-158.006781,21.373891],[-158.006535,21.374308],[-158.005873,21.375062],[-158.005383,21.375161],[-158.004954,21.375132],[-158.004292,21.374976],[-158.004053,21.374843],[-158.003883,21.374859],[-158.003735,21.374968],[-158.003032,21.374766],[-158.002853,21.374823],[-158.002743,21.374988],[-158.00276,21.375147],[-158.002868,21.375271],[-158.003502,21.375489],[-158.003786,21.375525],[-158.004005,21.375468],[-158.004863,21.375676],[-158.00547,21.375706],[-158.005257,21.376086],[-158.004485,21.376842],[-158.004144,21.377729],[-158.004168,21.379171],[-158.004577,21.37972],[-158.004829,21.380847],[-158.005422,21.380787],[-158.005127,21.379517],[-158.004749,21.379049],[-158.004776,21.377618],[-158.005009,21.377111],[-158.005729,21.37642],[-158.006236,21.375527],[-158.007034,21.3746],[-158.008552,21.37851],[-158.010451,21.378813],[-158.010546,21.379449],[-158.010424,21.380495],[-158.011026,21.380464],[-158.011135,21.379451],[-158.011047,21.37888],[-158.013674,21.379084],[-158.014655,21.378739],[-158.016065,21.377985],[-158.016509,21.377569],[-158.016737,21.377249],[-158.017391,21.375571],[-158.018057,21.375097],[-158.018116,21.375075],[-158.018622,21.375981],[-158.019136,21.375714],[-158.018664,21.374868],[-158.020374,21.374116],[-158.020904,21.373735],[-158.021249,21.373192],[-158.021335,21.3725],[-158.021113,21.371553],[-158.020768,21.370849],[-158.020311,21.369262],[-158.020151,21.368892],[-158.019387,21.367726],[-158.019029,21.366953],[-158.01935,21.366387],[-158.020434,21.36611],[-158.020903,21.365902],[-158.021322,21.365556],[-158.021605,21.36521],[-158.022451,21.363847],[-158.023009,21.363489],[-158.023358,21.363606],[-158.023666,21.363617],[-158.024057,21.363374],[-158.024556,21.363192],[-158.025088,21.363461],[-158.025179,21.363694],[-158.025497,21.364102],[-158.025849,21.364445],[-158.026318,21.364706],[-158.026676,21.364856],[-158.026894,21.364343],[-158.026226,21.364021],[-158.025678,21.363401],[-158.025522,21.363083],[-158.024703,21.362636],[-158.024379,21.362624],[-158.023554,21.363041],[-158.023818,21.36232],[-158.024041,21.362157],[-158.024151,21.361966],[-158.024216,21.361558],[-158.024058,21.361256],[-158.023766,21.36122],[-158.023595,21.361404],[-158.023586,21.361797],[-158.023308,21.361939],[-158.023342,21.361527],[-158.021998,21.358249],[-158.021751,21.356483],[-158.019678,21.355238],[-158.01931,21.35544],[-158.019038,21.355493],[-158.018646,21.355035],[-158.01783,21.354871],[-158.016854,21.354781],[-158.01654,21.355168],[-158.016489,21.356315],[-158.016107,21.356913],[-158.014512,21.357651],[-158.014385,21.35761],[-158.013619,21.356755],[-158.012767,21.356252],[-158.010256,21.355613],[-158.009352,21.355649],[-158.008925,21.356129],[-158.008947,21.35636],[-158.00881,21.356555],[-158.008676,21.356618],[-158.008506,21.356984],[-158.008248,21.357043],[-158.007858,21.356906],[-158.007575,21.356888],[-158.007181,21.356558],[-158.00703,21.356329],[-158.007013,21.356054],[-158.007086,21.355855],[-158.006904,21.355543],[-158.007236,21.355698],[-158.007897,21.355495],[-158.007582,21.355318],[-158.0075,21.355044],[-158.007212,21.354718],[-158.006939,21.354562],[-158.006751,21.354543],[-158.006342,21.354693],[-158.005861,21.354766],[-158.005259,21.354324],[-158.004773,21.354078],[-158.004649,21.353749],[-158.004379,21.353478],[-158.003486,21.353145],[-158.002625,21.352354],[-158.002043,21.352027],[-158.001093,21.351837],[-158.000911,21.351873],[-158.000766,21.351969],[-158.000803,21.352095],[-158.0006,21.352203],[-158.000295,21.352263],[-157.996492,21.353902],[-157.996424,21.35371],[-157.996093,21.353633],[-157.994446,21.353592],[-157.993658,21.353268],[-157.993289,21.35302],[-157.993103,21.352792],[-157.993077,21.352638],[-157.993231,21.352382],[-157.993304,21.351566],[-157.993094,21.350324],[-157.993361,21.349857],[-157.993018,21.349703],[-157.992778,21.349459],[-157.992262,21.348591],[-157.991197,21.348541],[-157.990976,21.348633],[-157.990936,21.348699],[-157.991284,21.348766],[-157.991286,21.348881],[-157.987851,21.348796],[-157.987832,21.348719],[-157.987509,21.348741],[-157.987306,21.348876],[-157.987048,21.348902],[-157.985169,21.348705],[-157.983143,21.348846],[-157.982324,21.3487],[-157.981766,21.348432],[-157.981653,21.34834],[-157.981663,21.347927],[-157.981581,21.347631],[-157.980858,21.346639],[-157.980526,21.345823],[-157.980221,21.345553],[-157.980079,21.345197],[-157.979882,21.345023],[-157.979799,21.34465],[-157.979518,21.344709],[-157.979364,21.344629],[-157.979333,21.344563],[-157.979449,21.344457],[-157.979231,21.344124],[-157.979362,21.343874],[-157.979295,21.343754],[-157.979201,21.343756],[-157.978784,21.343459],[-157.978129,21.343298],[-157.977668,21.342887],[-157.977376,21.342505],[-157.977286,21.342198],[-157.977339,21.341894],[-157.977258,21.341664],[-157.976632,21.340825],[-157.976569,21.340611],[-157.976655,21.340186],[-157.976182,21.339719],[-157.975328,21.339606],[-157.97484,21.339255],[-157.974611,21.338933],[-157.974579,21.338504],[-157.974341,21.338348],[-157.97431,21.338222],[-157.974455,21.337503],[-157.974324,21.337053],[-157.974007,21.336739],[-157.973408,21.336472],[-157.973194,21.336029],[-157.972767,21.33562],[-157.972608,21.335129],[-157.972581,21.334617],[-157.972637,21.334468],[-157.972776,21.334344],[-157.973258,21.334337],[-157.973196,21.331583],[-157.972675,21.331589],[-157.97244,21.32948],[-157.973006,21.328097],[-157.975123,21.326974],[-157.975761,21.326114],[-157.976399,21.324871],[-157.977445,21.323438],[-157.976807,21.322888],[-157.973568,21.32499],[-157.973006,21.326066],[-157.972879,21.327117],[-157.97219,21.32793],[-157.972445,21.327189],[-157.971859,21.326185],[-157.971808,21.32499],[-157.972395,21.323294],[-157.972548,21.323628],[-157.973032,21.323365],[-157.975073,21.321836],[-157.975532,21.321741],[-157.976263,21.320939],[-157.978788,21.319391],[-157.978625,21.31911],[-157.978761,21.318974],[-157.983312,21.319178],[-157.983428,21.316893],[-157.983882,21.316875],[-157.984876,21.317264],[-157.986122,21.315319],[-157.985967,21.315111],[-157.987155,21.314659],[-157.989573,21.314119],[-157.991435,21.318338],[-158.006125,21.314129],[-158.00658,21.315761],[-158.006716,21.315929],[-158.006938,21.315958],[-158.007117,21.315831],[-158.007148,21.315622],[-158.006452,21.313125],[-158.007675,21.312772],[-158.008689,21.313015],[-158.009184,21.313368],[-158.01008,21.312418],[-158.010536,21.312988],[-158.011451,21.314485],[-158.014134,21.311468],[-158.015501,21.310276],[-158.016326,21.310033],[-158.01609,21.309414],[-158.022218,21.307602],[-158.024126,21.309131],[-158.025362,21.310515],[-158.025768,21.311248],[-158.030715,21.310626],[-158.031111,21.30996],[-158.056981,21.305397],[-158.063535,21.304337],[-158.071164,21.302371],[-158.072031,21.301891],[-158.072904,21.30204],[-158.074114,21.303061],[-158.076581,21.3029],[-158.086542,21.30125],[-158.087662,21.314424],[-158.088257,21.314487],[-158.087125,21.301165],[-158.103076,21.29893],[-158.104258,21.298653],[-158.105036,21.297796],[-158.108014,21.300945],[-158.108961,21.3057],[-158.110134,21.305699],[-158.110135,21.306966],[-158.110594,21.306942],[-158.111105,21.308232],[-158.113363,21.308206],[-158.114518,21.310346],[-158.115027,21.311459],[-158.115235,21.312356],[-158.114774,21.312637],[-158.114125,21.312863],[-158.114661,21.31389],[-158.113299,21.3145],[-158.115274,21.319715],[-158.115467,21.321026],[-158.109197,21.326574],[-158.110805,21.328055],[-158.112972,21.326141],[-158.11481,21.328195],[-158.115856,21.32872],[-158.116654,21.32879],[-158.116908,21.330467],[-158.121499,21.329777],[-158.121867,21.332418],[-158.123001,21.335236],[-158.12445,21.33633],[-158.124031,21.336793],[-158.124073,21.338158],[-158.12453,21.338606],[-158.125008,21.338852],[-158.124992,21.339299],[-158.125214,21.339291],[-158.125271,21.33896],[-158.125378,21.338852],[-158.125576,21.338859],[-158.125872,21.338743],[-158.126267,21.338759],[-158.126308,21.339075],[-158.126103,21.339676],[-158.12585,21.341651],[-158.124673,21.342438],[-158.126804,21.344439],[-158.129008,21.349307],[-158.129405,21.350433],[-158.129617,21.35131],[-158.129714,21.352169],[-158.129694,21.353363],[-158.129434,21.354026],[-158.129399,21.355251],[-158.129506,21.355817],[-158.130113,21.357716],[-158.129375,21.357945],[-158.128921,21.357817],[-158.128217,21.357952],[-158.127314,21.357833],[-158.126676,21.357973],[-158.126837,21.358504],[-158.127347,21.358384],[-158.128229,21.358504],[-158.128761,21.358379],[-158.128886,21.358679],[-158.128818,21.358842],[-158.127966,21.359355],[-158.127473,21.359511],[-158.127199,21.359693],[-158.127339,21.360155],[-158.127431,21.360217],[-158.127747,21.359999],[-158.128255,21.359835],[-158.129279,21.359196],[-158.130184,21.360103],[-158.129773,21.361845],[-158.130218,21.362412],[-158.130741,21.360408],[-158.131277,21.360218],[-158.13211,21.362038],[-158.134917,21.366919],[-158.135233,21.36758],[-158.135269,21.367677],[-158.134965,21.367744],[-158.134767,21.367868],[-158.134558,21.367816],[-158.134379,21.367873],[-158.134274,21.36802],[-158.134295,21.368213],[-158.134483,21.368363],[-158.134813,21.368428],[-158.13543,21.368207],[-158.135703,21.369298],[-158.136882,21.371252],[-158.136218,21.371551],[-158.13889,21.375706],[-158.137848,21.376108],[-158.137989,21.376428],[-158.137972,21.376789],[-158.137638,21.377143],[-158.136261,21.377861],[-158.135975,21.378121],[-158.136104,21.378268],[-158.135861,21.378704],[-158.135736,21.379113],[-158.135763,21.379492],[-158.136025,21.380238],[-158.136025,21.380468],[-158.135739,21.380874],[-158.134558,21.381147],[-158.134103,21.38144],[-158.133337,21.381996],[-158.131796,21.38364],[-158.130814,21.383234],[-158.130077,21.383192],[-158.129656,21.383366],[-158.129304,21.383973],[-158.129823,21.384298],[-158.130055,21.383786],[-158.13041,21.383726],[-158.130675,21.38377],[-158.131604,21.384165],[-158.132034,21.384158],[-158.132661,21.383611],[-158.133777,21.382365],[-158.13479,21.38166],[-158.135579,21.381522],[-158.136016,21.381363],[-158.136361,21.381061],[-158.136613,21.380529],[-158.136598,21.380107],[-158.136334,21.379357],[-158.136326,21.379142],[-158.1365,21.378715],[-158.137667,21.380035],[-158.139808,21.378384],[-158.142931,21.381055],[-158.141452,21.382204],[-158.143986,21.384476],[-158.143828,21.384607],[-158.144522,21.38522],[-158.144958,21.384902],[-158.146463,21.386446],[-158.14738,21.386702],[-158.147917,21.387159],[-158.148683,21.390818],[-158.150019,21.391954],[-158.150281,21.392389],[-158.152224,21.394024],[-158.151929,21.394283],[-158.1522,21.39516],[-158.152377,21.395337],[-158.152169,21.395586],[-158.151555,21.395911],[-158.151195,21.396353],[-158.150665,21.395746],[-158.150132,21.395275],[-158.149667,21.395052],[-158.149258,21.394987],[-158.149079,21.394829],[-158.148473,21.394603],[-158.148025,21.394587],[-158.147555,21.394886],[-158.147383,21.395095],[-158.147192,21.395732],[-158.14733,21.396299],[-158.148197,21.397229],[-158.147463,21.397043],[-158.14714,21.397081],[-158.147001,21.397179],[-158.146772,21.397484],[-158.146651,21.397916],[-158.146821,21.398895],[-158.146015,21.399284],[-158.145705,21.399544],[-158.145625,21.400018],[-158.145698,21.400724],[-158.145627,21.401153],[-158.145356,21.402447],[-158.145104,21.403157],[-158.145008,21.403685],[-158.144742,21.404315],[-158.145254,21.404606],[-158.145574,21.403838],[-158.146206,21.401254],[-158.146287,21.400726],[-158.146242,21.399817],[-158.147182,21.399369],[-158.14737,21.399113],[-158.147397,21.398738],[-158.147239,21.397976],[-158.147396,21.3976],[-158.148017,21.397768],[-158.148434,21.397781],[-158.148655,21.397646],[-158.148777,21.397419],[-158.148785,21.397135],[-158.148696,21.396898],[-158.147857,21.39602],[-158.147792,21.395844],[-158.147878,21.395394],[-158.148214,21.395119],[-158.148762,21.395299],[-158.149031,21.395501],[-158.149653,21.395635],[-158.150222,21.39611],[-158.150707,21.396698],[-158.150962,21.396869],[-158.15121,21.396907],[-158.15151,21.396832],[-158.151943,21.396327],[-158.152551,21.396007],[-158.153141,21.395413],[-158.1538,21.3961],[-158.154518,21.395489],[-158.155404,21.395081],[-158.155872,21.395017],[-158.158884,21.396972],[-158.159152,21.397583],[-158.159855,21.39777],[-158.160558,21.398536],[-158.161477,21.398191],[-158.162496,21.39736],[-158.16544,21.398265],[-158.165741,21.397625],[-158.16693,21.397905],[-158.169916,21.398293],[-158.171275,21.398622],[-158.172667,21.399262],[-158.174121,21.400339],[-158.17556,21.401559],[-158.1764,21.402445],[-158.176537,21.403014],[-158.176408,21.403481],[-158.176114,21.404105],[-158.174999,21.40433],[-158.175315,21.405648],[-158.174611,21.405784],[-158.1749,21.407057],[-158.172115,21.408999],[-158.169138,21.416171],[-158.16894,21.421333],[-158.170322,21.424653],[-158.171626,21.426898],[-158.172833,21.426749],[-158.173303,21.428707],[-158.170402,21.430612],[-158.168332,21.43229],[-158.168727,21.432812],[-158.168166,21.432812],[-158.166459,21.432581],[-158.164776,21.43279],[-158.163785,21.432987],[-158.163256,21.433152],[-158.16263,21.433481],[-158.15898,21.436747],[-158.157989,21.437149],[-158.157521,21.437241],[-158.157823,21.437742],[-158.1589,21.437416],[-158.159325,21.437193],[-158.159858,21.436781],[-158.162536,21.43428],[-158.16299,21.433918],[-158.163515,21.433647],[-158.164866,21.433334],[-158.166502,21.433131],[-158.168121,21.433361],[-158.169114,21.433322],[-158.169181,21.433411],[-158.166693,21.436322],[-158.16621,21.436646],[-158.165951,21.43672],[-158.165621,21.436546],[-158.165287,21.436487],[-158.164569,21.436646],[-158.163864,21.436213],[-158.163561,21.43615],[-158.163315,21.436182],[-158.160065,21.437797],[-158.159936,21.437954],[-158.159887,21.438304],[-158.159322,21.43838],[-158.158892,21.438673],[-158.158701,21.43893],[-158.158482,21.439546],[-158.15908,21.439643],[-158.159227,21.439177],[-158.159464,21.438929],[-158.160168,21.438798],[-158.160402,21.438583],[-158.160342,21.438851],[-158.159456,21.439704],[-158.16042,21.439861],[-158.160486,21.439706],[-158.160703,21.439534],[-158.161159,21.439341],[-158.161813,21.439254],[-158.162694,21.439002],[-158.16357,21.439072],[-158.164001,21.439007],[-158.164413,21.438826],[-158.165892,21.437643],[-158.166206,21.437239],[-158.166551,21.437095],[-158.166755,21.437613],[-158.167453,21.43837],[-158.167509,21.438731],[-158.167334,21.439131],[-158.166149,21.440787],[-158.165546,21.441949],[-158.166257,21.441818],[-158.166655,21.441067],[-158.167841,21.439409],[-158.168088,21.438835],[-158.168108,21.438511],[-158.167971,21.438109],[-158.167165,21.437155],[-158.167163,21.43668],[-158.16728,21.436453],[-158.170172,21.433145],[-158.171641,21.432834],[-158.172065,21.432546],[-158.172705,21.431626],[-158.173047,21.43129],[-158.17343,21.431066],[-158.174085,21.4309],[-158.174768,21.430613],[-158.175549,21.429719],[-158.176212,21.429292],[-158.177066,21.429117],[-158.17847,21.429104],[-158.179293,21.429196],[-158.180425,21.429762],[-158.18203,21.431172],[-158.182101,21.432533],[-158.18177,21.433416],[-158.182059,21.434218],[-158.182625,21.435109],[-158.183212,21.434963],[-158.184767,21.438318],[-158.185182,21.439607],[-158.185998,21.4394],[-158.187088,21.442749],[-158.185764,21.443172],[-158.187014,21.445872],[-158.185993,21.446362],[-158.18673,21.448112],[-158.186807,21.448712],[-158.186991,21.449131],[-158.187271,21.44932],[-158.186199,21.44952],[-158.185445,21.449518],[-158.184939,21.449162],[-158.183853,21.448568],[-158.182693,21.447455],[-158.181999,21.447171],[-158.181649,21.447134],[-158.17986,21.44724],[-158.178652,21.447459],[-158.178026,21.447787],[-158.177079,21.448765],[-158.177538,21.449111],[-158.178414,21.448201],[-158.178871,21.44797],[-158.179931,21.447786],[-158.181837,21.447702],[-158.182346,21.447901],[-158.182605,21.4481],[-158.183248,21.448785],[-158.183785,21.449219],[-158.185312,21.450058],[-158.184176,21.451184],[-158.183083,21.453426],[-158.182149,21.455098],[-158.178724,21.454232],[-158.178355,21.454237],[-158.177706,21.454383],[-158.177658,21.454931],[-158.178635,21.454777],[-158.181884,21.455602],[-158.181308,21.456705],[-158.181211,21.457835],[-158.181094,21.458186],[-158.180602,21.458873],[-158.179702,21.458758],[-158.180339,21.459403],[-158.180602,21.459424],[-158.180731,21.459716],[-158.181372,21.459843],[-158.181126,21.45913],[-158.181686,21.458306],[-158.181836,21.457599],[-158.181872,21.456863],[-158.183611,21.453669],[-158.184683,21.451463],[-158.18538,21.450731],[-158.186195,21.450072],[-158.187113,21.449941],[-158.187761,21.449716],[-158.192371,21.453295],[-158.193981,21.454703],[-158.197953,21.457568],[-158.197953,21.457919],[-158.199897,21.45958],[-158.202497,21.461562],[-158.20218,21.461885],[-158.201975,21.462348],[-158.201924,21.463252],[-158.200882,21.463761],[-158.200433,21.464198],[-158.200174,21.464592],[-158.20065,21.464915],[-158.200897,21.464537],[-158.201242,21.464199],[-158.202396,21.46359],[-158.202533,21.463231],[-158.202537,21.462513],[-158.20271,21.462148],[-158.202942,21.461924],[-158.204113,21.46283],[-158.205497,21.461367],[-158.206985,21.462976],[-158.207531,21.462333],[-158.20764,21.462405],[-158.212358,21.467075],[-158.214093,21.466294],[-158.219216,21.475995],[-158.218586,21.476114],[-158.217883,21.475816],[-158.217047,21.475762],[-158.216582,21.475532],[-158.216031,21.475369],[-158.215578,21.475324],[-158.214611,21.475373],[-158.214231,21.475276],[-158.214253,21.475862],[-158.214579,21.475923],[-158.215933,21.475913],[-158.216878,21.476298],[-158.217692,21.476339],[-158.218241,21.476612],[-158.218643,21.476662],[-158.21967,21.478044],[-158.219985,21.47912],[-158.219914,21.479328],[-158.219572,21.47945],[-158.218681,21.479434],[-158.217057,21.479598],[-158.216646,21.479718],[-158.215938,21.480072],[-158.21556,21.480167],[-158.215187,21.480075],[-158.214274,21.479538],[-158.213763,21.479104],[-158.213207,21.478456],[-158.212952,21.478842],[-158.212955,21.479037],[-158.213342,21.479489],[-158.213917,21.479977],[-158.215073,21.48064],[-158.21579,21.480696],[-158.217146,21.480143],[-158.218731,21.479983],[-158.219646,21.479998],[-158.220185,21.479821],[-158.220546,21.479482],[-158.220571,21.479257],[-158.220677,21.479401],[-158.221505,21.478217],[-158.223397,21.479066],[-158.224865,21.479598],[-158.22517,21.478953],[-158.225438,21.478725],[-158.225833,21.478617],[-158.2266,21.478987],[-158.227584,21.479798],[-158.227776,21.480323],[-158.229834,21.482089],[-158.230346,21.483044],[-158.230361,21.484262],[-158.229889,21.484263],[-158.229787,21.484705],[-158.229803,21.486904],[-158.229363,21.488173],[-158.229057,21.490401],[-158.22686,21.49704],[-158.225339,21.49713],[-158.225242,21.497674],[-158.226674,21.497604],[-158.225998,21.499646],[-158.22822,21.501288],[-158.227928,21.504953],[-158.226994,21.505029],[-158.227007,21.505584],[-158.227905,21.50551],[-158.227855,21.506685],[-158.226668,21.508282],[-158.224194,21.5126],[-158.227901,21.517849],[-158.22787,21.52061],[-158.22747,21.522331],[-158.227379,21.523187],[-158.227432,21.524009],[-158.227768,21.525764],[-158.225411,21.52575],[-158.225468,21.526662],[-158.22489,21.52676],[-158.224486,21.526745],[-158.223825,21.526127],[-158.22333,21.525831],[-158.222836,21.526226],[-158.22343,21.526536],[-158.223914,21.527026],[-158.224267,21.527259],[-158.224616,21.527335],[-158.225502,21.527213],[-158.225701,21.530456],[-158.224324,21.53077],[-158.223931,21.530968],[-158.223543,21.531354],[-158.223082,21.531344],[-158.22289,21.531405],[-158.222942,21.531938],[-158.223789,21.53186],[-158.224322,21.531382],[-158.224557,21.531276],[-158.225735,21.531007],[-158.225782,21.531718],[-158.227463,21.531387],[-158.227983,21.534169],[-158.227317,21.534432],[-158.226724,21.534545],[-158.226167,21.534849],[-158.226549,21.535288],[-158.226957,21.535051],[-158.227471,21.534965],[-158.228123,21.534712],[-158.228561,21.535615],[-158.229097,21.536262],[-158.232903,21.539682],[-158.235934,21.542013],[-158.237899,21.544413],[-158.239037,21.545353],[-158.238852,21.54547],[-158.2393,21.545846],[-158.239379,21.545805],[-158.239407,21.546686],[-158.239051,21.546844],[-158.238823,21.547817],[-158.238395,21.548908],[-158.238625,21.549595],[-158.240943,21.552161],[-158.244474,21.555645],[-158.245474,21.556226],[-158.247536,21.556863],[-158.249923,21.556573],[-158.252855,21.557634],[-158.253219,21.557974],[-158.25429,21.558731],[-158.255291,21.559034],[-158.256863,21.560415],[-158.258777,21.561752],[-158.260053,21.562963],[-158.26151,21.563833],[-158.263105,21.565213],[-158.269437,21.56966],[-158.273902,21.57211],[-158.274506,21.57229],[-158.275088,21.572893],[-158.27524,21.573557],[-158.274961,21.574263],[-158.273693,21.574816],[-158.272248,21.575216],[-158.261311,21.576678],[-158.261138,21.576384],[-158.259398,21.575509],[-158.259238,21.575562],[-158.259136,21.575688],[-158.259125,21.575846],[-158.259209,21.575984],[-158.259854,21.576413],[-158.26063,21.576769],[-158.259256,21.576953],[-158.257079,21.576957],[-158.251256,21.578007],[-158.250412,21.578014],[-158.250383,21.577848],[-158.25046,21.577679],[-158.251032,21.577292],[-158.251108,21.576965],[-158.25102,21.576756],[-158.250656,21.576448],[-158.25053,21.576084],[-158.250097,21.576129],[-158.25004,21.576414],[-158.250136,21.576716],[-158.250475,21.577022],[-158.249977,21.577355],[-158.249825,21.577663],[-158.2498,21.577954],[-158.247778,21.577755],[-158.235713,21.579065],[-158.234442,21.578848],[-158.227659,21.577177],[-158.222652,21.57667],[-158.215622,21.576746],[-158.212489,21.577974],[-158.209685,21.576857],[-158.208421,21.576711],[-158.204833,21.57756],[-158.192327,21.57747],[-158.192326,21.576562],[-158.189454,21.572342],[-158.186551,21.572562],[-158.1864,21.571056],[-158.186172,21.570633],[-158.186209,21.570429],[-158.185583,21.570712],[-158.185818,21.571145],[-158.185968,21.572646],[-158.18239,21.5733],[-158.180383,21.574485],[-158.178292,21.574192],[-158.178435,21.573586],[-158.178348,21.573072],[-158.178143,21.57277],[-158.177703,21.572458],[-158.177428,21.571988],[-158.177731,21.571452],[-158.17838,21.571077],[-158.178657,21.570297],[-158.178658,21.570056],[-158.178534,21.56983],[-158.178216,21.569527],[-158.177991,21.569425],[-158.177884,21.569023],[-158.177765,21.568868],[-158.177089,21.568587],[-158.176754,21.568339],[-158.176254,21.568636],[-158.17679,21.569063],[-158.177355,21.569278],[-158.177438,21.569775],[-158.177846,21.56996],[-158.178071,21.570175],[-158.177904,21.570735],[-158.177273,21.571079],[-158.177145,21.571381],[-158.176886,21.571707],[-158.176837,21.571966],[-158.17691,21.572279],[-158.177221,21.572775],[-158.177778,21.573219],[-158.177846,21.573554],[-158.177728,21.574029],[-158.174692,21.572633],[-158.17424,21.572169],[-158.173156,21.571663],[-158.17205,21.571538],[-158.17144,21.571032],[-158.170852,21.570125],[-158.169926,21.569429],[-158.168932,21.569197],[-158.168264,21.569232],[-158.168268,21.568662],[-158.167995,21.56842],[-158.166337,21.56774],[-158.165333,21.567471],[-158.164798,21.567433],[-158.163943,21.567538],[-158.163447,21.567688],[-158.162497,21.56758],[-158.161729,21.567],[-158.161217,21.567305],[-158.162316,21.568106],[-158.163457,21.568239],[-158.164056,21.568079],[-158.164842,21.567983],[-158.165252,21.568017],[-158.166144,21.56826],[-158.167695,21.568897],[-158.167675,21.569214],[-158.167104,21.569178],[-158.16607,21.572832],[-158.165552,21.574036],[-158.159169,21.575197],[-158.149793,21.572902],[-158.143759,21.573529],[-158.144195,21.57139],[-158.14459,21.571081],[-158.145759,21.570635],[-158.146223,21.570375],[-158.146461,21.570048],[-158.146577,21.569638],[-158.146479,21.568961],[-158.146314,21.568535],[-158.146017,21.568173],[-158.145775,21.568014],[-158.146209,21.567751],[-158.146299,21.567573],[-158.14629,21.567304],[-158.145931,21.566955],[-158.145832,21.566592],[-158.145133,21.566156],[-158.145241,21.565938],[-158.145154,21.565573],[-158.144531,21.56517],[-158.143868,21.565474],[-158.144463,21.565845],[-158.144321,21.565925],[-158.144197,21.566158],[-158.144232,21.566454],[-158.144366,21.566634],[-158.144639,21.566773],[-158.144964,21.566715],[-158.14534,21.566922],[-158.145392,21.567231],[-158.145686,21.567461],[-158.145402,21.567502],[-158.145184,21.567619],[-158.145077,21.567811],[-158.145084,21.568049],[-158.145211,21.568278],[-158.145789,21.568786],[-158.145964,21.569354],[-158.145979,21.569679],[-158.145733,21.570032],[-158.144312,21.570596],[-158.143892,21.570862],[-158.143707,21.571082],[-158.143555,21.571445],[-158.143147,21.573593],[-158.13277,21.57467],[-158.132326,21.573052],[-158.132205,21.57186],[-158.131998,21.571136],[-158.13202,21.570932],[-158.13238,21.570446],[-158.132736,21.569786],[-158.13272,21.569505],[-158.132449,21.569364],[-158.132204,21.569507],[-158.131872,21.570167],[-158.131493,21.570685],[-158.13141,21.570997],[-158.131623,21.571946],[-158.13175,21.573169],[-158.132106,21.574373],[-158.132217,21.575014],[-158.131838,21.575317],[-158.124204,21.57658],[-158.124206,21.576159],[-158.123105,21.573904],[-158.12246,21.574011],[-158.121112,21.574004],[-158.120586,21.573546],[-158.12057,21.573205],[-158.121062,21.57244],[-158.12129,21.571856],[-158.120859,21.571157],[-158.120252,21.570664],[-158.1191,21.570608],[-158.118801,21.57046],[-158.118889,21.569969],[-158.118844,21.569547],[-158.118685,21.569169],[-158.118039,21.568422],[-158.117514,21.567113],[-158.117642,21.566342],[-158.11752,21.565718],[-158.11814,21.565746],[-158.118996,21.565965],[-158.119895,21.565907],[-158.120279,21.565741],[-158.120961,21.565123],[-158.121189,21.564505],[-158.121127,21.564204],[-158.120969,21.563957],[-158.121135,21.563168],[-158.121377,21.562535],[-158.122155,21.561747],[-158.122248,21.561349],[-158.122203,21.56114],[-158.121689,21.560387],[-158.120942,21.559646],[-158.120572,21.559405],[-158.120614,21.558483],[-158.120521,21.558217],[-158.120624,21.557439],[-158.120955,21.556861],[-158.120981,21.556645],[-158.120841,21.5559],[-158.121005,21.555674],[-158.121653,21.555971],[-158.121959,21.555991],[-158.122174,21.555904],[-158.122623,21.555044],[-158.123556,21.554378],[-158.123736,21.553838],[-158.123264,21.553423],[-158.123057,21.554077],[-158.122213,21.554646],[-158.12192,21.555091],[-158.121794,21.555429],[-158.121612,21.555352],[-158.121866,21.55515],[-158.121946,21.554948],[-158.121959,21.554735],[-158.121873,21.554541],[-158.121222,21.554101],[-158.120921,21.553976],[-158.120217,21.553938],[-158.119625,21.553066],[-158.119344,21.552808],[-158.11968,21.552182],[-158.121161,21.552029],[-158.121525,21.551894],[-158.121114,21.551533],[-158.121019,21.551491],[-158.119412,21.551683],[-158.119176,21.551889],[-158.118809,21.55257],[-158.118046,21.552181],[-158.118659,21.551635],[-158.118922,21.551234],[-158.118916,21.550892],[-158.118713,21.550715],[-158.118416,21.5508],[-158.118262,21.551218],[-158.1177,21.551733],[-158.117063,21.550723],[-158.116577,21.550261],[-158.116319,21.550125],[-158.11561,21.549945],[-158.115026,21.549968],[-158.114128,21.550225],[-158.113136,21.550696],[-158.112304,21.550867],[-158.112166,21.551145],[-158.112284,21.551325],[-158.112503,21.551374],[-158.113321,21.55122],[-158.114347,21.550737],[-158.115174,21.550502],[-158.115511,21.55049],[-158.116114,21.550643],[-158.116558,21.551019],[-158.117558,21.552506],[-158.117839,21.552742],[-158.118982,21.553243],[-158.1193,21.553587],[-158.119744,21.554286],[-158.120159,21.554491],[-158.120728,21.554498],[-158.121359,21.554839],[-158.120892,21.555038],[-158.120613,21.555258],[-158.120356,21.555535],[-158.120266,21.555774],[-158.120258,21.556151],[-158.120388,21.556683],[-158.120047,21.557322],[-158.119931,21.558203],[-158.120024,21.558568],[-158.119959,21.558946],[-158.120049,21.559673],[-158.120515,21.560027],[-158.121221,21.560723],[-158.121658,21.561358],[-158.12162,21.56151],[-158.120847,21.562273],[-158.120569,21.563017],[-158.12038,21.563923],[-158.120436,21.564271],[-158.120589,21.564475],[-158.120439,21.564863],[-158.119929,21.565297],[-158.119768,21.565368],[-158.119086,21.565416],[-158.117761,21.56515],[-158.11721,21.565221],[-158.116948,21.56557],[-158.116907,21.56593],[-158.117053,21.566296],[-158.116977,21.566718],[-158.116379,21.566687],[-158.115982,21.566742],[-158.115385,21.566109],[-158.11501,21.565426],[-158.114645,21.565195],[-158.113055,21.5648],[-158.11085,21.564755],[-158.110149,21.564814],[-158.109403,21.564388],[-158.108735,21.563711],[-158.108707,21.563561],[-158.108841,21.56301],[-158.108794,21.562599],[-158.108423,21.561921],[-158.108117,21.561616],[-158.106036,21.56039],[-158.105329,21.5603],[-158.104473,21.560545],[-158.103942,21.560476],[-158.103209,21.560266],[-158.102641,21.559746],[-158.102008,21.558822],[-158.101943,21.558367],[-158.102167,21.557768],[-158.102141,21.557544],[-158.101562,21.557714],[-158.101361,21.558275],[-158.101357,21.558684],[-158.101454,21.559013],[-158.101781,21.559594],[-158.102229,21.560146],[-158.102897,21.560734],[-158.103815,21.561015],[-158.104435,21.561096],[-158.10487,21.561042],[-158.105418,21.560845],[-158.105871,21.560919],[-158.107758,21.562054],[-158.107935,21.562233],[-158.108221,21.562746],[-158.108252,21.562969],[-158.108115,21.563537],[-158.108161,21.563884],[-158.108566,21.564407],[-158.107639,21.564478],[-158.106975,21.564314],[-158.106425,21.564036],[-158.10581,21.563906],[-158.105366,21.563414],[-158.104438,21.56285],[-158.103937,21.562753],[-158.103226,21.562813],[-158.102716,21.562591],[-158.102347,21.562262],[-158.102656,21.562973],[-158.103151,21.563367],[-158.103955,21.563305],[-158.104179,21.563347],[-158.104996,21.563843],[-158.105469,21.564371],[-158.106208,21.564549],[-158.106742,21.564821],[-158.107514,21.565018],[-158.109177,21.564903],[-158.109578,21.565176],[-158.110069,21.565362],[-158.110837,21.565306],[-158.112963,21.565345],[-158.114433,21.565711],[-158.114618,21.565851],[-158.114918,21.566447],[-158.115683,21.567225],[-158.115898,21.567293],[-158.116901,21.567273],[-158.114079,21.570121],[-158.114114,21.571483],[-158.114878,21.573261],[-158.115032,21.573935],[-158.112151,21.575299],[-158.112121,21.576058],[-158.109119,21.576205],[-158.107703,21.577842],[-158.105708,21.577738],[-158.103921,21.577485],[-158.103644,21.579124],[-158.103339,21.578952],[-158.102962,21.578575],[-158.102773,21.57827],[-158.10241,21.57804],[-158.102129,21.577699],[-158.101916,21.576988],[-158.101932,21.576386],[-158.101789,21.575626],[-158.101798,21.575205],[-158.10147,21.574765],[-158.101094,21.574531],[-158.100257,21.57427],[-158.099917,21.574291],[-158.099444,21.574458],[-158.098545,21.575043],[-158.097135,21.574899],[-158.096556,21.575081],[-158.095055,21.575318],[-158.094833,21.57542],[-158.094583,21.575759],[-158.094479,21.575811],[-158.094118,21.575787],[-158.093205,21.575293],[-158.092674,21.575178],[-158.092063,21.574793],[-158.091832,21.574517],[-158.091194,21.573394],[-158.090107,21.572258],[-158.089886,21.57214],[-158.089483,21.572105],[-158.088857,21.572245],[-158.088681,21.572445],[-158.088726,21.572652],[-158.088894,21.572765],[-158.089725,21.572682],[-158.090703,21.5737],[-158.09134,21.57482],[-158.091841,21.575341],[-158.092427,21.575679],[-158.092929,21.575783],[-158.093706,21.576227],[-158.094012,21.57633],[-158.09463,21.576351],[-158.094958,21.576185],[-158.095253,21.575837],[-158.096708,21.575613],[-158.09725,21.57544],[-158.098257,21.575612],[-158.098717,21.57557],[-158.09976,21.574925],[-158.100025,21.574833],[-158.100166,21.574816],[-158.100823,21.575021],[-158.101031,21.575136],[-158.101221,21.575366],[-158.101203,21.575698],[-158.101344,21.576408],[-158.10133,21.577042],[-158.101592,21.577929],[-158.10197,21.578418],[-158.102335,21.57865],[-158.102507,21.578926],[-158.102937,21.579356],[-158.103551,21.579674],[-158.103538,21.579753],[-158.102677,21.580104],[-158.102192,21.580382],[-158.101983,21.580637],[-158.100723,21.580352],[-158.100186,21.580388],[-158.099603,21.58057],[-158.099281,21.580804],[-158.098802,21.581664],[-158.098315,21.582233],[-158.098028,21.582391],[-158.097084,21.582411],[-158.09605,21.582731],[-158.095615,21.582717],[-158.093414,21.581991],[-158.091431,21.580535],[-158.090768,21.580511],[-158.090939,21.58088],[-158.091555,21.581274],[-158.09281,21.582304],[-158.093167,21.582491],[-158.095477,21.583253],[-158.096142,21.583276],[-158.097216,21.582949],[-158.097983,21.582958],[-158.098466,21.582797],[-158.098725,21.58263],[-158.099187,21.582122],[-158.099781,21.581105],[-158.100334,21.580922],[-158.100707,21.580905],[-158.101527,21.581138],[-158.102142,21.581183],[-158.102315,21.581125],[-158.102558,21.580818],[-158.103429,21.580397],[-158.103418,21.580458],[-158.105112,21.580515],[-158.105501,21.58062],[-158.105834,21.580558],[-158.106224,21.580301],[-158.106493,21.580814],[-158.105808,21.581349],[-158.10513,21.582362],[-158.103176,21.581893],[-158.102781,21.58423],[-158.103677,21.58423],[-158.103437,21.585494],[-158.103598,21.585594],[-158.103171,21.587288],[-158.102719,21.591044],[-158.102759,21.591195],[-158.101501,21.591458],[-158.0996,21.592048],[-158.095686,21.592114],[-158.094204,21.591823],[-158.092892,21.592336],[-158.089697,21.590092],[-158.089648,21.590141],[-158.087491,21.58987],[-158.086778,21.589633],[-158.085988,21.589512],[-158.08502,21.589689],[-158.084399,21.590071],[-158.083979,21.589565],[-158.083922,21.589389],[-158.083945,21.588842],[-158.083855,21.588706],[-158.083699,21.58864],[-158.083514,21.588675],[-158.083389,21.588808],[-158.083336,21.58947],[-158.083467,21.589841],[-158.08398,21.590459],[-158.083209,21.591083],[-158.082776,21.591161],[-158.082424,21.590785],[-158.081966,21.589553],[-158.081691,21.588551],[-158.081464,21.588124],[-158.081198,21.587871],[-158.080854,21.587748],[-158.080672,21.587604],[-158.080465,21.587597],[-158.080305,21.587721],[-158.080207,21.587989],[-158.079664,21.588305],[-158.079211,21.588425],[-158.079087,21.588558],[-158.079125,21.588831],[-158.079411,21.588934],[-158.079913,21.588804],[-158.080744,21.588296],[-158.080831,21.588303],[-158.081091,21.588666],[-158.081885,21.591009],[-158.082062,21.591294],[-158.082561,21.591677],[-158.082995,21.591722],[-158.083487,21.591569],[-158.084069,21.59116],[-158.084625,21.590603],[-158.085027,21.590313],[-158.085453,21.590137],[-158.085831,21.590076],[-158.08664,21.590169],[-158.087376,21.590412],[-158.089446,21.590662],[-158.091002,21.592887],[-158.09481,21.593864],[-158.097065,21.594815],[-158.098862,21.594814],[-158.09853,21.598176],[-158.092846,21.599853],[-158.090979,21.603243],[-158.090633,21.603054],[-158.090078,21.60291],[-158.089677,21.602927],[-158.088935,21.60318],[-158.088894,21.603483],[-158.089064,21.603622],[-158.089342,21.603625],[-158.089823,21.603461],[-158.090029,21.603459],[-158.09071,21.603733],[-158.085914,21.612441],[-158.0865,21.612831],[-158.085205,21.615893],[-158.084814,21.616117],[-158.084628,21.616021],[-158.08347,21.615043],[-158.082567,21.614525],[-158.081806,21.614413],[-158.081079,21.614631],[-158.080977,21.614819],[-158.081138,21.615085],[-158.081411,21.615107],[-158.081883,21.61496],[-158.082351,21.615039],[-158.083107,21.615478],[-158.084241,21.616444],[-158.083021,21.61714],[-158.079382,21.620207],[-158.077696,21.619267],[-158.077509,21.619244],[-158.077345,21.619332],[-158.077277,21.619567],[-158.077452,21.619791],[-158.078931,21.620587],[-158.074191,21.624407],[-158.074057,21.626695],[-158.07319,21.627506],[-158.071331,21.625999],[-158.071135,21.62594],[-158.070924,21.626037],[-158.070856,21.626247],[-158.071001,21.626487],[-158.072773,21.627896],[-158.071788,21.628817],[-158.070836,21.628434],[-158.068902,21.632216],[-158.068709,21.633946],[-158.067959,21.634833],[-158.067759,21.636351],[-158.066997,21.637417],[-158.066415,21.6378],[-158.06603,21.637913],[-158.064852,21.638001],[-158.063996,21.6385],[-158.062493,21.639043],[-158.061471,21.638967],[-158.059403,21.636852],[-158.059085,21.636173],[-158.058921,21.636127],[-158.058746,21.636181],[-158.058491,21.63592],[-158.057451,21.636706],[-158.05693,21.636441],[-158.056368,21.63604],[-158.055482,21.636044],[-158.055323,21.635963],[-158.054758,21.634827],[-158.054157,21.633978],[-158.053862,21.633706],[-158.053335,21.633437],[-158.051093,21.632705],[-158.050667,21.632481],[-158.05009,21.631888],[-158.049883,21.631881],[-158.049714,21.63202],[-158.049699,21.632231],[-158.049885,21.632528],[-158.050343,21.632942],[-158.05086,21.633212],[-158.053115,21.633948],[-158.053485,21.63413],[-158.053685,21.634309],[-158.054346,21.635303],[-158.053715,21.635293],[-158.053397,21.635402],[-158.05288,21.635992],[-158.052493,21.636116],[-158.052152,21.636091],[-158.051662,21.635779],[-158.051469,21.635766],[-158.051265,21.635948],[-158.051349,21.636238],[-158.051973,21.636623],[-158.052581,21.636662],[-158.053243,21.636427],[-158.0535,21.636193],[-158.053699,21.635881],[-158.054627,21.635837],[-158.054838,21.636292],[-158.055242,21.636548],[-158.055565,21.636631],[-158.056182,21.636576],[-158.056933,21.637063],[-158.056747,21.637239],[-158.056883,21.637361],[-158.056879,21.63755],[-158.057038,21.637763],[-158.05757,21.637978],[-158.060028,21.640212],[-158.060098,21.640608],[-158.060352,21.640966],[-158.062145,21.642118],[-158.063146,21.64297],[-158.062745,21.643087],[-158.062309,21.642922],[-158.06212,21.642934],[-158.061944,21.643135],[-158.062025,21.643383],[-158.062371,21.643571],[-158.062732,21.643641],[-158.063233,21.643544],[-158.063532,21.643399],[-158.063696,21.643627],[-158.063814,21.644135],[-158.063741,21.644629],[-158.061358,21.647973],[-158.062454,21.648133],[-158.062066,21.649842],[-158.059864,21.650555],[-158.056056,21.656098],[-158.05687,21.656487],[-158.056707,21.656752],[-158.05622,21.656498],[-158.055733,21.656837],[-158.056413,21.657232],[-158.056057,21.657813],[-158.055126,21.658869],[-158.054036,21.659801],[-158.053552,21.659918],[-158.052854,21.660256],[-158.051556,21.660643],[-158.050872,21.6612],[-158.049957,21.661482],[-158.049413,21.661481],[-158.048982,21.661929],[-158.049402,21.662039],[-158.050108,21.662015],[-158.051144,21.66169],[-158.051833,21.661133],[-158.053303,21.660665],[-158.053073,21.661294],[-158.046816,21.666609],[-158.042199,21.671645],[-158.040638,21.670817],[-158.040576,21.670897],[-158.040845,21.669827],[-158.04077,21.669278],[-158.040565,21.669044],[-158.040118,21.668777],[-158.03943,21.668728],[-158.039252,21.66891],[-158.039152,21.669291],[-158.039908,21.669296],[-158.040232,21.669523],[-158.040223,21.669926],[-158.03999,21.670686],[-158.040024,21.671273],[-158.03878,21.672005],[-158.037319,21.67349],[-158.035519,21.674823],[-158.035236,21.675349],[-158.035682,21.675356],[-158.036222,21.675049],[-158.037721,21.673894],[-158.039148,21.672436],[-158.039607,21.672144],[-158.035613,21.677286],[-158.035451,21.678387],[-158.034073,21.679103],[-158.033701,21.678649],[-158.033251,21.678399],[-158.032988,21.677782],[-158.032873,21.677],[-158.032644,21.676619],[-158.032347,21.676487],[-158.032039,21.676478],[-158.031526,21.676666],[-158.031275,21.677281],[-158.032099,21.677028],[-158.032258,21.677044],[-158.032427,21.677959],[-158.032689,21.678604],[-158.032916,21.678874],[-158.032774,21.679078],[-158.032113,21.679651],[-158.031832,21.680435],[-158.030271,21.682682],[-158.029806,21.682994],[-158.028192,21.682246],[-158.028052,21.682118],[-158.027604,21.682381],[-158.02789,21.682722],[-158.029268,21.683327],[-158.027137,21.684494],[-158.026343,21.684512],[-158.025062,21.685184],[-158.023076,21.686698],[-158.021434,21.688568],[-158.021048,21.687396],[-158.020703,21.686723],[-158.020195,21.686996],[-158.020499,21.687598],[-158.020899,21.688895],[-158.020891,21.689332],[-158.020568,21.689824],[-158.018228,21.690458],[-158.015935,21.690086],[-158.015458,21.689639],[-158.01492,21.689283],[-158.014379,21.689574],[-158.015091,21.690071],[-158.015391,21.690397],[-158.015902,21.690651],[-158.016952,21.690804],[-158.007253,21.693431],[-158.006425,21.693298],[-158.005194,21.69348],[-158.004509,21.693456],[-158.003388,21.693966],[-158.003047,21.694277],[-158.002324,21.694447],[-158.001732,21.694316],[-158.001568,21.694033],[-158.001514,21.693601],[-158.001585,21.692404],[-158.001661,21.692136],[-158.001804,21.6919],[-158.002418,21.691275],[-158.001263,21.691676],[-158.00113,21.691897],[-158.000998,21.692351],[-158.000923,21.693623],[-158.000988,21.694135],[-158.001126,21.694476],[-158.001326,21.69472],[-158.001725,21.694912],[-158.00235,21.694998],[-158.002901,21.694895],[-158.000753,21.696146],[-157.997685,21.696146],[-157.992518,21.697394],[-157.99352,21.695246],[-157.993654,21.694814],[-157.993831,21.693448],[-157.994206,21.692688],[-157.994278,21.692311],[-157.994159,21.691847],[-157.993297,21.691061],[-157.992786,21.690327],[-157.992384,21.690738],[-157.992387,21.690828],[-157.99287,21.691441],[-157.993647,21.692125],[-157.993688,21.692331],[-157.993251,21.693338],[-157.993072,21.694725],[-157.992967,21.695053],[-157.991818,21.697528],[-157.988173,21.698096],[-157.984744,21.699502],[-157.983863,21.698701],[-157.983374,21.697787],[-157.983213,21.697652],[-157.981439,21.697086],[-157.981268,21.697102],[-157.980874,21.6973],[-157.979911,21.696962],[-157.978464,21.693925],[-157.978097,21.692984],[-157.978145,21.692212],[-157.978013,21.691644],[-157.977483,21.691925],[-157.977553,21.692244],[-157.97748,21.692813],[-157.977525,21.693127],[-157.977921,21.694141],[-157.979433,21.697305],[-157.97963,21.697451],[-157.980822,21.697859],[-157.981064,21.697831],[-157.981414,21.69765],[-157.982899,21.69813],[-157.983416,21.699063],[-157.984162,21.699741],[-157.979375,21.701705],[-157.976648,21.699223],[-157.974829,21.699002],[-157.974138,21.700259],[-157.972828,21.700463],[-157.971555,21.700361],[-157.9693,21.699052],[-157.963788,21.696073],[-157.959784,21.692298],[-157.959205,21.691473],[-157.958866,21.690577],[-157.961817,21.693006],[-157.962532,21.693478],[-157.964053,21.694238],[-157.964685,21.694274],[-157.967361,21.693742],[-157.970116,21.693655],[-157.970667,21.693776],[-157.970882,21.694384],[-157.971065,21.694584],[-157.971446,21.694743],[-157.972308,21.695],[-157.973206,21.695124],[-157.974499,21.695084],[-157.974638,21.694991],[-157.974698,21.694842],[-157.974659,21.694686],[-157.974534,21.694577],[-157.972787,21.694518],[-157.971645,21.694225],[-157.97137,21.694075],[-157.971118,21.693351],[-157.970432,21.693142],[-157.969571,21.693084],[-157.967619,21.693167],[-157.966674,21.693296],[-157.967929,21.692359],[-157.970562,21.691159],[-157.970901,21.690847],[-157.970988,21.690646],[-157.970975,21.6904],[-157.971315,21.690012],[-157.971582,21.68987],[-157.972695,21.689614],[-157.972822,21.689473],[-157.972795,21.689232],[-157.972288,21.689163],[-157.971171,21.689449],[-157.970872,21.689645],[-157.970476,21.690093],[-157.970384,21.690273],[-157.970397,21.690552],[-157.970206,21.690719],[-157.967642,21.691877],[-157.966035,21.693054],[-157.965713,21.693187],[-157.964997,21.693319],[-157.964856,21.693436],[-157.964767,21.693678],[-157.964206,21.693706],[-157.963159,21.693179],[-157.965158,21.689811],[-157.966042,21.688677],[-157.967398,21.685743],[-157.966756,21.685071],[-157.966891,21.685448],[-157.965522,21.688419],[-157.964652,21.689527],[-157.962658,21.692887],[-157.961821,21.6923],[-157.95859,21.689577],[-157.958591,21.686693],[-157.961169,21.684171],[-157.956515,21.680657],[-157.956645,21.68058],[-157.958935,21.680557],[-157.959506,21.680707],[-157.960043,21.680951],[-157.960603,21.681074],[-157.960927,21.681063],[-157.96147,21.680899],[-157.962164,21.681032],[-157.962489,21.681289],[-157.962637,21.680674],[-157.962353,21.680506],[-157.96154,21.680351],[-157.961238,21.68037],[-157.960757,21.680532],[-157.960471,21.680496],[-157.959461,21.680118],[-157.958479,21.679971],[-157.956571,21.680032],[-157.956065,21.680301],[-157.952828,21.67773],[-157.945709,21.681993],[-157.941986,21.678211],[-157.940988,21.676879],[-157.942413,21.674828],[-157.944186,21.674444],[-157.942852,21.673558],[-157.943342,21.673102],[-157.942579,21.672573],[-157.94198,21.672979],[-157.941294,21.672523],[-157.941371,21.672368],[-157.948148,21.672185],[-157.948529,21.672254],[-157.949511,21.672244],[-157.950428,21.671994],[-157.951424,21.671427],[-157.95242,21.671155],[-157.953094,21.670728],[-157.953059,21.670451],[-157.952751,21.670281],[-157.95222,21.670635],[-157.951188,21.670922],[-157.950189,21.67149],[-157.949389,21.671704],[-157.94856,21.671703],[-157.948134,21.671633],[-157.942025,21.671821],[-157.944216,21.670267],[-157.943271,21.668785],[-157.941899,21.666971],[-157.943455,21.665599],[-157.943674,21.665654],[-157.94481,21.66551],[-157.945153,21.665722],[-157.94642,21.666064],[-157.946572,21.666028],[-157.946807,21.665823],[-157.947054,21.665766],[-157.94715,21.665473],[-157.946899,21.665278],[-157.946599,21.665276],[-157.946342,21.665478],[-157.945369,21.665208],[-157.944896,21.664955],[-157.944159,21.665037],[-157.950846,21.659508],[-157.950698,21.659317],[-157.950399,21.659141],[-157.942912,21.665298],[-157.941493,21.666571],[-157.940853,21.665941],[-157.94075,21.665554],[-157.940848,21.665118],[-157.941509,21.664363],[-157.941547,21.664109],[-157.941437,21.663814],[-157.941013,21.663535],[-157.940515,21.662858],[-157.938301,21.663129],[-157.93549,21.66007],[-157.934724,21.658468],[-157.933958,21.657273],[-157.931172,21.65634],[-157.931008,21.65567],[-157.93164,21.654822],[-157.932559,21.654821],[-157.933327,21.654722],[-157.933787,21.654447],[-157.934222,21.653886],[-157.934273,21.652691],[-157.934401,21.652452],[-157.935603,21.651891],[-157.935871,21.651569],[-157.935064,21.650251],[-157.937175,21.648708],[-157.938371,21.648167],[-157.939012,21.648331],[-157.939602,21.648798],[-157.940202,21.649089],[-157.940765,21.649641],[-157.941085,21.649443],[-157.941202,21.64927],[-157.940618,21.648683],[-157.939671,21.648151],[-157.941936,21.646918],[-157.942271,21.646582],[-157.942361,21.646214],[-157.942495,21.646042],[-157.943006,21.645763],[-157.943518,21.645845],[-157.943866,21.645331],[-157.94322,21.645232],[-157.943208,21.645062],[-157.942607,21.644908],[-157.942636,21.645327],[-157.942009,21.645714],[-157.941797,21.646035],[-157.941749,21.646323],[-157.941619,21.646451],[-157.94032,21.647177],[-157.939913,21.647332],[-157.939277,21.647736],[-157.939138,21.647792],[-157.938836,21.647715],[-157.939305,21.647224],[-157.939824,21.646432],[-157.940464,21.644549],[-157.940578,21.64439],[-157.939979,21.644237],[-157.939289,21.646194],[-157.93882,21.646911],[-157.938402,21.64733],[-157.938032,21.645842],[-157.937931,21.64479],[-157.937491,21.64345],[-157.936701,21.643184],[-157.936921,21.643588],[-157.937362,21.644934],[-157.937454,21.64595],[-157.937753,21.647126],[-157.933996,21.648522],[-157.933751,21.648091],[-157.932703,21.649166],[-157.932396,21.64968],[-157.931936,21.650193],[-157.931812,21.650305],[-157.931676,21.650289],[-157.931395,21.649846],[-157.931033,21.649759],[-157.930581,21.64981],[-157.929933,21.647995],[-157.929028,21.648237],[-157.928958,21.648088],[-157.92871,21.64805],[-157.928511,21.647316],[-157.929058,21.647084],[-157.928949,21.646693],[-157.927964,21.646897],[-157.927488,21.645521],[-157.926722,21.644823],[-157.92716,21.644228],[-157.927076,21.643638],[-157.926744,21.64322],[-157.926361,21.642849],[-157.923907,21.642478],[-157.923369,21.642154],[-157.922818,21.642482],[-157.922399,21.641904],[-157.922247,21.641055],[-157.920429,21.639392],[-157.920894,21.637736],[-157.922005,21.637869],[-157.922063,21.637412],[-157.921083,21.637263],[-157.921786,21.636098],[-157.923506,21.636651],[-157.924213,21.637093],[-157.924893,21.637659],[-157.926603,21.637915],[-157.927408,21.637859],[-157.928269,21.637492],[-157.928903,21.637064],[-157.92929,21.636519],[-157.928702,21.636198],[-157.928701,21.636421],[-157.928155,21.636917],[-157.927302,21.637315],[-157.92668,21.637368],[-157.92512,21.637149],[-157.92414,21.636358],[-157.923164,21.635954],[-157.923731,21.6353],[-157.923637,21.633957],[-157.923444,21.632893],[-157.923721,21.632679],[-157.923896,21.632315],[-157.924389,21.631629],[-157.925135,21.631258],[-157.925401,21.630975],[-157.925515,21.630594],[-157.926035,21.630427],[-157.926518,21.630027],[-157.92627,21.629445],[-157.925739,21.62995],[-157.925172,21.63013],[-157.924999,21.630309],[-157.924793,21.630807],[-157.923973,21.63123],[-157.923393,21.632025],[-157.923262,21.63233],[-157.923151,21.632373],[-157.922997,21.63179],[-157.92322,21.630958],[-157.923374,21.630694],[-157.923776,21.630487],[-157.924341,21.63046],[-157.924171,21.629028],[-157.923902,21.628205],[-157.924137,21.628121],[-157.924701,21.627678],[-157.925168,21.627441],[-157.925346,21.627279],[-157.925322,21.627222],[-157.924985,21.626795],[-157.924794,21.627013],[-157.923684,21.627692],[-157.922895,21.625897],[-157.922592,21.62541],[-157.923286,21.624642],[-157.922921,21.62418],[-157.922272,21.624896],[-157.922039,21.624523],[-157.918597,21.620894],[-157.918319,21.620441],[-157.918634,21.619455],[-157.917975,21.619324],[-157.916251,21.620756],[-157.916061,21.620742],[-157.915033,21.619439],[-157.91456,21.618522],[-157.91486,21.618363],[-157.914448,21.617533],[-157.915031,21.617447],[-157.915512,21.61714],[-157.91601,21.617057],[-157.916333,21.616925],[-157.916029,21.616445],[-157.915303,21.616623],[-157.914841,21.61691],[-157.915541,21.615365],[-157.915031,21.613477],[-157.914533,21.613572],[-157.913777,21.612736],[-157.912234,21.611803],[-157.912157,21.610829],[-157.911749,21.610523],[-157.911932,21.610316],[-157.912313,21.610204],[-157.912321,21.609721],[-157.913198,21.609708],[-157.913602,21.609417],[-157.913801,21.609426],[-157.913702,21.609187],[-157.913304,21.608935],[-157.912966,21.609197],[-157.91233,21.60917],[-157.911937,21.607956],[-157.910145,21.606456],[-157.910373,21.606243],[-157.909411,21.605431],[-157.909304,21.605254],[-157.909842,21.605107],[-157.910367,21.604745],[-157.911003,21.604449],[-157.910516,21.604053],[-157.909557,21.604623],[-157.909004,21.604759],[-157.908566,21.604048],[-157.908722,21.603751],[-157.908716,21.603329],[-157.909458,21.603195],[-157.908877,21.602723],[-157.908421,21.60284],[-157.908216,21.60303],[-157.908133,21.603204],[-157.908145,21.603611],[-157.90792,21.604167],[-157.907477,21.604125],[-157.907702,21.603653],[-157.907593,21.603381],[-157.907757,21.602567],[-157.907557,21.601616],[-157.907665,21.601335],[-157.907481,21.600849],[-157.903084,21.598689],[-157.902454,21.597994],[-157.903587,21.597426],[-157.904071,21.59687],[-157.904278,21.596091],[-157.904161,21.594671],[-157.904411,21.59332],[-157.903717,21.592744],[-157.903826,21.59345],[-157.903573,21.594641],[-157.903692,21.596024],[-157.903577,21.596535],[-157.903235,21.596983],[-157.902066,21.597566],[-157.897646,21.592664],[-157.896217,21.589772],[-157.89517,21.589675],[-157.893576,21.58631],[-157.893763,21.586103],[-157.893713,21.585864],[-157.893479,21.585757],[-157.893245,21.585853],[-157.891854,21.584482],[-157.891623,21.584405],[-157.891657,21.582135],[-157.891582,21.581797],[-157.892517,21.581585],[-157.892727,21.581394],[-157.8928,21.580707],[-157.892686,21.580217],[-157.892422,21.580085],[-157.89217,21.58024],[-157.892194,21.581106],[-157.891462,21.581258],[-157.89123,21.580219],[-157.890735,21.579663],[-157.889662,21.578998],[-157.887679,21.576212],[-157.888234,21.576079],[-157.890728,21.57606],[-157.891836,21.576248],[-157.891665,21.575684],[-157.890742,21.575509],[-157.888176,21.575526],[-157.887648,21.575662],[-157.887381,21.575434],[-157.887016,21.57528],[-157.886861,21.575091],[-157.886856,21.574872],[-157.88733,21.574548],[-157.887895,21.573868],[-157.888341,21.573623],[-157.889279,21.572488],[-157.889744,21.571807],[-157.890158,21.571838],[-157.890572,21.571604],[-157.890908,21.570955],[-157.890922,21.570677],[-157.891201,21.570696],[-157.891457,21.570495],[-157.892545,21.571085],[-157.892819,21.571151],[-157.893635,21.570938],[-157.894037,21.570656],[-157.894183,21.570642],[-157.894202,21.570094],[-157.893816,21.570139],[-157.893822,21.569873],[-157.894014,21.569549],[-157.893545,21.569209],[-157.893256,21.569717],[-157.893241,21.570484],[-157.892806,21.570588],[-157.891477,21.56992],[-157.892341,21.5695],[-157.892779,21.569049],[-157.891982,21.569057],[-157.890869,21.569581],[-157.889492,21.56982],[-157.889156,21.570132],[-157.888827,21.570065],[-157.888283,21.570168],[-157.888035,21.570461],[-157.887993,21.570888],[-157.887492,21.571291],[-157.887167,21.571946],[-157.886836,21.572354],[-157.886139,21.572786],[-157.88525,21.573468],[-157.884335,21.573889],[-157.87755,21.570465],[-157.875886,21.568428],[-157.875357,21.566905],[-157.875301,21.565578],[-157.87542,21.564814],[-157.875138,21.564081],[-157.875134,21.563727],[-157.875316,21.563008],[-157.875891,21.56197],[-157.875884,21.560615],[-157.876276,21.560765],[-157.87673,21.56079],[-157.876812,21.560366],[-157.876054,21.560067],[-157.876565,21.558861],[-157.87974,21.554266],[-157.879924,21.554435],[-157.880107,21.55448],[-157.880296,21.554401],[-157.880381,21.554224],[-157.880333,21.554053],[-157.880066,21.553803],[-157.880322,21.553439],[-157.880195,21.552412],[-157.880306,21.550452],[-157.880509,21.549785],[-157.880358,21.549526],[-157.880481,21.547346],[-157.879638,21.546366],[-157.877595,21.545923],[-157.877618,21.545158],[-157.877782,21.544559],[-157.878045,21.544145],[-157.878286,21.544067],[-157.878766,21.543693],[-157.878901,21.543335],[-157.879553,21.542681],[-157.880054,21.542299],[-157.880517,21.542079],[-157.880956,21.541463],[-157.881202,21.540962],[-157.881999,21.541019],[-157.88231,21.540871],[-157.882597,21.540869],[-157.882742,21.540768],[-157.882945,21.540828],[-157.883346,21.540734],[-157.883439,21.541011],[-157.883612,21.541217],[-157.884179,21.541301],[-157.884271,21.541296],[-157.884703,21.540827],[-157.883956,21.540696],[-157.883783,21.540311],[-157.883477,21.540181],[-157.883006,21.540249],[-157.882675,21.540195],[-157.882072,21.54036],[-157.881896,21.540473],[-157.881269,21.540398],[-157.881244,21.539645],[-157.881021,21.539324],[-157.880677,21.539133],[-157.880975,21.53888],[-157.881218,21.538465],[-157.880719,21.538278],[-157.880255,21.538749],[-157.880162,21.538813],[-157.880062,21.538774],[-157.8795,21.539197],[-157.880037,21.539372],[-157.880608,21.539727],[-157.880695,21.53985],[-157.880639,21.540803],[-157.880453,21.541176],[-157.880066,21.541714],[-157.879681,21.541873],[-157.879433,21.541617],[-157.87901,21.540793],[-157.878783,21.540713],[-157.878557,21.540834],[-157.87851,21.541023],[-157.878659,21.541423],[-157.878903,21.541869],[-157.879224,21.542221],[-157.878418,21.543013],[-157.87831,21.543341],[-157.877971,21.543597],[-157.877644,21.543721],[-157.877288,21.544241],[-157.877035,21.54508],[-157.877025,21.546098],[-157.874273,21.548345],[-157.873865,21.548894],[-157.873753,21.548684],[-157.8736,21.548588],[-157.873443,21.548588],[-157.873284,21.548689],[-157.873227,21.548861],[-157.873303,21.549071],[-157.873281,21.549679],[-157.872764,21.550375],[-157.872328,21.552143],[-157.871457,21.553397],[-157.871204,21.553248],[-157.870597,21.553194],[-157.870262,21.55306],[-157.870316,21.552137],[-157.870062,21.551826],[-157.869752,21.551855],[-157.869637,21.552073],[-157.869748,21.552296],[-157.869638,21.553046],[-157.869743,21.553332],[-157.870103,21.553623],[-157.870941,21.553778],[-157.87091,21.553873],[-157.869843,21.554174],[-157.869619,21.554479],[-157.869348,21.554556],[-157.869099,21.554759],[-157.868631,21.555526],[-157.867829,21.556608],[-157.866857,21.557611],[-157.865528,21.558828],[-157.864563,21.559184],[-157.863506,21.559183],[-157.861889,21.55861],[-157.861039,21.558687],[-157.860144,21.558341],[-157.857154,21.55624],[-157.855711,21.556224],[-157.855711,21.5559],[-157.85606,21.555516],[-157.855425,21.555346],[-157.855135,21.555739],[-157.85512,21.556218],[-157.854485,21.556211],[-157.854172,21.55608],[-157.853858,21.555464],[-157.852206,21.553795],[-157.852601,21.5534],[-157.852202,21.553027],[-157.850875,21.551335],[-157.84907,21.549667],[-157.848912,21.548175],[-157.848433,21.547334],[-157.84766,21.540739],[-157.847869,21.53975],[-157.847858,21.539078],[-157.847698,21.538617],[-157.847424,21.538201],[-157.847405,21.537444],[-157.847281,21.537202],[-157.84691,21.536811],[-157.847099,21.536557],[-157.84721,21.536237],[-157.84718,21.53577],[-157.847276,21.535659],[-157.847871,21.535684],[-157.848333,21.53595],[-157.848709,21.536039],[-157.847775,21.535256],[-157.846996,21.535104],[-157.846597,21.535593],[-157.846634,21.536115],[-157.846352,21.536624],[-157.846323,21.536894],[-157.846398,21.537089],[-157.846842,21.537619],[-157.846787,21.537938],[-157.84686,21.538362],[-157.84727,21.539128],[-157.847234,21.539876],[-157.844941,21.53855],[-157.84404,21.536421],[-157.840106,21.535675],[-157.838174,21.534109],[-157.837584,21.531856],[-157.837128,21.531321],[-157.836883,21.523194],[-157.837129,21.519985],[-157.837705,21.519584],[-157.837785,21.518287],[-157.838675,21.517285],[-157.838963,21.516844],[-157.839992,21.516227],[-157.840455,21.516051],[-157.839779,21.511242],[-157.839884,21.510876],[-157.839703,21.509725],[-157.841115,21.509189],[-157.843496,21.508065],[-157.844829,21.50792],[-157.845117,21.507969],[-157.845588,21.507725],[-157.847444,21.507457],[-157.849667,21.507288],[-157.851258,21.508112],[-157.851876,21.507263],[-157.851859,21.506326],[-157.851922,21.506174],[-157.85288,21.506754],[-157.853557,21.507592],[-157.854214,21.508261],[-157.854619,21.508563],[-157.854931,21.508681],[-157.855375,21.507939],[-157.85511,21.508141],[-157.854739,21.50797],[-157.853984,21.507211],[-157.853285,21.506355],[-157.852147,21.505638],[-157.852651,21.504432],[-157.853067,21.504168],[-157.853151,21.503079],[-157.852786,21.501989],[-157.852737,21.501523],[-157.853037,21.501009],[-157.852688,21.500667],[-157.851709,21.49911],[-157.851526,21.498534],[-157.851344,21.497414],[-157.850731,21.496246],[-157.849004,21.493817],[-157.848905,21.492899],[-157.84869,21.492339],[-157.848791,21.490597],[-157.849998,21.49007],[-157.849988,21.491345],[-157.850229,21.491744],[-157.850476,21.491898],[-157.850644,21.491911],[-157.850697,21.49386],[-157.851065,21.494169],[-157.851698,21.494326],[-157.85216,21.493773],[-157.85175,21.493775],[-157.851247,21.493624],[-157.851229,21.491808],[-157.851067,21.491496],[-157.850665,21.491361],[-157.85056,21.491187],[-157.850611,21.490383],[-157.850558,21.489673],[-157.850406,21.489312],[-157.850428,21.489085],[-157.854645,21.48786],[-157.855018,21.487957],[-157.855222,21.487923],[-157.856248,21.487288],[-157.856659,21.487365],[-157.857345,21.487806],[-157.857512,21.487255],[-157.856777,21.486809],[-157.856172,21.48674],[-157.855639,21.486967],[-157.855042,21.487396],[-157.854569,21.487304],[-157.850483,21.488516],[-157.850558,21.486382],[-157.850143,21.485417],[-157.849445,21.485089],[-157.847718,21.483765],[-157.847335,21.483936],[-157.846554,21.484029],[-157.845377,21.483258],[-157.844918,21.482422],[-157.844787,21.481793],[-157.844991,21.48177],[-157.846732,21.482018],[-157.846948,21.481918],[-157.847098,21.481751],[-157.848285,21.481796],[-157.848788,21.48167],[-157.84909,21.481491],[-157.849238,21.481915],[-157.84948,21.482165],[-157.849687,21.482235],[-157.848898,21.480952],[-157.848568,21.481159],[-157.848208,21.48125],[-157.846849,21.481218],[-157.846597,21.481447],[-157.845047,21.481221],[-157.844675,21.481251],[-157.844283,21.479362],[-157.844003,21.47898],[-157.842937,21.478475],[-157.842628,21.477846],[-157.842451,21.477137],[-157.842421,21.476261],[-157.842685,21.475208],[-157.843534,21.474773],[-157.844128,21.474332],[-157.844357,21.47382],[-157.84472,21.471845],[-157.844773,21.471104],[-157.844713,21.470656],[-157.844774,21.470281],[-157.844253,21.469263],[-157.843559,21.467503],[-157.843194,21.467104],[-157.843157,21.466795],[-157.843666,21.466706],[-157.844606,21.46672],[-157.844752,21.46703],[-157.845319,21.467237],[-157.8458,21.467513],[-157.846034,21.467527],[-157.846723,21.467362],[-157.847107,21.4674],[-157.847119,21.466846],[-157.846632,21.466817],[-157.845954,21.466977],[-157.845597,21.46675],[-157.845185,21.466619],[-157.845052,21.466329],[-157.844843,21.466209],[-157.844477,21.466134],[-157.84318,21.466216],[-157.843169,21.465834],[-157.843344,21.465296],[-157.843215,21.463928],[-157.843355,21.463252],[-157.843214,21.46237],[-157.846641,21.46049],[-157.847449,21.459734],[-157.847945,21.459071],[-157.848258,21.459106],[-157.848556,21.459048],[-157.849196,21.458649],[-157.849956,21.458531],[-157.849762,21.458007],[-157.848985,21.458131],[-157.848361,21.458527],[-157.847844,21.45852],[-157.847642,21.458591],[-157.847003,21.459375],[-157.846277,21.460057],[-157.843113,21.461806],[-157.842827,21.460736],[-157.842644,21.46041],[-157.842018,21.459782],[-157.839762,21.458011],[-157.839716,21.45776],[-157.8393,21.457227],[-157.838644,21.456746],[-157.838011,21.456523],[-157.837996,21.456291],[-157.837517,21.455597],[-157.837409,21.455196],[-157.836811,21.454643],[-157.835932,21.453474],[-157.835445,21.452597],[-157.835298,21.452087],[-157.83543,21.451649],[-157.835949,21.451074],[-157.835807,21.450365],[-157.835081,21.451143],[-157.834795,21.451612],[-157.83466,21.451062],[-157.834736,21.450649],[-157.835182,21.449567],[-157.835249,21.449077],[-157.835093,21.448312],[-157.834685,21.447795],[-157.834234,21.448149],[-157.834555,21.448537],[-157.834661,21.449104],[-157.834622,21.449395],[-157.834175,21.45048],[-157.834073,21.451009],[-157.834237,21.451796],[-157.835911,21.454441],[-157.836354,21.45499],[-157.83686,21.455453],[-157.836998,21.455857],[-157.837425,21.456444],[-157.83752,21.456864],[-157.837782,21.457033],[-157.838335,21.457223],[-157.838535,21.457388],[-157.838243,21.457676],[-157.836762,21.457698],[-157.836772,21.45776],[-157.835308,21.457518],[-157.83499,21.457546],[-157.834092,21.458086],[-157.833908,21.458251],[-157.833802,21.459025],[-157.833472,21.459633],[-157.833472,21.459821],[-157.833667,21.460046],[-157.83375,21.460567],[-157.833582,21.461317],[-157.833602,21.461786],[-157.833059,21.462151],[-157.83269,21.462085],[-157.83255,21.461883],[-157.83276,21.461779],[-157.832676,21.461349],[-157.832774,21.461192],[-157.832733,21.460442],[-157.832896,21.459807],[-157.832489,21.459241],[-157.832356,21.458588],[-157.832161,21.458229],[-157.831894,21.458023],[-157.831668,21.457384],[-157.831269,21.457039],[-157.830681,21.456738],[-157.827663,21.456301],[-157.827321,21.456149],[-157.82715,21.456022],[-157.82634,21.45445],[-157.825833,21.453945],[-157.826123,21.453519],[-157.825748,21.453028],[-157.824549,21.452498],[-157.824244,21.452226],[-157.823657,21.451881],[-157.823327,21.451832],[-157.822479,21.452111],[-157.821901,21.452429],[-157.820718,21.452427],[-157.819748,21.452656],[-157.818464,21.4536],[-157.817553,21.454173],[-157.816731,21.454508],[-157.816356,21.454552],[-157.815639,21.453969],[-157.81552,21.453186],[-157.815024,21.452176],[-157.81475,21.451304],[-157.814639,21.450423],[-157.814585,21.448915],[-157.814283,21.448168],[-157.81469,21.447847],[-157.814691,21.447474],[-157.814205,21.446936],[-157.813727,21.446779],[-157.812791,21.444332],[-157.81215,21.443452],[-157.811384,21.442577],[-157.811062,21.442257],[-157.810809,21.442147],[-157.809885,21.441928],[-157.809321,21.442077],[-157.809121,21.442311],[-157.809127,21.442649],[-157.808885,21.442553],[-157.80878,21.442733],[-157.808791,21.443022],[-157.808485,21.442948],[-157.807826,21.442988],[-157.807485,21.442922],[-157.80728,21.442397],[-157.807286,21.442063],[-157.807568,21.441645],[-157.808391,21.441569],[-157.808603,21.441435],[-157.808745,21.440601],[-157.808592,21.439863],[-157.809098,21.439754],[-157.809645,21.439749],[-157.810533,21.43863],[-157.810905,21.437747],[-157.811764,21.437712],[-157.813024,21.437217],[-157.814726,21.436084],[-157.816656,21.435044],[-157.817241,21.434582],[-157.817439,21.434095],[-157.817729,21.433708],[-157.817831,21.433445],[-157.817889,21.43232],[-157.81784,21.431903],[-157.817333,21.430752],[-157.816767,21.429917],[-157.814718,21.428473],[-157.813864,21.428074],[-157.813162,21.428492],[-157.813389,21.428483],[-157.814395,21.428935],[-157.81635,21.430306],[-157.816767,21.430937],[-157.81728,21.432072],[-157.817256,21.433325],[-157.81691,21.433852],[-157.816778,21.434238],[-157.81633,21.434585],[-157.814419,21.435613],[-157.812723,21.436742],[-157.811609,21.437179],[-157.811158,21.437221],[-157.811021,21.437012],[-157.810586,21.437],[-157.810498,21.436869],[-157.81037,21.436252],[-157.809922,21.435769],[-157.809676,21.435233],[-157.808681,21.433815],[-157.808278,21.43287],[-157.807058,21.431725],[-157.806375,21.43142],[-157.805771,21.430643],[-157.805088,21.429949],[-157.804774,21.42976],[-157.804842,21.429561],[-157.804674,21.429214],[-157.804495,21.429193],[-157.80435,21.42892],[-157.804205,21.428353],[-157.803365,21.42767],[-157.803245,21.426898],[-157.803038,21.426649],[-157.802952,21.426629],[-157.802586,21.426857],[-157.801883,21.426843],[-157.801828,21.426776],[-157.801866,21.426481],[-157.801633,21.42601],[-157.80106,21.425572],[-157.800859,21.425337],[-157.800908,21.425277],[-157.800645,21.425012],[-157.800576,21.425022],[-157.799964,21.424241],[-157.799856,21.424221],[-157.799762,21.424768],[-157.799439,21.424916],[-157.79931,21.424869],[-157.799181,21.424936],[-157.798931,21.424848],[-157.798922,21.424284],[-157.798651,21.424263],[-157.798464,21.424572],[-157.79817,21.424834],[-157.798112,21.425008],[-157.797926,21.425115],[-157.797209,21.424772],[-157.796772,21.424684],[-157.796628,21.424523],[-157.796428,21.424449],[-157.795846,21.424542],[-157.795767,21.42481],[-157.795394,21.425018],[-157.794949,21.425031],[-157.794806,21.425145],[-157.794805,21.425279],[-157.794266,21.426044],[-157.794252,21.426267],[-157.794524,21.426583],[-157.794688,21.427201],[-157.794708,21.427919],[-157.794952,21.428296],[-157.794987,21.428504],[-157.79475,21.428651],[-157.793681,21.428878],[-157.792964,21.42873],[-157.792154,21.428668],[-157.791624,21.428292],[-157.791309,21.42766],[-157.791338,21.427398],[-157.791626,21.42672],[-157.791569,21.42609],[-157.791836,21.425271],[-157.791722,21.424989],[-157.791729,21.42472],[-157.79155,21.424559],[-157.791708,21.424384],[-157.791536,21.424089],[-157.791163,21.424196],[-157.791077,21.424155],[-157.790848,21.424242],[-157.790797,21.42433],[-157.790324,21.424483],[-157.790195,21.424383],[-157.790037,21.424423],[-157.789577,21.424684],[-157.789047,21.424656],[-157.788567,21.424246],[-157.788467,21.423984],[-157.788417,21.42326],[-157.788246,21.423025],[-157.78826,21.42281],[-157.788304,21.422716],[-157.788698,21.422696],[-157.788806,21.422616],[-157.7889,21.422166],[-157.788714,21.421769],[-157.788757,21.421581],[-157.788944,21.421347],[-157.789403,21.421085],[-157.789525,21.420891],[-157.789562,21.420434],[-157.789756,21.420434],[-157.790624,21.420036],[-157.790668,21.41964],[-157.790575,21.419472],[-157.79041,21.419424],[-157.79041,21.41923],[-157.791322,21.41862],[-157.791206,21.418343],[-157.792227,21.418129],[-157.793031,21.417825],[-157.793604,21.418069],[-157.793677,21.417497],[-157.79332,21.417321],[-157.792824,21.417295],[-157.792043,21.417606],[-157.79136,21.417715],[-157.790956,21.417949],[-157.790641,21.418008],[-157.789939,21.417691],[-157.789136,21.417623],[-157.788834,21.417911],[-157.788074,21.41787],[-157.787573,21.417252],[-157.787438,21.416452],[-157.787438,21.415787],[-157.787124,21.415068],[-157.787369,21.414572],[-157.787319,21.414377],[-157.787125,21.414089],[-157.786481,21.413561],[-157.786177,21.413052],[-157.785706,21.412702],[-157.785166,21.412434],[-157.784842,21.41202],[-157.785078,21.411836],[-157.78504,21.411358],[-157.78515,21.411283],[-157.785429,21.411214],[-157.786945,21.411288],[-157.786958,21.411237],[-157.788336,21.411065],[-157.788789,21.411147],[-157.790157,21.411899],[-157.790902,21.412104],[-157.791933,21.411897],[-157.79315,21.411471],[-157.793842,21.411338],[-157.794077,21.411326],[-157.794204,21.41139],[-157.794251,21.410798],[-157.793766,21.410792],[-157.792999,21.410938],[-157.792369,21.411172],[-157.791819,21.411484],[-157.790851,21.411554],[-157.790409,21.411401],[-157.789003,21.410633],[-157.788438,21.410505],[-157.786851,21.410692],[-157.78625,21.410617],[-157.785506,21.410633],[-157.784973,21.410757],[-157.784583,21.410939],[-157.784467,21.410865],[-157.784174,21.410262],[-157.783143,21.409865],[-157.784888,21.40888],[-157.785638,21.408557],[-157.787036,21.4081],[-157.788699,21.408056],[-157.789043,21.40813],[-157.789464,21.408347],[-157.790154,21.408376],[-157.790866,21.408267],[-157.791175,21.40812],[-157.791432,21.407842],[-157.790308,21.405825],[-157.790128,21.405819],[-157.790452,21.406361],[-157.790885,21.407529],[-157.790876,21.407636],[-157.79071,21.407734],[-157.789711,21.407818],[-157.788961,21.407535],[-157.787981,21.407513],[-157.78706,21.407533],[-157.786093,21.407803],[-157.784644,21.408379],[-157.783469,21.409022],[-157.781012,21.410418],[-157.780736,21.410628],[-157.780687,21.410854],[-157.779496,21.411318],[-157.779193,21.41168],[-157.778671,21.411619],[-157.77711,21.411905],[-157.776494,21.411795],[-157.775751,21.41258],[-157.774443,21.412986],[-157.773986,21.412995],[-157.773138,21.412556],[-157.773032,21.412397],[-157.772819,21.412317],[-157.772437,21.412307],[-157.772145,21.412701],[-157.771794,21.412821],[-157.771645,21.412967],[-157.771734,21.413579],[-157.77167,21.414006],[-157.771563,21.414374],[-157.771374,21.414588],[-157.771096,21.414562],[-157.770876,21.414395],[-157.769794,21.414094],[-157.769025,21.414103],[-157.768884,21.414235],[-157.768968,21.414692],[-157.768736,21.415454],[-157.768322,21.415956],[-157.767976,21.41614],[-157.767724,21.416184],[-157.767175,21.415589],[-157.766928,21.415462],[-157.766192,21.415908],[-157.766039,21.416382],[-157.76587,21.417816],[-157.766187,21.417925],[-157.76638,21.418112],[-157.76652,21.418808],[-157.765923,21.41894],[-157.765156,21.418974],[-157.764994,21.419471],[-157.76474,21.419484],[-157.764708,21.419856],[-157.764788,21.42031],[-157.764675,21.420582],[-157.763935,21.42141],[-157.763912,21.421602],[-157.764028,21.421964],[-157.764273,21.422167],[-157.764381,21.42248],[-157.764502,21.423618],[-157.765132,21.423624],[-157.76522,21.423785],[-157.765298,21.424393],[-157.765238,21.425102],[-157.765124,21.425305],[-157.764927,21.425429],[-157.764888,21.425659],[-157.764658,21.425728],[-157.764275,21.426062],[-157.76435,21.426719],[-157.764119,21.427507],[-157.763352,21.428199],[-157.762433,21.428533],[-157.761821,21.428364],[-157.761081,21.428268],[-157.760542,21.430298],[-157.760598,21.431696],[-157.76018,21.432926],[-157.759464,21.433523],[-157.758342,21.434098],[-157.757599,21.434595],[-157.757292,21.435336],[-157.757317,21.435694],[-157.758081,21.436508],[-157.758208,21.436819],[-157.762589,21.441085],[-157.763717,21.438987],[-157.764155,21.438477],[-157.764646,21.439022],[-157.764598,21.439318],[-157.765031,21.439576],[-157.76901,21.441326],[-157.771739,21.44262],[-157.772632,21.442932],[-157.774367,21.443197],[-157.776785,21.443431],[-157.777193,21.44387],[-157.764466,21.453328],[-157.76518,21.454022],[-157.766672,21.457123],[-157.765684,21.458252],[-157.764582,21.460616],[-157.763741,21.459898],[-157.761523,21.458509],[-157.759405,21.457479],[-157.75109,21.454097],[-157.75017,21.454144],[-157.749074,21.453545],[-157.746701,21.453063],[-157.744429,21.452916],[-157.74286,21.45264],[-157.74262,21.452935],[-157.740238,21.453755],[-157.739727,21.453704],[-157.739542,21.453877],[-157.739421,21.454243],[-157.739366,21.455026],[-157.739213,21.455321],[-157.739039,21.455403],[-157.73806,21.455493],[-157.737049,21.45543],[-157.736665,21.455523],[-157.733243,21.45854],[-157.731251,21.459468],[-157.729716,21.460095],[-157.729394,21.46007],[-157.729179,21.459717],[-157.7284,21.459136],[-157.724311,21.458928],[-157.723073,21.459329],[-157.722751,21.459203],[-157.722428,21.4589],[-157.722134,21.458094],[-157.722351,21.457137],[-157.722755,21.45671],[-157.722784,21.45603],[-157.723107,21.455728],[-157.725126,21.454976],[-157.725338,21.454472],[-157.725591,21.454317],[-157.725912,21.453064],[-157.726731,21.451162],[-157.727299,21.450073],[-157.72789,21.449392],[-157.729738,21.44829],[-157.735168,21.447199],[-157.736948,21.446424],[-157.737348,21.446425],[-157.737348,21.446281],[-157.737618,21.446036],[-157.738092,21.445928],[-157.738602,21.445915],[-157.739439,21.445257],[-157.740072,21.445253],[-157.740118,21.444778],[-157.741286,21.441885],[-157.740738,21.441736],[-157.741116,21.440591],[-157.740125,21.440201],[-157.739699,21.439513],[-157.73966,21.439091],[-157.739959,21.438234],[-157.743264,21.430975],[-157.744377,21.425735],[-157.74479,21.425356],[-157.747382,21.422047],[-157.746953,21.421769],[-157.74754,21.420607],[-157.749624,21.415741],[-157.756077,21.407546],[-157.757597,21.406331],[-157.757737,21.406053],[-157.757699,21.405807],[-157.757566,21.405615],[-157.757358,21.405474],[-157.756927,21.405474],[-157.756826,21.405145],[-157.756684,21.404999],[-157.756445,21.404961],[-157.756164,21.405117],[-157.756082,21.404041],[-157.755802,21.403103],[-157.755972,21.403317],[-157.756191,21.403364],[-157.756382,21.403253],[-157.756432,21.403047],[-157.755649,21.401269],[-157.754517,21.399776],[-157.75147,21.39608],[-157.751977,21.395757],[-157.753326,21.393936],[-157.753856,21.393414],[-157.75461,21.393591],[-157.755769,21.393745],[-157.756296,21.393677],[-157.756518,21.393831],[-157.757117,21.393967],[-157.757822,21.394009],[-157.75819,21.393885],[-157.758709,21.39389],[-157.758721,21.394205],[-157.759221,21.394511],[-157.759435,21.394549],[-157.759647,21.394957],[-157.761004,21.398375],[-157.761194,21.39857],[-157.761479,21.399073],[-157.76156,21.399512],[-157.761877,21.400085],[-157.762209,21.401131],[-157.76268,21.401849],[-157.762874,21.401953],[-157.763092,21.401967],[-157.763627,21.401821],[-157.763787,21.401698],[-157.763822,21.401512],[-157.764012,21.401428],[-157.76419,21.401649],[-157.764804,21.401742],[-157.765403,21.402045],[-157.765782,21.402058],[-157.767099,21.401793],[-157.767971,21.401284],[-157.767862,21.400736],[-157.767392,21.400936],[-157.766875,21.401284],[-157.765719,21.401509],[-157.765415,21.401462],[-157.765022,21.401227],[-157.764462,21.401134],[-157.764598,21.400955],[-157.764685,21.400639],[-157.764773,21.399312],[-157.764925,21.39877],[-157.764853,21.39857],[-157.764632,21.398476],[-157.764388,21.398598],[-157.764225,21.399043],[-157.76406,21.400722],[-157.76352,21.401057],[-157.763438,21.401299],[-157.76306,21.401413],[-157.762757,21.400924],[-157.762435,21.399908],[-157.762124,21.39934],[-157.762026,21.398867],[-157.761674,21.398248],[-157.761528,21.398114],[-157.760196,21.394757],[-157.759864,21.394127],[-157.759733,21.394007],[-157.75945,21.393997],[-157.759102,21.3938],[-157.758874,21.393775],[-157.758921,21.393626],[-157.758871,21.393473],[-157.758658,21.393351],[-157.758309,21.392947],[-157.757479,21.392504],[-157.756955,21.391816],[-157.756426,21.391756],[-157.756271,21.391672],[-157.756239,21.391523],[-157.756239,21.391422],[-157.75729,21.390778],[-157.75749,21.390563],[-157.757778,21.390047],[-157.758182,21.389642],[-157.758271,21.389315],[-157.75925,21.388093],[-157.759996,21.387068],[-157.760049,21.386889],[-157.760139,21.387041],[-157.760289,21.387117],[-157.760459,21.387101],[-157.760591,21.387],[-157.760639,21.386811],[-157.760503,21.386402],[-157.76054,21.385941],[-157.760709,21.385712],[-157.760824,21.385267],[-157.761112,21.385098],[-157.761418,21.384434],[-157.761695,21.384314],[-157.761938,21.383966],[-157.76198,21.38381],[-157.761904,21.383282],[-157.762014,21.383004],[-157.762252,21.382794],[-157.76292,21.382461],[-157.763732,21.381675],[-157.763946,21.381293],[-157.763979,21.380764],[-157.766175,21.377171],[-157.765574,21.377057],[-157.763431,21.38055],[-157.763372,21.381167],[-157.763254,21.381353],[-157.762543,21.382036],[-157.761929,21.382327],[-157.761619,21.382597],[-157.761072,21.382795],[-157.760348,21.381977],[-157.760084,21.381806],[-157.760109,21.381512],[-157.760431,21.380853],[-157.760382,21.380493],[-157.760525,21.379718],[-157.761096,21.378115],[-157.761102,21.377879],[-157.760981,21.377505],[-157.760434,21.377706],[-157.7605,21.378134],[-157.759956,21.379576],[-157.759793,21.380453],[-157.759848,21.38073],[-157.759531,21.381404],[-157.759518,21.38203],[-157.759668,21.382276],[-157.759935,21.382379],[-157.760687,21.383251],[-157.761055,21.383355],[-157.761309,21.383308],[-157.761389,21.383752],[-157.761304,21.383883],[-157.760995,21.384021],[-157.760678,21.38471],[-157.760325,21.384962],[-157.760149,21.385511],[-157.759504,21.386472],[-157.759464,21.386822],[-157.757753,21.389049],[-157.757658,21.389365],[-157.757309,21.389713],[-157.757029,21.39022],[-157.756164,21.390805],[-157.75622,21.390613],[-157.756135,21.390437],[-157.755947,21.390356],[-157.755748,21.390412],[-157.755543,21.390758],[-157.75554,21.391173],[-157.754,21.392331],[-157.75389,21.392514],[-157.75395,21.392717],[-157.75426,21.392813],[-157.755688,21.391748],[-157.755812,21.392052],[-157.756266,21.392295],[-157.756637,21.39231],[-157.757089,21.392933],[-157.757937,21.393386],[-157.757736,21.393457],[-157.757184,21.39342],[-157.756775,21.393328],[-157.756424,21.393091],[-157.755823,21.393196],[-157.753682,21.392829],[-157.752846,21.393617],[-157.751529,21.395396],[-157.751089,21.395654],[-157.749559,21.393852],[-157.749746,21.392027],[-157.749717,21.391696],[-157.749461,21.391303],[-157.748628,21.390597],[-157.748958,21.38998],[-157.748919,21.389774],[-157.748735,21.389654],[-157.748512,21.389691],[-157.74841,21.389797],[-157.748018,21.390507],[-157.748004,21.390719],[-157.748087,21.390871],[-157.749139,21.391821],[-157.748969,21.393411],[-157.748748,21.393203],[-157.748258,21.393115],[-157.746896,21.393586],[-157.74659,21.393591],[-157.746364,21.393519],[-157.746057,21.393271],[-157.74574,21.392979],[-157.745424,21.392496],[-157.744267,21.391446],[-157.743267,21.3907],[-157.742313,21.390226],[-157.741522,21.389941],[-157.740224,21.38883],[-157.738525,21.388117],[-157.73693,21.38788],[-157.736161,21.387836],[-157.734835,21.388019],[-157.729948,21.388395],[-157.72931,21.388532],[-157.728885,21.38877],[-157.728312,21.387975],[-157.727963,21.387173],[-157.727693,21.384843],[-157.728254,21.382788],[-157.728426,21.382488],[-157.728763,21.382251],[-157.730033,21.38194],[-157.730442,21.381677],[-157.730803,21.381326],[-157.731735,21.379961],[-157.732286,21.379541],[-157.732509,21.379162],[-157.732548,21.378814],[-157.73246,21.378439],[-157.732124,21.37806],[-157.732238,21.377974],[-157.732573,21.377953],[-157.732612,21.378254],[-157.732748,21.378469],[-157.734104,21.379573],[-157.734517,21.379671],[-157.735057,21.379663],[-157.735328,21.379591],[-157.735557,21.379385],[-157.735492,21.379738],[-157.735201,21.380334],[-157.734995,21.381006],[-157.735057,21.381461],[-157.735251,21.381852],[-157.735636,21.382217],[-157.736423,21.382368],[-157.736911,21.382285],[-157.737333,21.382033],[-157.737894,21.38139],[-157.738235,21.380707],[-157.738347,21.380318],[-157.738444,21.379099],[-157.73808,21.377977],[-157.738098,21.377828],[-157.738367,21.377205],[-157.738718,21.376967],[-157.738987,21.376522],[-157.738996,21.375452],[-157.738936,21.375302],[-157.738277,21.374606],[-157.738352,21.37417],[-157.737546,21.372099],[-157.737126,21.371261],[-157.736844,21.371992],[-157.737772,21.37429],[-157.737665,21.374527],[-157.737713,21.374765],[-157.737964,21.375172],[-157.738384,21.375566],[-157.738448,21.3762],[-157.738283,21.376588],[-157.737982,21.376786],[-157.737779,21.377045],[-157.737533,21.377672],[-157.737489,21.378049],[-157.737855,21.379101],[-157.737772,21.380204],[-157.737374,21.381131],[-157.736937,21.381624],[-157.736655,21.381786],[-157.736436,21.381817],[-157.735932,21.381731],[-157.735761,21.381574],[-157.735611,21.381273],[-157.735586,21.381012],[-157.736043,21.379935],[-157.736146,21.379396],[-157.736096,21.378563],[-157.735814,21.378364],[-157.735578,21.378371],[-157.73541,21.378495],[-157.73503,21.379103],[-157.734554,21.379121],[-157.734382,21.379079],[-157.733181,21.378092],[-157.733141,21.377731],[-157.732972,21.377493],[-157.732295,21.377386],[-157.731981,21.377477],[-157.731627,21.377735],[-157.731425,21.378075],[-157.731513,21.378323],[-157.731921,21.378683],[-157.731937,21.379024],[-157.731822,21.379197],[-157.731257,21.379637],[-157.730877,21.380222],[-157.730398,21.380003],[-157.730177,21.379787],[-157.729987,21.378968],[-157.729736,21.378546],[-157.729443,21.378472],[-157.728314,21.378518],[-157.728023,21.378291],[-157.727576,21.378157],[-157.727355,21.3782],[-157.727232,21.378376],[-157.72736,21.378658],[-157.727726,21.378768],[-157.728145,21.379053],[-157.729377,21.379025],[-157.729624,21.379984],[-157.729291,21.380236],[-157.728347,21.380429],[-157.7273,21.380224],[-157.727411,21.38081],[-157.728138,21.38098],[-157.728461,21.380969],[-157.729612,21.380712],[-157.730002,21.380413],[-157.73056,21.380687],[-157.730333,21.380995],[-157.729816,21.381426],[-157.728995,21.381583],[-157.728519,21.381749],[-157.727975,21.382125],[-157.727697,21.382609],[-157.727107,21.384794],[-157.727301,21.386708],[-157.727541,21.38776],[-157.727805,21.388255],[-157.729076,21.390094],[-157.729191,21.390443],[-157.729189,21.390526],[-157.728729,21.390978],[-157.728434,21.391654],[-157.728532,21.392052],[-157.728634,21.392156],[-157.728921,21.392238],[-157.729253,21.392072],[-157.729498,21.39266],[-157.729523,21.393319],[-157.729192,21.394129],[-157.728522,21.394933],[-157.7281,21.395172],[-157.726722,21.394004],[-157.726286,21.39483],[-157.723983,21.393277],[-157.722549,21.395096],[-157.722349,21.395146],[-157.721888,21.395083],[-157.720655,21.395582],[-157.720299,21.395584],[-157.719784,21.395047],[-157.718936,21.392588],[-157.71825,21.391831],[-157.716687,21.389476],[-157.716389,21.389138],[-157.715754,21.388677],[-157.714005,21.387719],[-157.713289,21.387132],[-157.712826,21.386207],[-157.712361,21.38497],[-157.712031,21.384442],[-157.711334,21.383603],[-157.711177,21.383303],[-157.711914,21.382626],[-157.71219,21.382239],[-157.712669,21.382111],[-157.712644,21.381533],[-157.711868,21.381774],[-157.711587,21.382079],[-157.711345,21.381674],[-157.71054,21.382131],[-157.710068,21.381616],[-157.708975,21.380687],[-157.708503,21.380478],[-157.70653,21.380012],[-157.706469,21.379559],[-157.706662,21.379415],[-157.707394,21.378491],[-157.707271,21.377665],[-157.706932,21.377155],[-157.707328,21.376279],[-157.707314,21.375551],[-157.708514,21.373738],[-157.710382,21.370214],[-157.712178,21.367046],[-157.712311,21.366704],[-157.712106,21.365924],[-157.713978,21.363676],[-157.713965,21.362635],[-157.715656,21.361732],[-157.716379,21.361642],[-157.716541,21.361562],[-157.719539,21.358478],[-157.720192,21.357908],[-157.72185,21.357712],[-157.722385,21.357769],[-157.722578,21.357701],[-157.722673,21.357548],[-157.722649,21.357372],[-157.722532,21.357255],[-157.72231,21.357201],[-157.722881,21.356206],[-157.722996,21.355227],[-157.723001,21.35372],[-157.724904,21.352757],[-157.725432,21.352701],[-157.725763,21.35258],[-157.725914,21.352437],[-157.72604,21.35215],[-157.727813,21.351299],[-157.728474,21.35055],[-157.728001,21.35022],[-157.727452,21.350863],[-157.725715,21.351691],[-157.725526,21.351843],[-157.725421,21.352129],[-157.724637,21.35226],[-157.723135,21.353039],[-157.723419,21.348103],[-157.722836,21.347999],[-157.722564,21.352886],[-157.722409,21.353659],[-157.722358,21.355797],[-157.72231,21.356063],[-157.721634,21.357197],[-157.7202,21.357329],[-157.719882,21.357437],[-157.719612,21.357625],[-157.716187,21.361113],[-157.7154,21.361233],[-157.712729,21.362632],[-157.710242,21.362777],[-157.710559,21.361681],[-157.710648,21.360797],[-157.710527,21.360044],[-157.709789,21.358787],[-157.709977,21.357432],[-157.709908,21.356976],[-157.709309,21.355837],[-157.708974,21.355446],[-157.708351,21.354111],[-157.708166,21.353981],[-157.70785,21.352337],[-157.708332,21.351643],[-157.709161,21.351842],[-157.709737,21.351897],[-157.709907,21.351836],[-157.710149,21.3515],[-157.709898,21.350296],[-157.710533,21.348866],[-157.71153,21.347149],[-157.711364,21.347115],[-157.711758,21.346303],[-157.711749,21.346022],[-157.711462,21.344903],[-157.711122,21.344297],[-157.711216,21.344065],[-157.711199,21.34331],[-157.711384,21.343068],[-157.71161,21.342965],[-157.713017,21.343589],[-157.714464,21.344082],[-157.716172,21.344575],[-157.717477,21.344735],[-157.718087,21.344993],[-157.71915,21.345301],[-157.719441,21.345284],[-157.719649,21.34517],[-157.719881,21.344453],[-157.719877,21.344039],[-157.719308,21.343858],[-157.719293,21.344697],[-157.719213,21.344753],[-157.717658,21.344211],[-157.717188,21.344104],[-157.716321,21.344041],[-157.713259,21.343086],[-157.713943,21.341759],[-157.713967,21.341642],[-157.713899,21.341573],[-157.714144,21.340826],[-157.713769,21.340669],[-157.713292,21.341812],[-157.712734,21.342837],[-157.712059,21.342516],[-157.711724,21.342422],[-157.711415,21.342428],[-157.711114,21.342559],[-157.710829,21.342814],[-157.710582,21.343377],[-157.709766,21.342355],[-157.709382,21.341698],[-157.709298,21.341485],[-157.709355,21.340837],[-157.709018,21.339991],[-157.708561,21.339401],[-157.708984,21.336962],[-157.709109,21.336881],[-157.708686,21.335991],[-157.708044,21.336083],[-157.708435,21.336694],[-157.707992,21.339164],[-157.707988,21.339568],[-157.708509,21.340268],[-157.708779,21.340964],[-157.708708,21.3415],[-157.708838,21.341932],[-157.709286,21.342673],[-157.710066,21.343641],[-157.710896,21.345054],[-157.711174,21.346193],[-157.710793,21.346958],[-157.709471,21.346129],[-157.710191,21.345109],[-157.704607,21.340581],[-157.702287,21.341029],[-157.700841,21.339087],[-157.699737,21.33745],[-157.694564,21.330752],[-157.692053,21.329597],[-157.692234,21.329451],[-157.693315,21.329533],[-157.694382,21.329879],[-157.697377,21.329368],[-157.696878,21.328878],[-157.694387,21.329327],[-157.693463,21.329],[-157.692217,21.328888],[-157.691808,21.329048],[-157.691517,21.329354],[-157.686922,21.327272],[-157.687532,21.326244],[-157.68195,21.324756],[-157.679731,21.324029],[-157.678079,21.323206],[-157.67471,21.321765],[-157.673753,21.321256],[-157.673089,21.320805],[-157.672449,21.320225],[-157.671961,21.319324],[-157.669782,21.317659],[-157.669112,21.317283],[-157.668952,21.317058],[-157.667902,21.316172],[-157.666813,21.315702],[-157.666897,21.315456],[-157.666349,21.315064],[-157.66517,21.314984],[-157.664,21.315364],[-157.663063,21.314879],[-157.662579,21.314435],[-157.662179,21.313858],[-157.661896,21.313109],[-157.661835,21.312396],[-157.661703,21.312386],[-157.661653,21.311822],[-157.661512,21.31139],[-157.661261,21.310957],[-157.66052,21.310074],[-157.660154,21.309769],[-157.659593,21.309521],[-157.658465,21.309494],[-157.657943,21.309366],[-157.657574,21.309099],[-157.657332,21.308703],[-157.657158,21.306368],[-157.656462,21.303054],[-157.65651,21.302591],[-157.656783,21.302158],[-157.657135,21.301919],[-157.660107,21.300676],[-157.660806,21.300243],[-157.661587,21.299519],[-157.662352,21.298662],[-157.662614,21.298036],[-157.66265,21.297405],[-157.663515,21.297055],[-157.663564,21.297495],[-157.664201,21.298473],[-157.664783,21.299088],[-157.665214,21.300205],[-157.66569,21.300715],[-157.665907,21.301188],[-157.666525,21.301224],[-157.666197,21.300436],[-157.665705,21.299894],[-157.665294,21.298816],[-157.664707,21.298178],[-157.664101,21.297253],[-157.664098,21.297153],[-157.664327,21.296786],[-157.664432,21.296741],[-157.666778,21.296064],[-157.669325,21.295953],[-157.669351,21.295402],[-157.666691,21.29552],[-157.665198,21.295902],[-157.663082,21.29661],[-157.662476,21.29688],[-157.661924,21.29501],[-157.661851,21.293674],[-157.66725,21.290882],[-157.670959,21.289644],[-157.670491,21.288466],[-157.673028,21.287273],[-157.674792,21.285604],[-157.675869,21.284988],[-157.677469,21.282413],[-157.677908,21.282011],[-157.678112,21.280981],[-157.678601,21.28036],[-157.680469,21.2793],[-157.681602,21.279213],[-157.681889,21.279118],[-157.682143,21.27887],[-157.682274,21.278355],[-157.682413,21.278126],[-157.68374,21.277308],[-157.68479,21.276997],[-157.685657,21.276458],[-157.687143,21.276501],[-157.687558,21.276337],[-157.687773,21.276033],[-157.688346,21.273402],[-157.689704,21.269322],[-157.690082,21.269226],[-157.690038,21.270275],[-157.69041,21.270479],[-157.690773,21.269471],[-157.691119,21.269525],[-157.691648,21.270975],[-157.692253,21.27158],[-157.692953,21.272005],[-157.693135,21.272338],[-157.693951,21.272763],[-157.694479,21.272836],[-157.695565,21.272685],[-157.69706,21.271904],[-157.697861,21.270231],[-157.697804,21.269798],[-157.69794,21.268852],[-157.697778,21.268304],[-157.697545,21.267871],[-157.696993,21.267621],[-157.696557,21.26758],[-157.695888,21.267639],[-157.695154,21.267991],[-157.695186,21.26741],[-157.694816,21.266597],[-157.69429,21.266247],[-157.693919,21.265898],[-157.693145,21.265722],[-157.692124,21.265285],[-157.691877,21.264907],[-157.692003,21.264036],[-157.692251,21.263659],[-157.692716,21.263428],[-157.693151,21.263022],[-157.693399,21.262674],[-157.693709,21.262849],[-157.694049,21.262879],[-157.694794,21.262387],[-157.696313,21.261664],[-157.697211,21.26152],[-157.6978,21.26155],[-157.698017,21.261492],[-157.698296,21.261115],[-157.698948,21.260594],[-157.699971,21.260073],[-157.700776,21.259959],[-157.701365,21.25996],[-157.703936,21.259514],[-157.70498,21.259672],[-157.705114,21.259794],[-157.705744,21.259688],[-157.709772,21.260621],[-157.710788,21.261366],[-157.710516,21.26139],[-157.71023,21.261712],[-157.710401,21.261868],[-157.710843,21.262671],[-157.710969,21.263129],[-157.710878,21.263525],[-157.710292,21.264626],[-157.71013,21.265378],[-157.709965,21.265574],[-157.709735,21.265646],[-157.709681,21.265913],[-157.70924,21.266689],[-157.708739,21.266826],[-157.708548,21.266986],[-157.707474,21.26914],[-157.707434,21.269539],[-157.707726,21.271053],[-157.706047,21.27118],[-157.705525,21.271747],[-157.707773,21.271603],[-157.707831,21.272451],[-157.707753,21.272447],[-157.706564,21.273352],[-157.704753,21.275857],[-157.705254,21.27624],[-157.704819,21.276773],[-157.704573,21.277282],[-157.704994,21.277588],[-157.705225,21.277551],[-157.706075,21.278236],[-157.706213,21.278156],[-157.706488,21.278285],[-157.710627,21.281694],[-157.711281,21.282551],[-157.710329,21.28289],[-157.709824,21.28275],[-157.709406,21.282888],[-157.708962,21.283128],[-157.708784,21.283434],[-157.70871,21.28391],[-157.709705,21.285532],[-157.712192,21.284556],[-157.714819,21.284491],[-157.715231,21.284621],[-157.716279,21.285509],[-157.716209,21.285864],[-157.715813,21.286476],[-157.717169,21.287768],[-157.718413,21.288117],[-157.719076,21.288142],[-157.719128,21.28764],[-157.71927,21.287214],[-157.719597,21.287231],[-157.719974,21.287562],[-157.720436,21.287807],[-157.720612,21.288208],[-157.720891,21.288557],[-157.72093,21.288926],[-157.721299,21.289753],[-157.721953,21.290893],[-157.722393,21.292242],[-157.722854,21.293278],[-157.723451,21.293181],[-157.722942,21.292045],[-157.722505,21.2907],[-157.721685,21.289175],[-157.723482,21.289055],[-157.723499,21.289174],[-157.725237,21.289192],[-157.725238,21.288759],[-157.726201,21.288514],[-157.726767,21.285206],[-157.728697,21.284204],[-157.729801,21.284235],[-157.729868,21.283698],[-157.730744,21.283066],[-157.731931,21.282824],[-157.732596,21.283634],[-157.735126,21.283424],[-157.735332,21.284175],[-157.735791,21.285196],[-157.735795,21.285425],[-157.735664,21.285881],[-157.734368,21.288101],[-157.734899,21.288339],[-157.736185,21.286136],[-157.73633,21.285742],[-157.736805,21.286159],[-157.737519,21.286551],[-157.737634,21.286752],[-157.738218,21.286693],[-157.738169,21.286467],[-157.737922,21.286148],[-157.737131,21.2857],[-157.736332,21.284981],[-157.735957,21.284115],[-157.736321,21.284079],[-157.737237,21.284354],[-157.741391,21.283911],[-157.741485,21.283736],[-157.741528,21.283092],[-157.741893,21.282917],[-157.742226,21.282625],[-157.743198,21.280724],[-157.745569,21.280185],[-157.746207,21.280109],[-157.747525,21.279754],[-157.747862,21.281336],[-157.749591,21.281194],[-157.750517,21.281002],[-157.750712,21.281359],[-157.751031,21.281254],[-157.751392,21.280898],[-157.751362,21.280724],[-157.751529,21.280699],[-157.753472,21.284952],[-157.754019,21.284751],[-157.752128,21.280612],[-157.752514,21.280556],[-157.752648,21.280836],[-157.752853,21.280981],[-157.754037,21.280539],[-157.755684,21.280146],[-157.755705,21.279828],[-157.755379,21.278531],[-157.759638,21.277461],[-157.759759,21.278008],[-157.760221,21.277945],[-157.760531,21.278351],[-157.760453,21.278574],[-157.760122,21.27902],[-157.760032,21.279357],[-157.760392,21.279279],[-157.760639,21.27932],[-157.760977,21.278824],[-157.761116,21.278457],[-157.761079,21.278123],[-157.760851,21.27786],[-157.761441,21.277792],[-157.761477,21.277266],[-157.761793,21.277004],[-157.765813,21.276473],[-157.767343,21.276607],[-157.767461,21.276015],[-157.770683,21.276581],[-157.770903,21.276376],[-157.771376,21.276236],[-157.772729,21.276408],[-157.773285,21.277301],[-157.772813,21.277751],[-157.772445,21.278525],[-157.77305,21.278587],[-157.773294,21.278068],[-157.773794,21.277601],[-157.773856,21.277446],[-157.773836,21.277093],[-157.773367,21.276342],[-157.773695,21.276099],[-157.773869,21.275342],[-157.775498,21.273755],[-157.776167,21.273464],[-157.776779,21.273443],[-157.777217,21.273519],[-157.777389,21.273855],[-157.778208,21.273888],[-157.780224,21.27343],[-157.780308,21.273739],[-157.780098,21.274278],[-157.780177,21.274772],[-157.780524,21.275274],[-157.781071,21.275735],[-157.781272,21.276007],[-157.781069,21.276455],[-157.78064,21.277009],[-157.780573,21.277859],[-157.78116,21.277912],[-157.781179,21.277234],[-157.78152,21.276811],[-157.781817,21.277215],[-157.782224,21.278008],[-157.782907,21.278069],[-157.782332,21.276949],[-157.781906,21.276366],[-157.781862,21.275927],[-157.781749,21.275647],[-157.780959,21.274904],[-157.780734,21.274591],[-157.780688,21.274314],[-157.780896,21.27376],[-157.7808,21.273305],[-157.781429,21.273168],[-157.783019,21.270569],[-157.785536,21.271953],[-157.786313,21.272508],[-157.786059,21.273175],[-157.786085,21.273493],[-157.786463,21.274423],[-157.787032,21.274287],[-157.786646,21.273322],[-157.786955,21.272557],[-157.78684,21.272228],[-157.785861,21.271494],[-157.783325,21.2701],[-157.783489,21.269849],[-157.782396,21.269211],[-157.782189,21.268963],[-157.782077,21.268592],[-157.782134,21.268239],[-157.783153,21.267162],[-157.782476,21.266384],[-157.785023,21.264602],[-157.784392,21.26384],[-157.786101,21.262677],[-157.790574,21.260425],[-157.793927,21.259729],[-157.792473,21.258493],[-157.791946,21.257746],[-157.791936,21.257291],[-157.792219,21.256529],[-157.792683,21.256143],[-157.792551,21.255905],[-157.792614,21.255728],[-157.792927,21.255671],[-157.793342,21.25585],[-157.793817,21.256387],[-157.796136,21.258397],[-157.802825,21.257056],[-157.805945,21.255767],[-157.807414,21.255681]]],[[[-157.656053,21.325986],[-157.655682,21.326063],[-157.655178,21.326375],[-157.654741,21.326517],[-157.654514,21.326751],[-157.654439,21.327025],[-157.654626,21.32782],[-157.654453,21.32905],[-157.654544,21.329608],[-157.65513,21.330673],[-157.655395,21.331013],[-157.655679,21.331231],[-157.655825,21.331613],[-157.656251,21.331757],[-157.657165,21.331511],[-157.658015,21.331177],[-157.658365,21.330984],[-157.658627,21.330718],[-157.659117,21.330549],[-157.65939,21.330338],[-157.659588,21.330104],[-157.659843,21.329569],[-157.660035,21.328955],[-157.660109,21.328384],[-157.659607,21.327881],[-157.65952,21.327423],[-157.658782,21.327033],[-157.658443,21.326598],[-157.658326,21.326569],[-157.658071,21.326714],[-157.657683,21.326428],[-157.65729,21.326378],[-157.656053,21.325986]]],[[[-157.755824,21.434468],[-157.755377,21.434598],[-157.755186,21.434758],[-157.753114,21.437794],[-157.753033,21.438028],[-157.752853,21.439741],[-157.752694,21.44018],[-157.752262,21.440818],[-157.751423,21.441653],[-157.750762,21.442674],[-157.749807,21.445699],[-157.747332,21.447455],[-157.747218,21.447637],[-157.747361,21.447912],[-157.747687,21.447894],[-157.750304,21.446019],[-157.7513,21.442897],[-157.751894,21.441983],[-157.752705,21.441181],[-157.753112,21.440658],[-157.753432,21.439843],[-157.753641,21.438046],[-157.755649,21.435101],[-157.756078,21.434881],[-157.756078,21.434606],[-157.755824,21.434468]]],[[[-157.790211,21.430883],[-157.790055,21.430894],[-157.789715,21.431221],[-157.789062,21.431573],[-157.78885,21.431819],[-157.788519,21.431574],[-157.788157,21.431479],[-157.787989,21.431315],[-157.787835,21.43143],[-157.787513,21.43144],[-157.787396,21.431625],[-157.787441,21.432075],[-157.787563,21.432209],[-157.787529,21.432529],[-157.787614,21.432569],[-157.787613,21.432719],[-157.787531,21.432894],[-157.787089,21.432939],[-157.787048,21.433094],[-157.78758,21.43451],[-157.787757,21.435528],[-157.787615,21.435706],[-157.787204,21.435736],[-157.787025,21.435665],[-157.787171,21.435884],[-157.787873,21.436029],[-157.788199,21.435834],[-157.788236,21.435678],[-157.788485,21.435432],[-157.788749,21.435424],[-157.788947,21.435528],[-157.789415,21.43542],[-157.789506,21.435038],[-157.790223,21.434764],[-157.79068,21.434676],[-157.790657,21.434539],[-157.78932,21.434774],[-157.789006,21.434222],[-157.788755,21.433206],[-157.789759,21.433032],[-157.788842,21.433298],[-157.788927,21.433522],[-157.789056,21.433522],[-157.790329,21.43315],[-157.790544,21.432966],[-157.790458,21.432736],[-157.790237,21.432758],[-157.790175,21.433002],[-157.789866,21.433073],[-157.789821,21.432953],[-157.790098,21.432829],[-157.790177,21.432568],[-157.790117,21.432344],[-157.790014,21.432259],[-157.789909,21.432273],[-157.789737,21.43257],[-157.789512,21.432671],[-157.788964,21.432793],[-157.788771,21.432672],[-157.789582,21.432302],[-157.790338,21.432055],[-157.790432,21.431774],[-157.790245,21.431792],[-157.790225,21.431701],[-157.790432,21.43161],[-157.790401,21.431507],[-157.790327,21.4315],[-157.789532,21.431791],[-157.789251,21.432184],[-157.789103,21.43206],[-157.789328,21.431686],[-157.790028,21.431413],[-157.790355,21.431124],[-157.790351,21.430931],[-157.790211,21.430883]],[[-157.7884,21.43173],[-157.788629,21.432308],[-157.788556,21.433155],[-157.788741,21.434002],[-157.78917,21.435078],[-157.787949,21.435614],[-157.787149,21.433018],[-157.787479,21.433005],[-157.787681,21.432885],[-157.78761,21.432092],[-157.787769,21.431567],[-157.788027,21.431554],[-157.7884,21.43173]]],[[[-157.893224,21.336385],[-157.893068,21.336397],[-157.892047,21.33691],[-157.891384,21.337367],[-157.890625,21.338732],[-157.88964,21.339822],[-157.889175,21.340965],[-157.888523,21.34124],[-157.887861,21.341399],[-157.886872,21.341398],[-157.886111,21.341634],[-157.885293,21.341925],[-157.8849,21.342414],[-157.885298,21.342633],[-157.885537,21.342428],[-157.886931,21.341948],[-157.887974,21.34194],[-157.888717,21.34176],[-157.889547,21.341394],[-157.889812,21.341053],[-157.890147,21.340101],[-157.891125,21.339022],[-157.891839,21.337717],[-157.892341,21.337387],[-157.893444,21.336844],[-157.893493,21.336548],[-157.893224,21.336385]]],[[[-157.721378,21.468486],[-157.720394,21.468603],[-157.720062,21.468914],[-157.719623,21.469189],[-157.71939,21.469464],[-157.7184,21.469769],[-157.718424,21.469994],[-157.718707,21.47045],[-157.718564,21.470624],[-157.718644,21.470754],[-157.718698,21.470802],[-157.718908,21.470736],[-157.71974,21.470887],[-157.719973,21.470804],[-157.72007,21.470504],[-157.72071,21.470247],[-157.721136,21.470391],[-157.721738,21.470266],[-157.72207,21.469955],[-157.72213,21.46981],[-157.72191,21.469062],[-157.721512,21.468873],[-157.721378,21.468486]]],[[[-157.843142,21.452866],[-157.842872,21.453207],[-157.841761,21.454207],[-157.841449,21.454342],[-157.841157,21.454161],[-157.840796,21.454102],[-157.84037,21.454335],[-157.839832,21.454337],[-157.839344,21.454662],[-157.83899,21.454788],[-157.838833,21.455141],[-157.838632,21.455176],[-157.838508,21.455285],[-157.838507,21.45556],[-157.838686,21.455689],[-157.838986,21.455684],[-157.839342,21.455445],[-157.839418,21.455213],[-157.840044,21.454867],[-157.840322,21.454905],[-157.840684,21.454819],[-157.841454,21.455473],[-157.842084,21.45554],[-157.842333,21.455632],[-157.84287,21.455533],[-157.843045,21.455694],[-157.8433,21.455737],[-157.843286,21.455088],[-157.843221,21.455044],[-157.842832,21.454983],[-157.84238,21.455064],[-157.841681,21.454965],[-157.841621,21.454875],[-157.842118,21.45465],[-157.843254,21.453625],[-157.843241,21.453013],[-157.843142,21.452866]]],[[[-157.924663,21.661357],[-157.924393,21.661439],[-157.924045,21.661878],[-157.923557,21.662036],[-157.923163,21.662013],[-157.922982,21.661633],[-157.922859,21.661528],[-157.92273,21.6615],[-157.922483,21.661604],[-157.92201,21.662566],[-157.921821,21.662802],[-157.921044,21.663157],[-157.9211,21.664109],[-157.921994,21.663996],[-157.92243,21.663716],[-157.922918,21.663542],[-157.923687,21.663703],[-157.924022,21.663616],[-157.923981,21.663517],[-157.923576,21.663472],[-157.923306,21.66335],[-157.923219,21.663003],[-157.923526,21.662471],[-157.924538,21.662],[-157.924986,21.661589],[-157.924904,21.661385],[-157.924663,21.661357]]],[[[-157.891182,21.307066],[-157.891062,21.307112],[-157.890935,21.307343],[-157.890931,21.307574],[-157.89108,21.307869],[-157.891035,21.308142],[-157.891664,21.308934],[-157.891777,21.309271],[-157.891799,21.309692],[-157.892095,21.30985],[-157.892187,21.309809],[-157.892273,21.309602],[-157.892361,21.309586],[-157.892938,21.310811],[-157.89305,21.310943],[-157.893263,21.31103],[-157.893337,21.31098],[-157.893329,21.310793],[-157.892935,21.310059],[-157.892843,21.309527],[-157.892527,21.309108],[-157.892885,21.308285],[-157.892724,21.308067],[-157.893199,21.307722],[-157.893208,21.307598],[-157.893017,21.307402],[-157.892178,21.307171],[-157.891678,21.307235],[-157.891182,21.307066]]],[[[-157.699166,21.39056],[-157.698937,21.390582],[-157.698613,21.390744],[-157.698044,21.390775],[-157.697979,21.391184],[-157.698052,21.391259],[-157.698013,21.391326],[-157.697725,21.391328],[-157.697656,21.391583],[-157.697955,21.39223],[-157.698193,21.392351],[-157.698285,21.392492],[-157.698572,21.392458],[-157.698627,21.392765],[-157.698832,21.392749],[-157.699235,21.392441],[-157.699362,21.392818],[-157.699458,21.392882],[-157.699876,21.392701],[-157.700226,21.392412],[-157.700166,21.392149],[-157.700232,21.391773],[-157.700108,21.391325],[-157.69982,21.391073],[-157.699724,21.390795],[-157.699533,21.390689],[-157.699244,21.390845],[-157.699173,21.390808],[-157.699234,21.39068],[-157.699166,21.39056]]],[[[-157.689701,21.296263],[-157.689509,21.29634],[-157.689033,21.296993],[-157.688272,21.297528],[-157.686669,21.299804],[-157.686221,21.301381],[-157.686669,21.301669],[-157.6872,21.300041],[-157.687339,21.2998],[-157.688517,21.298126],[-157.688895,21.297745],[-157.689464,21.297368],[-157.689963,21.296683],[-157.689967,21.296399],[-157.689701,21.296263]]],[[[-157.655931,21.319104],[-157.655641,21.319265],[-157.655484,21.319571],[-157.655929,21.31999],[-157.655953,21.320293],[-157.655178,21.320321],[-157.654956,21.320587],[-157.655142,21.320755],[-157.655287,21.321159],[-157.656029,21.321379],[-157.656264,21.32136],[-157.656848,21.321143],[-157.657407,21.320369],[-157.657659,21.320362],[-157.657674,21.319817],[-157.657471,21.319655],[-157.65691,21.319564],[-157.656654,21.319384],[-157.656245,21.319296],[-157.655931,21.319104]]],[[[-157.697796,21.386602],[-157.697485,21.386638],[-157.697158,21.386899],[-157.696721,21.387019],[-157.696554,21.387139],[-157.696682,21.387307],[-157.696622,21.38771],[-157.696876,21.387963],[-157.696853,21.388183],[-157.697247,21.388218],[-157.697319,21.388277],[-157.697282,21.388426],[-157.697905,21.388455],[-157.698434,21.38826],[-157.698834,21.387887],[-157.699151,21.387445],[-157.699093,21.387264],[-157.698774,21.387206],[-157.698434,21.386763],[-157.697796,21.386602]]],[[[-158.193023,21.570523],[-158.192953,21.570904],[-158.192656,21.571553],[-158.192646,21.571784],[-158.192768,21.572097],[-158.193031,21.572352],[-158.193083,21.572498],[-158.192181,21.575619],[-158.192218,21.575827],[-158.1924,21.57595],[-158.192623,21.575916],[-158.192754,21.575745],[-158.193665,21.572593],[-158.193609,21.57218],[-158.193234,21.571709],[-158.193591,21.570833],[-158.193023,21.570523]]],[[[-158.107718,21.320243],[-158.107511,21.320326],[-158.107173,21.320814],[-158.103695,21.32393],[-158.103956,21.324458],[-158.107743,21.321036],[-158.108015,21.320515],[-158.107926,21.320321],[-158.107718,21.320243]]],[[[-157.798371,21.47613],[-157.79685,21.476319],[-157.796579,21.476439],[-157.79652,21.476565],[-157.79666,21.476692],[-157.797887,21.477091],[-157.798332,21.477351],[-157.799042,21.477501],[-157.799342,21.477463],[-157.799524,21.477326],[-157.800115,21.476469],[-157.799957,21.476282],[-157.799704,21.476221],[-157.798371,21.47613]]],[[[-157.708697,21.292927],[-157.708515,21.292996],[-157.708381,21.293176],[-157.707952,21.294114],[-157.707877,21.294603],[-157.707925,21.295729],[-157.708251,21.297287],[-157.708812,21.297094],[-157.708509,21.295665],[-157.708463,21.294646],[-157.70851,21.294291],[-157.709003,21.293219],[-157.708919,21.293009],[-157.708697,21.292927]]],[[[-157.701811,21.278698],[-157.701482,21.279155],[-157.703912,21.28062],[-157.704133,21.280657],[-157.704317,21.280535],[-157.704356,21.280328],[-157.704226,21.280156],[-157.701811,21.278698]]],[[[-157.829433,21.508822],[-157.82908,21.508953],[-157.828649,21.509595],[-157.828672,21.509788],[-157.828858,21.510113],[-157.828857,21.510438],[-157.828992,21.510526],[-157.829098,21.51051],[-157.829528,21.510099],[-157.830022,21.509776],[-157.830205,21.509441],[-157.830002,21.508967],[-157.829433,21.508822]]],[[[-157.720168,21.399319],[-157.719627,21.39991],[-157.719602,21.400092],[-157.720548,21.400317],[-157.721267,21.400228],[-157.721457,21.400091],[-157.721461,21.399782],[-157.721343,21.399565],[-157.720969,21.39942],[-157.720736,21.399464],[-157.720168,21.399319]]],[[[-157.695176,21.289106],[-157.694857,21.289612],[-157.696155,21.289892],[-157.697157,21.289808],[-157.697406,21.28961],[-157.69738,21.2894],[-157.697204,21.289269],[-157.696167,21.289341],[-157.695176,21.289106]]],[[[-157.718651,21.471007],[-157.718434,21.471216],[-157.718335,21.471449],[-157.718331,21.471763],[-157.718624,21.472372],[-157.718839,21.472483],[-157.719038,21.472461],[-157.719222,21.47233],[-157.719261,21.47184],[-157.719428,21.471698],[-157.719426,21.471615],[-157.719205,21.471291],[-157.718651,21.471007]]],[[[-157.805257,21.463185],[-157.804892,21.463278],[-157.80491,21.463371],[-157.805162,21.463515],[-157.805649,21.463599],[-157.806107,21.463473],[-157.806718,21.463414],[-157.808473,21.463754],[-157.80862,21.463726],[-157.808632,21.463655],[-157.808409,21.463462],[-157.807817,21.463262],[-157.80656,21.463194],[-157.806149,21.46327],[-157.805257,21.463185]]],[[[-157.6951,21.301148],[-157.694879,21.301255],[-157.694791,21.301441],[-157.694543,21.302675],[-157.695126,21.302756],[-157.695402,21.301468],[-157.69535,21.30126],[-157.6951,21.301148]]],[[[-157.78636,21.43284],[-157.786185,21.432962],[-157.786617,21.433416],[-157.787131,21.434946],[-157.787009,21.435555],[-157.787216,21.435476],[-157.78726,21.435378],[-157.787438,21.435355],[-157.787536,21.435183],[-157.78731,21.434417],[-157.786936,21.433646],[-157.786777,21.433134],[-157.78636,21.43284]]],[[[-157.895527,21.309034],[-157.895265,21.309226],[-157.894961,21.309668],[-157.894904,21.309941],[-157.895018,21.31009],[-157.895611,21.310191],[-157.895821,21.30972],[-157.896184,21.309339],[-157.896034,21.309242],[-157.895749,21.309271],[-157.895685,21.309045],[-157.895527,21.309034]]],[[[-157.715701,21.291705],[-157.715502,21.291789],[-157.71542,21.29198],[-157.715577,21.292374],[-157.715548,21.29299],[-157.716107,21.293273],[-157.716189,21.292714],[-157.716145,21.292229],[-157.715963,21.291835],[-157.715701,21.291705]]],[[[-157.902872,21.308852],[-157.902095,21.309118],[-157.90188,21.309384],[-157.902421,21.309401],[-157.903663,21.309258],[-157.903838,21.309179],[-157.903796,21.309097],[-157.903348,21.308914],[-157.902872,21.308852]]],[[[-157.912717,21.649718],[-157.912488,21.649784],[-157.912376,21.649976],[-157.912734,21.650213],[-157.913151,21.650165],[-157.913826,21.650244],[-157.914103,21.650085],[-157.91388,21.649969],[-157.912717,21.649718]]],[[[-157.789299,21.43557],[-157.788892,21.435634],[-157.788678,21.4359],[-157.788226,21.435903],[-157.787959,21.436084],[-157.788361,21.43624],[-157.788794,21.43621],[-157.789283,21.435883],[-157.789411,21.435675],[-157.789299,21.43557]]],[[[-157.787345,21.432054],[-157.787084,21.432233],[-157.786764,21.432714],[-157.786682,21.432915],[-157.786806,21.432995],[-157.787466,21.432244],[-157.787345,21.432054]]],[[[-157.924032,21.672373],[-157.923544,21.67247],[-157.92342,21.672558],[-157.923625,21.672723],[-157.924125,21.672714],[-157.924507,21.672555],[-157.924378,21.67245],[-157.924032,21.672373]]],[[[-157.775365,21.461645],[-157.775072,21.461682],[-157.775053,21.461908],[-157.775487,21.462107],[-157.775722,21.462075],[-157.7756,21.461739],[-157.775365,21.461645]]],[[[-157.91545,21.659417],[-157.914956,21.65946],[-157.914832,21.659614],[-157.914926,21.659713],[-157.915296,21.65967],[-157.91559,21.659737],[-157.915802,21.659556],[-157.91545,21.659417]]],[[[-157.908867,21.648547],[-157.908672,21.648645],[-157.908649,21.648761],[-157.908772,21.64886],[-157.909465,21.648719],[-157.909342,21.648625],[-157.908867,21.648547]]],[[[-158.02118,21.693074],[-158.021022,21.69314],[-158.021039,21.693404],[-158.021303,21.693377],[-158.021491,21.693487],[-158.02165,21.693488],[-158.021579,21.693284],[-158.021315,21.693091],[-158.02118,21.693074]]],[[[-157.719606,21.431626],[-157.719483,21.431838],[-157.719304,21.431942],[-157.719376,21.432012],[-157.719801,21.432073],[-157.719921,21.431745],[-157.719606,21.431626]]],[[[-157.966072,21.389591],[-157.96584,21.389714],[-157.96581,21.389962],[-157.966418,21.389874],[-157.9663,21.389678],[-157.966072,21.389591]]],[[[-157.847183,21.282293],[-157.847484,21.282508],[-157.847554,21.282456],[-157.847153,21.28218],[-157.847183,21.282293]]]]},"properties":{}}]}