{"type":"FeatureCollection","features":[{"type":"Feature","geometry":{"type":"MultiPolygon","coordinates":[[[[-157.983193,21.712052],[-157.983505,21.712603],[-157.984478,21.712796],[-157.984578,21.712763],[-157.984531,21.712532],[-157.98436,21.712267],[-157.984313,21.7117],[-157.984189,21.711584],[-157.9842,21.711386],[-157.984613,21.711072],[-157.984602,21.710945],[-157.984371,21.71077],[-157.984224,21.710421],[-157.984207,21.7098],[-157.984277,21.709536],[-157.985332,21.70882],[-157.985467,21.708577],[-157.985998,21.70823],[-157.987223,21.707063],[-157.987789,21.706749],[-157.988448,21.706057],[-157.988672,21.705642],[-157.989462,21.705037],[-157.990062,21.704738],[-157.991753,21.704789],[-157.992249,21.704959],[-157.993175,21.70562],[-157.993604,21.705514],[-157.994252,21.705482],[-157.995673,21.70568],[-157.99635,21.706],[-157.996457,21.706276],[-157.99638,21.706551],[-157.996404,21.706804],[-157.996545,21.706968],[-157.996692,21.707009],[-157.996746,21.706964],[-157.996628,21.706566],[-157.996698,21.706115],[-157.997488,21.705339],[-157.997788,21.705313],[-157.997894,21.705684],[-157.998218,21.70598],[-157.99836,21.706455],[-157.998696,21.706601],[-157.998867,21.706882],[-157.999072,21.707032],[-157.999398,21.707183],[-157.999556,21.707148],[-157.999609,21.706886],[-157.999432,21.70605],[-157.999473,21.705725],[-157.99965,21.705279],[-157.999562,21.704746],[-157.999374,21.704555],[-157.99856,21.704261],[-157.998518,21.703715],[-157.998683,21.703025],[-157.99896,21.702444],[-157.999196,21.702157],[-157.999466,21.701634],[-157.999862,21.701257],[-158.000115,21.700853],[-158.000433,21.700597],[-158.000827,21.699985],[-158.001482,21.699917],[-158.001824,21.699725],[-158.002813,21.699419],[-158.00362,21.699415],[-158.003773,21.699466],[-158.003715,21.699677],[-158.003756,21.699908],[-158.003856,21.700085],[-158.00395,21.700108],[-158.004363,21.699948],[-158.004593,21.700026],[-158.004905,21.699992],[-158.005152,21.700092],[-158.00556,21.700081],[-158.006202,21.700356],[-158.006608,21.700372],[-158.008182,21.70011],[-158.008665,21.700127],[-158.008924,21.700322],[-158.009084,21.700856],[-158.009231,21.700893],[-158.009431,21.70033],[-158.009366,21.699548],[-158.009077,21.699375],[-158.008953,21.699185],[-158.008718,21.699242],[-158.008287,21.699172],[-158.008117,21.698968],[-158.008069,21.698213],[-158.008163,21.697875],[-158.00834,21.697623],[-158.00923,21.696698],[-158.00966,21.696371],[-158.01019,21.696099],[-158.010844,21.695881],[-158.012417,21.695963],[-158.012682,21.696109],[-158.013148,21.696582],[-158.01316,21.696789],[-158.012812,21.6969],[-158.012659,21.697044],[-158.012665,21.697234],[-158.013024,21.697714],[-158.012984,21.698152],[-158.013166,21.69827],[-158.013643,21.698355],[-158.01488,21.697517],[-158.015252,21.697186],[-158.016924,21.695082],[-158.017661,21.694522],[-158.019158,21.693767],[-158.019887,21.693076],[-158.020159,21.692906],[-158.021213,21.692519],[-158.021791,21.691547],[-158.02179,21.691145],[-158.022819,21.690808],[-158.024571,21.689237],[-158.025384,21.68869],[-158.027806,21.687778],[-158.029775,21.686737],[-158.030812,21.685777],[-158.03126,21.68493],[-158.031213,21.684081],[-158.031532,21.683753],[-158.032245,21.682596],[-158.033194,21.681653],[-158.034042,21.68127],[-158.034609,21.681137],[-158.0362,21.680979],[-158.03743,21.681032],[-158.037554,21.680996],[-158.037366,21.680489],[-158.037937,21.680795],[-158.038038,21.68071],[-158.038845,21.679617],[-158.039169,21.67886],[-158.039187,21.678503],[-158.039034,21.678006],[-158.039147,21.677483],[-158.039046,21.676945],[-158.039212,21.676363],[-158.039589,21.675652],[-158.039961,21.675365],[-158.040137,21.675113],[-158.040461,21.674247],[-158.040686,21.67405],[-158.042707,21.673109],[-158.043307,21.672755],[-158.043738,21.672293],[-158.044215,21.67202],[-158.045035,21.671329],[-158.045523,21.671137],[-158.04626,21.670631],[-158.046755,21.670173],[-158.046873,21.669971],[-158.04702,21.669258],[-158.047492,21.668728],[-158.048712,21.667754],[-158.048913,21.667494],[-158.049631,21.667141],[-158.050184,21.666611],[-158.051487,21.665769],[-158.052083,21.665077],[-158.052678,21.664606],[-158.05303,21.663863],[-158.054175,21.662731],[-158.054758,21.661984],[-158.055453,21.661374],[-158.055871,21.661186],[-158.05718,21.660376],[-158.05781,21.659734],[-158.058086,21.659347],[-158.058658,21.658885],[-158.059176,21.657619],[-158.05933,21.657403],[-158.060527,21.656357],[-158.061233,21.655449],[-158.061622,21.655388],[-158.061934,21.655439],[-158.062222,21.655274],[-158.062511,21.655456],[-158.063054,21.655039],[-158.063095,21.654768],[-158.062925,21.65446],[-158.062848,21.654017],[-158.062311,21.653517],[-158.062311,21.653079],[-158.062518,21.652945],[-158.062548,21.652552],[-158.062642,21.652354],[-158.06227,21.652148],[-158.062241,21.651986],[-158.062353,21.651851],[-158.061829,21.651726],[-158.061723,21.651563],[-158.061882,21.651008],[-158.061953,21.650945],[-158.062135,21.650992],[-158.062401,21.650871],[-158.062848,21.65021],[-158.062831,21.649934],[-158.062943,21.64975],[-158.063319,21.649652],[-158.063337,21.649354],[-158.06378,21.649637],[-158.063573,21.649834],[-158.063685,21.650287],[-158.063496,21.65076],[-158.063602,21.650815],[-158.063885,21.650297],[-158.063844,21.649985],[-158.063921,21.649597],[-158.063479,21.649274],[-158.063467,21.649188],[-158.063603,21.649157],[-158.06355,21.649098],[-158.06362,21.648773],[-158.063821,21.648684],[-158.063579,21.648547],[-158.063449,21.648605],[-158.063337,21.648781],[-158.063261,21.648767],[-158.063249,21.648559],[-158.063408,21.648397],[-158.063107,21.648052],[-158.063132,21.647104],[-158.063592,21.645783],[-158.063774,21.645491],[-158.063933,21.645383],[-158.06411,21.645375],[-158.064387,21.645593],[-158.064693,21.645554],[-158.064563,21.645368],[-158.064475,21.644966],[-158.064782,21.644299],[-158.064893,21.643302],[-158.064688,21.64307],[-158.064051,21.643008],[-158.063828,21.642912],[-158.062927,21.642324],[-158.062803,21.642165],[-158.06311,21.641372],[-158.063351,21.641188],[-158.063599,21.640792],[-158.064069,21.640348],[-158.064476,21.640092],[-158.064983,21.639472],[-158.065814,21.638749],[-158.066102,21.638661],[-158.06635,21.638811],[-158.066567,21.638446],[-158.067327,21.638216],[-158.067887,21.638259],[-158.068257,21.638393],[-158.068341,21.638163],[-158.068729,21.63798],[-158.068806,21.63784],[-158.067239,21.636973],[-158.066155,21.636759],[-158.066115,21.635038],[-158.048623,21.628498],[-158.047746,21.628204],[-158.043676,21.628868],[-158.042833,21.628429],[-158.042409,21.62835],[-158.041191,21.627909],[-158.040808,21.6275],[-158.040584,21.627463],[-158.039994,21.627649],[-158.03983,21.62763],[-158.03851,21.627275],[-158.037404,21.627088],[-158.036497,21.626739],[-158.036096,21.626674],[-158.03549,21.626715],[-158.035089,21.62627],[-158.032992,21.625377],[-158.031951,21.624784],[-158.03122,21.624152],[-158.03072,21.623869],[-158.030543,21.623823],[-158.029807,21.623868],[-158.028658,21.62359],[-158.027981,21.623631],[-158.027539,21.623304],[-158.02615,21.621832],[-158.024082,21.620022],[-158.023411,21.619977],[-158.022597,21.619679],[-158.020084,21.618454],[-158.01741,21.616857],[-158.018075,21.616246],[-158.018193,21.615981],[-158.017295,21.615926],[-158.016994,21.616064],[-158.016694,21.616356],[-158.015675,21.615988],[-158.015522,21.615992],[-158.014439,21.616527],[-158.014226,21.616567],[-158.013774,21.616374],[-158.013172,21.616421],[-158.012312,21.615846],[-158.011759,21.615328],[-158.010929,21.615088],[-158.010298,21.614728],[-158.009326,21.614437],[-158.009132,21.614685],[-158.008943,21.61472],[-158.008772,21.614682],[-158.008537,21.614451],[-158.008283,21.614332],[-158.007312,21.614073],[-158.006805,21.612606],[-158.005798,21.612307],[-158.004567,21.61122],[-158.003861,21.610999],[-158.00333,21.61063],[-158.003123,21.61057],[-158.002123,21.610613],[-158.001493,21.610443],[-158.000869,21.610565],[-158.000474,21.610459],[-158.000162,21.610105],[-157.999949,21.609625],[-157.999914,21.609299],[-157.999725,21.608982],[-157.999513,21.608899],[-157.999231,21.608898],[-157.9982,21.608241],[-157.997612,21.60817],[-157.997152,21.607742],[-157.996946,21.607344],[-157.996445,21.607874],[-157.995986,21.607911],[-157.995756,21.607824],[-157.995137,21.606971],[-157.994743,21.606581],[-157.993865,21.606133],[-157.993618,21.606117],[-157.992941,21.605824],[-157.992459,21.605442],[-157.991563,21.605007],[-157.991304,21.604807],[-157.991144,21.60463],[-157.990686,21.603399],[-157.990367,21.603049],[-157.988989,21.602544],[-157.988766,21.602208],[-157.988877,21.600962],[-157.988701,21.600789],[-157.987935,21.600568],[-157.987834,21.600477],[-157.987782,21.599903],[-157.987629,21.599504],[-157.986993,21.599121],[-157.986497,21.598666],[-157.986074,21.598592],[-157.985491,21.598331],[-157.985049,21.59798],[-157.984896,21.59797],[-157.984313,21.598242],[-157.983842,21.598099],[-157.983088,21.598],[-157.982877,21.597877],[-157.982446,21.597174],[-157.982099,21.596982],[-157.981829,21.596967],[-157.981345,21.597077],[-157.980503,21.597478],[-157.980232,21.59744],[-157.979919,21.597194],[-157.979443,21.596455],[-157.979083,21.59625],[-157.978666,21.595683],[-157.978066,21.595358],[-157.977794,21.595307],[-157.977194,21.595511],[-157.977035,21.595465],[-157.976793,21.594994],[-157.976363,21.594729],[-157.97594,21.594257],[-157.975574,21.59411],[-157.974114,21.593943],[-157.973531,21.593189],[-157.97283,21.592684],[-157.972271,21.59249],[-157.972048,21.59229],[-157.970705,21.591763],[-157.969609,21.591553],[-157.96935,21.591429],[-157.968756,21.590956],[-157.967413,21.590491],[-157.966965,21.590154],[-157.966642,21.59026],[-157.966453,21.589812],[-157.966206,21.589743],[-157.965799,21.589709],[-157.965405,21.589778],[-157.964899,21.590078],[-157.964422,21.590563],[-157.964327,21.590806],[-157.963745,21.591299],[-157.963321,21.591902],[-157.963014,21.592081],[-157.961954,21.59183],[-157.961018,21.591377],[-157.960547,21.591537],[-157.9601,21.591417],[-157.959811,21.591469],[-157.959493,21.591603],[-157.958928,21.592033],[-157.958752,21.592054],[-157.957415,21.591545],[-157.957097,21.591299],[-157.956796,21.59085],[-157.955895,21.59037],[-157.955725,21.590007],[-157.955254,21.589598],[-157.955036,21.589258],[-157.954883,21.588706],[-157.9545,21.587904],[-157.954589,21.587385],[-157.954542,21.587254],[-157.954301,21.587089],[-157.953865,21.586942],[-157.953912,21.586247],[-157.953694,21.585902],[-157.953311,21.585832],[-157.95254,21.586012],[-157.951951,21.585932],[-157.950538,21.585191],[-157.950061,21.585044],[-157.949819,21.584875],[-157.949272,21.58423],[-157.948495,21.583028],[-157.947211,21.583242],[-157.946658,21.582917],[-157.946352,21.582459],[-157.945322,21.582742],[-157.944703,21.582806],[-157.944133,21.582721],[-157.942885,21.582004],[-157.942484,21.581369],[-157.941719,21.580537],[-157.94033,21.580217],[-157.94003,21.578295],[-157.939723,21.577778],[-157.938658,21.576751],[-157.938411,21.57618],[-157.938429,21.575864],[-157.938682,21.575405],[-157.938647,21.574872],[-157.938206,21.574313],[-157.938023,21.57382],[-157.937587,21.573578],[-157.937192,21.573033],[-157.93727,21.571877],[-157.937022,21.571383],[-157.936763,21.571133],[-157.936605,21.57083],[-157.936799,21.570393],[-157.936475,21.570106],[-157.936305,21.569568],[-157.935562,21.569292],[-157.935416,21.569124],[-157.935168,21.568553],[-157.934857,21.568212],[-157.93375,21.56774],[-157.933172,21.567741],[-157.932655,21.567561],[-157.932331,21.566715],[-157.93163,21.566322],[-157.930907,21.564587],[-157.930354,21.564028],[-157.93019,21.563927],[-157.92976,21.563952],[-157.928805,21.564379],[-157.92857,21.564324],[-157.928352,21.564169],[-157.92817,21.563797],[-157.928129,21.562993],[-157.928011,21.562445],[-157.927817,21.561853],[-157.92757,21.561499],[-157.927376,21.561502],[-157.927146,21.561636],[-157.926087,21.561747],[-157.925592,21.56154],[-157.924815,21.56023],[-157.924168,21.55958],[-157.923838,21.558611],[-157.92378,21.558123],[-157.923915,21.557505],[-157.924204,21.556757],[-157.924092,21.556259],[-157.923021,21.555837],[-157.922821,21.55556],[-157.922498,21.554731],[-157.922345,21.554586],[-157.922039,21.554466],[-157.92102,21.554437],[-157.920078,21.553907],[-157.919937,21.553793],[-157.919737,21.553277],[-157.919608,21.553132],[-157.91926,21.552786],[-157.918813,21.552553],[-157.918607,21.552362],[-157.918384,21.551881],[-157.91826,21.551348],[-157.918307,21.551145],[-157.918773,21.550461],[-157.918579,21.549954],[-157.918496,21.549452],[-157.918491,21.548111],[-157.918744,21.547231],[-157.918909,21.547102],[-157.919033,21.546809],[-157.919157,21.546105],[-157.919422,21.545687],[-157.919398,21.545239],[-157.919174,21.544547],[-157.919299,21.543847],[-157.91944,21.543482],[-157.92007,21.542624],[-157.920323,21.54235],[-157.921359,21.541593],[-157.92143,21.541427],[-157.921348,21.539827],[-157.921431,21.538396],[-157.921361,21.537433],[-157.921508,21.537118],[-157.921508,21.536897],[-157.921285,21.536606],[-157.921273,21.536254],[-157.921685,21.535606],[-157.921721,21.535267],[-157.921138,21.534586],[-157.921027,21.534314],[-157.920944,21.533862],[-157.920973,21.532923],[-157.921132,21.532111],[-157.919991,21.530838],[-157.919921,21.530599],[-157.920173,21.530216],[-157.920198,21.529869],[-157.919809,21.5296],[-157.91971,21.529445],[-157.919709,21.529342],[-157.92001,21.528874],[-157.920015,21.528092],[-157.92011,21.527921],[-157.920486,21.527599],[-157.920498,21.527404],[-157.919939,21.527008],[-157.919628,21.526681],[-157.919487,21.525934],[-157.919269,21.525558],[-157.918886,21.525411],[-157.918404,21.525408],[-157.918121,21.525257],[-157.917485,21.524562],[-157.916863,21.52407],[-157.916627,21.523784],[-157.91648,21.523001],[-157.916551,21.522528],[-157.916333,21.521952],[-157.916146,21.520673],[-157.915446,21.519358],[-157.914957,21.518849],[-157.914892,21.518546],[-157.914898,21.517372],[-157.914799,21.517028],[-157.913634,21.516614],[-157.913104,21.516019],[-157.912852,21.515231],[-157.912669,21.514918],[-157.912051,21.514119],[-157.911433,21.513654],[-157.911281,21.513342],[-157.910192,21.513073],[-157.909692,21.512807],[-157.90941,21.512363],[-157.909228,21.511824],[-157.909045,21.511611],[-157.908062,21.51113],[-157.907375,21.51047],[-157.907239,21.510289],[-157.907245,21.510108],[-157.907498,21.509685],[-157.907645,21.508977],[-157.907204,21.508102],[-157.906651,21.507832],[-157.905863,21.506851],[-157.905545,21.506136],[-157.905334,21.505859],[-157.903587,21.504271],[-157.903446,21.504021],[-157.903429,21.503199],[-157.903264,21.502959],[-157.902411,21.50233],[-157.902158,21.501989],[-157.901775,21.501806],[-157.901728,21.501675],[-157.900881,21.501516],[-157.899651,21.501828],[-157.898686,21.501524],[-157.898222,21.501512],[-157.897833,21.501342],[-157.897527,21.501634],[-157.895579,21.502583],[-157.895362,21.502663],[-157.894779,21.502632],[-157.894432,21.502706],[-157.893272,21.503213],[-157.892432,21.503917],[-157.891643,21.504192],[-157.891037,21.504594],[-157.890755,21.505049],[-157.889978,21.505861],[-157.88919,21.506425],[-157.888896,21.506798],[-157.888666,21.507397],[-157.88792,21.508092],[-157.887731,21.508457],[-157.887655,21.508931],[-157.887696,21.509717],[-157.887396,21.51018],[-157.887256,21.51055],[-157.887344,21.512389],[-157.887056,21.513263],[-157.886844,21.5136],[-157.886673,21.51364],[-157.885715,21.513403],[-157.885396,21.513545],[-157.884532,21.513612],[-157.883731,21.51399],[-157.882425,21.514176],[-157.88106,21.514736],[-157.880559,21.514864],[-157.88013,21.5151],[-157.879866,21.515094],[-157.879394,21.514923],[-157.878741,21.514458],[-157.877205,21.512858],[-157.876004,21.5128],[-157.875427,21.512503],[-157.874239,21.513895],[-157.873745,21.51465],[-157.873333,21.514995],[-157.87295,21.515535],[-157.872568,21.515763],[-157.872203,21.516131],[-157.871203,21.516743],[-157.870408,21.517329],[-157.869697,21.517722],[-157.868578,21.51719],[-157.867825,21.516733],[-157.865606,21.516158],[-157.863229,21.515947],[-157.86181,21.516046],[-157.861192,21.516236],[-157.860845,21.516419],[-157.859285,21.517465],[-157.858062,21.517836],[-157.857479,21.51781],[-157.856861,21.517891],[-157.856302,21.518127],[-157.855613,21.518221],[-157.855478,21.518537],[-157.855231,21.518783],[-157.85449,21.519144],[-157.854272,21.519477],[-157.853989,21.519574],[-157.853431,21.520009],[-157.852636,21.520238],[-157.852254,21.520466],[-157.851642,21.520511],[-157.850936,21.520732],[-157.848952,21.521576],[-157.848317,21.522363],[-157.847958,21.522645],[-157.847758,21.523492],[-157.847599,21.523663],[-157.846104,21.524447],[-157.845857,21.52473],[-157.845456,21.525662],[-157.844279,21.526011],[-157.844073,21.526253],[-157.843873,21.526667],[-157.842873,21.527609],[-157.842843,21.528114],[-157.842579,21.528645],[-157.842379,21.529511],[-157.842096,21.530006],[-157.841913,21.530524],[-157.841843,21.531702],[-157.84149,21.531966],[-157.841202,21.532438],[-157.84069,21.533826],[-157.839001,21.535377],[-157.839624,21.535923],[-157.840083,21.536482],[-157.840407,21.537789],[-157.840731,21.538397],[-157.841231,21.539954],[-157.84142,21.54019],[-157.842225,21.542106],[-157.842437,21.542334],[-157.843279,21.5429],[-157.844139,21.543272],[-157.844752,21.543804],[-157.845604,21.545238],[-157.846129,21.545765],[-157.846317,21.546146],[-157.846423,21.546887],[-157.846223,21.548354],[-157.846228,21.548787],[-157.846411,21.549475],[-157.846758,21.550182],[-157.847512,21.550779],[-157.848283,21.5519],[-157.848607,21.552178],[-157.850373,21.554575],[-157.850385,21.554783],[-157.850862,21.555405],[-157.852227,21.556765],[-157.852545,21.556988],[-157.8548,21.558038],[-157.855529,21.557732],[-157.855906,21.557685],[-157.856767,21.557885],[-157.858026,21.558318],[-157.85839,21.558325],[-157.859562,21.558672],[-157.860539,21.559063],[-157.8634,21.560442],[-157.864013,21.5606],[-157.864278,21.560597],[-157.864884,21.560204],[-157.86509,21.559569],[-157.86602,21.558681],[-157.866355,21.558588],[-157.867591,21.55857],[-157.868746,21.55818],[-157.869134,21.557921],[-157.869216,21.557673],[-157.869093,21.557492],[-157.869052,21.557216],[-157.869146,21.556932],[-157.86891,21.55628],[-157.869569,21.55619],[-157.871511,21.555544],[-157.872259,21.555508],[-157.873825,21.555794],[-157.875096,21.556359],[-157.876144,21.557197],[-157.876486,21.557868],[-157.876531,21.558405],[-157.876332,21.558481],[-157.876038,21.558479],[-157.875781,21.559177],[-157.875898,21.559503],[-157.875862,21.559706],[-157.875515,21.560074],[-157.875339,21.560376],[-157.875328,21.56089],[-157.875457,21.561397],[-157.875363,21.56197],[-157.875168,21.562326],[-157.874663,21.56281],[-157.874615,21.562986],[-157.874716,21.563425],[-157.874728,21.56417],[-157.875034,21.56522],[-157.875023,21.566191],[-157.874764,21.567756],[-157.874859,21.569803],[-157.874959,21.570256],[-157.874824,21.571899],[-157.874919,21.572794],[-157.875072,21.573138],[-157.875595,21.573543],[-157.876661,21.574797],[-157.877032,21.575089],[-157.878168,21.575661],[-157.878952,21.575924],[-157.879788,21.576065],[-157.88036,21.576272],[-157.881484,21.576994],[-157.882779,21.57754],[-157.883833,21.578157],[-157.885459,21.579893],[-157.885977,21.580529],[-157.88646,21.581472],[-157.886708,21.582544],[-157.887103,21.58536],[-157.887568,21.586691],[-157.888341,21.588287],[-157.888423,21.588807],[-157.888853,21.589487],[-157.889855,21.590695],[-157.89082,21.591433],[-157.891887,21.59243],[-157.892381,21.5927],[-157.893194,21.592832],[-157.89364,21.592984],[-157.894571,21.593803],[-157.894901,21.594194],[-157.895815,21.595559],[-157.896009,21.596229],[-157.896068,21.596866],[-157.896351,21.597383],[-157.896457,21.597804],[-157.896716,21.598018],[-157.896793,21.598199],[-157.897246,21.599968],[-157.897476,21.599938],[-157.897593,21.600241],[-157.897775,21.600839],[-157.897593,21.601154],[-157.897622,21.601339],[-157.897863,21.601851],[-157.897981,21.602403],[-157.898245,21.60259],[-157.89861,21.603143],[-157.898816,21.60323],[-157.89904,21.603196],[-157.899964,21.60411],[-157.901519,21.605272],[-157.902001,21.605537],[-157.904845,21.606789],[-157.90528,21.607081],[-157.905304,21.606593],[-157.905474,21.607213],[-157.906971,21.607322],[-157.907412,21.607483],[-157.907954,21.607839],[-157.908518,21.60838],[-157.909337,21.608038],[-157.909438,21.608111],[-157.908707,21.608463],[-157.908672,21.608558],[-157.909024,21.609486],[-157.909065,21.609974],[-157.909322,21.610233],[-157.909632,21.610316],[-157.909736,21.610073],[-157.909878,21.61002],[-157.909791,21.610376],[-157.910153,21.610451],[-157.910257,21.610637],[-157.90951,21.610537],[-157.909416,21.61059],[-157.909485,21.610735],[-157.910296,21.611545],[-157.911137,21.612788],[-157.911738,21.613207],[-157.912456,21.613993],[-157.912738,21.614524],[-157.912862,21.614958],[-157.913269,21.614988],[-157.912721,21.615228],[-157.912662,21.61539],[-157.912809,21.616945],[-157.912873,21.617049],[-157.913385,21.617188],[-157.913391,21.617265],[-157.912779,21.617315],[-157.912608,21.618272],[-157.912354,21.619151],[-157.912477,21.619635],[-157.912719,21.62002],[-157.913284,21.620589],[-157.914156,21.6212],[-157.914905,21.621909],[-157.915712,21.622326],[-157.915812,21.622421],[-157.915823,21.622683],[-157.917031,21.623328],[-157.917608,21.623851],[-157.918126,21.624514],[-157.919646,21.625093],[-157.92047,21.6257],[-157.920806,21.626176],[-157.92107,21.626277],[-157.921011,21.626507],[-157.921176,21.627055],[-157.921182,21.627674],[-157.921359,21.628131],[-157.921081,21.628423],[-157.921022,21.628856],[-157.920463,21.628852],[-157.920316,21.629005],[-157.920286,21.629249],[-157.920475,21.629593],[-157.921021,21.630112],[-157.921281,21.630235],[-157.921275,21.630434],[-157.920968,21.631453],[-157.920309,21.632763],[-157.919879,21.633388],[-157.919196,21.633641],[-157.918907,21.633824],[-157.918759,21.634004],[-157.918594,21.634549],[-157.918617,21.63576],[-157.918776,21.636682],[-157.91854,21.637964],[-157.918387,21.63831],[-157.918162,21.639434],[-157.918116,21.640495],[-157.918509,21.641491],[-157.918921,21.642989],[-157.918962,21.643811],[-157.918809,21.644542],[-157.918526,21.645258],[-157.91826,21.646535],[-157.918008,21.647053],[-157.917724,21.647376],[-157.917459,21.647528],[-157.916293,21.647583],[-157.914697,21.647879],[-157.913282,21.648019],[-157.912582,21.648186],[-157.912217,21.648395],[-157.91221,21.648463],[-157.912641,21.648511],[-157.913335,21.648394],[-157.913525,21.648422],[-157.913589,21.648509],[-157.913754,21.648433],[-157.914096,21.648602],[-157.914018,21.648764],[-157.914048,21.648887],[-157.914519,21.648985],[-157.915451,21.648991],[-157.915921,21.648904],[-157.918066,21.648981],[-157.919856,21.648831],[-157.921153,21.648537],[-157.921971,21.648199],[-157.922218,21.648201],[-157.922348,21.648486],[-157.922554,21.648691],[-157.922631,21.648926],[-157.923725,21.650342],[-157.92458,21.650894],[-157.925274,21.651125],[-157.925816,21.651494],[-157.926883,21.651962],[-157.927324,21.652294],[-157.927743,21.652821],[-157.928396,21.654027],[-157.928773,21.655294],[-157.928738,21.655817],[-157.928613,21.656106],[-157.9276,21.657914],[-157.927635,21.65857],[-157.927382,21.658965],[-157.92734,21.659859],[-157.927092,21.660887],[-157.927552,21.661243],[-157.928665,21.66144],[-157.929366,21.661828],[-157.930791,21.662185],[-157.931328,21.662157],[-157.931858,21.662305],[-157.934008,21.663633],[-157.934508,21.664188],[-157.934962,21.664525],[-157.935221,21.664897],[-157.935828,21.665511],[-157.93674,21.667883],[-157.937022,21.669389],[-157.937029,21.669854],[-157.936823,21.671249],[-157.936569,21.671784],[-157.936268,21.672216],[-157.935426,21.672888],[-157.934423,21.673382],[-157.934247,21.67339],[-157.933582,21.672989],[-157.932922,21.673192],[-157.932822,21.673349],[-157.932863,21.673801],[-157.933187,21.673916],[-157.93344,21.674198],[-157.933723,21.67438],[-157.934088,21.674446],[-157.934594,21.674829],[-157.934831,21.675182],[-157.935744,21.675211],[-157.93595,21.675307],[-157.936268,21.674903],[-157.936674,21.675036],[-157.937163,21.67536],[-157.93843,21.676425],[-157.938824,21.676916],[-157.939797,21.67736],[-157.940167,21.677647],[-157.941192,21.679316],[-157.941651,21.680678],[-157.942206,21.681364],[-157.942729,21.681764],[-157.943312,21.682699],[-157.94356,21.683382],[-157.944644,21.684609],[-157.944856,21.685102],[-157.944897,21.685414],[-157.944873,21.686019],[-157.944744,21.686452],[-157.944662,21.686496],[-157.944685,21.686668],[-157.944591,21.686898],[-157.94469,21.687391],[-157.945321,21.687991],[-157.945763,21.688242],[-157.946328,21.68844],[-157.947725,21.689249],[-157.948355,21.689808],[-157.948656,21.690194],[-157.948845,21.691135],[-157.949581,21.692296],[-157.949727,21.69236],[-157.94991,21.692302],[-157.950057,21.692678],[-157.950859,21.693564],[-157.951955,21.694407],[-157.952862,21.694977],[-157.954588,21.696533],[-157.955283,21.697016],[-157.95572,21.697416],[-157.955991,21.697869],[-157.956521,21.698451],[-157.956727,21.698899],[-157.95701,21.699167],[-157.957676,21.700675],[-157.958065,21.701373],[-157.958359,21.701587],[-157.958453,21.701764],[-157.958895,21.702186],[-157.959237,21.702383],[-157.959567,21.702362],[-157.959809,21.702554],[-157.960133,21.702565],[-157.96133,21.703056],[-157.962348,21.703748],[-157.962997,21.703969],[-157.963439,21.704315],[-157.963763,21.704801],[-157.963946,21.706256],[-157.964346,21.706728],[-157.965042,21.70708],[-157.965189,21.707239],[-157.965294,21.707565],[-157.965689,21.707793],[-157.965832,21.708169],[-157.965548,21.708461],[-157.966043,21.708861],[-157.966103,21.709123],[-157.966019,21.709272],[-157.96605,21.709426],[-157.966226,21.709485],[-157.966362,21.709351],[-157.966774,21.709304],[-157.967199,21.709591],[-157.967557,21.709648],[-157.96777,21.709762],[-157.967882,21.709672],[-157.967805,21.70945],[-157.967893,21.709334],[-157.9685,21.709062],[-157.968908,21.709205],[-157.969261,21.708999],[-157.969992,21.709401],[-157.970328,21.709512],[-157.970964,21.70957],[-157.971536,21.709781],[-157.971718,21.709819],[-157.97282,21.709677],[-157.974329,21.710079],[-157.975296,21.70985],[-157.976297,21.709355],[-157.978065,21.709244],[-157.979155,21.709354],[-157.979574,21.709492],[-157.980133,21.709844],[-157.980758,21.710434],[-157.981353,21.710592],[-157.982173,21.710384],[-157.982538,21.710368],[-157.983352,21.710581],[-157.983653,21.711007],[-157.983605,21.71141],[-157.983723,21.711755],[-157.983671,21.711947],[-157.983205,21.711899],[-157.983193,21.712052]]]]},"properties":{"moku":"Koʻolauloa"}},{"type":"Feature","geometry":{"type":"MultiPolygon","coordinates":[[[[-158.063947,21.634218],[-158.066115,21.635038],[-158.066155,21.636759],[-158.067239,21.636973],[-158.068806,21.63784],[-158.068895,21.637344],[-158.068788,21.636846],[-158.0689,21.636513],[-158.068812,21.635975],[-158.069224,21.635539],[-158.069289,21.635322],[-158.069419,21.635242],[-158.06953,21.634849],[-158.06979,21.634499],[-158.069695,21.634164],[-158.070226,21.633629],[-158.07042,21.633558],[-158.070579,21.633649],[-158.070703,21.633465],[-158.07058,21.633324],[-158.070915,21.6331],[-158.071174,21.633079],[-158.071352,21.633148],[-158.07154,21.633402],[-158.071822,21.633561],[-158.071976,21.633377],[-158.07211,21.633504],[-158.072182,21.633459],[-158.072087,21.633188],[-158.07154,21.632991],[-158.071362,21.632795],[-158.071339,21.632136],[-158.071617,21.631546],[-158.072536,21.630268],[-158.072759,21.630215],[-158.072941,21.630275],[-158.073024,21.630199],[-158.073077,21.630077],[-158.073012,21.629778],[-158.073372,21.629437],[-158.073642,21.62886],[-158.073943,21.628672],[-158.07402,21.628149],[-158.074621,21.627646],[-158.075327,21.62733],[-158.075622,21.626943],[-158.07577,21.626515],[-158.076805,21.625463],[-158.077436,21.625038],[-158.077949,21.624977],[-158.07812,21.624671],[-158.078774,21.62439],[-158.079781,21.624052],[-158.080629,21.624007],[-158.0811,21.623816],[-158.081494,21.623159],[-158.081666,21.622559],[-158.082282,21.621731],[-158.082446,21.621587],[-158.083524,21.621313],[-158.084196,21.621014],[-158.084602,21.621175],[-158.084725,21.621162],[-158.084779,21.621099],[-158.084697,21.620886],[-158.085368,21.620479],[-158.085467,21.619906],[-158.085863,21.619831],[-158.085856,21.619691],[-158.085592,21.619477],[-158.085557,21.619319],[-158.085803,21.618887],[-158.087382,21.617445],[-158.089095,21.616393],[-158.09018,21.615207],[-158.091439,21.614694],[-158.092317,21.61417],[-158.093301,21.613783],[-158.094349,21.613608],[-158.094867,21.613416],[-158.095344,21.612854],[-158.095633,21.61183],[-158.09594,21.611448],[-158.096163,21.610745],[-158.096564,21.610313],[-158.098242,21.609171],[-158.099284,21.608833],[-158.100091,21.608779],[-158.100274,21.608685],[-158.100862,21.608055],[-158.102423,21.606989],[-158.102635,21.606574],[-158.103224,21.60581],[-158.103883,21.605213],[-158.104955,21.604708],[-158.105873,21.604013],[-158.106805,21.603787],[-158.10704,21.60345],[-158.107728,21.602993],[-158.107752,21.602767],[-158.107575,21.602558],[-158.106928,21.602541],[-158.106798,21.602473],[-158.106692,21.602215],[-158.106698,21.601876],[-158.106615,21.601763],[-158.106397,21.601698],[-158.106138,21.601814],[-158.105973,21.60175],[-158.105556,21.601834],[-158.105243,21.601683],[-158.104996,21.601271],[-158.105007,21.601126],[-158.10522,21.600766],[-158.105172,21.600427],[-158.105048,21.60035],[-158.104477,21.600319],[-158.104213,21.600097],[-158.104107,21.599726],[-158.104101,21.599333],[-158.103836,21.598947],[-158.103801,21.598396],[-158.103589,21.597361],[-158.103782,21.596919],[-158.103771,21.596557],[-158.103935,21.596211],[-158.103447,21.595896],[-158.103312,21.595548],[-158.10343,21.595182],[-158.103895,21.594733],[-158.103983,21.594494],[-158.104301,21.594342],[-158.103812,21.593667],[-158.10363,21.59348],[-158.10347,21.593462],[-158.1035,21.593042],[-158.103736,21.592731],[-158.104913,21.592376],[-158.105283,21.592383],[-158.106274,21.592772],[-158.106592,21.59365],[-158.106591,21.593731],[-158.106268,21.593888],[-158.10622,21.593991],[-158.106285,21.594493],[-158.106509,21.594661],[-158.106568,21.594815],[-158.107434,21.594734],[-158.107805,21.594551],[-158.10834,21.594066],[-158.108729,21.593824],[-158.109771,21.593464],[-158.109754,21.593297],[-158.109535,21.593106],[-158.10953,21.593024],[-158.11099,21.59062],[-158.111148,21.590409],[-158.111667,21.590091],[-158.112443,21.589291],[-158.113027,21.588982],[-158.11331,21.58893],[-158.113945,21.588969],[-158.115429,21.589289],[-158.116701,21.589214],[-158.118738,21.589383],[-158.11888,21.589298],[-158.118991,21.589213],[-158.119345,21.588496],[-158.119904,21.587799],[-158.119916,21.587691],[-158.119586,21.58754],[-158.118715,21.586691],[-158.118032,21.586235],[-158.117742,21.58576],[-158.11673,21.584855],[-158.116353,21.584067],[-158.116883,21.583483],[-158.117954,21.582639],[-158.120392,21.581482],[-158.12088,21.58237],[-158.120957,21.583116],[-158.12121,21.583537],[-158.121222,21.584111],[-158.121299,21.584292],[-158.121717,21.58471],[-158.121964,21.584815],[-158.122106,21.584717],[-158.122282,21.584736],[-158.122489,21.584552],[-158.122776,21.584517],[-158.122847,21.584377],[-158.122683,21.58416],[-158.122694,21.583907],[-158.122924,21.583592],[-158.123471,21.583215],[-158.125491,21.582761],[-158.126685,21.5827],[-158.127445,21.582374],[-158.128564,21.58211],[-158.129588,21.582147],[-158.130683,21.582379],[-158.131443,21.582351],[-158.132002,21.582422],[-158.133014,21.582766],[-158.133291,21.58293],[-158.133632,21.582995],[-158.13464,21.583665],[-158.134863,21.583738],[-158.136193,21.584098],[-158.137778,21.58417],[-158.138738,21.584017],[-158.140321,21.583429],[-158.141639,21.583061],[-158.142169,21.582983],[-158.143412,21.583035],[-158.145337,21.582313],[-158.147243,21.581863],[-158.148733,21.581347],[-158.149058,21.581258],[-158.149776,21.581235],[-158.151401,21.580814],[-158.152743,21.580654],[-158.153444,21.580834],[-158.153998,21.580846],[-158.154733,21.58099],[-158.155245,21.580979],[-158.156028,21.580834],[-158.157224,21.580271],[-158.15839,21.57992],[-158.158802,21.579904],[-158.160263,21.580151],[-158.16214,21.580748],[-158.162946,21.580847],[-158.163353,21.580781],[-158.16456,21.58039],[-158.165443,21.579784],[-158.166592,21.579623],[-158.167157,21.579183],[-158.167851,21.578934],[-158.168505,21.579077],[-158.169158,21.579456],[-158.169359,21.579651],[-158.170871,21.580155],[-158.171224,21.580455],[-158.17262,21.581289],[-158.17332,21.581645],[-158.173838,21.581756],[-158.17438,21.581695],[-158.174939,21.581517],[-158.175606,21.581137],[-158.176365,21.580878],[-158.176564,21.580617],[-158.17667,21.580695],[-158.176871,21.580673],[-158.178366,21.580346],[-158.178773,21.580348],[-158.179662,21.580421],[-158.181204,21.580817],[-158.182882,21.581642],[-158.183346,21.581776],[-158.184525,21.581759],[-158.184919,21.581878],[-158.18582,21.581874],[-158.186462,21.582125],[-158.187068,21.582476],[-158.18821,21.582784],[-158.188852,21.582652],[-158.18977,21.582832],[-158.189929,21.582955],[-158.190342,21.582799],[-158.190671,21.582923],[-158.191354,21.582849],[-158.192095,21.582898],[-158.192226,21.582872],[-158.19289,21.582346],[-158.193698,21.581962],[-158.194952,21.581593],[-158.195329,21.581554],[-158.195852,21.581706],[-158.196441,21.582111],[-158.196612,21.581886],[-158.196648,21.582112],[-158.19789,21.582127],[-158.198343,21.582251],[-158.199173,21.582684],[-158.200569,21.582848],[-158.201169,21.582734],[-158.202641,21.581882],[-158.203212,21.581736],[-158.204679,21.581964],[-158.205626,21.581964],[-158.206503,21.582158],[-158.207146,21.582134],[-158.208659,21.581861],[-158.209525,21.581585],[-158.210495,21.581621],[-158.211103,21.581339],[-158.211314,21.581137],[-158.213016,21.580905],[-158.213669,21.580718],[-158.214564,21.580221],[-158.215124,21.579659],[-158.215807,21.57931],[-158.217208,21.579005],[-158.218374,21.578649],[-158.219093,21.57853],[-158.219499,21.578491],[-158.222784,21.579044],[-158.223473,21.579408],[-158.223855,21.579482],[-158.224285,21.579471],[-158.225098,21.579235],[-158.225468,21.579214],[-158.226852,21.579455],[-158.227559,21.579328],[-158.228283,21.579082],[-158.228943,21.578982],[-158.229408,21.578993],[-158.230998,21.579239],[-158.232611,21.579653],[-158.233435,21.579702],[-158.23423,21.579891],[-158.235054,21.57975],[-158.236108,21.579768],[-158.236409,21.579706],[-158.237198,21.579832],[-158.238339,21.579571],[-158.238699,21.579559],[-158.240495,21.579653],[-158.241183,21.579601],[-158.24179,21.579789],[-158.242456,21.579878],[-158.243321,21.579475],[-158.243933,21.579469],[-158.244446,21.579354],[-158.245022,21.579],[-158.245363,21.579128],[-158.246082,21.579172],[-158.246818,21.579505],[-158.247578,21.579558],[-158.247908,21.579654],[-158.24869,21.57949],[-158.24984,21.579558],[-158.251094,21.579283],[-158.251719,21.579399],[-158.251972,21.579784],[-158.252102,21.579852],[-158.252331,21.579523],[-158.252603,21.579479],[-158.252714,21.579353],[-158.252809,21.579331],[-158.252949,21.579436],[-158.253503,21.579347],[-158.254734,21.578838],[-158.254864,21.578698],[-158.254911,21.578324],[-158.254981,21.578279],[-158.255223,21.578289],[-158.255564,21.578521],[-158.255689,21.578521],[-158.256607,21.578073],[-158.256642,21.577938],[-158.256825,21.577848],[-158.256901,21.57784],[-158.257279,21.578126],[-158.257468,21.578117],[-158.25785,21.57792],[-158.25805,21.578048],[-158.258298,21.578076],[-158.259075,21.577957],[-158.260194,21.578237],[-158.260307,21.578165],[-158.260359,21.577651],[-158.260448,21.577552],[-158.260796,21.57754],[-158.260907,21.577301],[-158.261095,21.577247],[-158.261408,21.577569],[-158.262762,21.577774],[-158.263057,21.577955],[-158.263346,21.577663],[-158.263328,21.577315],[-158.263569,21.577199],[-158.264053,21.577174],[-158.264093,21.5773],[-158.264253,21.577414],[-158.264523,21.577307],[-158.265166,21.57753],[-158.265372,21.577536],[-158.265761,21.577379],[-158.266138,21.577083],[-158.266562,21.576872],[-158.267021,21.577073],[-158.267664,21.577021],[-158.268122,21.577077],[-158.268352,21.577011],[-158.268446,21.576844],[-158.269771,21.576371],[-158.270131,21.576106],[-158.270425,21.576012],[-158.271209,21.576024],[-158.271975,21.575756],[-158.27233,21.575785],[-158.272547,21.575984],[-158.272577,21.57584],[-158.272765,21.575805],[-158.273025,21.576013],[-158.273283,21.575829],[-158.273319,21.5755],[-158.27352,21.575415],[-158.273684,21.575411],[-158.27389,21.575642],[-158.273979,21.575629],[-158.274062,21.575448],[-158.274392,21.575377],[-158.27488,21.575763],[-158.275015,21.57561],[-158.275256,21.575877],[-158.275657,21.575919],[-158.275769,21.575802],[-158.275757,21.575486],[-158.276063,21.575776],[-158.2762,21.575578],[-158.276347,21.575592],[-158.276423,21.57585],[-158.276529,21.575923],[-158.276994,21.575911],[-158.277152,21.575835],[-158.277353,21.575921],[-158.277465,21.575895],[-158.2776,21.576035],[-158.277783,21.576049],[-158.278271,21.575866],[-158.278313,21.575938],[-158.278218,21.576132],[-158.27833,21.576214],[-158.278625,21.575967],[-158.278596,21.575705],[-158.278737,21.575466],[-158.279055,21.575431],[-158.279078,21.575354],[-158.279556,21.575144],[-158.279938,21.575082],[-158.280175,21.574857],[-158.280321,21.57498],[-158.280386,21.574926],[-158.280745,21.57504],[-158.280822,21.57499],[-158.280866,21.574485],[-158.27433,21.572753],[-158.271821,21.573006],[-158.270489,21.572978],[-158.268204,21.572485],[-158.26709,21.572011],[-158.265824,21.571586],[-158.265199,21.571036],[-158.264675,21.571007],[-158.26418,21.570702],[-158.264093,21.57063],[-158.26395,21.570096],[-158.263467,21.569678],[-158.262531,21.569078],[-158.262178,21.568629],[-158.260823,21.567625],[-158.259433,21.567209],[-158.259215,21.567081],[-158.258408,21.566156],[-158.257607,21.565665],[-158.256276,21.565058],[-158.254279,21.563988],[-158.252625,21.56324],[-158.251854,21.562749],[-158.250988,21.56205],[-158.250723,21.56194],[-158.250363,21.561884],[-158.249433,21.562147],[-158.248661,21.562035],[-158.247618,21.561669],[-158.24733,21.561672],[-158.246465,21.562147],[-158.245829,21.56308],[-158.245499,21.563399],[-158.244852,21.5635],[-158.242809,21.562782],[-158.241543,21.561953],[-158.240914,21.56163],[-158.239006,21.56112],[-158.238365,21.560687],[-158.237717,21.560458],[-158.237088,21.560456],[-158.236174,21.56018],[-158.234979,21.559511],[-158.233797,21.558954],[-158.232908,21.558137],[-158.232225,21.557659],[-158.231924,21.557517],[-158.231054,21.557292],[-158.230477,21.556955],[-158.229123,21.556452],[-158.22874,21.556228],[-158.227969,21.555326],[-158.227605,21.555008],[-158.226316,21.554315],[-158.22591,21.553983],[-158.225227,21.552715],[-158.225145,21.55177],[-158.224532,21.551912],[-158.224279,21.552096],[-158.223955,21.552144],[-158.223638,21.552305],[-158.223444,21.552557],[-158.223249,21.553108],[-158.223043,21.553152],[-158.222531,21.553064],[-158.221813,21.553155],[-158.221513,21.553045],[-158.220912,21.551963],[-158.220918,21.551723],[-158.22109,21.551317],[-158.220176,21.551001],[-158.219417,21.550293],[-158.218758,21.549888],[-158.218487,21.549529],[-158.217911,21.549174],[-158.217546,21.548658],[-158.217263,21.548494],[-158.216545,21.548305],[-158.215444,21.548607],[-158.214338,21.548593],[-158.213884,21.548681],[-158.21372,21.548771],[-158.213172,21.549396],[-158.212706,21.550312],[-158.21247,21.550428],[-158.212035,21.550417],[-158.211441,21.550211],[-158.21104,21.549942],[-158.210417,21.549216],[-158.209192,21.548406],[-158.20891,21.548382],[-158.208038,21.548875],[-158.207897,21.548879],[-158.207208,21.548501],[-158.206531,21.548371],[-158.206096,21.547755],[-158.205966,21.547695],[-158.205101,21.547479],[-158.204718,21.547586],[-158.204036,21.547243],[-158.203571,21.546853],[-158.203141,21.545943],[-158.202629,21.545669],[-158.201757,21.545019],[-158.201222,21.54424],[-158.20075,21.543668],[-158.200545,21.543518],[-158.199068,21.54319],[-158.19782,21.54323],[-158.196596,21.543012],[-158.196041,21.543063],[-158.195194,21.543452],[-158.194746,21.543916],[-158.19461,21.544186],[-158.194487,21.544226],[-158.194288,21.543168],[-158.194323,21.542735],[-158.19394,21.542552],[-158.19387,21.542109],[-158.193311,21.541727],[-158.193446,21.54156],[-158.193493,21.541235],[-158.193151,21.540064],[-158.192981,21.539801],[-158.1922,21.539088],[-158.192428,21.538249],[-158.192216,21.537083],[-158.192216,21.536405],[-158.19168,21.535345],[-158.191299,21.534951],[-158.190656,21.534731],[-158.190103,21.534665],[-158.188213,21.53504],[-158.187595,21.535051],[-158.187407,21.534941],[-158.186972,21.534442],[-158.186707,21.534351],[-158.186271,21.534385],[-158.185859,21.534532],[-158.184735,21.534021],[-158.184075,21.534167],[-158.183246,21.533919],[-158.182798,21.533641],[-158.182657,21.533207],[-158.18254,21.533089],[-158.181021,21.532097],[-158.180726,21.531824],[-158.179833,21.530821],[-158.17912,21.530262],[-158.178579,21.529546],[-158.178078,21.5293],[-158.177225,21.528216],[-158.177031,21.528102],[-158.175977,21.52793],[-158.175888,21.527821],[-158.175925,21.527365],[-158.17639,21.525854],[-158.176367,21.525686],[-158.175749,21.52436],[-158.175466,21.523938],[-158.174913,21.523344],[-158.174836,21.523117],[-158.174861,21.522358],[-158.174696,21.521816],[-158.174619,21.52116],[-158.17402,21.52005],[-158.173713,21.519629],[-158.173526,21.519497],[-158.172795,21.519507],[-158.171659,21.519357],[-158.171223,21.519386],[-158.170612,21.519175],[-158.169176,21.518396],[-158.167911,21.518024],[-158.167722,21.517905],[-158.167293,21.517262],[-158.166893,21.516966],[-158.164798,21.516025],[-158.16451,21.515328],[-158.163881,21.514733],[-158.163456,21.514487],[-158.163245,21.514242],[-158.163074,21.513812],[-158.162599,21.513416],[-158.162197,21.513279],[-158.160785,21.513114],[-158.15925,21.512112],[-158.158408,21.511774],[-158.157385,21.510969],[-158.156355,21.510291],[-158.155855,21.510094],[-158.153242,21.509904],[-158.151988,21.509528],[-158.151064,21.509659],[-158.150205,21.509975],[-158.14964,21.509981],[-158.149334,21.509817],[-158.148628,21.509118],[-158.148358,21.508732],[-158.148154,21.508627],[-158.147672,21.508797],[-158.147248,21.508695],[-158.146247,21.508803],[-158.146153,21.508771],[-158.14597,21.50821],[-158.145699,21.508],[-158.145152,21.508002],[-158.144293,21.507867],[-158.143758,21.507936],[-158.14298,21.507914],[-158.14251,21.507763],[-158.142392,21.508377],[-158.142098,21.508867],[-158.142128,21.509428],[-158.142021,21.509694],[-158.14168,21.510099],[-158.140127,21.510217],[-158.139262,21.510429],[-158.138032,21.511435],[-158.137567,21.511527],[-158.13692,21.511876],[-158.136608,21.51187],[-158.136243,21.511747],[-158.135908,21.511754],[-158.135313,21.511909],[-158.132877,21.512063],[-158.131942,21.51228],[-158.130923,21.512329],[-158.130217,21.512759],[-158.129181,21.513133],[-158.127674,21.513504],[-158.127009,21.513903],[-158.126558,21.514411],[-158.126404,21.51446],[-158.125297,21.51444],[-158.124273,21.514972],[-158.122985,21.515105],[-158.12249,21.515247],[-158.121902,21.515551],[-158.121537,21.515843],[-158.121408,21.51586],[-158.120701,21.515563],[-158.119183,21.515171],[-158.118689,21.515295],[-158.117812,21.515353],[-158.117306,21.515843],[-158.116917,21.515909],[-158.116582,21.515817],[-158.116105,21.515868],[-158.11574,21.516092],[-158.11451,21.516447],[-158.113963,21.516724],[-158.113727,21.516759],[-158.113351,21.516721],[-158.11235,21.516399],[-158.111798,21.516315],[-158.111186,21.516348],[-158.11072,21.516535],[-158.110196,21.517079],[-158.094018,21.521914],[-158.09204,21.520955],[-158.091516,21.521277],[-158.090169,21.521017],[-158.088815,21.521312],[-158.087261,21.521213],[-158.086855,21.521342],[-158.085442,21.519342],[-158.084195,21.5198],[-158.083012,21.518493],[-158.08287,21.517047],[-158.082288,21.517193],[-158.081553,21.51816],[-158.081287,21.518402],[-158.080634,21.517766],[-158.080364,21.517449],[-158.080023,21.516796],[-158.079945,21.516462],[-158.079916,21.515378],[-158.079728,21.514938],[-158.079228,21.514412],[-158.078522,21.513979],[-158.078333,21.513783],[-158.07735,21.511903],[-158.077022,21.511414],[-158.076756,21.511186],[-158.075667,21.510878],[-158.07495,21.510436],[-158.07475,21.510204],[-158.074662,21.509942],[-158.074685,21.509738],[-158.07495,21.508489],[-158.074855,21.508018],[-158.074438,21.507826],[-158.073967,21.507756],[-158.07242,21.507842],[-158.072036,21.507795],[-158.07173,21.507522],[-158.071249,21.506765],[-158.070989,21.506646],[-158.070754,21.506663],[-158.07026,21.50704],[-158.069618,21.507786],[-158.06947,21.507848],[-158.069229,21.50782],[-158.067864,21.507505],[-158.066852,21.507084],[-158.065735,21.506486],[-158.065158,21.506659],[-158.064139,21.507335],[-158.063792,21.507794],[-158.063609,21.507892],[-158.062374,21.50817],[-158.062044,21.508168],[-158.06189,21.508099],[-158.061827,21.5079],[-158.061909,21.507349],[-158.061732,21.506996],[-158.061562,21.50686],[-158.060597,21.506452],[-158.060126,21.506382],[-158.059438,21.506161],[-158.058326,21.50568],[-158.058249,21.505581],[-158.058384,21.505279],[-158.058967,21.504767],[-158.05902,21.504645],[-158.059126,21.504325],[-158.05892,21.503958],[-158.058573,21.50378],[-158.057472,21.503431],[-158.057296,21.503425],[-158.056649,21.503688],[-158.056449,21.503682],[-158.055577,21.503316],[-158.054189,21.503218],[-158.054083,21.503086],[-158.053954,21.501893],[-158.053783,21.501625],[-158.052971,21.501341],[-158.052718,21.501158],[-158.052553,21.500778],[-158.052071,21.500504],[-158.051853,21.500273],[-158.051418,21.500144],[-158.050399,21.500174],[-158.050206,21.500024],[-158.04983,21.499267],[-158.049447,21.498046],[-158.048882,21.497238],[-158.048822,21.496755],[-158.04924,21.496247],[-158.049316,21.495922],[-158.049116,21.494963],[-158.048757,21.494663],[-158.048463,21.494512],[-158.048257,21.494488],[-158.047939,21.494563],[-158.047675,21.494783],[-158.047533,21.495184],[-158.047521,21.495848],[-158.047776,21.496839],[-158.047711,21.497679],[-158.041361,21.497773],[-158.038518,21.496235],[-158.038047,21.496851],[-158.035624,21.499425],[-158.029581,21.498857],[-158.025824,21.502901],[-158.023399,21.504337],[-158.016233,21.505329],[-158.00969,21.509252],[-158.004199,21.50982],[-158.00391,21.509845],[-157.995389,21.509017],[-157.994783,21.509321],[-157.994753,21.50886],[-157.994371,21.508835],[-157.994324,21.508912],[-157.987144,21.508128],[-157.985326,21.508017],[-157.981895,21.507025],[-157.980724,21.507465],[-157.979112,21.507446],[-157.978347,21.506746],[-157.975809,21.506333],[-157.973267,21.50643],[-157.972503,21.506177],[-157.971431,21.506148],[-157.970796,21.50623],[-157.970195,21.506199],[-157.969631,21.506444],[-157.969042,21.506458],[-157.968843,21.506525],[-157.968654,21.506799],[-157.96866,21.507183],[-157.968542,21.507381],[-157.96796,21.507712],[-157.967683,21.507683],[-157.966995,21.508447],[-157.966659,21.508386],[-157.965982,21.508626],[-157.965135,21.508377],[-157.964528,21.50831],[-157.964275,21.508394],[-157.96411,21.508334],[-157.963981,21.508035],[-157.963999,21.507719],[-157.963663,21.5076],[-157.962651,21.507684],[-157.962268,21.507898],[-157.962099,21.507861],[-157.961009,21.508175],[-157.96068,21.507979],[-157.95975,21.507919],[-157.959421,21.507704],[-157.959244,21.507446],[-157.959056,21.507372],[-157.957467,21.507516],[-157.956795,21.50781],[-157.956584,21.507678],[-157.955925,21.506522],[-157.955736,21.506417],[-157.955407,21.506536],[-157.954966,21.507153],[-157.954341,21.507736],[-157.953689,21.507813],[-157.953518,21.507916],[-157.953283,21.508316],[-157.953083,21.508437],[-157.952847,21.508472],[-157.952371,21.50827],[-157.951211,21.507951],[-157.949958,21.508196],[-157.948592,21.508102],[-157.947151,21.508323],[-157.946733,21.508049],[-157.94585,21.507908],[-157.945503,21.507965],[-157.945103,21.508509],[-157.944973,21.508626],[-157.944773,21.50866],[-157.94359,21.508007],[-157.943143,21.508036],[-157.942743,21.508304],[-157.94209,21.508074],[-157.941989,21.507952],[-157.941607,21.507981],[-157.94139,21.50788],[-157.940866,21.507371],[-157.940424,21.507463],[-157.94003,21.507424],[-157.939106,21.506994],[-157.938453,21.507026],[-157.938071,21.507105],[-157.937877,21.507239],[-157.937805,21.5076],[-157.937858,21.508016],[-157.937705,21.50829],[-157.936611,21.50878],[-157.935934,21.508948],[-157.935663,21.509167],[-157.935222,21.508808],[-157.934922,21.508679],[-157.933792,21.508794],[-157.933327,21.509134],[-157.932909,21.509312],[-157.932092,21.509429],[-157.931426,21.509723],[-157.930955,21.509828],[-157.930578,21.509758],[-157.930137,21.509543],[-157.92976,21.509247],[-157.929566,21.509201],[-157.928184,21.509494],[-157.927772,21.509058],[-157.926918,21.508809],[-157.926306,21.50894],[-157.925853,21.509177],[-157.925101,21.509158],[-157.924387,21.509334],[-157.923411,21.5094],[-157.922475,21.509132],[-157.921145,21.509422],[-157.920792,21.509401],[-157.919262,21.508999],[-157.918327,21.508862],[-157.916562,21.509008],[-157.916297,21.509092],[-157.915854,21.509374],[-157.915272,21.509433],[-157.914825,21.509169],[-157.913707,21.508723],[-157.912247,21.508894],[-157.911354,21.508816],[-157.910288,21.508358],[-157.909434,21.508587],[-157.908764,21.508664],[-157.908123,21.508542],[-157.907928,21.508604],[-157.907634,21.508873],[-157.907498,21.509685],[-157.907245,21.510108],[-157.907239,21.510289],[-157.907375,21.51047],[-157.908062,21.51113],[-157.909045,21.511611],[-157.909228,21.511824],[-157.90941,21.512363],[-157.909692,21.512807],[-157.910192,21.513073],[-157.911281,21.513342],[-157.911433,21.513654],[-157.912051,21.514119],[-157.912669,21.514918],[-157.912852,21.515231],[-157.913104,21.516019],[-157.913634,21.516614],[-157.914799,21.517028],[-157.914898,21.517372],[-157.914892,21.518546],[-157.914957,21.518849],[-157.915446,21.519358],[-157.916146,21.520673],[-157.916333,21.521952],[-157.916551,21.522528],[-157.91648,21.523001],[-157.916627,21.523784],[-157.916863,21.52407],[-157.917485,21.524562],[-157.918121,21.525257],[-157.918404,21.525408],[-157.918886,21.525411],[-157.919269,21.525558],[-157.919487,21.525934],[-157.919628,21.526681],[-157.919939,21.527008],[-157.920498,21.527404],[-157.920486,21.527599],[-157.92011,21.527921],[-157.920015,21.528092],[-157.92001,21.528874],[-157.919709,21.529342],[-157.91971,21.529445],[-157.919809,21.5296],[-157.920198,21.529869],[-157.920173,21.530216],[-157.919921,21.530599],[-157.919991,21.530838],[-157.921132,21.532111],[-157.920973,21.532923],[-157.920944,21.533862],[-157.921027,21.534314],[-157.921138,21.534586],[-157.921721,21.535267],[-157.921685,21.535606],[-157.921273,21.536254],[-157.921285,21.536606],[-157.921508,21.536897],[-157.921508,21.537118],[-157.921361,21.537433],[-157.921431,21.538396],[-157.921348,21.539827],[-157.92143,21.541427],[-157.921359,21.541593],[-157.920323,21.54235],[-157.92007,21.542624],[-157.91944,21.543482],[-157.919299,21.543847],[-157.919174,21.544547],[-157.919439,21.545565],[-157.919339,21.54588],[-157.919157,21.546105],[-157.919033,21.546809],[-157.918909,21.547102],[-157.918744,21.547231],[-157.918491,21.548111],[-157.918496,21.549452],[-157.918579,21.549954],[-157.918773,21.550461],[-157.918307,21.551145],[-157.91826,21.551348],[-157.918384,21.551881],[-157.918649,21.552421],[-157.91926,21.552786],[-157.919737,21.553277],[-157.919937,21.553793],[-157.920078,21.553907],[-157.92102,21.554437],[-157.922039,21.554466],[-157.922345,21.554586],[-157.922498,21.554731],[-157.922821,21.55556],[-157.923021,21.555837],[-157.924092,21.556259],[-157.924204,21.556757],[-157.923915,21.557505],[-157.92378,21.558123],[-157.923838,21.558611],[-157.924168,21.55958],[-157.924815,21.56023],[-157.925592,21.56154],[-157.926087,21.561747],[-157.927146,21.561636],[-157.927376,21.561502],[-157.92757,21.561499],[-157.927817,21.561853],[-157.928011,21.562445],[-157.928129,21.562993],[-157.92817,21.563797],[-157.928352,21.564169],[-157.92857,21.564324],[-157.928805,21.564379],[-157.92976,21.563952],[-157.93019,21.563927],[-157.930354,21.564028],[-157.930907,21.564587],[-157.93163,21.566322],[-157.932331,21.566715],[-157.932655,21.567561],[-157.933172,21.567741],[-157.93375,21.56774],[-157.934857,21.568212],[-157.935168,21.568553],[-157.935416,21.569124],[-157.935562,21.569292],[-157.936305,21.569568],[-157.936475,21.570106],[-157.936799,21.570393],[-157.936605,21.57083],[-157.936763,21.571133],[-157.937022,21.571383],[-157.93727,21.571877],[-157.937192,21.573033],[-157.937587,21.573578],[-157.938023,21.57382],[-157.938206,21.574313],[-157.938647,21.574872],[-157.938682,21.575405],[-157.938429,21.575864],[-157.938411,21.57618],[-157.938658,21.576751],[-157.939723,21.577778],[-157.94003,21.578295],[-157.94033,21.580217],[-157.941719,21.580537],[-157.942484,21.581369],[-157.942885,21.582004],[-157.944133,21.582721],[-157.944703,21.582806],[-157.945322,21.582742],[-157.946352,21.582459],[-157.946658,21.582917],[-157.947211,21.583242],[-157.948495,21.583028],[-157.949272,21.58423],[-157.949819,21.584875],[-157.950061,21.585044],[-157.950538,21.585191],[-157.951951,21.585932],[-157.95254,21.586012],[-157.953311,21.585832],[-157.953694,21.585902],[-157.953912,21.586247],[-157.953865,21.586942],[-157.954301,21.587089],[-157.954542,21.587254],[-157.954589,21.587385],[-157.9545,21.587904],[-157.954883,21.588706],[-157.955036,21.589258],[-157.955254,21.589598],[-157.955725,21.590007],[-157.955895,21.59037],[-157.956796,21.59085],[-157.957097,21.591299],[-157.957415,21.591545],[-157.958752,21.592054],[-157.958928,21.592033],[-157.959493,21.591603],[-157.959811,21.591469],[-157.9601,21.591417],[-157.960547,21.591537],[-157.961018,21.591377],[-157.961954,21.59183],[-157.963014,21.592081],[-157.963321,21.591902],[-157.963745,21.591299],[-157.964327,21.590806],[-157.964422,21.590563],[-157.964899,21.590078],[-157.965405,21.589778],[-157.965799,21.589709],[-157.966206,21.589743],[-157.966453,21.589812],[-157.966642,21.59026],[-157.966965,21.590154],[-157.967413,21.590491],[-157.968756,21.590956],[-157.96935,21.591429],[-157.969609,21.591553],[-157.970705,21.591763],[-157.972048,21.59229],[-157.972271,21.59249],[-157.97283,21.592684],[-157.973531,21.593189],[-157.974114,21.593943],[-157.975574,21.59411],[-157.97594,21.594257],[-157.976363,21.594729],[-157.976793,21.594994],[-157.977035,21.595465],[-157.977194,21.595511],[-157.977794,21.595307],[-157.978066,21.595358],[-157.978666,21.595683],[-157.979083,21.59625],[-157.979443,21.596455],[-157.979919,21.597194],[-157.980232,21.59744],[-157.980503,21.597478],[-157.981345,21.597077],[-157.981829,21.596967],[-157.982099,21.596982],[-157.982446,21.597174],[-157.982877,21.597877],[-157.983088,21.598],[-157.983842,21.598099],[-157.984313,21.598242],[-157.984896,21.59797],[-157.985049,21.59798],[-157.985491,21.598331],[-157.986074,21.598592],[-157.986497,21.598666],[-157.986993,21.599121],[-157.987629,21.599504],[-157.987782,21.599903],[-157.987834,21.600477],[-157.987935,21.600568],[-157.988701,21.600789],[-157.988877,21.600962],[-157.988766,21.602208],[-157.988989,21.602544],[-157.990367,21.603049],[-157.990686,21.603399],[-157.991144,21.60463],[-157.991304,21.604807],[-157.991563,21.605007],[-157.992459,21.605442],[-157.992941,21.605824],[-157.993618,21.606117],[-157.993865,21.606133],[-157.994743,21.606581],[-157.995137,21.606971],[-157.995756,21.607824],[-157.995986,21.607911],[-157.996445,21.607874],[-157.996946,21.607344],[-157.997152,21.607742],[-157.997612,21.60817],[-157.9982,21.608241],[-157.999231,21.608898],[-157.999513,21.608899],[-157.999725,21.608982],[-157.999914,21.609299],[-157.999949,21.609625],[-158.000162,21.610105],[-158.000474,21.610459],[-158.000869,21.610565],[-158.001493,21.610443],[-158.002123,21.610613],[-158.003123,21.61057],[-158.00333,21.61063],[-158.003861,21.610999],[-158.004567,21.61122],[-158.005798,21.612307],[-158.006805,21.612606],[-158.007312,21.614073],[-158.008283,21.614332],[-158.008537,21.614451],[-158.008772,21.614682],[-158.008943,21.61472],[-158.009132,21.614685],[-158.009326,21.614437],[-158.010298,21.614728],[-158.010929,21.615088],[-158.011759,21.615328],[-158.012312,21.615846],[-158.013172,21.616421],[-158.013774,21.616374],[-158.014226,21.616567],[-158.014439,21.616527],[-158.015522,21.615992],[-158.015675,21.615988],[-158.016694,21.616356],[-158.016994,21.616064],[-158.017295,21.615926],[-158.018193,21.615981],[-158.018075,21.616246],[-158.01741,21.616857],[-158.020084,21.618454],[-158.022597,21.619679],[-158.023411,21.619977],[-158.024082,21.620022],[-158.02615,21.621832],[-158.027539,21.623304],[-158.027981,21.623631],[-158.028658,21.62359],[-158.029807,21.623868],[-158.030543,21.623823],[-158.03072,21.623869],[-158.03122,21.624152],[-158.031951,21.624784],[-158.032992,21.625377],[-158.035089,21.62627],[-158.03549,21.626715],[-158.036096,21.626674],[-158.036497,21.626739],[-158.037404,21.627088],[-158.03851,21.627275],[-158.03983,21.62763],[-158.039994,21.627649],[-158.040584,21.627463],[-158.040808,21.6275],[-158.041191,21.627909],[-158.042409,21.62835],[-158.042833,21.628429],[-158.043676,21.628868],[-158.047746,21.628204],[-158.063947,21.634218]]]]},"properties":{"moku":"Waialua"}},{"type":"Feature","geometry":{"type":"MultiPolygon","coordinates":[[[[-158.280227,21.574311],[-158.280216,21.574153],[-158.280327,21.574027],[-158.280663,21.574254],[-158.280669,21.573829],[-158.280616,21.573761],[-158.279822,21.573763],[-158.279656,21.573518],[-158.279645,21.573351],[-158.279345,21.573228],[-158.279316,21.57307],[-158.27925,21.573065],[-158.279156,21.57334],[-158.279074,21.573367],[-158.277926,21.572762],[-158.277726,21.572522],[-158.277496,21.572806],[-158.277331,21.572656],[-158.277249,21.57271],[-158.27719,21.572651],[-158.277007,21.572809],[-158.276908,21.572619],[-158.27679,21.5726],[-158.276294,21.572851],[-158.27616,21.572286],[-158.275948,21.572425],[-158.275829,21.572407],[-158.275725,21.572113],[-158.275577,21.572094],[-158.275471,21.572157],[-158.275406,21.572346],[-158.275005,21.571785],[-158.274758,21.571987],[-158.274564,21.57191],[-158.274529,21.571666],[-158.274458,21.571629],[-158.274382,21.571683],[-158.274188,21.571588],[-158.273981,21.571618],[-158.273788,21.571473],[-158.273504,21.571608],[-158.273322,21.571105],[-158.272969,21.570969],[-158.272821,21.570796],[-158.272439,21.570899],[-158.27185,21.570508],[-158.27149,21.570434],[-158.271101,21.570157],[-158.270901,21.570143],[-158.270518,21.569838],[-158.270058,21.569597],[-158.269888,21.569312],[-158.269694,21.569329],[-158.269482,21.569233],[-158.268798,21.568734],[-158.268362,21.568289],[-158.268309,21.568049],[-158.267832,21.567971],[-158.267667,21.567871],[-158.267496,21.567445],[-158.267325,21.567458],[-158.26719,21.567327],[-158.266695,21.567275],[-158.266618,21.567152],[-158.266383,21.567021],[-158.266365,21.566781],[-158.266276,21.566708],[-158.265835,21.566738],[-158.265712,21.566584],[-158.265711,21.56639],[-158.26544,21.566231],[-158.265363,21.566027],[-158.265116,21.565954],[-158.265139,21.565628],[-158.264257,21.565566],[-158.263968,21.56519],[-158.263691,21.565062],[-158.263638,21.564908],[-158.263225,21.564889],[-158.263131,21.564631],[-158.262731,21.564453],[-158.262701,21.564286],[-158.262525,21.564194],[-158.26233,21.564212],[-158.262213,21.56389],[-158.262419,21.563661],[-158.262418,21.563575],[-158.262301,21.563444],[-158.262112,21.563325],[-158.262018,21.563411],[-158.261889,21.563406],[-158.261524,21.56307],[-158.261175,21.563154],[-158.261005,21.563108],[-158.260964,21.562896],[-158.26107,21.562711],[-158.261005,21.562584],[-158.26074,21.562579],[-158.26034,21.56274],[-158.260186,21.562698],[-158.259986,21.562431],[-158.259968,21.562228],[-158.259798,21.562123],[-158.259744,21.561811],[-158.259509,21.561281],[-158.259256,21.561172],[-158.259244,21.56105],[-158.259026,21.560773],[-158.25872,21.560682],[-158.258473,21.560405],[-158.258202,21.560273],[-158.257995,21.560313],[-158.25789,21.560443],[-158.257777,21.560438],[-158.257672,21.560329],[-158.257672,21.560108],[-158.257543,21.560044],[-158.257347,21.560224],[-158.257153,21.560146],[-158.257195,21.559812],[-158.256889,21.559689],[-158.256794,21.559576],[-158.257012,21.559107],[-158.256983,21.559012],[-158.256664,21.558762],[-158.256358,21.558688],[-158.256034,21.558764],[-158.255481,21.558545],[-158.255463,21.558432],[-158.255374,21.55839],[-158.255186,21.558403],[-158.255104,21.558227],[-158.254721,21.558135],[-158.254474,21.557935],[-158.253796,21.557909],[-158.253679,21.557647],[-158.253378,21.557524],[-158.253561,21.557235],[-158.253338,21.557185],[-158.253038,21.557314],[-158.252802,21.55692],[-158.252637,21.556861],[-158.252325,21.556954],[-158.252125,21.556841],[-158.2519,21.55684],[-158.251842,21.556613],[-158.251694,21.556513],[-158.25114,21.55647],[-158.250717,21.556536],[-158.25064,21.556287],[-158.25001,21.556267],[-158.249881,21.555963],[-158.249469,21.555876],[-158.249321,21.555229],[-158.249104,21.55526],[-158.24855,21.555655],[-158.248621,21.554734],[-158.248156,21.554054],[-158.246931,21.552941],[-158.246661,21.552312],[-158.246284,21.551841],[-158.244882,21.550623],[-158.244753,21.550442],[-158.243129,21.549237],[-158.241941,21.548062],[-158.241052,21.546657],[-158.240469,21.545913],[-158.240687,21.545128],[-158.240492,21.54501],[-158.240374,21.545073],[-158.240315,21.545023],[-158.240304,21.544842],[-158.240121,21.544737],[-158.240057,21.544592],[-158.239997,21.54471],[-158.23988,21.544546],[-158.239756,21.544713],[-158.239645,21.544735],[-158.239433,21.544585],[-158.23928,21.544607],[-158.239203,21.544313],[-158.23892,21.544312],[-158.238968,21.543968],[-158.238827,21.543963],[-158.238685,21.543579],[-158.238561,21.543551],[-158.238449,21.543392],[-158.238226,21.543423],[-158.236966,21.542008],[-158.236801,21.541646],[-158.236342,21.541138],[-158.236206,21.541029],[-158.235924,21.541095],[-158.235583,21.540908],[-158.235111,21.540319],[-158.23484,21.540232],[-158.234723,21.54029],[-158.234517,21.539909],[-158.2344,21.539995],[-158.234263,21.539963],[-158.23411,21.539713],[-158.233916,21.539681],[-158.233793,21.539436],[-158.233516,21.539268],[-158.233269,21.538833],[-158.232538,21.538197],[-158.232121,21.537482],[-158.231621,21.536883],[-158.231503,21.536359],[-158.231167,21.535951],[-158.230654,21.534945],[-158.230373,21.533928],[-158.230114,21.533832],[-158.23019,21.533552],[-158.229824,21.532575],[-158.229771,21.53191],[-158.229607,21.53148],[-158.229519,21.529922],[-158.229353,21.52969],[-158.229454,21.528982],[-158.229336,21.528236],[-158.229406,21.527409],[-158.229294,21.527183],[-158.229024,21.526947],[-158.229401,21.526872],[-158.229442,21.52666],[-158.229671,21.526385],[-158.229688,21.525925],[-158.229818,21.525614],[-158.230047,21.525393],[-158.230359,21.525228],[-158.22976,21.525207],[-158.229618,21.52498],[-158.229482,21.524085],[-158.228805,21.523752],[-158.228817,21.523301],[-158.228753,21.523219],[-158.228818,21.523016],[-158.228505,21.522708],[-158.228605,21.522582],[-158.228575,21.522035],[-158.228411,21.521804],[-158.228534,21.521619],[-158.228552,21.52152],[-158.228477,21.52147],[-158.228605,21.521199],[-158.228587,21.52091],[-158.228428,21.520706],[-158.228676,21.5204],[-158.228734,21.519628],[-158.228953,21.519412],[-158.228999,21.51901],[-158.229152,21.518604],[-158.229229,21.517886],[-158.229452,21.517616],[-158.229476,21.517147],[-158.229646,21.516967],[-158.229552,21.516799],[-158.229569,21.516655],[-158.230147,21.516278],[-158.230064,21.515745],[-158.229852,21.515174],[-158.229104,21.514683],[-158.228757,21.514171],[-158.228828,21.513268],[-158.228716,21.512924],[-158.228792,21.512464],[-158.229057,21.511742],[-158.229528,21.510909],[-158.229716,21.510751],[-158.229369,21.510036],[-158.229381,21.509499],[-158.22924,21.509078],[-158.229258,21.508716],[-158.229634,21.50823],[-158.229628,21.506044],[-158.229192,21.505816],[-158.229599,21.505836],[-158.229904,21.504387],[-158.230222,21.50339],[-158.230163,21.502957],[-158.230227,21.500784],[-158.230592,21.500519],[-158.230662,21.500257],[-158.230433,21.499263],[-158.230145,21.498864],[-158.230015,21.498127],[-158.229997,21.497729],[-158.230208,21.496285],[-158.230001,21.495651],[-158.229912,21.494603],[-158.229954,21.493266],[-158.230477,21.491597],[-158.230513,21.490987],[-158.229948,21.48897],[-158.230366,21.488452],[-158.230319,21.488045],[-158.230413,21.487599],[-158.23043,21.486862],[-158.230695,21.485075],[-158.230606,21.48479],[-158.231012,21.483987],[-158.230983,21.483287],[-158.231083,21.48289],[-158.230607,21.482409],[-158.230389,21.482029],[-158.230336,21.481784],[-158.229794,21.481321],[-158.229235,21.481012],[-158.228534,21.480448],[-158.228241,21.479995],[-158.228129,21.479552],[-158.22787,21.47918],[-158.22757,21.478921],[-158.226981,21.478734],[-158.226769,21.478389],[-158.225604,21.477779],[-158.225151,21.477994],[-158.224204,21.478215],[-158.224003,21.478228],[-158.223356,21.478058],[-158.222651,21.478154],[-158.221973,21.478047],[-158.221556,21.477751],[-158.221008,21.47713],[-158.21995,21.475368],[-158.219532,21.473943],[-158.219508,21.473595],[-158.219243,21.473029],[-158.219208,21.472825],[-158.219296,21.472632],[-158.219308,21.472153],[-158.219214,21.471931],[-158.218696,21.471635],[-158.21859,21.471386],[-158.218455,21.471291],[-158.218514,21.47106],[-158.218325,21.470576],[-158.21809,21.469568],[-158.217419,21.46867],[-158.217401,21.468431],[-158.217767,21.468441],[-158.217955,21.468298],[-158.217961,21.468108],[-158.217738,21.467384],[-158.217361,21.466935],[-158.217072,21.466798],[-158.216978,21.466436],[-158.216537,21.466064],[-158.216313,21.465977],[-158.21599,21.465655],[-158.215019,21.465058],[-158.214559,21.46497],[-158.214395,21.464762],[-158.213883,21.464434],[-158.213395,21.463492],[-158.213095,21.462416],[-158.213012,21.461214],[-158.213142,21.461065],[-158.213837,21.460933],[-158.21439,21.460674],[-158.214442,21.460547],[-158.214212,21.460393],[-158.214513,21.459938],[-158.21456,21.459748],[-158.214366,21.459689],[-158.214042,21.4598],[-158.21383,21.459682],[-158.212819,21.459781],[-158.211877,21.4597],[-158.211347,21.460135],[-158.210813,21.460201],[-158.210348,21.460709],[-158.20976,21.46081],[-158.208694,21.460615],[-158.20743,21.460198],[-158.205747,21.459237],[-158.20547,21.459209],[-158.20524,21.459271],[-158.205253,21.459004],[-158.205176,21.458864],[-158.204465,21.4584],[-158.20434,21.458169],[-158.204106,21.458068],[-158.204077,21.45786],[-158.203994,21.457788],[-158.203599,21.457772],[-158.203217,21.45726],[-158.203029,21.456762],[-158.202823,21.456581],[-158.202687,21.456237],[-158.202694,21.455753],[-158.202552,21.455572],[-158.202499,21.45531],[-158.202706,21.454208],[-158.202517,21.453846],[-158.202318,21.453656],[-158.201388,21.453543],[-158.2003,21.453163],[-158.200064,21.452791],[-158.200088,21.451937],[-158.1993,21.451536],[-158.198594,21.451619],[-158.198305,21.45154],[-158.198253,21.45135],[-158.198346,21.45103],[-158.198005,21.45097],[-158.19717,21.450532],[-158.196783,21.449776],[-158.196482,21.449607],[-158.196447,21.449427],[-158.196558,21.449319],[-158.196076,21.448792],[-158.195247,21.448684],[-158.194571,21.448388],[-158.194253,21.44868],[-158.193829,21.448745],[-158.19354,21.448604],[-158.193308,21.448436],[-158.192776,21.447566],[-158.192547,21.447416],[-158.192112,21.447359],[-158.191747,21.447217],[-158.19094,21.446495],[-158.190588,21.446304],[-158.19,21.445542],[-158.1895,21.444614],[-158.18913,21.443636],[-158.189094,21.44299],[-158.189259,21.442173],[-158.189565,21.44203],[-158.189571,21.441741],[-158.189677,21.441606],[-158.190053,21.441599],[-158.190271,21.441433],[-158.190318,21.441216],[-158.190236,21.440999],[-158.190371,21.440963],[-158.190406,21.441031],[-158.190959,21.441133],[-158.191541,21.440978],[-158.191807,21.440559],[-158.191913,21.440542],[-158.191918,21.440646],[-158.192,21.440655],[-158.191989,21.440144],[-158.191801,21.440071],[-158.191312,21.440123],[-158.190324,21.440647],[-158.189482,21.440516],[-158.188794,21.439948],[-158.188277,21.439241],[-158.187683,21.438235],[-158.187036,21.436981],[-158.186913,21.436578],[-158.186084,21.435549],[-158.185896,21.435159],[-158.185484,21.434755],[-158.184678,21.433356],[-158.184402,21.432609],[-158.18395,21.432051],[-158.183868,21.431807],[-158.183702,21.431693],[-158.183685,21.431472],[-158.183014,21.430655],[-158.183026,21.430434],[-158.182797,21.430288],[-158.182933,21.430126],[-158.182915,21.430045],[-158.182597,21.429958],[-158.18245,21.429763],[-158.182162,21.429621],[-158.182009,21.429399],[-158.18168,21.429194],[-158.181156,21.429183],[-158.180638,21.429063],[-158.179691,21.428692],[-158.179526,21.428425],[-158.179886,21.428436],[-158.180844,21.428729],[-158.180868,21.428639],[-158.179898,21.426737],[-158.179792,21.426199],[-158.179799,21.425467],[-158.179987,21.424334],[-158.179946,21.423738],[-158.179393,21.422543],[-158.178934,21.421104],[-158.178859,21.420159],[-158.178711,21.419757],[-158.1786,21.418658],[-158.178424,21.417917],[-158.178423,21.417573],[-158.178688,21.416319],[-158.178583,21.415306],[-158.178272,21.413927],[-158.177319,21.411664],[-158.177326,21.411361],[-158.177473,21.410865],[-158.177902,21.410122],[-158.178131,21.409427],[-158.177974,21.408916],[-158.178008,21.408591],[-158.177914,21.407935],[-158.178191,21.407358],[-158.178608,21.406891],[-158.178674,21.406642],[-158.178532,21.406348],[-158.178433,21.405557],[-158.178309,21.405204],[-158.177199,21.403672],[-158.177045,21.403581],[-158.17695,21.403617],[-158.176874,21.403458],[-158.176998,21.403282],[-158.177004,21.402632],[-158.176887,21.402496],[-158.176858,21.401696],[-158.176729,21.401474],[-158.176011,21.400879],[-158.175281,21.400442],[-158.174953,21.400079],[-158.17467,21.39991],[-158.173853,21.399617],[-158.173089,21.399004],[-158.172495,21.398147],[-158.172218,21.3981],[-158.171831,21.39818],[-158.171189,21.397928],[-158.170372,21.397874],[-158.170031,21.397656],[-158.169625,21.397704],[-158.169379,21.397608],[-158.169243,21.397647],[-158.168931,21.397212],[-158.168808,21.397162],[-158.168326,21.397209],[-158.167526,21.397454],[-158.166997,21.397189],[-158.166597,21.397183],[-158.166314,21.396788],[-158.165568,21.396622],[-158.165309,21.396485],[-158.164334,21.396295],[-158.162722,21.395677],[-158.160894,21.394313],[-158.160183,21.393618],[-158.159277,21.393266],[-158.158042,21.392184],[-158.157548,21.391893],[-158.157243,21.391552],[-158.156285,21.390802],[-158.155615,21.390063],[-158.155221,21.389803],[-158.153181,21.38799],[-158.152593,21.387423],[-158.152053,21.386752],[-158.151136,21.385988],[-158.150136,21.384944],[-158.148843,21.383772],[-158.148155,21.383254],[-158.147062,21.381753],[-158.147002,21.381224],[-158.146656,21.380445],[-158.146685,21.380075],[-158.146461,21.379749],[-158.146408,21.379328],[-158.145349,21.378935],[-158.145031,21.378653],[-158.144832,21.378589],[-158.144444,21.378289],[-158.144332,21.37808],[-158.143691,21.377436],[-158.14315,21.377487],[-158.142874,21.377368],[-158.142544,21.37678],[-158.141756,21.375868],[-158.141286,21.375115],[-158.141173,21.374799],[-158.141203,21.374221],[-158.141402,21.373964],[-158.141425,21.373481],[-158.141513,21.373274],[-158.14136,21.37246],[-158.141167,21.372337],[-158.14106,21.372006],[-158.140772,21.371924],[-158.140437,21.371927],[-158.139685,21.372207],[-158.139214,21.372255],[-158.139015,21.371852],[-158.138107,21.371111],[-158.137919,21.370843],[-158.1382,21.369973],[-158.13776,21.36984],[-158.137894,21.369357],[-158.137724,21.369166],[-158.137471,21.369183],[-158.137077,21.369443],[-158.136948,21.369239],[-158.136454,21.369305],[-158.136054,21.368991],[-158.135796,21.368999],[-158.132663,21.371852],[-158.129373,21.375047],[-158.128903,21.375438],[-158.127551,21.376149],[-158.127122,21.376919],[-158.126775,21.377207],[-158.125992,21.377646],[-158.125569,21.378289],[-158.124646,21.379206],[-158.123571,21.379946],[-158.121307,21.381312],[-158.120995,21.381433],[-158.119008,21.381432],[-158.117744,21.381575],[-158.117274,21.38178],[-158.116921,21.382031],[-158.115321,21.381228],[-158.114686,21.381112],[-158.114151,21.381258],[-158.111882,21.382484],[-158.110613,21.382672],[-158.109959,21.382867],[-158.108842,21.383363],[-158.108125,21.384358],[-158.107613,21.384594],[-158.106914,21.385454],[-158.105544,21.386174],[-158.105256,21.386416],[-158.104527,21.387537],[-158.103898,21.387959],[-158.104022,21.388718],[-158.103892,21.389431],[-158.104263,21.390102],[-158.104368,21.390604],[-158.103939,21.391351],[-158.103928,21.392738],[-158.104057,21.393421],[-158.104499,21.393906],[-158.103551,21.394317],[-158.103411,21.394425],[-158.10327,21.394794],[-158.102447,21.395273],[-158.102123,21.395565],[-158.101988,21.395768],[-158.101929,21.396355],[-158.101846,21.396481],[-158.101629,21.396498],[-158.101235,21.397051],[-158.100788,21.397311],[-158.100406,21.398443],[-158.100547,21.399026],[-158.100423,21.399197],[-158.099924,21.399492],[-158.099859,21.400368],[-158.099489,21.400592],[-158.098447,21.400704],[-158.098313,21.40078],[-158.098007,21.401655],[-158.098095,21.402482],[-158.097807,21.402995],[-158.09786,21.403501],[-158.097724,21.403816],[-158.097907,21.404757],[-158.098319,21.405459],[-158.098301,21.405594],[-158.097989,21.406022],[-158.097972,21.406297],[-158.098278,21.407107],[-158.098519,21.408418],[-158.098772,21.409309],[-158.098548,21.41003],[-158.098571,21.410374],[-158.099278,21.411172],[-158.099695,21.411296],[-158.099937,21.411293],[-158.100083,21.411578],[-158.100035,21.41226],[-158.100195,21.412613],[-158.101318,21.413333],[-158.100419,21.414421],[-158.100259,21.414885],[-158.09973,21.415763],[-158.099601,21.416824],[-158.099095,21.417733],[-158.099125,21.418727],[-158.099072,21.418853],[-158.098678,21.419199],[-158.09759,21.419595],[-158.097589,21.420128],[-158.09749,21.420276],[-158.09649,21.420885],[-158.095584,21.421259],[-158.09479,21.421896],[-158.094532,21.422324],[-158.094408,21.422708],[-158.093596,21.423218],[-158.09309,21.424182],[-158.092431,21.424983],[-158.092396,21.425213],[-158.092578,21.425589],[-158.092402,21.426054],[-158.092202,21.426224],[-158.090996,21.426868],[-158.090614,21.42725],[-158.090578,21.427372],[-158.090673,21.427653],[-158.090555,21.428176],[-158.090561,21.428429],[-158.090702,21.428837],[-158.09065,21.429717],[-158.090779,21.430418],[-158.090973,21.43088],[-158.090856,21.431106],[-158.090449,21.43146],[-158.090326,21.431907],[-158.090397,21.432102],[-158.090367,21.43272],[-158.09055,21.433011],[-158.090667,21.434489],[-158.091126,21.435097],[-158.091461,21.435401],[-158.092296,21.435885],[-158.093208,21.436843],[-158.094397,21.437347],[-158.095244,21.437876],[-158.096449,21.438212],[-158.096885,21.438445],[-158.098156,21.439667],[-158.098838,21.440109],[-158.098931,21.440426],[-158.098908,21.440842],[-158.098685,21.441509],[-158.098715,21.442124],[-158.098332,21.442913],[-158.098021,21.443182],[-158.097691,21.443601],[-158.09762,21.443799],[-158.097638,21.444201],[-158.097462,21.444847],[-158.097544,21.446126],[-158.097456,21.4466],[-158.096156,21.449289],[-158.095962,21.450223],[-158.095638,21.451026],[-158.095614,21.451373],[-158.095921,21.452721],[-158.095591,21.453352],[-158.09548,21.45402],[-158.095526,21.454164],[-158.095779,21.454374],[-158.098121,21.456058],[-158.099685,21.457471],[-158.100262,21.457799],[-158.100515,21.458261],[-158.101292,21.458554],[-158.101774,21.459117],[-158.102186,21.459223],[-158.102527,21.459903],[-158.103557,21.461168],[-158.103599,21.461634],[-158.103363,21.464063],[-158.103605,21.465519],[-158.103592,21.466206],[-158.103681,21.466929],[-158.103792,21.467209],[-158.104169,21.46769],[-158.095532,21.47539],[-158.085441,21.484222],[-158.084541,21.485766],[-158.080393,21.487951],[-158.070301,21.48751],[-158.05821,21.482929],[-158.055645,21.482336],[-158.053822,21.482244],[-158.051491,21.481282],[-158.050174,21.478415],[-158.047422,21.476497],[-158.044792,21.476351],[-158.044485,21.47639],[-158.043738,21.476706],[-158.04268,21.476497],[-158.042512,21.473971],[-158.026204,21.478425],[-158.023378,21.480093],[-158.007521,21.48552],[-157.999366,21.489324],[-157.996176,21.485308],[-157.991382,21.48784],[-157.989445,21.488063],[-157.988151,21.487278],[-157.986126,21.487745],[-157.985861,21.487337],[-157.983891,21.487198],[-157.982772,21.487553],[-157.981802,21.487737],[-157.981007,21.487727],[-157.979918,21.487603],[-157.979001,21.487453],[-157.978719,21.487343],[-157.978383,21.487345],[-157.977518,21.487489],[-157.976836,21.487706],[-157.976324,21.487979],[-157.975918,21.488049],[-157.9744,21.487723],[-157.973682,21.487714],[-157.972505,21.487196],[-157.972105,21.487208],[-157.970864,21.487719],[-157.97054,21.487754],[-157.97011,21.487638],[-157.969533,21.487296],[-157.968998,21.487175],[-157.968598,21.487299],[-157.967863,21.487918],[-157.967415,21.488087],[-157.966839,21.488191],[-157.966262,21.488545],[-157.96535,21.488968],[-157.964403,21.489694],[-157.96225,21.489807],[-157.96176,21.490432],[-157.961261,21.490257],[-157.960349,21.490401],[-157.960054,21.490634],[-157.959778,21.491414],[-157.959424,21.491746],[-157.958083,21.491728],[-157.957889,21.491826],[-157.957636,21.492114],[-157.957,21.4922],[-157.956305,21.492417],[-157.955771,21.492816],[-157.955194,21.493083],[-157.954576,21.493495],[-157.953799,21.493617],[-157.953098,21.494096],[-157.95271,21.494048],[-157.952245,21.493788],[-157.951934,21.493722],[-157.951739,21.49387],[-157.951505,21.493887],[-157.951398,21.493963],[-157.951263,21.494269],[-157.950968,21.49452],[-157.950334,21.494652],[-157.949709,21.49458],[-157.949232,21.494961],[-157.948296,21.495046],[-157.947997,21.494922],[-157.946426,21.494894],[-157.945484,21.494486],[-157.944655,21.494752],[-157.943725,21.495188],[-157.943425,21.495277],[-157.942678,21.495326],[-157.941848,21.496116],[-157.941512,21.496295],[-157.941218,21.496677],[-157.940894,21.496697],[-157.940388,21.49659],[-157.939476,21.496774],[-157.938911,21.496748],[-157.938493,21.496809],[-157.937899,21.496769],[-157.937582,21.496672],[-157.936507,21.496977],[-157.935924,21.496964],[-157.935271,21.497082],[-157.933141,21.496964],[-157.931108,21.496513],[-157.930609,21.49618],[-157.930091,21.496032],[-157.928873,21.495844],[-157.928013,21.496172],[-157.927461,21.496856],[-157.926256,21.497358],[-157.92562,21.497363],[-157.924768,21.497624],[-157.923867,21.497528],[-157.922926,21.497716],[-157.921825,21.497551],[-157.920519,21.497818],[-157.918125,21.497396],[-157.917435,21.497631],[-157.916718,21.498209],[-157.916135,21.498494],[-157.914557,21.498263],[-157.914246,21.498292],[-157.913116,21.498538],[-157.912704,21.498513],[-157.912392,21.498642],[-157.911962,21.499018],[-157.911574,21.499029],[-157.910857,21.498735],[-157.910198,21.498939],[-157.90932,21.498951],[-157.908185,21.499097],[-157.907567,21.499084],[-157.906443,21.498747],[-157.905131,21.498937],[-157.904854,21.499125],[-157.904813,21.499229],[-157.904801,21.49983],[-157.90463,21.500212],[-157.903964,21.500831],[-157.903571,21.501032],[-157.903241,21.501111],[-157.902758,21.501108],[-157.90204,21.500914],[-157.901817,21.501097],[-157.901728,21.501675],[-157.901775,21.501806],[-157.902158,21.501989],[-157.902411,21.50233],[-157.903264,21.502959],[-157.903429,21.503199],[-157.903446,21.504021],[-157.903587,21.504271],[-157.905334,21.505859],[-157.905545,21.506136],[-157.905863,21.506851],[-157.906651,21.507832],[-157.907204,21.508102],[-157.907634,21.508873],[-157.907928,21.508604],[-157.908123,21.508542],[-157.908764,21.508664],[-157.909434,21.508587],[-157.910288,21.508358],[-157.911354,21.508816],[-157.912247,21.508894],[-157.913707,21.508723],[-157.914825,21.509169],[-157.915272,21.509433],[-157.915854,21.509374],[-157.916297,21.509092],[-157.916562,21.509008],[-157.918327,21.508862],[-157.919262,21.508999],[-157.920792,21.509401],[-157.921145,21.509422],[-157.922475,21.509132],[-157.923411,21.5094],[-157.924387,21.509334],[-157.925101,21.509158],[-157.925853,21.509177],[-157.926306,21.50894],[-157.926918,21.508809],[-157.927772,21.509058],[-157.928184,21.509494],[-157.929566,21.509201],[-157.92976,21.509247],[-157.930137,21.509543],[-157.930578,21.509758],[-157.930955,21.509828],[-157.931426,21.509723],[-157.932092,21.509429],[-157.932909,21.509312],[-157.933327,21.509134],[-157.933792,21.508794],[-157.934922,21.508679],[-157.935222,21.508808],[-157.935663,21.509167],[-157.935934,21.508948],[-157.936611,21.50878],[-157.937705,21.50829],[-157.937858,21.508016],[-157.937805,21.5076],[-157.937877,21.507239],[-157.938071,21.507105],[-157.938453,21.507026],[-157.939106,21.506994],[-157.94003,21.507424],[-157.940424,21.507463],[-157.940866,21.507371],[-157.94139,21.50788],[-157.941607,21.507981],[-157.941989,21.507952],[-157.94209,21.508074],[-157.942743,21.508304],[-157.943143,21.508036],[-157.94359,21.508007],[-157.944773,21.50866],[-157.944973,21.508626],[-157.945103,21.508509],[-157.945503,21.507965],[-157.94585,21.507908],[-157.946733,21.508049],[-157.947151,21.508323],[-157.948592,21.508102],[-157.949958,21.508196],[-157.951211,21.507951],[-157.952371,21.50827],[-157.952847,21.508472],[-157.953083,21.508437],[-157.953283,21.508316],[-157.953518,21.507916],[-157.953689,21.507813],[-157.954341,21.507736],[-157.954966,21.507153],[-157.955407,21.506536],[-157.955736,21.506417],[-157.955925,21.506522],[-157.956584,21.507678],[-157.956795,21.50781],[-157.957467,21.507516],[-157.959056,21.507372],[-157.959244,21.507446],[-157.959421,21.507704],[-157.95975,21.507919],[-157.96068,21.507979],[-157.961009,21.508175],[-157.962099,21.507861],[-157.962268,21.507898],[-157.962651,21.507684],[-157.963663,21.5076],[-157.963999,21.507719],[-157.963981,21.508035],[-157.96411,21.508334],[-157.964275,21.508394],[-157.964528,21.50831],[-157.965135,21.508377],[-157.965982,21.508626],[-157.966659,21.508386],[-157.966995,21.508447],[-157.967683,21.507683],[-157.96796,21.507712],[-157.968542,21.507381],[-157.96866,21.507183],[-157.968654,21.506799],[-157.968843,21.506525],[-157.969042,21.506458],[-157.969631,21.506444],[-157.970195,21.506199],[-157.970796,21.50623],[-157.971431,21.506148],[-157.972503,21.506177],[-157.973267,21.50643],[-157.975809,21.506333],[-157.978347,21.506746],[-157.979112,21.507446],[-157.980724,21.507465],[-157.981895,21.507025],[-157.985326,21.508017],[-157.987144,21.508128],[-157.994324,21.508912],[-157.994371,21.508835],[-157.994753,21.50886],[-157.994783,21.509321],[-157.995389,21.509017],[-158.00391,21.509845],[-158.00969,21.509252],[-158.016233,21.505329],[-158.023399,21.504337],[-158.025824,21.502901],[-158.029581,21.498857],[-158.035624,21.499425],[-158.038047,21.496851],[-158.038518,21.496235],[-158.041361,21.497773],[-158.047711,21.497679],[-158.047776,21.496839],[-158.047521,21.495848],[-158.047533,21.495184],[-158.047675,21.494783],[-158.047939,21.494563],[-158.048257,21.494488],[-158.048463,21.494512],[-158.048757,21.494663],[-158.049116,21.494963],[-158.049316,21.495922],[-158.04924,21.496247],[-158.048822,21.496755],[-158.048882,21.497238],[-158.049447,21.498046],[-158.04983,21.499267],[-158.050206,21.500024],[-158.050399,21.500174],[-158.051418,21.500144],[-158.051853,21.500273],[-158.052071,21.500504],[-158.052553,21.500778],[-158.052718,21.501158],[-158.052971,21.501341],[-158.053783,21.501625],[-158.053954,21.501893],[-158.054083,21.503086],[-158.054189,21.503218],[-158.055577,21.503316],[-158.056449,21.503682],[-158.056649,21.503688],[-158.057296,21.503425],[-158.057472,21.503431],[-158.058573,21.50378],[-158.05892,21.503958],[-158.059126,21.504325],[-158.05902,21.504645],[-158.058967,21.504767],[-158.058384,21.505279],[-158.058249,21.505581],[-158.058326,21.50568],[-158.059438,21.506161],[-158.060126,21.506382],[-158.060597,21.506452],[-158.061562,21.50686],[-158.061732,21.506996],[-158.061909,21.507349],[-158.061827,21.5079],[-158.06189,21.508099],[-158.062044,21.508168],[-158.062374,21.50817],[-158.063609,21.507892],[-158.063792,21.507794],[-158.064139,21.507335],[-158.065158,21.506659],[-158.065735,21.506486],[-158.066852,21.507084],[-158.067864,21.507505],[-158.069229,21.50782],[-158.06947,21.507848],[-158.069618,21.507786],[-158.07026,21.50704],[-158.070754,21.506663],[-158.070989,21.506646],[-158.071249,21.506765],[-158.07173,21.507522],[-158.072036,21.507795],[-158.07242,21.507842],[-158.073967,21.507756],[-158.074644,21.507891],[-158.074855,21.508018],[-158.07495,21.508249],[-158.074662,21.509942],[-158.07475,21.510204],[-158.07495,21.510436],[-158.075667,21.510878],[-158.076756,21.511186],[-158.077022,21.511414],[-158.07735,21.511903],[-158.078333,21.513783],[-158.078522,21.513979],[-158.079228,21.514412],[-158.079728,21.514938],[-158.079916,21.515378],[-158.079945,21.516462],[-158.08014,21.517086],[-158.080475,21.517589],[-158.081287,21.518402],[-158.081553,21.51816],[-158.082288,21.517193],[-158.08287,21.517047],[-158.083012,21.518493],[-158.084195,21.5198],[-158.085442,21.519342],[-158.086855,21.521342],[-158.087261,21.521213],[-158.088815,21.521312],[-158.090169,21.521017],[-158.091516,21.521277],[-158.09204,21.520955],[-158.094018,21.521914],[-158.110196,21.517079],[-158.11072,21.516535],[-158.111186,21.516348],[-158.111798,21.516315],[-158.11235,21.516399],[-158.113351,21.516721],[-158.113727,21.516759],[-158.113963,21.516724],[-158.11451,21.516447],[-158.11574,21.516092],[-158.116105,21.515868],[-158.116582,21.515817],[-158.116917,21.515909],[-158.117306,21.515843],[-158.117812,21.515353],[-158.118689,21.515295],[-158.119183,21.515171],[-158.120701,21.515563],[-158.121408,21.51586],[-158.121537,21.515843],[-158.121902,21.515551],[-158.12249,21.515247],[-158.122985,21.515105],[-158.124273,21.514972],[-158.125297,21.51444],[-158.126404,21.51446],[-158.126558,21.514411],[-158.127009,21.513903],[-158.127674,21.513504],[-158.129181,21.513133],[-158.130217,21.512759],[-158.130923,21.512329],[-158.131942,21.51228],[-158.132877,21.512063],[-158.135313,21.511909],[-158.135908,21.511754],[-158.136243,21.511747],[-158.136608,21.51187],[-158.13692,21.511876],[-158.137567,21.511527],[-158.138032,21.511435],[-158.139262,21.510429],[-158.140127,21.510217],[-158.141575,21.51013],[-158.141786,21.510036],[-158.142128,21.509428],[-158.142098,21.508867],[-158.142392,21.508377],[-158.14251,21.507763],[-158.14298,21.507914],[-158.143758,21.507936],[-158.144293,21.507867],[-158.145152,21.508002],[-158.145699,21.508],[-158.14597,21.50821],[-158.146153,21.508771],[-158.146247,21.508803],[-158.147248,21.508695],[-158.147672,21.508797],[-158.148154,21.508627],[-158.148358,21.508732],[-158.148628,21.509118],[-158.149334,21.509817],[-158.14964,21.509981],[-158.150205,21.509975],[-158.151064,21.509659],[-158.151988,21.509528],[-158.153242,21.509904],[-158.155855,21.510094],[-158.156355,21.510291],[-158.157385,21.510969],[-158.158408,21.511774],[-158.15925,21.512112],[-158.160785,21.513114],[-158.162197,21.513279],[-158.162599,21.513416],[-158.163074,21.513812],[-158.163245,21.514242],[-158.163456,21.514487],[-158.163881,21.514733],[-158.16451,21.515328],[-158.164798,21.516025],[-158.166893,21.516966],[-158.167293,21.517262],[-158.167722,21.517905],[-158.167911,21.518024],[-158.169176,21.518396],[-158.170612,21.519175],[-158.171223,21.519386],[-158.171659,21.519357],[-158.172795,21.519507],[-158.173526,21.519497],[-158.173713,21.519629],[-158.17402,21.52005],[-158.174619,21.52116],[-158.174696,21.521816],[-158.174861,21.522358],[-158.174836,21.523117],[-158.174913,21.523344],[-158.175466,21.523938],[-158.175749,21.52436],[-158.176367,21.525686],[-158.17639,21.525854],[-158.175925,21.527365],[-158.175888,21.527821],[-158.175977,21.52793],[-158.177031,21.528102],[-158.177225,21.528216],[-158.178078,21.5293],[-158.178579,21.529546],[-158.17912,21.530262],[-158.179833,21.530821],[-158.180726,21.531824],[-158.181021,21.532097],[-158.18254,21.533089],[-158.182657,21.533207],[-158.182798,21.533641],[-158.183246,21.533919],[-158.184075,21.534167],[-158.184735,21.534021],[-158.185859,21.534532],[-158.186271,21.534385],[-158.186707,21.534351],[-158.186972,21.534442],[-158.187407,21.534941],[-158.187595,21.535051],[-158.188213,21.53504],[-158.190103,21.534665],[-158.190656,21.534731],[-158.191299,21.534951],[-158.19168,21.535345],[-158.192216,21.536405],[-158.192216,21.537083],[-158.192428,21.538249],[-158.1922,21.539088],[-158.192981,21.539801],[-158.193151,21.540064],[-158.193493,21.541235],[-158.193446,21.54156],[-158.193311,21.541727],[-158.19387,21.542109],[-158.19394,21.542552],[-158.194323,21.542735],[-158.194288,21.543168],[-158.194487,21.544226],[-158.19461,21.544186],[-158.194746,21.543916],[-158.195194,21.543452],[-158.196041,21.543063],[-158.196596,21.543012],[-158.19782,21.54323],[-158.199068,21.54319],[-158.200545,21.543518],[-158.20075,21.543668],[-158.201222,21.54424],[-158.201757,21.545019],[-158.202629,21.545669],[-158.203141,21.545943],[-158.203571,21.546853],[-158.204036,21.547243],[-158.204718,21.547586],[-158.205101,21.547479],[-158.205966,21.547695],[-158.206096,21.547755],[-158.206531,21.548371],[-158.207208,21.548501],[-158.207897,21.548879],[-158.208038,21.548875],[-158.20891,21.548382],[-158.209192,21.548406],[-158.210417,21.549216],[-158.21104,21.549942],[-158.211441,21.550211],[-158.212035,21.550417],[-158.21247,21.550428],[-158.212706,21.550312],[-158.213172,21.549396],[-158.21372,21.548771],[-158.213884,21.548681],[-158.214338,21.548593],[-158.215444,21.548607],[-158.216545,21.548305],[-158.217263,21.548494],[-158.217546,21.548658],[-158.217911,21.549174],[-158.218487,21.549529],[-158.218758,21.549888],[-158.219417,21.550293],[-158.220176,21.551001],[-158.22109,21.551317],[-158.220918,21.551723],[-158.220912,21.551963],[-158.221513,21.553045],[-158.221813,21.553155],[-158.222531,21.553064],[-158.223043,21.553152],[-158.223249,21.553108],[-158.223444,21.552557],[-158.223638,21.552305],[-158.223955,21.552144],[-158.224279,21.552096],[-158.224532,21.551912],[-158.225145,21.55177],[-158.225227,21.552715],[-158.22591,21.553983],[-158.226316,21.554315],[-158.227605,21.555008],[-158.227969,21.555326],[-158.22874,21.556228],[-158.229123,21.556452],[-158.230477,21.556955],[-158.231054,21.557292],[-158.231924,21.557517],[-158.232225,21.557659],[-158.232908,21.558137],[-158.233797,21.558954],[-158.234979,21.559511],[-158.236174,21.56018],[-158.237088,21.560456],[-158.237717,21.560458],[-158.238365,21.560687],[-158.239006,21.56112],[-158.240914,21.56163],[-158.241543,21.561953],[-158.242809,21.562782],[-158.244852,21.5635],[-158.245499,21.563399],[-158.245829,21.56308],[-158.246465,21.562147],[-158.24733,21.561672],[-158.247618,21.561669],[-158.248661,21.562035],[-158.249433,21.562147],[-158.250363,21.561884],[-158.250723,21.56194],[-158.250988,21.56205],[-158.251854,21.562749],[-158.252625,21.56324],[-158.254279,21.563988],[-158.256276,21.565058],[-158.257607,21.565665],[-158.258408,21.566156],[-158.259215,21.567081],[-158.259433,21.567209],[-158.260823,21.567625],[-158.262178,21.568629],[-158.262531,21.569078],[-158.263467,21.569678],[-158.26395,21.570096],[-158.264093,21.57063],[-158.26418,21.570702],[-158.264675,21.571007],[-158.265199,21.571036],[-158.265824,21.571586],[-158.26709,21.572011],[-158.268204,21.572485],[-158.270489,21.572978],[-158.271821,21.573006],[-158.27433,21.572753],[-158.280227,21.574311]]]]},"properties":{"moku":"Waiʻanae"}},{"type":"Feature","geometry":{"type":"MultiPolygon","coordinates":[[[[-157.835276,21.520505],[-157.835334,21.521083],[-157.835134,21.521759],[-157.835093,21.522373],[-157.834734,21.52275],[-157.834674,21.523567],[-157.834757,21.524557],[-157.834598,21.526073],[-157.83454,21.526231],[-157.834309,21.526369],[-157.834539,21.527486],[-157.834798,21.528315],[-157.835086,21.528935],[-157.836228,21.530764],[-157.836322,21.53118],[-157.836611,21.531828],[-157.837305,21.532542],[-157.837553,21.53295],[-157.837864,21.533874],[-157.837882,21.534352],[-157.837993,21.534584],[-157.839001,21.535377],[-157.84069,21.533826],[-157.841202,21.532438],[-157.84149,21.531966],[-157.841873,21.531639],[-157.841843,21.53098],[-157.841913,21.530524],[-157.842096,21.530006],[-157.842379,21.529511],[-157.842579,21.528645],[-157.842843,21.528114],[-157.842873,21.527609],[-157.843873,21.526667],[-157.844203,21.526073],[-157.844615,21.525887],[-157.845456,21.525662],[-157.845857,21.52473],[-157.846104,21.524447],[-157.847599,21.523663],[-157.847758,21.523492],[-157.847958,21.522645],[-157.848317,21.522363],[-157.848952,21.521576],[-157.850936,21.520732],[-157.851642,21.520511],[-157.852254,21.520466],[-157.852636,21.520238],[-157.853431,21.520009],[-157.853989,21.519574],[-157.854272,21.519477],[-157.85449,21.519144],[-157.855231,21.518783],[-157.855478,21.518537],[-157.855613,21.518221],[-157.856302,21.518127],[-157.856861,21.517891],[-157.857479,21.51781],[-157.857962,21.517854],[-157.858609,21.517686],[-157.859285,21.517465],[-157.859668,21.51726],[-157.860316,21.51675],[-157.861192,21.516236],[-157.86181,21.516046],[-157.862946,21.515955],[-157.865365,21.51612],[-157.867455,21.516613],[-157.867984,21.516811],[-157.868578,21.51719],[-157.869697,21.517722],[-157.870408,21.517329],[-157.871203,21.516743],[-157.872203,21.516131],[-157.872568,21.515763],[-157.87295,21.515535],[-157.873333,21.514995],[-157.873745,21.51465],[-157.874239,21.513895],[-157.875427,21.512503],[-157.876004,21.5128],[-157.877205,21.512858],[-157.878741,21.514458],[-157.879394,21.514923],[-157.879866,21.515094],[-157.88013,21.5151],[-157.880559,21.514864],[-157.88106,21.514736],[-157.882425,21.514176],[-157.883731,21.51399],[-157.884532,21.513612],[-157.885396,21.513545],[-157.885715,21.513403],[-157.886673,21.51364],[-157.886844,21.5136],[-157.887056,21.513263],[-157.887344,21.512389],[-157.887256,21.51055],[-157.887396,21.51018],[-157.887696,21.509717],[-157.887655,21.508931],[-157.887731,21.508457],[-157.88792,21.508092],[-157.888666,21.507397],[-157.888896,21.506798],[-157.88919,21.506425],[-157.889978,21.505861],[-157.890755,21.505049],[-157.891037,21.504594],[-157.891643,21.504192],[-157.892432,21.503917],[-157.893272,21.503213],[-157.894432,21.502706],[-157.894779,21.502632],[-157.895362,21.502663],[-157.895579,21.502583],[-157.897527,21.501634],[-157.897833,21.501342],[-157.897403,21.501046],[-157.897049,21.500447],[-157.897049,21.500226],[-157.897249,21.499861],[-157.897249,21.498845],[-157.896866,21.498363],[-157.896284,21.498012],[-157.895877,21.497463],[-157.895628,21.496838],[-157.895597,21.496219],[-157.895121,21.495556],[-157.894885,21.494958],[-157.894266,21.494471],[-157.893902,21.494039],[-157.893567,21.493346],[-157.893113,21.493027],[-157.892995,21.492836],[-157.892854,21.491399],[-157.893059,21.490528],[-157.892882,21.489579],[-157.89227,21.488919],[-157.892058,21.488579],[-157.892034,21.488385],[-157.89227,21.487989],[-157.892446,21.48785],[-157.892522,21.487494],[-157.892311,21.486693],[-157.891739,21.485768],[-157.891098,21.485334],[-157.890969,21.484407],[-157.890627,21.483804],[-157.890691,21.483141],[-157.891174,21.482507],[-157.891409,21.481958],[-157.891209,21.481685],[-157.890803,21.480824],[-157.890767,21.479361],[-157.890644,21.478614],[-157.890496,21.478351],[-157.889624,21.477469],[-157.889372,21.477007],[-157.889695,21.476178],[-157.890319,21.475455],[-157.890371,21.474461],[-157.890611,21.47346],[-157.8906,21.472873],[-157.890988,21.472293],[-157.891005,21.47213],[-157.890588,21.471034],[-157.890322,21.470712],[-157.890258,21.470404],[-157.89034,21.470071],[-157.890098,21.469694],[-157.889698,21.468657],[-157.889593,21.468571],[-157.889164,21.468559],[-157.889028,21.468486],[-157.888634,21.467823],[-157.888015,21.467106],[-157.888168,21.466276],[-157.887921,21.465583],[-157.887956,21.465045],[-157.887538,21.464388],[-157.887556,21.463859],[-157.887491,21.46371],[-157.885955,21.462652],[-157.885737,21.462465],[-157.885496,21.46203],[-157.88532,21.461956],[-157.88499,21.461963],[-157.88459,21.461793],[-157.883802,21.46182],[-157.883178,21.461639],[-157.88279,21.461343],[-157.88269,21.460963],[-157.882578,21.460831],[-157.882289,21.460694],[-157.88196,21.460656],[-157.87809,21.460747],[-157.87733,21.461008],[-157.876595,21.461116],[-157.876142,21.461339],[-157.876247,21.460337],[-157.876177,21.460061],[-157.876253,21.459863],[-157.876453,21.459756],[-157.876354,21.459665],[-157.875812,21.459621],[-157.875454,21.459392],[-157.875242,21.459151],[-157.875094,21.458238],[-157.875277,21.456672],[-157.874965,21.456146],[-157.874017,21.455426],[-157.873882,21.455235],[-157.873787,21.454887],[-157.873757,21.453748],[-157.873311,21.453244],[-157.873464,21.452671],[-157.874193,21.451737],[-157.873987,21.450985],[-157.874081,21.450521],[-157.874569,21.449277],[-157.874639,21.448944],[-157.874593,21.448365],[-157.874839,21.447852],[-157.874522,21.447213],[-157.874456,21.446648],[-157.874609,21.446012],[-157.874551,21.445822],[-157.874333,21.445567],[-157.874285,21.444885],[-157.873921,21.44439],[-157.873879,21.444214],[-157.874085,21.443601],[-157.873979,21.443004],[-157.873485,21.442382],[-157.873461,21.441325],[-157.873084,21.44092],[-157.872991,21.440536],[-157.872614,21.439955],[-157.872279,21.439745],[-157.872008,21.439445],[-157.87139,21.43945],[-157.871085,21.439285],[-157.870961,21.439126],[-157.87019,21.438927],[-157.869767,21.438459],[-157.868419,21.437709],[-157.867943,21.437538],[-157.86732,21.437069],[-157.866202,21.436858],[-157.865714,21.436525],[-157.865032,21.436453],[-157.864573,21.436481],[-157.863614,21.435982],[-157.863726,21.435473],[-157.863719,21.435197],[-157.863631,21.435029],[-157.863426,21.434802],[-157.862461,21.434583],[-157.86239,21.434429],[-157.862402,21.433815],[-157.862196,21.43319],[-157.861661,21.432672],[-157.861431,21.432236],[-157.860872,21.432057],[-157.860372,21.431475],[-157.860208,21.4309],[-157.860214,21.430313],[-157.859519,21.430159],[-157.859173,21.429999],[-157.859049,21.429686],[-157.858872,21.428348],[-157.858425,21.428309],[-157.857849,21.428088],[-157.856819,21.427923],[-157.856485,21.427659],[-157.856225,21.427562],[-157.855085,21.42736],[-157.854579,21.427131],[-157.853997,21.426702],[-157.852326,21.426795],[-157.850556,21.426376],[-157.849868,21.425707],[-157.849168,21.425332],[-157.848803,21.424638],[-157.848439,21.424202],[-157.848274,21.423858],[-157.847909,21.423747],[-157.847351,21.423296],[-157.84655,21.422961],[-157.846121,21.422637],[-157.845545,21.422398],[-157.844815,21.421869],[-157.844521,21.421795],[-157.844109,21.421268],[-157.843704,21.420994],[-157.843145,21.420444],[-157.842539,21.420029],[-157.841969,21.419754],[-157.841452,21.419231],[-157.840911,21.419182],[-157.840434,21.418934],[-157.840075,21.418408],[-157.839258,21.418217],[-157.838676,21.418163],[-157.838211,21.418043],[-157.838141,21.417956],[-157.83827,21.416923],[-157.837893,21.416324],[-157.837717,21.415415],[-157.83794,21.414631],[-157.837905,21.414477],[-157.837635,21.413725],[-157.837247,21.413573],[-157.836723,21.413204],[-157.836535,21.413166],[-157.836382,21.412659],[-157.838264,21.411367],[-157.83894,21.410676],[-157.838758,21.410386],[-157.839111,21.410239],[-157.839399,21.409862],[-157.839376,21.409731],[-157.838953,21.409231],[-157.83891,21.409082],[-157.839346,21.407928],[-157.839429,21.40745],[-157.838899,21.406724],[-157.838929,21.40643],[-157.83914,21.405926],[-157.839628,21.405225],[-157.839575,21.404931],[-157.839423,21.404686],[-157.839722,21.403834],[-157.839623,21.403598],[-157.839076,21.403206],[-157.839046,21.402759],[-157.838541,21.401974],[-157.838699,21.401681],[-157.838565,21.401427],[-157.837623,21.401037],[-157.836841,21.400209],[-157.836176,21.400002],[-157.835982,21.399829],[-157.835524,21.399884],[-157.834989,21.399745],[-157.83429,21.399957],[-157.83356,21.399762],[-157.832972,21.399767],[-157.832195,21.399472],[-157.831196,21.399235],[-157.83032,21.39861],[-157.829868,21.398458],[-157.829697,21.398109],[-157.829485,21.397168],[-157.829391,21.397027],[-157.828598,21.396529],[-157.828157,21.396341],[-157.826257,21.39593],[-157.825816,21.395873],[-157.825228,21.395932],[-157.824075,21.395766],[-157.823999,21.395318],[-157.82407,21.395012],[-157.824229,21.394651],[-157.824681,21.394117],[-157.824898,21.393978],[-157.824847,21.393373],[-157.825328,21.392748],[-157.825528,21.392235],[-157.825476,21.392031],[-157.824981,21.391432],[-157.824917,21.390862],[-157.824653,21.390011],[-157.824706,21.38974],[-157.82517,21.388953],[-157.825299,21.388507],[-157.825193,21.38833],[-157.824388,21.387651],[-157.824058,21.387152],[-157.823753,21.385253],[-157.823454,21.384817],[-157.822754,21.384406],[-157.822354,21.383536],[-157.82226,21.383467],[-157.821213,21.383202],[-157.820797,21.383001],[-157.820526,21.382976],[-157.819737,21.382338],[-157.819474,21.382305],[-157.819133,21.381959],[-157.818427,21.381629],[-157.818121,21.381577],[-157.81761,21.381194],[-157.81691,21.380981],[-157.815605,21.380313],[-157.814929,21.379684],[-157.814541,21.379415],[-157.814247,21.379309],[-157.814089,21.379078],[-157.81357,21.378758],[-157.812918,21.378202],[-157.812195,21.377113],[-157.811002,21.375867],[-157.810732,21.375382],[-157.810673,21.374785],[-157.810761,21.374311],[-157.810445,21.373189],[-157.810274,21.371941],[-157.810499,21.370692],[-157.810263,21.370306],[-157.809411,21.369514],[-157.80897,21.369348],[-157.808441,21.369308],[-157.807853,21.369132],[-157.80736,21.368397],[-157.806978,21.368196],[-157.80596,21.368089],[-157.805325,21.368383],[-157.802833,21.368374],[-157.801316,21.368201],[-157.799582,21.368111],[-157.798183,21.368363],[-157.797848,21.368347],[-157.794223,21.367422],[-157.793906,21.367113],[-157.793794,21.366787],[-157.793635,21.366668],[-157.793348,21.366707],[-157.792976,21.367124],[-157.792735,21.366978],[-157.792753,21.366698],[-157.79236,21.366605],[-157.791625,21.36627],[-157.790919,21.365872],[-157.79062,21.365508],[-157.790131,21.364624],[-157.788312,21.36233],[-157.788216,21.361778],[-157.788211,21.361105],[-157.787877,21.359825],[-157.787901,21.3587],[-157.788124,21.3582],[-157.788165,21.357902],[-157.787948,21.356275],[-157.78782,21.355795],[-157.788014,21.355182],[-157.788126,21.354054],[-157.788308,21.353753],[-157.788857,21.35326],[-157.788931,21.353039],[-157.788983,21.35256],[-157.788895,21.351932],[-157.788937,21.351413],[-157.789166,21.350818],[-157.789213,21.350082],[-157.788549,21.349012],[-157.788867,21.348034],[-157.788621,21.347526],[-157.788715,21.347062],[-157.788692,21.346754],[-157.788316,21.345853],[-157.788328,21.344855],[-157.788152,21.344112],[-157.788335,21.343165],[-157.788229,21.342957],[-157.7878,21.342547],[-157.787401,21.34123],[-157.787265,21.341017],[-157.786313,21.340721],[-157.785873,21.340157],[-157.785202,21.339773],[-157.784903,21.339486],[-157.78481,21.339007],[-157.784663,21.33883],[-157.784069,21.338749],[-157.782941,21.337801],[-157.782583,21.337193],[-157.780725,21.336231],[-157.779909,21.336135],[-157.778903,21.335694],[-157.778616,21.335656],[-157.777852,21.335772],[-157.777181,21.335717],[-157.776723,21.335836],[-157.775606,21.33581],[-157.774467,21.335147],[-157.774078,21.334782],[-157.773403,21.334484],[-157.772726,21.333824],[-157.771615,21.333238],[-157.771304,21.332933],[-157.77034,21.332673],[-157.769423,21.332797],[-157.768477,21.332217],[-157.767378,21.332493],[-157.76625,21.332363],[-157.765592,21.332367],[-157.765103,21.332553],[-157.764657,21.332618],[-157.763781,21.332439],[-157.762729,21.331953],[-157.762194,21.332053],[-157.761524,21.331908],[-157.760747,21.332114],[-157.760277,21.332007],[-157.759849,21.331756],[-157.758908,21.331848],[-157.758632,21.331738],[-157.758244,21.331382],[-157.757662,21.330994],[-157.756516,21.330818],[-157.755628,21.330545],[-157.755264,21.330204],[-157.754794,21.329396],[-157.754317,21.329172],[-157.754,21.328776],[-157.753453,21.32856],[-157.75316,21.328106],[-157.752948,21.327919],[-157.752466,21.327771],[-157.75042,21.327386],[-157.749192,21.327218],[-157.748705,21.326908],[-157.747669,21.32582],[-157.747522,21.325756],[-157.747035,21.325807],[-157.746465,21.325694],[-157.745136,21.325214],[-157.744366,21.325078],[-157.743815,21.324739],[-157.742809,21.324641],[-157.742133,21.324456],[-157.74171,21.324204],[-157.741145,21.324173],[-157.740276,21.323904],[-157.739177,21.323778],[-157.738143,21.3235],[-157.73776,21.323474],[-157.736937,21.32317],[-157.736749,21.32316],[-157.736051,21.323538],[-157.735598,21.323616],[-157.734981,21.323611],[-157.733834,21.322988],[-157.733141,21.322771],[-157.731972,21.322871],[-157.730668,21.322612],[-157.72982,21.322901],[-157.729344,21.322854],[-157.728725,21.322901],[-157.728297,21.323282],[-157.727774,21.323472],[-157.727298,21.323568],[-157.726964,21.32352],[-157.726679,21.323901],[-157.726155,21.324281],[-157.725584,21.324329],[-157.725109,21.32371],[-157.724823,21.322949],[-157.72449,21.322473],[-157.72349,21.321521],[-157.723157,21.320855],[-157.723015,21.320141],[-157.722729,21.319618],[-157.721587,21.31838],[-157.720825,21.318047],[-157.720064,21.317952],[-157.71897,21.317571],[-157.71816,21.317381],[-157.717589,21.317],[-157.716971,21.316762],[-157.7164,21.316667],[-157.714258,21.316715],[-157.712593,21.317429],[-157.711355,21.317095],[-157.710737,21.317143],[-157.710213,21.317476],[-157.709785,21.31819],[-157.709309,21.318285],[-157.708881,21.318142],[-157.708595,21.317904],[-157.708167,21.317714],[-157.707548,21.317667],[-157.707215,21.317476],[-157.707215,21.317],[-157.706834,21.31662],[-157.706358,21.316477],[-157.705835,21.316572],[-157.704978,21.316572],[-157.703122,21.317095],[-157.702218,21.317095],[-157.701837,21.317381],[-157.701552,21.317714],[-157.701076,21.317952],[-157.7006,21.318047],[-157.699981,21.318333],[-157.698649,21.318142],[-157.697269,21.318809],[-157.697031,21.319142],[-157.695984,21.320046],[-157.695508,21.320141],[-157.695175,21.320094],[-157.694794,21.320236],[-157.694461,21.320569],[-157.693842,21.320712],[-157.693367,21.320712],[-157.692795,21.320569],[-157.69232,21.320236],[-157.691701,21.320094],[-157.69132,21.320189],[-157.690606,21.320236],[-157.690083,21.320189],[-157.688941,21.320522],[-157.687941,21.320712],[-157.686561,21.32195],[-157.685655,21.321814],[-157.683959,21.321308],[-157.681372,21.320178],[-157.679141,21.320119],[-157.678546,21.32],[-157.67691,21.319405],[-157.676375,21.319107],[-157.676226,21.318423],[-157.675155,21.318156],[-157.6734,21.317412],[-157.672597,21.317025],[-157.671378,21.316192],[-157.670932,21.315717],[-157.670515,21.315419],[-157.670218,21.314824],[-157.669861,21.314438],[-157.669296,21.31411],[-157.668879,21.313664],[-157.668701,21.313307],[-157.668136,21.312712],[-157.666619,21.312445],[-157.666173,21.312207],[-157.665548,21.311582],[-157.665043,21.311255],[-157.664269,21.310511],[-157.663815,21.310233],[-157.663577,21.309971],[-157.663482,21.309638],[-157.663196,21.309543],[-157.662458,21.309948],[-157.662078,21.309995],[-157.661697,21.309781],[-157.660959,21.309043],[-157.660246,21.30852],[-157.659912,21.308472],[-157.659556,21.308663],[-157.659389,21.308948],[-157.658842,21.3094],[-157.658628,21.309448],[-157.6577,21.309162],[-157.657438,21.309162],[-157.657128,21.30921],[-157.656724,21.3094],[-157.655558,21.309376],[-157.655154,21.309448],[-157.654868,21.309614],[-157.654487,21.309591],[-157.653654,21.309353],[-157.652845,21.309234],[-157.65256,21.309091],[-157.651775,21.308877],[-157.651013,21.309234],[-157.65049,21.309329],[-157.650204,21.309519],[-157.6498,21.309948],[-157.649562,21.310709],[-157.649373,21.31106],[-157.649712,21.311081],[-157.649965,21.310902],[-157.650235,21.310507],[-157.65074,21.31006],[-157.651052,21.310094],[-157.651405,21.310616],[-157.651616,21.310654],[-157.651946,21.310589],[-157.65342,21.310917],[-157.654278,21.310766],[-157.654931,21.310446],[-157.656853,21.310145],[-157.657223,21.310148],[-157.657458,21.31001],[-157.657523,21.310037],[-157.657467,21.310243],[-157.657523,21.31029],[-157.657716,21.310125],[-157.658023,21.31019],[-157.658086,21.310092],[-157.658304,21.31008],[-157.658774,21.31012],[-157.658886,21.310288],[-157.659068,21.310158],[-157.659321,21.310228],[-157.660354,21.311406],[-157.660519,21.311737],[-157.660566,21.312026],[-157.660297,21.312412],[-157.660336,21.312603],[-157.660578,21.312812],[-157.660337,21.313158],[-157.660435,21.314017],[-157.660571,21.314321],[-157.6609,21.314518],[-157.661188,21.314841],[-157.661452,21.314942],[-157.66167,21.315129],[-157.661564,21.315647],[-157.662051,21.31548],[-157.662192,21.315865],[-157.662357,21.315898],[-157.66248,21.316084],[-157.662874,21.3162],[-157.662962,21.316449],[-157.663485,21.316729],[-157.663884,21.316669],[-157.664149,21.316942],[-157.66426,21.316943],[-157.664431,21.316714],[-157.664637,21.316914],[-157.66546,21.316243],[-157.665877,21.316089],[-157.666594,21.316103],[-157.667605,21.316536],[-157.668322,21.31703],[-157.66915,21.318048],[-157.669808,21.318667],[-157.67103,21.319436],[-157.671846,21.320301],[-157.672305,21.321049],[-157.672715,21.321342],[-157.673304,21.321608],[-157.67365,21.321918],[-157.675084,21.322625],[-157.675625,21.322778],[-157.676594,21.323202],[-157.677587,21.324266],[-157.678363,21.32448],[-157.679385,21.325202],[-157.680531,21.325459],[-157.681336,21.325719],[-157.681724,21.325934],[-157.68203,21.325769],[-157.683305,21.326348],[-157.683758,21.32646],[-157.684186,21.326414],[-157.684327,21.326551],[-157.688289,21.328312],[-157.689493,21.328953],[-157.690116,21.329437],[-157.691039,21.329959],[-157.692285,21.331057],[-157.693295,21.332091],[-157.694394,21.333436],[-157.695034,21.334584],[-157.695851,21.335773],[-157.696474,21.33651],[-157.697778,21.338946],[-157.699288,21.341243],[-157.699548,21.341764],[-157.6998,21.341983],[-157.700535,21.343009],[-157.700805,21.343526],[-157.701804,21.345002],[-157.702232,21.345529],[-157.702691,21.345899],[-157.703226,21.346562],[-157.703567,21.346859],[-157.704713,21.348566],[-157.7054,21.35017],[-157.7054,21.350437],[-157.705133,21.350459],[-157.705259,21.350842],[-157.705341,21.350829],[-157.705406,21.350974],[-157.705624,21.350867],[-157.705742,21.350945],[-157.706182,21.351861],[-157.706594,21.352487],[-157.707299,21.354281],[-157.707452,21.354965],[-157.707833,21.355577],[-157.707822,21.356006],[-157.708016,21.356726],[-157.70818,21.356876],[-157.708492,21.356702],[-157.708656,21.356758],[-157.708656,21.356984],[-157.70828,21.357247],[-157.708239,21.357532],[-157.708603,21.358655],[-157.70892,21.359339],[-157.709173,21.360317],[-157.70939,21.361791],[-157.70955,21.36382],[-157.709625,21.364159],[-157.709785,21.364359],[-157.709743,21.364454],[-157.709396,21.364654],[-157.709328,21.364975],[-157.70969,21.364968],[-157.709644,21.36524],[-157.709738,21.365917],[-157.709707,21.366328],[-157.70929,21.367797],[-157.70889,21.368612],[-157.707761,21.371842],[-157.707647,21.372351],[-157.7066,21.374583],[-157.7059,21.376714],[-157.705771,21.377891],[-157.705806,21.379636],[-157.706106,21.38046],[-157.706253,21.380597],[-157.706664,21.38074],[-157.707587,21.380833],[-157.708064,21.381017],[-157.708428,21.381305],[-157.708657,21.381708],[-157.708816,21.382681],[-157.70908,21.383333],[-157.709574,21.384254],[-157.71042,21.385299],[-157.710744,21.385961],[-157.711008,21.38688],[-157.711503,21.388036],[-157.71205,21.388699],[-157.712779,21.389279],[-157.713137,21.389729],[-157.713749,21.390302],[-157.714155,21.390902],[-157.714766,21.391629],[-157.715372,21.392212],[-157.715907,21.392943],[-157.716647,21.393618],[-157.717265,21.393975],[-157.718075,21.39464],[-157.71967,21.395597],[-157.720423,21.396203],[-157.720768,21.396228],[-157.721433,21.395809],[-157.721734,21.395748],[-157.72278,21.395914],[-157.72475,21.397049],[-157.726231,21.398095],[-157.726878,21.398403],[-157.72806,21.398687],[-157.728889,21.398689],[-157.72996,21.39886],[-157.731453,21.39921],[-157.732494,21.399543],[-157.732882,21.399568],[-157.733022,21.399682],[-157.733076,21.399881],[-157.734846,21.400753],[-157.736328,21.40183],[-157.737945,21.403532],[-157.739433,21.405526],[-157.739727,21.405794],[-157.739822,21.406161],[-157.741374,21.408883],[-157.74248,21.411425],[-157.743781,21.416064],[-157.74454,21.418329],[-157.744669,21.420344],[-157.744787,21.420675],[-157.744411,21.422497],[-157.744276,21.422554],[-157.743888,21.422425],[-157.743706,21.422509],[-157.743576,21.422933],[-157.74353,21.423438],[-157.743347,21.423839],[-157.742518,21.424727],[-157.741477,21.425492],[-157.741253,21.425395],[-157.740642,21.425454],[-157.740207,21.425378],[-157.740031,21.425192],[-157.739959,21.424672],[-157.739177,21.424201],[-157.739019,21.424272],[-157.738736,21.424961],[-157.738119,21.425403],[-157.738037,21.425818],[-157.738096,21.426491],[-157.73802,21.427778],[-157.737914,21.428342],[-157.737808,21.42849],[-157.737338,21.428577],[-157.737278,21.429331],[-157.737144,21.429705],[-157.736167,21.431314],[-157.736009,21.432013],[-157.73602,21.432989],[-157.735697,21.433433],[-157.735721,21.434305],[-157.735998,21.436155],[-157.735956,21.436466],[-157.736139,21.436969],[-157.736068,21.437384],[-157.736227,21.437873],[-157.736492,21.438254],[-157.736644,21.438644],[-157.736691,21.439082],[-157.736669,21.439633],[-157.736433,21.44006],[-157.736575,21.440734],[-157.736405,21.441578],[-157.736634,21.442551],[-157.736534,21.443092],[-157.736563,21.443462],[-157.736452,21.443809],[-157.736116,21.444575],[-157.735828,21.44497],[-157.735617,21.445081],[-157.735511,21.444909],[-157.735328,21.444898],[-157.734993,21.445564],[-157.734517,21.446039],[-157.734157,21.445924],[-157.733952,21.445936],[-157.733399,21.446203],[-157.733117,21.445875],[-157.732557,21.44574],[-157.732488,21.445816],[-157.732517,21.445934],[-157.732311,21.446081],[-157.732193,21.446397],[-157.731629,21.446288],[-157.731117,21.446492],[-157.729922,21.446673],[-157.729076,21.447303],[-157.728864,21.447582],[-157.728181,21.448109],[-157.727906,21.448455],[-157.727658,21.448643],[-157.727176,21.44882],[-157.727065,21.449076],[-157.726859,21.449156],[-157.726476,21.449573],[-157.72587,21.449762],[-157.725741,21.45005],[-157.726118,21.450469],[-157.726146,21.450636],[-157.7255,21.451435],[-157.725052,21.45159],[-157.725047,21.451666],[-157.725183,21.451735],[-157.725495,21.451787],[-157.725589,21.451937],[-157.725559,21.452172],[-157.7253,21.452666],[-157.725364,21.45376],[-157.725264,21.454143],[-157.724923,21.454632],[-157.724159,21.455042],[-157.723763,21.455039],[-157.723488,21.454648],[-157.723468,21.454454],[-157.723398,21.454458],[-157.723278,21.454755],[-157.723292,21.455198],[-157.722624,21.455662],[-157.72227,21.45649],[-157.72213,21.45709],[-157.722118,21.458607],[-157.722271,21.458961],[-157.722612,21.459252],[-157.722982,21.459391],[-157.723306,21.459398],[-157.724595,21.459114],[-157.725406,21.459093],[-157.726359,21.459227],[-157.726994,21.459412],[-157.728212,21.459521],[-157.729094,21.459772],[-157.729518,21.460272],[-157.729642,21.460331],[-157.73013,21.460281],[-157.731882,21.459612],[-157.732318,21.459291],[-157.732953,21.45897],[-157.734312,21.457874],[-157.734906,21.457509],[-157.735153,21.457307],[-157.735394,21.456957],[-157.736041,21.45646],[-157.736865,21.456268],[-157.736993,21.456075],[-157.737552,21.455903],[-157.737935,21.45587],[-157.738453,21.455987],[-157.7391,21.455833],[-157.739412,21.455542],[-157.739864,21.45467],[-157.739846,21.454394],[-157.739964,21.454309],[-157.740552,21.454205],[-157.741523,21.453756],[-157.742181,21.453698],[-157.742858,21.453518],[-157.743523,21.453659],[-157.746876,21.453851],[-157.748575,21.454401],[-157.749376,21.454583],[-157.750617,21.455311],[-157.751564,21.455458],[-157.752258,21.455675],[-157.752558,21.455849],[-157.752871,21.456262],[-157.753018,21.456232],[-157.753152,21.456323],[-157.753577,21.456227],[-157.753729,21.456332],[-157.754011,21.456312],[-157.754524,21.456636],[-157.755247,21.456655],[-157.7576,21.457278],[-157.758365,21.457577],[-157.758942,21.457952],[-157.759323,21.458031],[-157.759647,21.457989],[-157.760418,21.458207],[-157.761571,21.458717],[-157.761931,21.458968],[-157.76293,21.459445],[-157.763619,21.460209],[-157.763796,21.460657],[-157.763802,21.461271],[-157.76349,21.461775],[-157.763113,21.461948],[-157.762914,21.462258],[-157.762996,21.462525],[-157.763214,21.46283],[-157.763525,21.462873],[-157.764038,21.462456],[-157.764479,21.462356],[-157.764796,21.461983],[-157.765196,21.461815],[-157.765754,21.460997],[-157.765866,21.460636],[-157.765843,21.460347],[-157.766066,21.45978],[-157.76606,21.459558],[-157.766219,21.459379],[-157.766559,21.459237],[-157.766666,21.459075],[-157.76643,21.458685],[-157.766936,21.458449],[-157.76761,21.45756],[-157.767755,21.456933],[-157.767833,21.456085],[-157.767858,21.454732],[-157.767678,21.45359],[-157.767905,21.452599],[-157.768602,21.451899],[-157.769162,21.451709],[-157.770307,21.451485],[-157.770623,21.451304],[-157.771281,21.451092],[-157.772154,21.45092],[-157.772615,21.450743],[-157.773638,21.449319],[-157.774672,21.448701],[-157.775291,21.448051],[-157.776401,21.447526],[-157.777204,21.446947],[-157.777966,21.446539],[-157.778097,21.446267],[-157.778018,21.445909],[-157.777746,21.445499],[-157.776719,21.444904],[-157.775989,21.444673],[-157.775295,21.444564],[-157.774094,21.444049],[-157.772849,21.443746],[-157.771511,21.443569],[-157.769804,21.443667],[-157.768575,21.443891],[-157.767799,21.44412],[-157.766774,21.444948],[-157.765783,21.445508],[-157.765351,21.44618],[-157.765122,21.446813],[-157.764899,21.447026],[-157.764204,21.447197],[-157.763867,21.447047],[-157.763748,21.446839],[-157.763766,21.44645],[-157.763994,21.445709],[-157.763752,21.445034],[-157.763282,21.444539],[-157.763105,21.444174],[-157.762981,21.443653],[-157.76316,21.442772],[-157.762991,21.442427],[-157.762623,21.442158],[-157.761677,21.442083],[-157.760236,21.441259],[-157.759169,21.440967],[-157.75876,21.440772],[-157.758396,21.440424],[-157.75803,21.439908],[-157.757536,21.43962],[-157.757324,21.439305],[-157.756112,21.438313],[-157.755618,21.43711],[-157.755099,21.437095],[-157.754694,21.437449],[-157.7543,21.437573],[-157.753324,21.438171],[-157.752934,21.438554],[-157.752828,21.438973],[-157.75296,21.439503],[-157.753378,21.440362],[-157.753192,21.440796],[-157.752247,21.442097],[-157.751351,21.442815],[-157.750127,21.44349],[-157.750162,21.443201],[-157.751992,21.44127],[-157.752134,21.440958],[-157.751981,21.440516],[-157.751789,21.440334],[-157.751356,21.440207],[-157.75107,21.439719],[-157.751041,21.439491],[-157.751237,21.438918],[-157.751166,21.438678],[-157.750977,21.438438],[-157.750487,21.438728],[-157.750189,21.439062],[-157.749866,21.439195],[-157.749045,21.43927],[-157.74877,21.439133],[-157.748441,21.439074],[-157.748028,21.439116],[-157.747557,21.438823],[-157.74697,21.438724],[-157.746654,21.438575],[-157.746629,21.438315],[-157.746875,21.438199],[-157.74733,21.438121],[-157.748129,21.438355],[-157.749004,21.438382],[-157.749278,21.438317],[-157.749633,21.437926],[-157.750302,21.436746],[-157.750641,21.436387],[-157.75104,21.43613],[-157.751258,21.435727],[-157.751159,21.435411],[-157.750692,21.435378],[-157.749772,21.43571],[-157.749362,21.435711],[-157.748986,21.435918],[-157.74847,21.435919],[-157.747663,21.436127],[-157.747195,21.435735],[-157.746378,21.435506],[-157.745771,21.435004],[-157.745321,21.434938],[-157.74498,21.434554],[-157.744572,21.434501],[-157.744376,21.434316],[-157.743147,21.433718],[-157.742142,21.433015],[-157.741496,21.433087],[-157.741091,21.433266],[-157.740238,21.433953],[-157.739832,21.433973],[-157.739332,21.433879],[-157.739218,21.43346],[-157.738712,21.432912],[-157.738813,21.4314],[-157.739338,21.430993],[-157.74084,21.43027],[-157.741441,21.430164],[-157.74171,21.430895],[-157.743102,21.430113],[-157.74364,21.429903],[-157.744052,21.429894],[-157.745064,21.43072],[-157.745547,21.430719],[-157.746057,21.430535],[-157.74685,21.430814],[-157.747256,21.430772],[-157.747486,21.431203],[-157.747834,21.43137],[-157.748906,21.430963],[-157.749211,21.430992],[-157.749557,21.431243],[-157.749939,21.431395],[-157.75031,21.431337],[-157.750494,21.430939],[-157.75173,21.430494],[-157.752722,21.430235],[-157.754362,21.430294],[-157.754829,21.430144],[-157.755828,21.430168],[-157.756359,21.429925],[-157.756695,21.429977],[-157.758608,21.429204],[-157.759718,21.42892],[-157.760645,21.428487],[-157.761599,21.428166],[-157.763031,21.427902],[-157.763904,21.427106],[-157.765279,21.42554],[-157.765347,21.425028],[-157.764979,21.423905],[-157.764529,21.422994],[-157.76432,21.422281],[-157.764238,21.421406],[-157.764291,21.421158],[-157.764445,21.420859],[-157.764586,21.420894],[-157.764665,21.42026],[-157.764914,21.419704],[-157.765173,21.419365],[-157.765494,21.419105],[-157.766092,21.418877],[-157.766316,21.418641],[-157.766412,21.418166],[-157.766396,21.417669],[-157.766325,21.417381],[-157.766106,21.417475],[-157.766027,21.417404],[-157.76611,21.416427],[-157.765939,21.416285],[-157.766101,21.415763],[-157.766146,21.415686],[-157.766785,21.415641],[-157.767407,21.414605],[-157.76774,21.414343],[-157.768199,21.414215],[-157.768662,21.414212],[-157.769036,21.414255],[-157.769664,21.414511],[-157.770326,21.414574],[-157.771342,21.414358],[-157.771573,21.414129],[-157.771761,21.413519],[-157.771642,21.413075],[-157.771706,21.412918],[-157.771612,21.412479],[-157.771655,21.412267],[-157.772013,21.41191],[-157.773156,21.41139],[-157.775779,21.411328],[-157.776246,21.411467],[-157.776936,21.41193],[-157.777606,21.411935],[-157.777922,21.411874],[-157.77863,21.411566],[-157.779624,21.41162],[-157.779767,21.410723],[-157.779994,21.410544],[-157.78085,21.410267],[-157.78102,21.410345],[-157.7818,21.410403],[-157.782624,21.410251],[-157.783102,21.410279],[-157.784204,21.410606],[-157.784758,21.411111],[-157.785081,21.411141],[-157.785578,21.411029],[-157.785565,21.411187],[-157.785353,21.411325],[-157.784822,21.411898],[-157.784365,21.412179],[-157.784311,21.412379],[-157.784397,21.412619],[-157.78464,21.4127],[-157.784908,21.412632],[-157.785651,21.412638],[-157.786103,21.412948],[-157.786277,21.413385],[-157.786654,21.413623],[-157.787164,21.414112],[-157.78756,21.414686],[-157.78793,21.414813],[-157.7884,21.414767],[-157.788682,21.414893],[-157.788874,21.415427],[-157.788575,21.415945],[-157.789082,21.417057],[-157.788995,21.417452],[-157.789033,21.417725],[-157.790142,21.417783],[-157.790385,21.417972],[-157.790432,21.41734],[-157.790511,21.417255],[-157.790909,21.417213],[-157.791324,21.417464],[-157.79152,21.417816],[-157.791923,21.417954],[-157.792059,21.418152],[-157.792012,21.418569],[-157.791826,21.418775],[-157.791233,21.419121],[-157.790742,21.419258],[-157.7904,21.419978],[-157.789552,21.420611],[-157.789478,21.420927],[-157.789297,21.421149],[-157.788695,21.421485],[-157.7886,21.421636],[-157.788605,21.42197],[-157.788777,21.422261],[-157.788822,21.422548],[-157.789903,21.422456],[-157.790387,21.422627],[-157.791494,21.424336],[-157.791808,21.424957],[-157.791897,21.425201],[-157.791862,21.425856],[-157.791616,21.426412],[-157.791404,21.427682],[-157.791396,21.427932],[-157.79156,21.428385],[-157.792066,21.428757],[-157.792873,21.428903],[-157.793833,21.428903],[-157.794059,21.42902],[-157.794561,21.429003],[-157.795024,21.429081],[-157.795151,21.428998],[-157.795101,21.428348],[-157.794783,21.427295],[-157.794601,21.426942],[-157.794472,21.426229],[-157.794965,21.425282],[-157.795717,21.424931],[-157.796064,21.424673],[-157.796549,21.424785],[-157.797229,21.424804],[-157.797944,21.425107],[-157.798203,21.425086],[-157.79862,21.424748],[-157.798777,21.4243],[-157.799003,21.423979],[-157.799303,21.423836],[-157.799734,21.423914],[-157.800141,21.424386],[-157.800198,21.424694],[-157.800673,21.424688],[-157.800679,21.425048],[-157.800933,21.425083],[-157.801011,21.425176],[-157.800947,21.425397],[-157.801196,21.425512],[-157.801652,21.426281],[-157.803261,21.426624],[-157.803515,21.426843],[-157.804552,21.428312],[-157.804859,21.429199],[-157.805335,21.42997],[-157.806447,21.431239],[-157.807507,21.431689],[-157.807873,21.432019],[-157.808608,21.433156],[-157.808536,21.433618],[-157.808613,21.43382],[-157.808847,21.434013],[-157.809074,21.434006],[-157.809269,21.434542],[-157.809674,21.434755],[-157.809929,21.43504],[-157.809952,21.435638],[-157.810198,21.43587],[-157.810287,21.436187],[-157.810629,21.436788],[-157.810815,21.436963],[-157.811993,21.4368],[-157.812139,21.436916],[-157.81205,21.437087],[-157.811486,21.437422],[-157.811194,21.437747],[-157.811076,21.438099],[-157.811058,21.438614],[-157.810597,21.439462],[-157.810318,21.439814],[-157.80986,21.439969],[-157.808737,21.440047],[-157.808743,21.440614],[-157.808601,21.441449],[-157.808389,21.441583],[-157.807566,21.441658],[-157.807284,21.442076],[-157.807278,21.44241],[-157.807483,21.442936],[-157.807824,21.443001],[-157.808483,21.442961],[-157.808789,21.443035],[-157.808836,21.44299],[-157.808778,21.442746],[-157.808883,21.442566],[-157.808989,21.442549],[-157.80923,21.442686],[-157.809119,21.442428],[-157.809213,21.44218],[-157.809319,21.442091],[-157.809883,21.441941],[-157.81106,21.44227],[-157.811636,21.442925],[-157.8121,21.4437],[-157.813305,21.446193],[-157.814394,21.448857],[-157.814375,21.450501],[-157.81501,21.452551],[-157.815381,21.453493],[-157.815893,21.454405],[-157.816116,21.454592],[-157.816427,21.454675],[-157.817105,21.454427],[-157.818346,21.453727],[-157.819387,21.452948],[-157.820404,21.452567],[-157.822293,21.452413],[-157.822616,21.452592],[-157.822781,21.45278],[-157.823162,21.452548],[-157.823355,21.452547],[-157.823855,21.452826],[-157.824133,21.45311],[-157.824887,21.453235],[-157.825822,21.454123],[-157.826416,21.455143],[-157.826511,21.455596],[-157.826306,21.456132],[-157.826593,21.45593],[-157.826624,21.456084],[-157.826451,21.456169],[-157.826506,21.456278],[-157.826963,21.456132],[-157.827346,21.456392],[-157.829016,21.456697],[-157.829275,21.45706],[-157.829622,21.457795],[-157.829881,21.457941],[-157.830122,21.457934],[-157.830634,21.457481],[-157.830898,21.457591],[-157.831021,21.457723],[-157.831315,21.458068],[-157.831922,21.459595],[-157.832403,21.461396],[-157.832328,21.461978],[-157.832592,21.462513],[-157.832812,21.462483],[-157.83288,21.462429],[-157.832764,21.462324],[-157.833486,21.462031],[-157.833739,21.461789],[-157.833645,21.461359],[-157.833804,21.460981],[-157.834034,21.460883],[-157.834721,21.461006],[-157.834615,21.460847],[-157.834181,21.460555],[-157.833987,21.459925],[-157.834257,21.458857],[-157.834216,21.458441],[-157.834328,21.458013],[-157.834869,21.457587],[-157.835945,21.457712],[-157.836457,21.457662],[-157.837304,21.458137],[-157.837705,21.458556],[-157.837922,21.459113],[-157.837875,21.459632],[-157.83824,21.459707],[-157.838546,21.460048],[-157.838934,21.459892],[-157.838916,21.460249],[-157.839028,21.460475],[-157.839287,21.460446],[-157.839705,21.460096],[-157.839922,21.460021],[-157.840204,21.460032],[-157.840551,21.460233],[-157.841381,21.461382],[-157.841604,21.461961],[-157.842169,21.462543],[-157.841881,21.462695],[-157.842499,21.463201],[-157.842728,21.463518],[-157.843016,21.464311],[-157.843046,21.464776],[-157.842298,21.466004],[-157.842251,21.466447],[-157.84241,21.467085],[-157.842611,21.467511],[-157.84334,21.468107],[-157.843522,21.468687],[-157.844246,21.470354],[-157.844382,21.471534],[-157.844305,21.471958],[-157.843864,21.472158],[-157.843381,21.472552],[-157.84314,21.472871],[-157.843081,21.474488],[-157.84231,21.475088],[-157.842181,21.475344],[-157.841911,21.476562],[-157.841899,21.477167],[-157.841769,21.47783],[-157.841475,21.478628],[-157.841545,21.47964],[-157.841416,21.480434],[-157.841704,21.481181],[-157.841863,21.48209],[-157.841669,21.483051],[-157.841905,21.483581],[-157.84244,21.48428],[-157.842581,21.484318],[-157.842687,21.484083],[-157.842834,21.484261],[-157.843111,21.484416],[-157.84354,21.484094],[-157.844335,21.48405],[-157.844793,21.483935],[-157.844976,21.483982],[-157.845182,21.484146],[-157.846552,21.484824],[-157.847682,21.485627],[-157.848077,21.485765],[-157.848611,21.486243],[-157.849036,21.486892],[-157.849307,21.487725],[-157.849271,21.488068],[-157.848959,21.488386],[-157.848918,21.488522],[-157.849071,21.488712],[-157.849042,21.489015],[-157.84877,21.489492],[-157.848706,21.489767],[-157.847864,21.490691],[-157.84744,21.491343],[-157.847094,21.492235],[-157.84703,21.492813],[-157.847147,21.493044],[-157.848024,21.493836],[-157.848476,21.494002],[-157.848818,21.493946],[-157.848953,21.494001],[-157.850596,21.496262],[-157.850554,21.496392],[-157.850874,21.497054],[-157.851386,21.499334],[-157.85203,21.500831],[-157.852371,21.502107],[-157.852622,21.503392],[-157.852557,21.504656],[-157.852409,21.505032],[-157.852064,21.505464],[-157.851621,21.505637],[-157.851035,21.506032],[-157.85094,21.506371],[-157.851086,21.506658],[-157.851337,21.506929],[-157.851427,21.507196],[-157.851299,21.507421],[-157.850166,21.507436],[-157.848198,21.507232],[-157.846136,21.507277],[-157.844356,21.507481],[-157.843761,21.507691],[-157.839906,21.508527],[-157.839385,21.50872],[-157.838797,21.508754],[-157.838499,21.508951],[-157.838113,21.509052],[-157.83771,21.509047],[-157.837216,21.508885],[-157.836656,21.508568],[-157.835762,21.5089],[-157.835088,21.509609],[-157.834884,21.510387],[-157.835075,21.511869],[-157.835486,21.513568],[-157.835705,21.517644],[-157.836051,21.5178],[-157.835435,21.517967],[-157.835375,21.518048],[-157.835276,21.520505]]]]},"properties":{"moku":"Ko'olaupoko"}},{"type":"Feature","geometry":{"type":"MultiPolygon","coordinates":[[[[-157.898886,21.50157],[-157.899152,21.501717],[-157.899651,21.501828],[-157.900881,21.501516],[-157.901728,21.501675],[-157.901817,21.501097],[-157.90204,21.500914],[-157.90287,21.501122],[-157.903571,21.501032],[-157.904106,21.500724],[-157.90463,21.500212],[-157.904801,21.49983],[-157.904813,21.499229],[-157.904854,21.499125],[-157.905131,21.498937],[-157.906443,21.498747],[-157.907567,21.499084],[-157.908185,21.499097],[-157.90932,21.498951],[-157.910198,21.498939],[-157.910857,21.498735],[-157.911574,21.499029],[-157.911962,21.499018],[-157.912392,21.498642],[-157.912704,21.498513],[-157.913116,21.498538],[-157.914246,21.498292],[-157.914557,21.498263],[-157.916135,21.498494],[-157.916718,21.498209],[-157.917435,21.497631],[-157.918125,21.497396],[-157.920519,21.497818],[-157.921825,21.497551],[-157.922926,21.497716],[-157.923867,21.497528],[-157.924768,21.497624],[-157.92562,21.497363],[-157.926256,21.497358],[-157.927461,21.496856],[-157.928013,21.496172],[-157.928873,21.495844],[-157.930091,21.496032],[-157.930609,21.49618],[-157.931108,21.496513],[-157.933141,21.496964],[-157.935271,21.497082],[-157.935924,21.496964],[-157.936507,21.496977],[-157.937582,21.496672],[-157.937899,21.496769],[-157.938493,21.496809],[-157.938911,21.496748],[-157.939476,21.496774],[-157.940388,21.49659],[-157.940894,21.496697],[-157.941218,21.496677],[-157.941512,21.496295],[-157.941848,21.496116],[-157.942678,21.495326],[-157.943425,21.495277],[-157.943725,21.495188],[-157.944655,21.494752],[-157.945484,21.494486],[-157.946426,21.494894],[-157.947997,21.494922],[-157.948296,21.495046],[-157.949232,21.494961],[-157.949709,21.49458],[-157.950334,21.494652],[-157.950968,21.49452],[-157.951263,21.494269],[-157.951398,21.493963],[-157.951505,21.493887],[-157.951739,21.49387],[-157.951934,21.493722],[-157.952245,21.493788],[-157.95271,21.494048],[-157.953098,21.494096],[-157.953799,21.493617],[-157.954576,21.493495],[-157.955194,21.493083],[-157.955771,21.492816],[-157.956305,21.492417],[-157.957,21.4922],[-157.957636,21.492114],[-157.957889,21.491826],[-157.958083,21.491728],[-157.959424,21.491746],[-157.959778,21.491414],[-157.960054,21.490634],[-157.960349,21.490401],[-157.961261,21.490257],[-157.96176,21.490432],[-157.96225,21.489807],[-157.964403,21.489694],[-157.96535,21.488968],[-157.966262,21.488545],[-157.966839,21.488191],[-157.967415,21.488087],[-157.967863,21.487918],[-157.968598,21.487299],[-157.968998,21.487175],[-157.969533,21.487296],[-157.97011,21.487638],[-157.97054,21.487754],[-157.970864,21.487719],[-157.972105,21.487208],[-157.972505,21.487196],[-157.973682,21.487714],[-157.9744,21.487723],[-157.975918,21.488049],[-157.976324,21.487979],[-157.976836,21.487706],[-157.977518,21.487489],[-157.978383,21.487345],[-157.978719,21.487343],[-157.979001,21.487453],[-157.979918,21.487603],[-157.981007,21.487727],[-157.981802,21.487737],[-157.982772,21.487553],[-157.983891,21.487198],[-157.985861,21.487337],[-157.986126,21.487745],[-157.988151,21.487278],[-157.989445,21.488063],[-157.991382,21.48784],[-157.996176,21.485308],[-157.999366,21.489324],[-158.007521,21.48552],[-158.023378,21.480093],[-158.026204,21.478425],[-158.042512,21.473971],[-158.04268,21.476497],[-158.043738,21.476706],[-158.044485,21.47639],[-158.044792,21.476351],[-158.047422,21.476497],[-158.050174,21.478415],[-158.051491,21.481282],[-158.053822,21.482244],[-158.055645,21.482336],[-158.05821,21.482929],[-158.070301,21.48751],[-158.080393,21.487951],[-158.084541,21.485766],[-158.085441,21.484222],[-158.095532,21.47539],[-158.104169,21.46769],[-158.103792,21.467209],[-158.103681,21.466929],[-158.103592,21.466206],[-158.103605,21.465519],[-158.103363,21.464063],[-158.103599,21.461634],[-158.103557,21.461168],[-158.102527,21.459903],[-158.102186,21.459223],[-158.101774,21.459117],[-158.101292,21.458554],[-158.100515,21.458261],[-158.100262,21.457799],[-158.099685,21.457471],[-158.098121,21.456058],[-158.095779,21.454374],[-158.095526,21.454164],[-158.09548,21.45402],[-158.095591,21.453352],[-158.095921,21.452721],[-158.095614,21.451373],[-158.095638,21.451026],[-158.095962,21.450223],[-158.096156,21.449289],[-158.097456,21.4466],[-158.097544,21.446126],[-158.097462,21.444847],[-158.097638,21.444201],[-158.09762,21.443799],[-158.097691,21.443601],[-158.098021,21.443182],[-158.098332,21.442913],[-158.098715,21.442124],[-158.098685,21.441509],[-158.098908,21.440842],[-158.098931,21.440426],[-158.098838,21.440109],[-158.098156,21.439667],[-158.096885,21.438445],[-158.096449,21.438212],[-158.095244,21.437876],[-158.094397,21.437347],[-158.093208,21.436843],[-158.092296,21.435885],[-158.091461,21.435401],[-158.091126,21.435097],[-158.090667,21.434489],[-158.09055,21.433011],[-158.090367,21.43272],[-158.090397,21.432102],[-158.090326,21.431907],[-158.090379,21.431605],[-158.090509,21.431397],[-158.090856,21.431106],[-158.090973,21.43088],[-158.090779,21.430418],[-158.09065,21.429717],[-158.090702,21.428837],[-158.090561,21.428429],[-158.090555,21.428176],[-158.090673,21.427653],[-158.090578,21.427372],[-158.090614,21.42725],[-158.090996,21.426868],[-158.092202,21.426224],[-158.092402,21.426054],[-158.092578,21.425589],[-158.092396,21.425213],[-158.092431,21.424983],[-158.09309,21.424182],[-158.093596,21.423218],[-158.094408,21.422708],[-158.094532,21.422324],[-158.09479,21.421896],[-158.095584,21.421259],[-158.09649,21.420885],[-158.09749,21.420276],[-158.097589,21.420128],[-158.09759,21.419595],[-158.098678,21.419199],[-158.099072,21.418853],[-158.099125,21.418727],[-158.099095,21.417733],[-158.099601,21.416824],[-158.09973,21.415763],[-158.100259,21.414885],[-158.100419,21.414421],[-158.101318,21.413333],[-158.100195,21.412613],[-158.100035,21.41226],[-158.100083,21.411578],[-158.099937,21.411293],[-158.099695,21.411296],[-158.099278,21.411172],[-158.098571,21.410374],[-158.098548,21.41003],[-158.098772,21.409309],[-158.098519,21.408418],[-158.098278,21.407107],[-158.097966,21.406207],[-158.097989,21.406022],[-158.098301,21.405594],[-158.098319,21.405459],[-158.097907,21.404757],[-158.097724,21.403816],[-158.09786,21.403501],[-158.097807,21.402995],[-158.098095,21.402482],[-158.098007,21.401655],[-158.098278,21.400834],[-158.098377,21.400731],[-158.099489,21.400592],[-158.099859,21.400368],[-158.099924,21.399492],[-158.100423,21.399197],[-158.100547,21.399026],[-158.100406,21.398443],[-158.100753,21.397365],[-158.101235,21.397051],[-158.101629,21.396498],[-158.101846,21.396481],[-158.101929,21.396355],[-158.101988,21.395768],[-158.102123,21.395565],[-158.102447,21.395273],[-158.10327,21.394794],[-158.103411,21.394425],[-158.103551,21.394317],[-158.104499,21.393906],[-158.104057,21.393421],[-158.103928,21.392738],[-158.103939,21.391351],[-158.104368,21.390604],[-158.104263,21.390102],[-158.103892,21.389431],[-158.104022,21.388718],[-158.104004,21.388375],[-158.103886,21.388026],[-158.103945,21.387896],[-158.104527,21.387537],[-158.105256,21.386416],[-158.105544,21.386174],[-158.106914,21.385454],[-158.107613,21.384594],[-158.108125,21.384358],[-158.108842,21.383363],[-158.109959,21.382867],[-158.110613,21.382672],[-158.111882,21.382484],[-158.114369,21.381178],[-158.114686,21.381112],[-158.115321,21.381228],[-158.116921,21.382031],[-158.117274,21.38178],[-158.117744,21.381575],[-158.119008,21.381432],[-158.120995,21.381433],[-158.121307,21.381312],[-158.123571,21.379946],[-158.124646,21.379206],[-158.125569,21.378289],[-158.125992,21.377646],[-158.126775,21.377207],[-158.127122,21.376919],[-158.127551,21.376149],[-158.128903,21.375438],[-158.129373,21.375047],[-158.132663,21.371852],[-158.135796,21.368999],[-158.13596,21.368173],[-158.135907,21.367703],[-158.13556,21.366928],[-158.135036,21.366099],[-158.134977,21.365566],[-158.134577,21.36504],[-158.134418,21.364411],[-158.134136,21.363958],[-158.133624,21.362555],[-158.133189,21.361721],[-158.132924,21.361011],[-158.132324,21.359959],[-158.132248,21.359403],[-158.131647,21.357995],[-158.131204,21.356498],[-158.131246,21.356245],[-158.130558,21.356422],[-158.130465,21.356318],[-158.1305,21.356178],[-158.130394,21.356173],[-158.130308,21.355915],[-158.130992,21.355643],[-158.130698,21.355515],[-158.130514,21.354904],[-158.130756,21.354716],[-158.130751,21.354594],[-158.130438,21.354664],[-158.130259,21.354383],[-158.130272,21.35423],[-158.130518,21.35415],[-158.130722,21.353825],[-158.130671,21.353663],[-158.130864,21.353334],[-158.130528,21.352252],[-158.130763,21.351842],[-158.13037,21.351542],[-158.13034,21.350643],[-158.130129,21.350335],[-158.130064,21.349914],[-158.129681,21.349397],[-158.129152,21.347926],[-158.129016,21.347234],[-158.128834,21.347017],[-158.128834,21.346831],[-158.129104,21.346241],[-158.129105,21.346083],[-158.128911,21.345852],[-158.128846,21.345621],[-158.128916,21.345192],[-158.128863,21.344338],[-158.128516,21.343541],[-158.128545,21.342936],[-158.128487,21.342773],[-158.128369,21.342696],[-158.128045,21.342694],[-158.127905,21.342526],[-158.12778,21.341816],[-158.127998,21.34142],[-158.127681,21.341021],[-158.127774,21.340163],[-158.127474,21.339755],[-158.127092,21.339568],[-158.12721,21.339125],[-158.127116,21.338795],[-158.126634,21.337989],[-158.126493,21.337586],[-158.125122,21.33574],[-158.124281,21.334263],[-158.124246,21.333897],[-158.124405,21.333659],[-158.124363,21.33346],[-158.124164,21.333251],[-158.124135,21.332939],[-158.12391,21.33236],[-158.123781,21.331135],[-158.12351,21.330293],[-158.123128,21.328326],[-158.123128,21.327513],[-158.123404,21.326778],[-158.123422,21.326394],[-158.123152,21.325584],[-158.122915,21.324196],[-158.122093,21.322683],[-158.121493,21.321392],[-158.120816,21.32068],[-158.119999,21.319004],[-158.119412,21.317302],[-158.1191,21.316018],[-158.11894,21.315145],[-158.118953,21.314657],[-158.118706,21.313653],[-158.117888,21.311874],[-158.116283,21.309195],[-158.115906,21.308376],[-158.115307,21.307451],[-158.115166,21.307021],[-158.114578,21.305857],[-158.113984,21.304937],[-158.113126,21.302742],[-158.112856,21.302338],[-158.112339,21.301843],[-158.111303,21.300044],[-158.110664,21.299201],[-158.1095,21.298422],[-158.108806,21.298084],[-158.107877,21.29714],[-158.107342,21.296721],[-158.106954,21.296466],[-158.106061,21.296051],[-158.10585,21.295968],[-158.104998,21.29595],[-158.103999,21.295827],[-158.103141,21.295638],[-158.101178,21.294972],[-158.099145,21.295282],[-158.098004,21.295331],[-158.095014,21.29526],[-158.092287,21.295485],[-158.092134,21.29557],[-158.090858,21.295735],[-158.089983,21.295631],[-158.088338,21.295658],[-158.088132,21.295729],[-158.087326,21.295765],[-158.086281,21.295651],[-158.085094,21.295916],[-158.084847,21.296037],[-158.084571,21.296306],[-158.083095,21.297152],[-158.081926,21.297656],[-158.078225,21.298336],[-158.077542,21.298427],[-158.07609,21.298329],[-158.075838,21.298237],[-158.075515,21.298389],[-158.075115,21.298441],[-158.074792,21.298381],[-158.074739,21.298312],[-158.074868,21.29816],[-158.07481,21.298128],[-158.074264,21.298323],[-158.073751,21.298167],[-158.073187,21.298349],[-158.072271,21.298303],[-158.071618,21.298557],[-158.070843,21.298648],[-158.070355,21.298808],[-158.069426,21.298947],[-158.067347,21.29951],[-158.066194,21.299598],[-158.065706,21.299532],[-158.064913,21.299559],[-158.064431,21.299715],[-158.058766,21.300293],[-158.057109,21.300568],[-158.055534,21.300614],[-158.053823,21.300889],[-158.051649,21.300863],[-158.051097,21.301076],[-158.050445,21.30114],[-158.049069,21.301499],[-158.046942,21.302638],[-158.045707,21.303201],[-158.043962,21.303746],[-158.043474,21.303658],[-158.042722,21.303662],[-158.041541,21.303769],[-158.041006,21.303955],[-158.038836,21.30416],[-158.03755,21.304378],[-158.036997,21.304384],[-158.035675,21.304683],[-158.034476,21.304031],[-158.033777,21.304162],[-158.032795,21.304183],[-158.029551,21.305095],[-158.028222,21.305756],[-158.027547,21.305982],[-158.026888,21.306087],[-158.026248,21.306043],[-158.024026,21.306138],[-158.023056,21.306028],[-158.022251,21.306046],[-158.019556,21.306645],[-158.018874,21.306989],[-158.017905,21.307308],[-158.017218,21.307309],[-158.016525,21.307513],[-158.016018,21.307582],[-158.015044,21.308019],[-158.014679,21.308039],[-158.013803,21.30826],[-158.013192,21.308546],[-158.012893,21.308856],[-158.012487,21.309007],[-158.008844,21.309767],[-158.006135,21.310117],[-158.005165,21.31031],[-158.001986,21.311149],[-157.995662,21.312584],[-157.994325,21.312973],[-157.993881,21.312506],[-157.992141,21.312933],[-157.990673,21.313462],[-157.989925,21.313503],[-157.988325,21.313877],[-157.987253,21.313866],[-157.986122,21.314293],[-157.985205,21.314441],[-157.983658,21.314915],[-157.982807,21.315457],[-157.982474,21.315545],[-157.981902,21.315546],[-157.98135,21.3158],[-157.980777,21.31581],[-157.980472,21.315718],[-157.979986,21.315281],[-157.979653,21.315234],[-157.978887,21.315243],[-157.978222,21.31546],[-157.978067,21.315441],[-157.977399,21.315659],[-157.976869,21.315746],[-157.97673,21.316079],[-157.976611,21.316133],[-157.976454,21.316705],[-157.976239,21.317187],[-157.975861,21.317763],[-157.975682,21.318228],[-157.974994,21.319055],[-157.974562,21.319337],[-157.974114,21.320106],[-157.973676,21.320451],[-157.973172,21.321433],[-157.972841,21.321833],[-157.972672,21.32223],[-157.972497,21.322256],[-157.971883,21.32321],[-157.971699,21.323295],[-157.971307,21.323676],[-157.971265,21.323861],[-157.970816,21.324319],[-157.970367,21.326417],[-157.970899,21.326475],[-157.971059,21.326584],[-157.971731,21.327727],[-157.972084,21.328077],[-157.972499,21.32835],[-157.97254,21.328518],[-157.973136,21.329335],[-157.973489,21.330109],[-157.973625,21.33105],[-157.973546,21.332509],[-157.973761,21.332862],[-157.973783,21.333224],[-157.973563,21.33386],[-157.973234,21.334328],[-157.973188,21.334666],[-157.973025,21.334977],[-157.973079,21.335312],[-157.973198,21.335498],[-157.973451,21.335413],[-157.973584,21.335455],[-157.973844,21.33617],[-157.974225,21.336285],[-157.974601,21.336635],[-157.974794,21.337093],[-157.975155,21.337493],[-157.974958,21.337758],[-157.975059,21.338215],[-157.975208,21.338424],[-157.975774,21.337944],[-157.976053,21.338158],[-157.976877,21.338506],[-157.976912,21.338935],[-157.977029,21.339072],[-157.976716,21.339626],[-157.977184,21.339728],[-157.977226,21.339976],[-157.977073,21.340256],[-157.977075,21.3405],[-157.977344,21.340614],[-157.977578,21.340923],[-157.977949,21.342606],[-157.978693,21.34294],[-157.97971,21.342819],[-157.979909,21.343132],[-157.97998,21.344307],[-157.980183,21.344679],[-157.980201,21.345095],[-157.980639,21.345445],[-157.981709,21.347164],[-157.981792,21.347539],[-157.981965,21.347662],[-157.982034,21.347875],[-157.98199,21.348204],[-157.982514,21.348858],[-157.982375,21.349106],[-157.98248,21.349395],[-157.983462,21.348705],[-157.98385,21.34869],[-157.984118,21.348813],[-157.984542,21.348707],[-157.984949,21.348696],[-157.985125,21.348602],[-157.985988,21.348657],[-157.986383,21.348917],[-157.986885,21.348992],[-157.98758,21.348892],[-157.987892,21.349116],[-157.988102,21.348873],[-157.988423,21.348757],[-157.988743,21.348759],[-157.989062,21.348608],[-157.989485,21.348551],[-157.989675,21.348665],[-157.989786,21.348323],[-157.990049,21.348315],[-157.990733,21.348667],[-157.990893,21.348519],[-157.992527,21.348484],[-157.992819,21.349081],[-157.993063,21.349354],[-157.993061,21.349526],[-157.993686,21.350022],[-157.993439,21.350449],[-157.993694,21.351404],[-157.993616,21.351864],[-157.993802,21.352403],[-157.993422,21.352739],[-157.993466,21.352943],[-157.993859,21.353004],[-157.994549,21.353563],[-157.995319,21.353496],[-157.996458,21.353575],[-157.998369,21.353333],[-157.998624,21.353118],[-157.998808,21.352771],[-157.999549,21.352473],[-157.999928,21.352425],[-158.001422,21.351942],[-158.0018,21.351754],[-158.002179,21.351847],[-158.003666,21.352827],[-158.003864,21.353054],[-158.004502,21.353378],[-158.005669,21.354433],[-158.006122,21.354702],[-158.006264,21.354622],[-158.006872,21.354846],[-158.007428,21.355247],[-158.007686,21.355768],[-158.0073,21.356145],[-158.00716,21.356714],[-158.008524,21.357187],[-158.00904,21.356675],[-158.00912,21.356215],[-158.009329,21.356044],[-158.010599,21.355595],[-158.011039,21.355566],[-158.011572,21.355646],[-158.015003,21.358078],[-158.0154,21.357959],[-158.015861,21.357519],[-158.01625,21.357386],[-158.016972,21.357521],[-158.017777,21.357955],[-158.018321,21.357985],[-158.019014,21.358142],[-158.01932,21.358329],[-158.020026,21.35837],[-158.020229,21.358782],[-158.020756,21.359517],[-158.021767,21.359482],[-158.022101,21.359588],[-158.022356,21.359774],[-158.022558,21.360047],[-158.022595,21.360629],[-158.022171,21.361458],[-158.022403,21.362435],[-158.022319,21.36295],[-158.022103,21.363378],[-158.021612,21.363596],[-158.02154,21.363803],[-158.021982,21.364185],[-158.022484,21.364441],[-158.022573,21.364641],[-158.023154,21.364947],[-158.023305,21.365453],[-158.023189,21.36609],[-158.02264,21.366398],[-158.021849,21.366344],[-158.021457,21.366206],[-158.020933,21.366189],[-158.020427,21.366385],[-158.020038,21.366351],[-158.019881,21.366206],[-158.019477,21.366136],[-158.018387,21.36542],[-158.017474,21.365383],[-158.01711,21.365255],[-158.01646,21.365405],[-158.016059,21.365759],[-158.016055,21.36598],[-158.016157,21.366085],[-158.016679,21.36612],[-158.016995,21.366243],[-158.017209,21.36647],[-158.01837,21.367078],[-158.019107,21.36794],[-158.019511,21.368634],[-158.020121,21.36894],[-158.02075,21.370123],[-158.021106,21.37111],[-158.021464,21.373086],[-158.021486,21.373953],[-158.021122,21.375049],[-158.020568,21.375655],[-158.020188,21.375517],[-158.020082,21.37539],[-158.019537,21.375667],[-158.019283,21.375666],[-158.019068,21.375529],[-158.018463,21.375467],[-158.017942,21.375595],[-158.017504,21.375931],[-158.017648,21.376727],[-158.017098,21.376796],[-158.017063,21.37732],[-158.016888,21.377486],[-158.016765,21.377887],[-158.016294,21.378241],[-158.016014,21.37875],[-158.015198,21.378763],[-158.014,21.379443],[-158.013106,21.379686],[-158.012909,21.379879],[-158.012559,21.380451],[-158.012113,21.380294],[-158.011553,21.380341],[-158.010979,21.38013],[-158.010188,21.379601],[-158.009763,21.379467],[-158.008514,21.379758],[-158.007587,21.380096],[-158.007018,21.380043],[-158.006509,21.379796],[-158.006286,21.378553],[-158.006586,21.377439],[-158.006365,21.376606],[-158.006517,21.376137],[-158.006832,21.375832],[-158.007713,21.375399],[-158.009136,21.374838],[-158.009679,21.374724],[-158.009518,21.374159],[-158.009872,21.373077],[-158.009981,21.372192],[-158.009944,21.371555],[-158.009736,21.371495],[-158.008742,21.372943],[-158.008172,21.373342],[-158.00714,21.374664],[-158.006248,21.37409],[-158.005679,21.374113],[-158.00514,21.374494],[-158.004673,21.374469],[-158.004415,21.374106],[-158.004252,21.373572],[-158.00396,21.373073],[-158.003107,21.372838],[-158.002463,21.372251],[-158.002296,21.371632],[-158.002643,21.370116],[-158.002584,21.369587],[-158.002689,21.369163],[-158.00289,21.368758],[-158.00462,21.367431],[-158.004683,21.367264],[-158.004648,21.36693],[-158.004174,21.365965],[-158.004127,21.364971],[-158.00367,21.364593],[-158.002916,21.364182],[-158.002487,21.364338],[-158.001847,21.364321],[-158.00152,21.364179],[-158.001165,21.364199],[-158.0007,21.363966],[-158.000414,21.363219],[-158.000109,21.363009],[-158.000362,21.362835],[-158.000281,21.362346],[-158.000004,21.362101],[-158.000015,21.360366],[-158.000466,21.359592],[-158.001053,21.359153],[-158.001385,21.359019],[-158.000985,21.358466],[-158.000571,21.35728],[-157.999564,21.356832],[-157.999217,21.356848],[-157.999062,21.356765],[-157.998904,21.356837],[-157.998894,21.357017],[-157.998427,21.357042],[-157.997975,21.357251],[-157.997425,21.357718],[-157.99673,21.358495],[-157.996208,21.359215],[-157.995711,21.359645],[-157.994341,21.359759],[-157.993726,21.359625],[-157.993147,21.359653],[-157.992789,21.35989],[-157.992269,21.360072],[-157.991667,21.360394],[-157.991257,21.360748],[-157.991008,21.361117],[-157.991006,21.361429],[-157.991454,21.361319],[-157.991882,21.361109],[-157.992334,21.361017],[-157.992723,21.361168],[-157.99307,21.361762],[-157.994563,21.362331],[-157.994772,21.362594],[-157.995258,21.362687],[-157.996127,21.363496],[-157.997245,21.364749],[-157.997432,21.36536],[-157.997096,21.365824],[-157.997,21.366293],[-157.996822,21.366653],[-157.996357,21.366781],[-157.996029,21.367059],[-157.995861,21.367881],[-157.995963,21.36845],[-157.995799,21.369064],[-157.995379,21.36959],[-157.995391,21.370479],[-157.995075,21.37069],[-157.994757,21.371171],[-157.994748,21.371501],[-157.994487,21.371409],[-157.994565,21.371925],[-157.99334,21.372477],[-157.992399,21.372702],[-157.991489,21.372566],[-157.990693,21.372236],[-157.99014,21.371614],[-157.989832,21.370998],[-157.989142,21.369991],[-157.988812,21.369149],[-157.988782,21.368363],[-157.98846,21.367959],[-157.988726,21.367039],[-157.988277,21.366164],[-157.987583,21.364254],[-157.987751,21.364115],[-157.98887,21.363919],[-157.989015,21.36377],[-157.989064,21.36303],[-157.988911,21.362808],[-157.988521,21.362589],[-157.987524,21.362528],[-157.987314,21.362206],[-157.987663,21.360564],[-157.987607,21.360018],[-157.987347,21.359718],[-157.987322,21.359478],[-157.987852,21.358515],[-157.988689,21.357711],[-157.989487,21.357531],[-157.990347,21.357739],[-157.990727,21.357606],[-157.992314,21.357322],[-157.992936,21.357104],[-157.993223,21.356857],[-157.992828,21.356507],[-157.992448,21.356478],[-157.992231,21.356174],[-157.99161,21.356112],[-157.991334,21.355703],[-157.99093,21.355412],[-157.990611,21.355049],[-157.990277,21.354862],[-157.989924,21.354322],[-157.989629,21.353656],[-157.98946,21.353113],[-157.98935,21.3523],[-157.989159,21.35219],[-157.989163,21.352027],[-157.989314,21.351775],[-157.989244,21.351572],[-157.988905,21.351475],[-157.988514,21.351468],[-157.988252,21.351548],[-157.987797,21.35141],[-157.987052,21.351459],[-157.986896,21.351413],[-157.986803,21.351264],[-157.986626,21.351489],[-157.986032,21.351051],[-157.985538,21.350976],[-157.984801,21.351157],[-157.984307,21.351597],[-157.983196,21.351956],[-157.982931,21.352122],[-157.982577,21.352187],[-157.98224,21.352154],[-157.981539,21.351892],[-157.980489,21.351357],[-157.980412,21.350864],[-157.98004,21.350691],[-157.980023,21.350013],[-157.9799,21.350112],[-157.979782,21.349591],[-157.979388,21.349612],[-157.979418,21.349404],[-157.979508,21.349328],[-157.979396,21.349011],[-157.97916,21.348937],[-157.979066,21.348621],[-157.978561,21.348107],[-157.978552,21.348288],[-157.978466,21.348396],[-157.978257,21.348291],[-157.978226,21.347785],[-157.97773,21.347258],[-157.977749,21.34705],[-157.977479,21.347057],[-157.977381,21.346939],[-157.977397,21.346492],[-157.977203,21.346428],[-157.976763,21.346448],[-157.97667,21.346605],[-157.97648,21.346681],[-157.97613,21.346042],[-157.976203,21.345663],[-157.976008,21.345467],[-157.976043,21.345093],[-157.97574,21.344481],[-157.975536,21.344543],[-157.975203,21.344419],[-157.975015,21.344138],[-157.974883,21.343748],[-157.97496,21.343464],[-157.974826,21.343106],[-157.97495,21.3428],[-157.974664,21.342749],[-157.974791,21.342406],[-157.974597,21.34236],[-157.974587,21.342089],[-157.974246,21.342141],[-157.974244,21.341702],[-157.974049,21.341615],[-157.973935,21.341434],[-157.973655,21.341609],[-157.973167,21.341569],[-157.972708,21.340907],[-157.972508,21.340892],[-157.972249,21.340706],[-157.971766,21.340712],[-157.971563,21.340317],[-157.971381,21.340285],[-157.970468,21.341652],[-157.970151,21.341867],[-157.969575,21.342076],[-157.96947,21.342356],[-157.969504,21.342559],[-157.970152,21.34344],[-157.970443,21.343161],[-157.970617,21.343149],[-157.970877,21.343313],[-157.971085,21.343626],[-157.971024,21.344037],[-157.971227,21.344476],[-157.971375,21.344658],[-157.971596,21.344646],[-157.971677,21.344795],[-157.971914,21.344833],[-157.972165,21.344753],[-157.97222,21.344893],[-157.972373,21.344863],[-157.972659,21.345547],[-157.972096,21.345823],[-157.972104,21.346076],[-157.972232,21.346213],[-157.97211,21.346488],[-157.972368,21.346412],[-157.972428,21.346485],[-157.972319,21.346968],[-157.972614,21.346942],[-157.972317,21.347392],[-157.972634,21.347385],[-157.973162,21.347826],[-157.97308,21.34882],[-157.973214,21.349376],[-157.97313,21.349583],[-157.973032,21.349352],[-157.972938,21.34956],[-157.972838,21.349523],[-157.972643,21.350109],[-157.972522,21.350135],[-157.972476,21.350641],[-157.972269,21.35059],[-157.972071,21.351049],[-157.97162,21.35144],[-157.971636,21.351828],[-157.971222,21.352119],[-157.971155,21.352345],[-157.971462,21.353128],[-157.971406,21.353552],[-157.971483,21.353729],[-157.971668,21.353847],[-157.971852,21.35439],[-157.972165,21.354749],[-157.972391,21.355256],[-157.97246,21.355347],[-157.972649,21.354906],[-157.972784,21.354857],[-157.973032,21.355034],[-157.973766,21.356177],[-157.974122,21.357141],[-157.974295,21.358082],[-157.974948,21.358189],[-157.975073,21.358529],[-157.97486,21.359124],[-157.975264,21.359162],[-157.975547,21.359345],[-157.975828,21.35983],[-157.975941,21.360251],[-157.976092,21.360247],[-157.976278,21.360361],[-157.976213,21.36088],[-157.975403,21.362022],[-157.975364,21.362993],[-157.975411,21.363838],[-157.97554,21.364309],[-157.975554,21.365176],[-157.975894,21.365201],[-157.976184,21.36513],[-157.976527,21.365209],[-157.976844,21.364953],[-157.977087,21.365023],[-157.977194,21.365299],[-157.977455,21.365585],[-157.97788,21.365867],[-157.978213,21.366041],[-157.978728,21.366062],[-157.979102,21.365938],[-157.979207,21.365758],[-157.979162,21.365369],[-157.979421,21.36514],[-157.97974,21.365057],[-157.980474,21.365142],[-157.981977,21.364831],[-157.983233,21.365656],[-157.983701,21.366246],[-157.984863,21.367449],[-157.985445,21.368311],[-157.986733,21.36976],[-157.98763,21.371102],[-157.988205,21.372831],[-157.988524,21.374124],[-157.988691,21.374234],[-157.989246,21.374237],[-157.990049,21.374879],[-157.990668,21.375519],[-157.99094,21.375828],[-157.991557,21.377268],[-157.991692,21.378845],[-157.991858,21.379],[-157.991459,21.379761],[-157.991392,21.381332],[-157.991616,21.382806],[-157.991831,21.383417],[-157.99217,21.384038],[-157.992163,21.384314],[-157.991921,21.384646],[-157.991803,21.385097],[-157.991805,21.385924],[-157.991644,21.38651],[-157.991399,21.387042],[-157.99064,21.38766],[-157.989821,21.387859],[-157.989533,21.388038],[-157.988059,21.388454],[-157.986755,21.388391],[-157.985536,21.388149],[-157.984818,21.388344],[-157.98459,21.388491],[-157.984622,21.38827],[-157.984487,21.388098],[-157.984114,21.388312],[-157.983795,21.388762],[-157.984013,21.388258],[-157.984077,21.387847],[-157.983702,21.387867],[-157.983389,21.388028],[-157.982906,21.387442],[-157.983181,21.389138],[-157.982989,21.390573],[-157.98274,21.390806],[-157.98225,21.390993],[-157.982122,21.390875],[-157.981973,21.390517],[-157.982171,21.390076],[-157.981903,21.389744],[-157.981928,21.389392],[-157.982122,21.388874],[-157.981303,21.387297],[-157.981653,21.386193],[-157.981963,21.38624],[-157.981779,21.385439],[-157.981533,21.383193],[-157.980954,21.382724],[-157.980778,21.382457],[-157.980315,21.382544],[-157.979929,21.382181],[-157.979555,21.381483],[-157.979677,21.380847],[-157.979102,21.380992],[-157.978293,21.381471],[-157.97772,21.382253],[-157.977458,21.384596],[-157.976931,21.385469],[-157.977138,21.38491],[-157.977272,21.384102],[-157.977218,21.38346],[-157.977354,21.382332],[-157.977379,21.380679],[-157.976858,21.379429],[-157.9765,21.378831],[-157.976019,21.37825],[-157.975799,21.377792],[-157.975441,21.37648],[-157.975556,21.376228],[-157.97592,21.375856],[-157.976141,21.375487],[-157.976216,21.37523],[-157.976164,21.375067],[-157.975455,21.374886],[-157.974656,21.373657],[-157.974546,21.373024],[-157.97444,21.372852],[-157.97365,21.372192],[-157.973411,21.372114],[-157.972571,21.371368],[-157.972314,21.371236],[-157.971732,21.371097],[-157.971042,21.371093],[-157.970458,21.370985],[-157.969456,21.37106],[-157.968801,21.371016],[-157.968528,21.371136],[-157.9684,21.371424],[-157.968157,21.371657],[-157.968088,21.371973],[-157.968163,21.372285],[-157.968064,21.372804],[-157.968155,21.373356],[-157.967892,21.373742],[-157.96808,21.373816],[-157.968186,21.373948],[-157.967642,21.374504],[-157.968192,21.375212],[-157.968538,21.376199],[-157.968773,21.377352],[-157.969138,21.377779],[-157.96919,21.378118],[-157.969037,21.378605],[-157.969307,21.378918],[-157.969293,21.379514],[-157.969746,21.379662],[-157.969955,21.380995],[-157.970114,21.381181],[-157.970197,21.38148],[-157.970413,21.382769],[-157.9702,21.384999],[-157.96997,21.386009],[-157.969549,21.386652],[-157.968842,21.38672],[-157.968278,21.387182],[-157.967831,21.387175],[-157.967646,21.387092],[-157.966771,21.387285],[-157.966178,21.387033],[-157.965347,21.387006],[-157.965314,21.387349],[-157.96522,21.387515],[-157.965011,21.387568],[-157.964599,21.38757],[-157.964286,21.387342],[-157.962841,21.387623],[-157.962137,21.38723],[-157.961848,21.387296],[-157.961709,21.387412],[-157.960818,21.387493],[-157.96013,21.387398],[-157.959908,21.387532],[-157.959915,21.38741],[-157.959635,21.387137],[-157.959437,21.387186],[-157.959244,21.38704],[-157.958879,21.386943],[-157.958449,21.386615],[-157.958018,21.385845],[-157.95782,21.385265],[-157.957642,21.384966],[-157.957324,21.384698],[-157.956089,21.38422],[-157.955377,21.383814],[-157.95455,21.38352],[-157.95379,21.382914],[-157.952956,21.38211],[-157.952799,21.382109],[-157.952829,21.382456],[-157.953576,21.383794],[-157.953542,21.383929],[-157.953214,21.383701],[-157.952915,21.383342],[-157.952469,21.382481],[-157.952288,21.38244],[-157.952206,21.382782],[-157.952227,21.383144],[-157.952386,21.383953],[-157.952373,21.384229],[-157.952243,21.384323],[-157.951297,21.384095],[-157.951032,21.383882],[-157.950547,21.383206],[-157.950169,21.382896],[-157.949743,21.383011],[-157.949617,21.38296],[-157.94933,21.382656],[-157.949178,21.38237],[-157.948243,21.381976],[-157.947862,21.381725],[-157.947653,21.381674],[-157.9475,21.381493],[-157.946829,21.381208],[-157.946691,21.381194],[-157.946454,21.381613],[-157.946311,21.381905],[-157.946231,21.382587],[-157.946074,21.382721],[-157.944768,21.381597],[-157.944179,21.380939],[-157.943957,21.380549],[-157.944084,21.379917],[-157.943156,21.379979],[-157.942574,21.379813],[-157.942023,21.379755],[-157.941572,21.379811],[-157.940894,21.380091],[-157.939942,21.38023],[-157.940667,21.380054],[-157.94194,21.379601],[-157.94235,21.37954],[-157.943452,21.379733],[-157.943674,21.379689],[-157.94383,21.379405],[-157.943844,21.379243],[-157.943688,21.378971],[-157.943226,21.378584],[-157.942655,21.377478],[-157.942651,21.377284],[-157.94299,21.376839],[-157.943013,21.376207],[-157.942881,21.375682],[-157.942796,21.37555],[-157.942263,21.375326],[-157.941485,21.374765],[-157.940762,21.374408],[-157.94093,21.374933],[-157.940897,21.375177],[-157.940491,21.375662],[-157.940115,21.375845],[-157.939443,21.376008],[-157.938475,21.376146],[-157.938271,21.376249],[-157.938073,21.376735],[-157.937928,21.376883],[-157.937676,21.376958],[-157.937172,21.376851],[-157.9363,21.376417],[-157.935848,21.376061],[-157.935573,21.376005],[-157.934232,21.376891],[-157.934735,21.376384],[-157.934798,21.375897],[-157.934187,21.37503],[-157.934155,21.374099],[-157.934345,21.373296],[-157.934525,21.373131],[-157.935081,21.372895],[-157.935367,21.372504],[-157.935643,21.371593],[-157.936102,21.370611],[-157.936099,21.370132],[-157.936523,21.369661],[-157.936893,21.3689],[-157.937262,21.368604],[-157.938116,21.36697],[-157.938344,21.366258],[-157.93808,21.365398],[-157.937586,21.364645],[-157.937234,21.363717],[-157.937033,21.363386],[-157.9374,21.363745],[-157.937804,21.36448],[-157.938096,21.364743],[-157.938349,21.364709],[-157.939121,21.364321],[-157.939505,21.363976],[-157.93866,21.36411],[-157.938386,21.363724],[-157.938665,21.363437],[-157.938304,21.363263],[-157.938098,21.362869],[-157.938016,21.362259],[-157.938168,21.361808],[-157.938202,21.361298],[-157.938817,21.360258],[-157.939359,21.35958],[-157.939596,21.359374],[-157.939931,21.359236],[-157.940528,21.358219],[-157.941081,21.357617],[-157.941312,21.357488],[-157.941998,21.356331],[-157.942977,21.35529],[-157.943548,21.355086],[-157.943954,21.354289],[-157.943821,21.353358],[-157.943578,21.353343],[-157.943413,21.353676],[-157.942724,21.353685],[-157.9426,21.353756],[-157.942365,21.353687],[-157.94219,21.353528],[-157.942285,21.35337],[-157.942275,21.352995],[-157.942126,21.353022],[-157.941944,21.353251],[-157.941702,21.353782],[-157.941465,21.354065],[-157.941098,21.354054],[-157.940923,21.353759],[-157.940618,21.353915],[-157.940409,21.353936],[-157.939486,21.353271],[-157.939219,21.352696],[-157.938488,21.35218],[-157.939431,21.351992],[-157.939753,21.35176],[-157.940047,21.351671],[-157.940194,21.351686],[-157.940209,21.351871],[-157.940453,21.352044],[-157.940738,21.351947],[-157.941241,21.351507],[-157.941773,21.351475],[-157.942114,21.351332],[-157.943036,21.351365],[-157.943676,21.351473],[-157.943635,21.350701],[-157.943385,21.350288],[-157.943248,21.349849],[-157.942853,21.349354],[-157.943251,21.349041],[-157.943418,21.349064],[-157.944014,21.349443],[-157.944961,21.35038],[-157.945099,21.350448],[-157.945626,21.350447],[-157.945887,21.350526],[-157.945996,21.350919],[-157.946164,21.351051],[-157.946329,21.351093],[-157.946763,21.350893],[-157.946979,21.350975],[-157.947118,21.350868],[-157.947494,21.351209],[-157.947668,21.351201],[-157.947842,21.350755],[-157.948561,21.350841],[-157.94859,21.351893],[-157.949611,21.352369],[-157.950369,21.351995],[-157.950775,21.352069],[-157.951027,21.352441],[-157.951087,21.352812],[-157.951193,21.352772],[-157.951445,21.352972],[-157.951469,21.352593],[-157.951617,21.352459],[-157.952127,21.35239],[-157.952154,21.352024],[-157.952291,21.351695],[-157.952973,21.351546],[-157.953303,21.351376],[-157.953667,21.351333],[-157.953853,21.351664],[-157.953695,21.352499],[-157.953584,21.352769],[-157.952899,21.3536],[-157.952439,21.35455],[-157.952517,21.354759],[-157.953517,21.354833],[-157.953624,21.355199],[-157.953916,21.354966],[-157.954548,21.355349],[-157.954556,21.355137],[-157.954418,21.35492],[-157.954511,21.354726],[-157.954869,21.354579],[-157.95507,21.354671],[-157.955033,21.3543],[-157.955128,21.353917],[-157.955121,21.35356],[-157.95554,21.353409],[-157.955774,21.353442],[-157.956051,21.353999],[-157.956242,21.354109],[-157.95621,21.353219],[-157.956598,21.353],[-157.956318,21.352691],[-157.956429,21.352299],[-157.95641,21.352037],[-157.956609,21.351772],[-157.956149,21.351611],[-157.955823,21.351347],[-157.955763,21.350813],[-157.956039,21.350485],[-157.956386,21.350316],[-157.956919,21.350446],[-157.957242,21.35089],[-157.957374,21.351293],[-157.957827,21.35065],[-157.958191,21.350381],[-157.958553,21.350379],[-157.959582,21.351009],[-157.959824,21.351119],[-157.960152,21.351112],[-157.960216,21.351261],[-157.960662,21.351304],[-157.96085,21.351224],[-157.961233,21.35129],[-157.961467,21.351233],[-157.961654,21.351396],[-157.961999,21.351213],[-157.962177,21.351282],[-157.962558,21.351271],[-157.962703,21.351728],[-157.962867,21.351774],[-157.96299,21.35163],[-157.96318,21.351595],[-157.963274,21.351691],[-157.964077,21.351615],[-157.964717,21.351384],[-157.964807,21.351122],[-157.964968,21.350938],[-157.96553,21.351023],[-157.965721,21.350893],[-157.965804,21.350437],[-157.966606,21.350262],[-157.966662,21.349887],[-157.966791,21.34963],[-157.96773,21.349383],[-157.967916,21.349127],[-157.968321,21.34903],[-157.968687,21.348621],[-157.968282,21.347553],[-157.967901,21.347767],[-157.967901,21.347135],[-157.967354,21.346242],[-157.967152,21.346078],[-157.966698,21.346174],[-157.966616,21.346391],[-157.965785,21.346485],[-157.965723,21.346593],[-157.965454,21.346646],[-157.965108,21.346603],[-157.96508,21.346092],[-157.965654,21.346055],[-157.966279,21.345548],[-157.96604,21.345077],[-157.965538,21.34502],[-157.965496,21.344866],[-157.965761,21.344678],[-157.96541,21.344432],[-157.965138,21.343815],[-157.965313,21.34332],[-157.965235,21.343129],[-157.965175,21.343201],[-157.964713,21.343329],[-157.964507,21.343215],[-157.964499,21.342935],[-157.965181,21.342691],[-157.965192,21.342528],[-157.965063,21.342225],[-157.965,21.341538],[-157.964818,21.341573],[-157.96468,21.341829],[-157.964575,21.341756],[-157.964679,21.341337],[-157.96417,21.34099],[-157.964217,21.340765],[-157.964321,21.340743],[-157.964879,21.340913],[-157.965202,21.340577],[-157.96537,21.340257],[-157.965622,21.340096],[-157.966233,21.339395],[-157.96666,21.339045],[-157.96674,21.338576],[-157.967431,21.337762],[-157.967697,21.337551],[-157.968386,21.336584],[-157.96848,21.336305],[-157.968654,21.33453],[-157.968623,21.333974],[-157.96836,21.333968],[-157.968464,21.333332],[-157.968418,21.333128],[-157.968464,21.332871],[-157.969048,21.332414],[-157.968716,21.331964],[-157.968818,21.331459],[-157.968801,21.331088],[-157.968718,21.330961],[-157.96841,21.331086],[-157.967923,21.330993],[-157.967656,21.331041],[-157.966513,21.330193],[-157.966208,21.330079],[-157.965591,21.330084],[-157.965268,21.330172],[-157.964484,21.330682],[-157.964314,21.330668],[-157.964653,21.33029],[-157.964834,21.329542],[-157.964682,21.328822],[-157.964346,21.328405],[-157.96471,21.3273],[-157.96477,21.32679],[-157.964716,21.32641],[-157.964241,21.325391],[-157.963021,21.323391],[-157.962515,21.321558],[-157.962407,21.320771],[-157.962183,21.320187],[-157.961967,21.319888],[-157.961347,21.319482],[-157.96035,21.318577],[-157.958695,21.317365],[-157.958178,21.317294],[-157.957762,21.317382],[-157.957492,21.317317],[-157.957019,21.316844],[-157.956384,21.316524],[-157.95588,21.316516],[-157.955431,21.31674],[-157.955184,21.316779],[-157.95389,21.31687],[-157.95223,21.316864],[-157.951548,21.316797],[-157.949508,21.316256],[-157.948435,21.316416],[-157.947618,21.316691],[-157.946223,21.327168],[-157.949149,21.336262],[-157.941848,21.342725],[-157.941636,21.34309],[-157.941547,21.34365],[-157.941224,21.344031],[-157.940807,21.344304],[-157.939513,21.344734],[-157.923755,21.358367],[-157.920862,21.362143],[-157.918962,21.364014],[-157.914582,21.365043],[-157.914341,21.364892],[-157.907274,21.366328],[-157.905428,21.367725],[-157.900088,21.369899],[-157.89939,21.370359],[-157.895604,21.371843],[-157.888327,21.374898],[-157.886757,21.375023],[-157.886087,21.375362],[-157.885035,21.375446],[-157.883835,21.37584],[-157.883289,21.376093],[-157.881431,21.377228],[-157.879485,21.377608],[-157.877134,21.378862],[-157.876911,21.379208],[-157.876557,21.379391],[-157.876229,21.379913],[-157.875952,21.380155],[-157.875547,21.380215],[-157.875158,21.3801],[-157.874877,21.380161],[-157.87403,21.38142],[-157.873707,21.381644],[-157.872466,21.382178],[-157.87129,21.382947],[-157.871002,21.383207],[-157.870315,21.384191],[-157.869598,21.384638],[-157.869181,21.384793],[-157.868991,21.384946],[-157.868833,21.385207],[-157.867463,21.385988],[-157.866587,21.386822],[-157.866058,21.387144],[-157.865564,21.387362],[-157.864448,21.387693],[-157.863977,21.387694],[-157.863577,21.38789],[-157.862648,21.387884],[-157.861666,21.388121],[-157.861261,21.388317],[-157.860884,21.388672],[-157.860084,21.38924],[-157.858038,21.389659],[-157.857615,21.390582],[-157.85728,21.390793],[-157.856633,21.391466],[-157.856134,21.391575],[-157.855034,21.391631],[-157.854811,21.392135],[-157.854605,21.393457],[-157.854504,21.39352],[-157.854294,21.393478],[-157.85407,21.393589],[-157.853764,21.394301],[-157.852883,21.395356],[-157.852535,21.395986],[-157.851877,21.396338],[-157.851495,21.396774],[-157.851177,21.396957],[-157.851054,21.397187],[-157.850713,21.397333],[-157.850272,21.397687],[-157.849766,21.397747],[-157.847131,21.398722],[-157.846668,21.398823],[-157.846515,21.398781],[-157.846103,21.398837],[-157.845597,21.399118],[-157.845198,21.399459],[-157.844797,21.399614],[-157.84425,21.399592],[-157.843545,21.399718],[-157.842909,21.399565],[-157.842392,21.399729],[-157.842163,21.399731],[-157.842015,21.399785],[-157.841704,21.400221],[-157.841211,21.400583],[-157.840705,21.400819],[-157.84001,21.400819],[-157.839405,21.400914],[-157.838659,21.400809],[-157.838435,21.400907],[-157.838483,21.401382],[-157.838699,21.401681],[-157.838541,21.401974],[-157.8386,21.402137],[-157.839046,21.402759],[-157.839076,21.403206],[-157.839623,21.403598],[-157.839722,21.403834],[-157.839423,21.404686],[-157.839575,21.404931],[-157.839628,21.405225],[-157.83914,21.405926],[-157.838929,21.40643],[-157.838899,21.406724],[-157.839429,21.40745],[-157.839346,21.407928],[-157.83891,21.409082],[-157.838953,21.409231],[-157.839376,21.409731],[-157.839399,21.409862],[-157.839111,21.410239],[-157.838758,21.410386],[-157.83894,21.410676],[-157.838264,21.411367],[-157.836382,21.412659],[-157.836535,21.413166],[-157.836723,21.413204],[-157.837247,21.413573],[-157.837635,21.413725],[-157.837905,21.414477],[-157.83794,21.414631],[-157.837717,21.415415],[-157.837893,21.416324],[-157.83827,21.416923],[-157.838141,21.417956],[-157.838211,21.418043],[-157.838676,21.418163],[-157.839258,21.418217],[-157.840075,21.418408],[-157.840434,21.418934],[-157.840911,21.419182],[-157.841452,21.419231],[-157.841969,21.419754],[-157.842539,21.420029],[-157.843145,21.420444],[-157.843704,21.420994],[-157.844109,21.421268],[-157.844521,21.421795],[-157.844815,21.421869],[-157.845545,21.422398],[-157.846121,21.422637],[-157.84655,21.422961],[-157.847351,21.423296],[-157.847909,21.423747],[-157.848274,21.423858],[-157.848439,21.424202],[-157.848803,21.424638],[-157.849168,21.425332],[-157.849868,21.425707],[-157.850556,21.426376],[-157.852326,21.426795],[-157.853997,21.426702],[-157.854579,21.427131],[-157.855085,21.42736],[-157.856225,21.427562],[-157.856485,21.427659],[-157.856819,21.427923],[-157.857849,21.428088],[-157.858425,21.428309],[-157.858872,21.428348],[-157.859049,21.429686],[-157.859173,21.429999],[-157.859519,21.430159],[-157.860214,21.430313],[-157.860208,21.4309],[-157.860372,21.431475],[-157.860872,21.432057],[-157.861431,21.432236],[-157.861661,21.432672],[-157.862196,21.43319],[-157.862402,21.433815],[-157.86239,21.434429],[-157.862461,21.434583],[-157.863426,21.434802],[-157.863631,21.435029],[-157.863719,21.435197],[-157.863726,21.435473],[-157.863614,21.435982],[-157.864573,21.436481],[-157.865032,21.436453],[-157.865714,21.436525],[-157.866202,21.436858],[-157.86732,21.437069],[-157.867943,21.437538],[-157.868419,21.437709],[-157.869767,21.438459],[-157.87019,21.438927],[-157.870961,21.439126],[-157.871085,21.439285],[-157.87139,21.43945],[-157.872008,21.439445],[-157.872279,21.439745],[-157.872614,21.439955],[-157.872991,21.440536],[-157.873084,21.44092],[-157.873461,21.441325],[-157.873485,21.442382],[-157.873979,21.443004],[-157.874085,21.443601],[-157.873879,21.444214],[-157.873921,21.44439],[-157.874285,21.444885],[-157.874333,21.445567],[-157.874551,21.445822],[-157.874609,21.446012],[-157.874456,21.446648],[-157.874522,21.447213],[-157.874839,21.447852],[-157.874593,21.448365],[-157.874639,21.448944],[-157.874569,21.449277],[-157.874081,21.450521],[-157.873987,21.450985],[-157.874193,21.451737],[-157.873464,21.452671],[-157.873311,21.453244],[-157.873757,21.453748],[-157.873787,21.454887],[-157.873882,21.455235],[-157.874017,21.455426],[-157.874965,21.456146],[-157.875277,21.456672],[-157.875094,21.458238],[-157.875242,21.459151],[-157.875454,21.459392],[-157.875812,21.459621],[-157.876354,21.459665],[-157.876453,21.459756],[-157.876253,21.459863],[-157.876177,21.460061],[-157.876247,21.460337],[-157.876142,21.461339],[-157.876595,21.461116],[-157.87733,21.461008],[-157.87809,21.460747],[-157.878577,21.460777],[-157.880678,21.460665],[-157.882289,21.460694],[-157.882578,21.460831],[-157.88269,21.460963],[-157.88279,21.461343],[-157.883178,21.461639],[-157.883802,21.46182],[-157.88459,21.461793],[-157.88499,21.461963],[-157.88532,21.461956],[-157.885496,21.46203],[-157.885737,21.462465],[-157.885955,21.462652],[-157.887491,21.46371],[-157.887556,21.463859],[-157.887538,21.464388],[-157.887956,21.465045],[-157.887921,21.465583],[-157.888168,21.466276],[-157.888015,21.467106],[-157.888634,21.467823],[-157.889028,21.468486],[-157.889164,21.468559],[-157.889593,21.468571],[-157.889698,21.468657],[-157.890098,21.469694],[-157.89034,21.470071],[-157.890258,21.470404],[-157.890322,21.470712],[-157.890588,21.471034],[-157.891005,21.47213],[-157.890988,21.472293],[-157.8906,21.472873],[-157.890611,21.47346],[-157.890371,21.474461],[-157.890319,21.475455],[-157.889695,21.476178],[-157.889372,21.477007],[-157.889624,21.477469],[-157.890496,21.478351],[-157.890644,21.478614],[-157.890767,21.479361],[-157.890803,21.480824],[-157.891209,21.481685],[-157.891409,21.481958],[-157.891174,21.482507],[-157.890691,21.483141],[-157.890597,21.483642],[-157.890969,21.484407],[-157.891098,21.485334],[-157.891739,21.485768],[-157.892311,21.486693],[-157.892522,21.487494],[-157.892446,21.48785],[-157.89227,21.487989],[-157.892034,21.488385],[-157.892058,21.488579],[-157.89227,21.488919],[-157.892882,21.489579],[-157.893059,21.490528],[-157.892854,21.491399],[-157.892995,21.492836],[-157.893113,21.493027],[-157.893567,21.493346],[-157.893902,21.494039],[-157.894266,21.494471],[-157.894885,21.494958],[-157.895121,21.495556],[-157.895597,21.496219],[-157.895628,21.496838],[-157.895877,21.497463],[-157.896284,21.498012],[-157.896866,21.498363],[-157.897249,21.498845],[-157.897249,21.499861],[-157.897043,21.50033],[-157.897161,21.500696],[-157.897403,21.501046],[-157.897721,21.501319],[-157.898222,21.501512],[-157.898886,21.50157]]],[[[-157.968715,21.326615],[-157.968832,21.326765],[-157.969145,21.326884],[-157.969201,21.326754],[-157.969097,21.326455],[-157.970133,21.326475],[-157.970169,21.326362],[-157.969265,21.326262],[-157.968985,21.326007],[-157.968789,21.325938],[-157.9687,21.325983],[-157.96866,21.326158],[-157.968715,21.326615]]],[[[-157.942545,21.361321],[-157.942554,21.36157],[-157.943544,21.361396],[-157.944139,21.361174],[-157.944383,21.361279],[-157.944595,21.361073],[-157.944702,21.360613],[-157.945652,21.360126],[-157.945717,21.35996],[-157.945529,21.359611],[-157.945398,21.359407],[-157.945179,21.359369],[-157.944926,21.358974],[-157.944901,21.358776],[-157.945211,21.358394],[-157.945853,21.358316],[-157.946279,21.358369],[-157.946403,21.358212],[-157.946354,21.358035],[-157.946872,21.357998],[-157.946862,21.357673],[-157.946998,21.357782],[-157.947508,21.357785],[-157.947618,21.357736],[-157.947723,21.357506],[-157.947796,21.357719],[-157.94798,21.357354],[-157.94922,21.357141],[-157.949213,21.356933],[-157.948734,21.356817],[-157.947952,21.356266],[-157.947728,21.355795],[-157.947538,21.35494],[-157.947314,21.354898],[-157.946886,21.354958],[-157.946746,21.355147],[-157.946696,21.356018],[-157.946487,21.356428],[-157.94587,21.356673],[-157.945378,21.357189],[-157.944973,21.357073],[-157.944898,21.357127],[-157.944891,21.357366],[-157.944493,21.357395],[-157.944229,21.357326],[-157.943765,21.357436],[-157.942369,21.360015],[-157.942476,21.360169],[-157.942601,21.360658],[-157.942545,21.361321]]],[[[-158.01348,21.364845],[-158.01395,21.365178],[-158.014126,21.365404],[-158.014307,21.365022],[-158.014187,21.364786],[-158.013852,21.364667],[-158.013765,21.364513],[-158.013982,21.363746],[-158.013801,21.363645],[-158.013792,21.363501],[-158.013379,21.363413],[-158.013543,21.36373],[-158.013219,21.364211],[-158.012355,21.364423],[-158.011949,21.364655],[-158.012291,21.36473],[-158.013305,21.3647],[-158.01348,21.364845]]],[[[-157.949449,21.367404],[-157.94931,21.367475],[-157.949269,21.367597],[-157.949333,21.367656],[-157.949489,21.367666],[-157.949594,21.367491],[-157.949594,21.367391],[-157.949449,21.367404]]],[[[-157.957012,21.369353],[-157.957108,21.369295],[-157.957362,21.369341],[-157.957719,21.369131],[-157.95782,21.368996],[-157.957722,21.368725],[-157.957916,21.368622],[-157.958638,21.368487],[-157.959112,21.368742],[-157.959447,21.368437],[-157.959737,21.368349],[-157.960019,21.368549],[-157.960763,21.368202],[-157.961017,21.367752],[-157.961436,21.367727],[-157.961754,21.367788],[-157.961956,21.367685],[-157.962334,21.367272],[-157.962706,21.36666],[-157.963112,21.366491],[-157.963208,21.366243],[-157.963471,21.366028],[-157.963686,21.365957],[-157.964,21.365444],[-157.964243,21.365278],[-157.965558,21.365151],[-157.965789,21.365311],[-157.966086,21.365335],[-157.966394,21.365219],[-157.966525,21.365049],[-157.966757,21.36444],[-157.967231,21.363919],[-157.967379,21.363608],[-157.967315,21.363427],[-157.967546,21.363022],[-157.967883,21.362058],[-157.968071,21.361883],[-157.968842,21.360695],[-157.969164,21.360069],[-157.969229,21.359668],[-157.969019,21.359382],[-157.968441,21.359279],[-157.968129,21.358902],[-157.967294,21.358351],[-157.966427,21.357017],[-157.966329,21.356574],[-157.966348,21.356398],[-157.966519,21.356128],[-157.966444,21.355559],[-157.966491,21.354945],[-157.966211,21.354925],[-157.965868,21.355085],[-157.965412,21.35506],[-157.965163,21.355167],[-157.964755,21.355069],[-157.964028,21.355408],[-157.963816,21.355606],[-157.963369,21.355793],[-157.963264,21.355914],[-157.962858,21.355957],[-157.962397,21.356189],[-157.962303,21.35598],[-157.962104,21.355834],[-157.961712,21.356153],[-157.961226,21.357003],[-157.96078,21.357421],[-157.960844,21.357579],[-157.960565,21.357826],[-157.96033,21.357851],[-157.960173,21.357977],[-157.960219,21.358171],[-157.959939,21.358237],[-157.960186,21.358704],[-157.961114,21.359378],[-157.961165,21.359614],[-157.961096,21.359816],[-157.960878,21.360072],[-157.960746,21.360126],[-157.960461,21.359858],[-157.960405,21.359907],[-157.960319,21.360588],[-157.960636,21.360563],[-157.960926,21.36094],[-157.960923,21.361044],[-157.960772,21.360957],[-157.960759,21.361223],[-157.960681,21.361295],[-157.96058,21.361119],[-157.960506,21.361235],[-157.96019,21.361044],[-157.960062,21.36088],[-157.959738,21.360811],[-157.959624,21.360851],[-157.959937,21.361047],[-157.960021,21.361278],[-157.959918,21.361376],[-157.959229,21.3613],[-157.959211,21.361462],[-157.959129,21.361525],[-157.959045,21.361488],[-157.958861,21.361776],[-157.95901,21.362157],[-157.959175,21.362131],[-157.959279,21.362217],[-157.959112,21.362744],[-157.958749,21.362738],[-157.958339,21.362627],[-157.957876,21.362904],[-157.957283,21.362968],[-157.95711,21.362931],[-157.956579,21.36253],[-157.956175,21.362785],[-157.955933,21.362675],[-157.955893,21.362535],[-157.956029,21.362129],[-157.955944,21.361903],[-157.95611,21.361402],[-157.955832,21.361708],[-157.955696,21.361635],[-157.955553,21.361936],[-157.955113,21.362376],[-157.955378,21.362229],[-157.955547,21.362487],[-157.955677,21.362488],[-157.955757,21.362769],[-157.955286,21.362788],[-157.955095,21.362855],[-157.954923,21.363048],[-157.954769,21.363061],[-157.954533,21.362978],[-157.95436,21.362692],[-157.954302,21.362764],[-157.954102,21.362745],[-157.953943,21.362888],[-157.953836,21.36287],[-157.953815,21.36273],[-157.953606,21.362651],[-157.953489,21.362773],[-157.953351,21.362704],[-157.953316,21.362469],[-157.953069,21.362892],[-157.952702,21.363825],[-157.952416,21.363913],[-157.952228,21.363754],[-157.952109,21.363979],[-157.951708,21.364392],[-157.951401,21.364973],[-157.951118,21.365197],[-157.95109,21.365549],[-157.950917,21.365891],[-157.95107,21.366601],[-157.950794,21.367033],[-157.950738,21.367602],[-157.950818,21.367679],[-157.951708,21.367775],[-157.951899,21.367758],[-157.952074,21.367633],[-157.952297,21.367666],[-157.952471,21.367599],[-157.952551,21.367423],[-157.952542,21.367008],[-157.952681,21.366977],[-157.954951,21.367226],[-157.955504,21.367356],[-157.956011,21.367635],[-157.956495,21.368862],[-157.956561,21.368754],[-157.956916,21.368828],[-157.957012,21.369353]]]]},"properties":{"moku":"ʻEwa"}},{"type":"Feature","geometry":{"type":"MultiPolygon","coordinates":[[[[-157.837453,21.400918],[-157.838483,21.401382],[-157.838411,21.400975],[-157.838528,21.400835],[-157.839405,21.400914],[-157.84001,21.400819],[-157.840705,21.400819],[-157.841211,21.400583],[-157.841704,21.400221],[-157.842015,21.399785],[-157.842163,21.399731],[-157.842392,21.399729],[-157.842909,21.399565],[-157.843545,21.399718],[-157.84425,21.399592],[-157.844797,21.399614],[-157.845198,21.399459],[-157.845597,21.399118],[-157.846103,21.398837],[-157.846515,21.398781],[-157.846668,21.398823],[-157.847131,21.398722],[-157.849766,21.397747],[-157.850272,21.397687],[-157.850713,21.397333],[-157.851054,21.397187],[-157.851177,21.396957],[-157.851495,21.396774],[-157.851877,21.396338],[-157.852535,21.395986],[-157.852883,21.395356],[-157.853764,21.394301],[-157.85407,21.393589],[-157.854294,21.393478],[-157.854504,21.39352],[-157.854605,21.393457],[-157.854811,21.392135],[-157.855034,21.391631],[-157.856134,21.391575],[-157.856633,21.391466],[-157.85728,21.390793],[-157.857615,21.390582],[-157.858038,21.389659],[-157.860084,21.38924],[-157.860884,21.388672],[-157.861261,21.388317],[-157.861666,21.388121],[-157.862648,21.387884],[-157.863577,21.38789],[-157.863977,21.387694],[-157.864448,21.387693],[-157.865564,21.387362],[-157.866058,21.387144],[-157.866587,21.386822],[-157.867463,21.385988],[-157.868833,21.385207],[-157.868991,21.384946],[-157.869181,21.384793],[-157.869598,21.384638],[-157.870315,21.384191],[-157.871002,21.383207],[-157.87129,21.382947],[-157.872466,21.382178],[-157.873707,21.381644],[-157.87403,21.38142],[-157.874877,21.380161],[-157.875158,21.3801],[-157.875547,21.380215],[-157.875952,21.380155],[-157.876229,21.379913],[-157.876557,21.379391],[-157.876911,21.379208],[-157.877134,21.378862],[-157.879485,21.377608],[-157.881431,21.377228],[-157.883289,21.376093],[-157.883835,21.37584],[-157.885035,21.375446],[-157.886087,21.375362],[-157.886757,21.375023],[-157.888327,21.374898],[-157.895604,21.371843],[-157.89939,21.370359],[-157.900088,21.369899],[-157.905428,21.367725],[-157.907274,21.366328],[-157.914341,21.364892],[-157.914582,21.365043],[-157.918962,21.364014],[-157.920862,21.362143],[-157.923755,21.358367],[-157.939513,21.344734],[-157.940807,21.344304],[-157.941224,21.344031],[-157.941547,21.34365],[-157.941636,21.34309],[-157.941848,21.342725],[-157.949149,21.336262],[-157.946223,21.327168],[-157.947618,21.316691],[-157.947422,21.31669],[-157.945813,21.317231],[-157.944372,21.317439],[-157.94377,21.317227],[-157.943082,21.316825],[-157.942442,21.316211],[-157.94166,21.315642],[-157.939572,21.315113],[-157.937689,21.314519],[-157.93699,21.31404],[-157.936115,21.313718],[-157.934995,21.313404],[-157.933535,21.313358],[-157.932304,21.313066],[-157.930976,21.312384],[-157.930118,21.312302],[-157.929679,21.311988],[-157.929123,21.311437],[-157.927968,21.310983],[-157.92723,21.310802],[-157.92679,21.310578],[-157.926365,21.310254],[-157.925887,21.310206],[-157.924513,21.310459],[-157.923041,21.310509],[-157.922668,21.310687],[-157.92255,21.311061],[-157.922654,21.311608],[-157.92256,21.312046],[-157.92223,21.312215],[-157.92091,21.313734],[-157.920191,21.314226],[-157.919468,21.314447],[-157.919217,21.314707],[-157.91955,21.314926],[-157.920508,21.315104],[-157.921603,21.315689],[-157.922174,21.315838],[-157.923374,21.315827],[-157.924041,21.31603],[-157.92522,21.317113],[-157.924078,21.318127],[-157.923423,21.319017],[-157.922831,21.320079],[-157.922704,21.320711],[-157.922147,21.322261],[-157.922247,21.322537],[-157.922593,21.322571],[-157.922866,21.322713],[-157.922282,21.32307],[-157.920989,21.323618],[-157.920494,21.323655],[-157.919573,21.324372],[-157.917793,21.325372],[-157.917333,21.325771],[-157.917231,21.326191],[-157.917346,21.326855],[-157.916637,21.32691],[-157.914553,21.326878],[-157.913439,21.327548],[-157.911678,21.328233],[-157.911014,21.328603],[-157.91003,21.329563],[-157.90971,21.329543],[-157.909216,21.329156],[-157.90914,21.329517],[-157.908945,21.329868],[-157.907415,21.329727],[-157.906803,21.329972],[-157.906501,21.329974],[-157.90593,21.33039],[-157.90547,21.330401],[-157.904192,21.330763],[-157.904098,21.330925],[-157.903544,21.33089],[-157.903411,21.331033],[-157.902961,21.331107],[-157.903034,21.330873],[-157.901749,21.331357],[-157.90106,21.33137],[-157.900886,21.33164],[-157.900557,21.331534],[-157.90004,21.33168],[-157.899469,21.331658],[-157.898839,21.331929],[-157.898208,21.332955],[-157.897791,21.333264],[-157.897584,21.333624],[-157.897572,21.333918],[-157.89767,21.334045],[-157.898591,21.333988],[-157.899212,21.334168],[-157.899463,21.334495],[-157.899406,21.334919],[-157.899065,21.335414],[-157.899664,21.336086],[-157.900163,21.335936],[-157.900641,21.335998],[-157.901183,21.336539],[-157.90125,21.337072],[-157.901022,21.337427],[-157.900459,21.3376],[-157.900214,21.337802],[-157.899627,21.337712],[-157.899805,21.338504],[-157.900027,21.338808],[-157.900327,21.338814],[-157.900553,21.339285],[-157.900535,21.339556],[-157.901171,21.340265],[-157.901095,21.34073],[-157.90061,21.340794],[-157.90063,21.341291],[-157.900758,21.341645],[-157.90068,21.341861],[-157.900363,21.341827],[-157.900351,21.342243],[-157.90024,21.342626],[-157.899689,21.34297],[-157.898782,21.343077],[-157.898111,21.342775],[-157.89722,21.342168],[-157.896581,21.341486],[-157.896352,21.34092],[-157.894663,21.342318],[-157.894693,21.342644],[-157.893783,21.341689],[-157.893681,21.34088],[-157.894027,21.339943],[-157.892278,21.340347],[-157.891798,21.339725],[-157.891186,21.33931],[-157.890599,21.339193],[-157.888443,21.336911],[-157.888151,21.334962],[-157.889061,21.333351],[-157.889282,21.332802],[-157.889282,21.332598],[-157.889073,21.332561],[-157.888643,21.332689],[-157.887749,21.333225],[-157.886673,21.333349],[-157.88634,21.333559],[-157.88556,21.334602],[-157.88534,21.334605],[-157.885228,21.334694],[-157.885573,21.334462],[-157.886129,21.333472],[-157.886571,21.333172],[-157.886867,21.333075],[-157.887028,21.332611],[-157.886851,21.332374],[-157.886529,21.332219],[-157.88644,21.332015],[-157.886143,21.332058],[-157.885973,21.331903],[-157.885692,21.331807],[-157.885762,21.330777],[-157.885875,21.33039],[-157.886141,21.330211],[-157.88649,21.330159],[-157.88687,21.32999],[-157.887196,21.329228],[-157.887176,21.328402],[-157.887257,21.328072],[-157.887387,21.327735],[-157.887646,21.327447],[-157.887872,21.327354],[-157.888167,21.326357],[-157.888821,21.325513],[-157.888895,21.325238],[-157.889084,21.324999],[-157.889357,21.324712],[-157.889732,21.324471],[-157.890198,21.324316],[-157.890743,21.323578],[-157.890723,21.323343],[-157.890314,21.322546],[-157.890449,21.322118],[-157.890828,21.321772],[-157.890863,21.321596],[-157.890735,21.321049],[-157.890555,21.320903],[-157.890033,21.321379],[-157.889403,21.321808],[-157.88915,21.321653],[-157.888273,21.321733],[-157.887823,21.32187],[-157.887738,21.321562],[-157.887628,21.321643],[-157.887005,21.321327],[-157.886208,21.320766],[-157.885757,21.320244],[-157.88524,21.320028],[-157.885174,21.320307],[-157.884838,21.32017],[-157.884554,21.320272],[-157.884304,21.320198],[-157.884046,21.320485],[-157.88372,21.320388],[-157.883647,21.320559],[-157.883483,21.320603],[-157.88307,21.320393],[-157.882873,21.320206],[-157.881874,21.320209],[-157.881777,21.320348],[-157.881579,21.320302],[-157.881454,21.320441],[-157.880864,21.320676],[-157.880665,21.321],[-157.879963,21.320955],[-157.879616,21.320713],[-157.87925,21.320629],[-157.878967,21.320469],[-157.878786,21.32054],[-157.878787,21.320676],[-157.878399,21.320953],[-157.877692,21.320953],[-157.877214,21.320598],[-157.876755,21.32008],[-157.875219,21.319022],[-157.874724,21.318756],[-157.873687,21.31842],[-157.87334,21.317839],[-157.87309,21.31678],[-157.87285,21.315496],[-157.87274,21.313539],[-157.872459,21.313366],[-157.871273,21.313064],[-157.870288,21.31318],[-157.868268,21.313952],[-157.867414,21.314068],[-157.86651,21.314948],[-157.866367,21.315195],[-157.866076,21.315405],[-157.864245,21.314693],[-157.864288,21.313591],[-157.864698,21.313165],[-157.864791,21.31284],[-157.864966,21.312656],[-157.864818,21.311883],[-157.86502,21.311473],[-157.865216,21.311253],[-157.865112,21.311144],[-157.864871,21.311169],[-157.864817,21.310609],[-157.865031,21.310588],[-157.865015,21.310411],[-157.864784,21.310428],[-157.864758,21.310324],[-157.865022,21.310258],[-157.864984,21.310122],[-157.864605,21.310192],[-157.864578,21.310074],[-157.864757,21.309981],[-157.864695,21.309854],[-157.864511,21.309902],[-157.864506,21.309776],[-157.864896,21.309557],[-157.864836,21.309403],[-157.864373,21.309282],[-157.864401,21.309165],[-157.864598,21.309216],[-157.86464,21.309108],[-157.862209,21.305966],[-157.862095,21.305934],[-157.86178,21.305204],[-157.861702,21.304847],[-157.861866,21.303999],[-157.862269,21.303206],[-157.862247,21.30308],[-157.862101,21.302984],[-157.862435,21.303131],[-157.862911,21.302664],[-157.862998,21.302349],[-157.863616,21.301906],[-157.863251,21.300575],[-157.863201,21.299568],[-157.862982,21.298889],[-157.862549,21.298226],[-157.861264,21.296745],[-157.860691,21.296231],[-157.860209,21.295916],[-157.857775,21.294738],[-157.857259,21.294608],[-157.856439,21.294232],[-157.856223,21.29405],[-157.855822,21.293953],[-157.853427,21.29222],[-157.852232,21.291846],[-157.849742,21.291639],[-157.848695,21.290932],[-157.847772,21.290496],[-157.846868,21.290219],[-157.846476,21.290018],[-157.845164,21.289702],[-157.844936,21.289705],[-157.843732,21.289335],[-157.843467,21.289324],[-157.842593,21.28902],[-157.842153,21.288945],[-157.841214,21.288952],[-157.840881,21.288864],[-157.840239,21.2881],[-157.839953,21.287994],[-157.838865,21.285358],[-157.837642,21.283809],[-157.837384,21.282805],[-157.836767,21.282308],[-157.836547,21.282013],[-157.836269,21.281121],[-157.835967,21.28078],[-157.835604,21.279522],[-157.835448,21.279187],[-157.835008,21.278678],[-157.832898,21.277439],[-157.831667,21.27725],[-157.830543,21.276777],[-157.829465,21.276453],[-157.829198,21.276442],[-157.828811,21.276584],[-157.828505,21.276596],[-157.828022,21.276583],[-157.827673,21.276495],[-157.825707,21.27547],[-157.825041,21.27472],[-157.824551,21.274445],[-157.824138,21.274009],[-157.823999,21.273452],[-157.823484,21.272771],[-157.823204,21.272105],[-157.822825,21.271574],[-157.822719,21.271252],[-157.823207,21.271215],[-157.822913,21.270585],[-157.822837,21.269943],[-157.822913,21.268309],[-157.823394,21.268362],[-157.823137,21.26733],[-157.822931,21.267261],[-157.822858,21.266759],[-157.822526,21.265957],[-157.822296,21.265048],[-157.822809,21.264948],[-157.822576,21.26388],[-157.82213,21.263872],[-157.822179,21.263719],[-157.821977,21.263537],[-157.82164,21.262369],[-157.82158,21.261497],[-157.821505,21.261352],[-157.820341,21.26045],[-157.818892,21.258091],[-157.81802,21.257547],[-157.816996,21.257368],[-157.816215,21.256771],[-157.814857,21.256129],[-157.814388,21.256053],[-157.813806,21.255842],[-157.81343,21.255803],[-157.812137,21.255898],[-157.811333,21.255792],[-157.809844,21.25524],[-157.807624,21.254777],[-157.807189,21.254751],[-157.805837,21.254959],[-157.80552,21.255065],[-157.80465,21.25556],[-157.804193,21.255679],[-157.801379,21.256002],[-157.799434,21.256489],[-157.798541,21.256858],[-157.79699,21.25691],[-157.796261,21.257235],[-157.795892,21.257182],[-157.795915,21.25702],[-157.795826,21.256789],[-157.79535,21.256677],[-157.795169,21.256391],[-157.795074,21.256449],[-157.794833,21.256258],[-157.795221,21.255904],[-157.795099,21.255876],[-157.794846,21.256018],[-157.794746,21.255995],[-157.794441,21.255745],[-157.79393,21.25561],[-157.793554,21.255309],[-157.792778,21.255064],[-157.792267,21.255273],[-157.791832,21.255274],[-157.791562,21.255164],[-157.791239,21.255455],[-157.791033,21.255539],[-157.790834,21.255786],[-157.79064,21.256399],[-157.790621,21.257203],[-157.790933,21.257693],[-157.791132,21.258359],[-157.791017,21.258692],[-157.78966,21.259663],[-157.788752,21.260072],[-157.786749,21.261186],[-157.785656,21.261549],[-157.784981,21.261919],[-157.783813,21.26276],[-157.782207,21.263651],[-157.780397,21.264885],[-157.779915,21.265315],[-157.779462,21.265881],[-157.778052,21.268012],[-157.777033,21.269296],[-157.777101,21.269418],[-157.777017,21.269499],[-157.776813,21.269439],[-157.775925,21.270214],[-157.774825,21.270938],[-157.772492,21.271869],[-157.772257,21.271836],[-157.770523,21.272446],[-157.76936,21.272497],[-157.768779,21.272623],[-157.766383,21.274178],[-157.764708,21.275033],[-157.762475,21.275924],[-157.76133,21.276155],[-157.760866,21.276165],[-157.760237,21.276025],[-157.759755,21.276062],[-157.759503,21.275844],[-157.759178,21.275904],[-157.759418,21.276055],[-157.759537,21.276244],[-157.759558,21.276445],[-157.759437,21.276602],[-157.759213,21.276691],[-157.758907,21.276691],[-157.758644,21.276804],[-157.758359,21.276691],[-157.756029,21.276672],[-157.755193,21.276338],[-157.754906,21.275952],[-157.75476,21.275958],[-157.75461,21.276124],[-157.754372,21.276221],[-157.751996,21.277084],[-157.751358,21.27715],[-157.750666,21.277063],[-157.750314,21.277101],[-157.74812,21.277636],[-157.746359,21.278513],[-157.745032,21.279018],[-157.744334,21.279157],[-157.744151,21.279395],[-157.743124,21.279918],[-157.742906,21.279862],[-157.74272,21.279947],[-157.74193,21.280076],[-157.741592,21.28006],[-157.739495,21.280419],[-157.737857,21.280482],[-157.736905,21.280601],[-157.735798,21.281087],[-157.734393,21.281472],[-157.734259,21.281615],[-157.733914,21.281647],[-157.733497,21.281833],[-157.732422,21.282132],[-157.731696,21.282292],[-157.730939,21.282322],[-157.730255,21.282439],[-157.728189,21.283458],[-157.726672,21.283789],[-157.725932,21.283874],[-157.725794,21.283828],[-157.724836,21.28401],[-157.724634,21.284433],[-157.723496,21.284495],[-157.722817,21.284718],[-157.722079,21.285421],[-157.721883,21.285352],[-157.722459,21.28462],[-157.722472,21.284519],[-157.719696,21.284782],[-157.718102,21.284587],[-157.717333,21.284349],[-157.71619,21.283613],[-157.714474,21.282768],[-157.711509,21.281971],[-157.710388,21.28108],[-157.71017,21.280534],[-157.710779,21.28111],[-157.710789,21.28076],[-157.710564,21.280254],[-157.709606,21.278795],[-157.709076,21.277467],[-157.708827,21.276433],[-157.708704,21.27559],[-157.708741,21.274933],[-157.709009,21.27363],[-157.708616,21.271],[-157.708625,21.270099],[-157.708742,21.26968],[-157.708696,21.269318],[-157.70876,21.26898],[-157.708989,21.268684],[-157.709806,21.267195],[-157.710129,21.266832],[-157.710347,21.266106],[-157.710764,21.265527],[-157.711028,21.264711],[-157.711744,21.26342],[-157.711621,21.262733],[-157.711381,21.262586],[-157.711415,21.262325],[-157.711621,21.262186],[-157.711686,21.262006],[-157.711521,21.261779],[-157.711263,21.260987],[-157.710793,21.260595],[-157.710475,21.260425],[-157.710194,21.260134],[-157.709876,21.260055],[-157.709788,21.259828],[-157.70953,21.259582],[-157.708966,21.259632],[-157.70805,21.259255],[-157.70765,21.259486],[-157.707327,21.259145],[-157.707198,21.259117],[-157.707104,21.259112],[-157.706898,21.259282],[-157.706146,21.25947],[-157.705858,21.259328],[-157.7057,21.25939],[-157.705353,21.25936],[-157.705059,21.259467],[-157.703856,21.259372],[-157.703691,21.259447],[-157.703285,21.259426],[-157.702886,21.259599],[-157.702181,21.25977],[-157.700666,21.259948],[-157.699802,21.260189],[-157.699255,21.260488],[-157.698786,21.260584],[-157.698174,21.260945],[-157.69754,21.261129],[-157.697481,21.261278],[-157.696183,21.261729],[-157.695924,21.261754],[-157.695713,21.261906],[-157.694661,21.262345],[-157.693974,21.262805],[-157.693539,21.262711],[-157.693322,21.262736],[-157.692812,21.263256],[-157.691876,21.263561],[-157.691812,21.263781],[-157.691947,21.264126],[-157.691883,21.264889],[-157.692041,21.265256],[-157.692329,21.265497],[-157.694174,21.266094],[-157.69442,21.266358],[-157.694814,21.267048],[-157.695207,21.267439],[-157.695008,21.267912],[-157.694814,21.268132],[-157.694784,21.268235],[-157.694849,21.268304],[-157.695131,21.268288],[-157.695801,21.268008],[-157.696147,21.268043],[-157.696006,21.268746],[-157.695971,21.269582],[-157.69603,21.269817],[-157.695953,21.27025],[-157.695654,21.27116],[-157.695395,21.271528],[-157.694902,21.271764],[-157.694802,21.271894],[-157.694444,21.271882],[-157.694332,21.272003],[-157.69405,21.272091],[-157.693703,21.272125],[-157.693292,21.272059],[-157.692704,21.271652],[-157.691883,21.270941],[-157.69157,21.269877],[-157.691266,21.269459],[-157.69096,21.269272],[-157.690748,21.269256],[-157.690613,21.269404],[-157.69059,21.269689],[-157.69049,21.269706],[-157.690279,21.268928],[-157.689315,21.268685],[-157.689292,21.269006],[-157.689015,21.269618],[-157.687893,21.271045],[-157.687881,21.271411],[-157.687523,21.271625],[-157.687393,21.272369],[-157.687064,21.272683],[-157.686854,21.273074],[-157.686823,21.273481],[-157.687093,21.274169],[-157.687029,21.274377],[-157.686348,21.27471],[-157.686266,21.274836],[-157.686301,21.275934],[-157.685772,21.275762],[-157.684931,21.275634],[-157.684573,21.27564],[-157.684421,21.275711],[-157.684414,21.275923],[-157.684685,21.27649],[-157.684608,21.276914],[-157.684344,21.276804],[-157.684174,21.27664],[-157.68398,21.276625],[-157.683961,21.276963],[-157.683474,21.276937],[-157.683257,21.277315],[-157.682781,21.277464],[-157.68234,21.2778],[-157.681859,21.277954],[-157.681652,21.278535],[-157.681793,21.27883],[-157.6815,21.278742],[-157.6813,21.278559],[-157.681235,21.278618],[-157.681253,21.279047],[-157.680442,21.278919],[-157.680125,21.279282],[-157.679749,21.279559],[-157.678445,21.280073],[-157.678133,21.28049],[-157.677563,21.280256],[-157.677492,21.280318],[-157.677498,21.28072],[-157.67741,21.280977],[-157.676899,21.28151],[-157.676893,21.281574],[-157.677205,21.281621],[-157.677357,21.281735],[-157.677228,21.281874],[-157.676252,21.282242],[-157.6762,21.282336],[-157.676341,21.282726],[-157.675741,21.283669],[-157.675376,21.284132],[-157.674841,21.284534],[-157.674572,21.284889],[-157.673914,21.285326],[-157.672868,21.28563],[-157.671962,21.285573],[-157.671534,21.285736],[-157.670488,21.285796],[-157.67007,21.286046],[-157.669653,21.28606],[-157.669283,21.286179],[-157.66899,21.286394],[-157.668578,21.287086],[-157.668366,21.287703],[-157.668102,21.288022],[-157.667644,21.288158],[-157.666838,21.288247],[-157.665852,21.288912],[-157.665481,21.289424],[-157.665587,21.289551],[-157.665557,21.289641],[-157.664587,21.290315],[-157.662448,21.291247],[-157.662084,21.291551],[-157.661291,21.291644],[-157.660932,21.292274],[-157.660086,21.292777],[-157.659857,21.29283],[-157.659439,21.292795],[-157.658864,21.29246],[-157.658653,21.29249],[-157.658271,21.292903],[-157.657712,21.293224],[-157.657817,21.293346],[-157.658728,21.29371],[-157.65924,21.294085],[-157.659387,21.294086],[-157.65971,21.293926],[-157.660685,21.294047],[-157.661349,21.293736],[-157.661426,21.293899],[-157.66099,21.294596],[-157.660808,21.294639],[-157.659456,21.294489],[-157.65894,21.294701],[-157.658499,21.294666],[-157.658317,21.294619],[-157.658322,21.294538],[-157.659051,21.294445],[-157.659198,21.294279],[-157.659157,21.294202],[-157.658858,21.294077],[-157.658652,21.294085],[-157.658346,21.293911],[-157.657683,21.293969],[-157.657659,21.294483],[-157.657476,21.294839],[-157.6579,21.294991],[-157.658317,21.295288],[-157.658228,21.295495],[-157.65797,21.295773],[-157.657794,21.295794],[-157.657452,21.295611],[-157.657006,21.295964],[-157.656613,21.295852],[-157.656389,21.295918],[-157.655831,21.296469],[-157.655537,21.296521],[-157.655384,21.296628],[-157.655308,21.296912],[-157.654931,21.297167],[-157.654808,21.297577],[-157.654438,21.297533],[-157.654338,21.297438],[-157.654221,21.296908],[-157.654009,21.296568],[-157.653932,21.296581],[-157.65395,21.297294],[-157.654079,21.297526],[-157.654072,21.29772],[-157.653185,21.297618],[-157.653033,21.297947],[-157.652892,21.29804],[-157.651986,21.298421],[-157.651647,21.298428],[-157.651305,21.298728],[-157.650859,21.298945],[-157.65064,21.299887],[-157.650382,21.300305],[-157.650411,21.300586],[-157.650335,21.300901],[-157.650094,21.301392],[-157.649888,21.302085],[-157.649958,21.302578],[-157.649799,21.303033],[-157.649799,21.303494],[-157.649446,21.303563],[-157.649346,21.303734],[-157.648911,21.30402],[-157.648929,21.304679],[-157.649117,21.304848],[-157.64921,21.305833],[-157.64898,21.306306],[-157.649021,21.307489],[-157.648833,21.307641],[-157.648862,21.307754],[-157.649215,21.308037],[-157.649039,21.308239],[-157.64905,21.308732],[-157.648944,21.309056],[-157.648685,21.309347],[-157.648626,21.309568],[-157.64875,21.309967],[-157.649062,21.310466],[-157.648931,21.310989],[-157.649373,21.31106],[-157.649562,21.310709],[-157.6498,21.309948],[-157.650204,21.309519],[-157.65049,21.309329],[-157.651013,21.309234],[-157.651775,21.308877],[-157.65256,21.309091],[-157.652845,21.309234],[-157.653654,21.309353],[-157.654487,21.309591],[-157.654868,21.309614],[-157.655154,21.309448],[-157.655558,21.309376],[-157.656724,21.3094],[-157.657128,21.30921],[-157.657438,21.309162],[-157.6577,21.309162],[-157.658628,21.309448],[-157.658842,21.3094],[-157.659389,21.308948],[-157.659556,21.308663],[-157.659912,21.308472],[-157.660246,21.30852],[-157.660959,21.309043],[-157.661697,21.309781],[-157.662078,21.309995],[-157.662458,21.309948],[-157.663196,21.309543],[-157.663482,21.309638],[-157.663577,21.309971],[-157.663815,21.310233],[-157.664269,21.310511],[-157.665043,21.311255],[-157.665548,21.311582],[-157.666173,21.312207],[-157.666619,21.312445],[-157.668136,21.312712],[-157.668701,21.313307],[-157.668879,21.313664],[-157.669296,21.31411],[-157.669861,21.314438],[-157.670218,21.314824],[-157.670515,21.315419],[-157.670932,21.315717],[-157.671378,21.316192],[-157.672092,21.316698],[-157.6734,21.317412],[-157.675155,21.318156],[-157.676226,21.318423],[-157.676375,21.319107],[-157.67691,21.319405],[-157.678546,21.32],[-157.679141,21.320119],[-157.681372,21.320178],[-157.683959,21.321308],[-157.685655,21.321814],[-157.686561,21.32195],[-157.687941,21.320712],[-157.688941,21.320522],[-157.690083,21.320189],[-157.690606,21.320236],[-157.69132,21.320189],[-157.691701,21.320094],[-157.69232,21.320236],[-157.692795,21.320569],[-157.693367,21.320712],[-157.693842,21.320712],[-157.694461,21.320569],[-157.694794,21.320236],[-157.695175,21.320094],[-157.695508,21.320141],[-157.695984,21.320046],[-157.697031,21.319142],[-157.697269,21.318809],[-157.698649,21.318142],[-157.699981,21.318333],[-157.7006,21.318047],[-157.701076,21.317952],[-157.701552,21.317714],[-157.701837,21.317381],[-157.702218,21.317095],[-157.703122,21.317095],[-157.704978,21.316572],[-157.705835,21.316572],[-157.706358,21.316477],[-157.706834,21.31662],[-157.707215,21.317],[-157.707215,21.317476],[-157.707548,21.317667],[-157.708167,21.317714],[-157.708595,21.317904],[-157.708881,21.318142],[-157.709309,21.318285],[-157.709785,21.31819],[-157.710213,21.317476],[-157.710737,21.317143],[-157.711355,21.317095],[-157.712593,21.317429],[-157.714258,21.316715],[-157.7164,21.316667],[-157.716971,21.316762],[-157.717589,21.317],[-157.71816,21.317381],[-157.71897,21.317571],[-157.720064,21.317952],[-157.720825,21.318047],[-157.721587,21.31838],[-157.722729,21.319618],[-157.723015,21.320141],[-157.723157,21.320855],[-157.72349,21.321521],[-157.72449,21.322473],[-157.724823,21.322949],[-157.725109,21.32371],[-157.725584,21.324329],[-157.726155,21.324281],[-157.726679,21.323901],[-157.726964,21.32352],[-157.727298,21.323568],[-157.727774,21.323472],[-157.728297,21.323282],[-157.728725,21.322901],[-157.729344,21.322854],[-157.72982,21.322901],[-157.730668,21.322612],[-157.731972,21.322871],[-157.733141,21.322771],[-157.733834,21.322988],[-157.734981,21.323611],[-157.735598,21.323616],[-157.736051,21.323538],[-157.736843,21.32316],[-157.737532,21.323418],[-157.738143,21.3235],[-157.739177,21.323778],[-157.740276,21.323904],[-157.741145,21.324173],[-157.74171,21.324204],[-157.742133,21.324456],[-157.742809,21.324641],[-157.743815,21.324739],[-157.744366,21.325078],[-157.745136,21.325214],[-157.746465,21.325694],[-157.747035,21.325807],[-157.747522,21.325756],[-157.747776,21.325889],[-157.748705,21.326908],[-157.749192,21.327218],[-157.75042,21.327386],[-157.752818,21.32786],[-157.7531,21.328038],[-157.753453,21.32856],[-157.754,21.328776],[-157.754317,21.329172],[-157.754794,21.329396],[-157.755264,21.330204],[-157.755628,21.330545],[-157.756516,21.330818],[-157.757662,21.330994],[-157.758632,21.331737],[-157.758908,21.331848],[-157.759849,21.331756],[-157.760277,21.332007],[-157.760747,21.332114],[-157.761524,21.331908],[-157.762194,21.332053],[-157.762729,21.331953],[-157.763781,21.332439],[-157.764657,21.332618],[-157.765103,21.332553],[-157.765592,21.332367],[-157.76625,21.332363],[-157.767378,21.332493],[-157.768477,21.332217],[-157.769423,21.332797],[-157.77034,21.332673],[-157.771304,21.332933],[-157.771615,21.333238],[-157.772726,21.333824],[-157.773403,21.334484],[-157.774078,21.334782],[-157.774467,21.335147],[-157.775606,21.33581],[-157.776723,21.335836],[-157.777181,21.335717],[-157.777852,21.335772],[-157.778616,21.335656],[-157.778903,21.335694],[-157.779909,21.336135],[-157.780725,21.336231],[-157.782294,21.337001],[-157.782583,21.337193],[-157.782941,21.337801],[-157.784069,21.338749],[-157.784663,21.33883],[-157.78481,21.339007],[-157.784903,21.339486],[-157.785202,21.339773],[-157.785873,21.340157],[-157.786313,21.340721],[-157.787265,21.341017],[-157.787401,21.34123],[-157.7878,21.342547],[-157.788229,21.342957],[-157.788335,21.343165],[-157.788152,21.344112],[-157.788328,21.344855],[-157.788316,21.345853],[-157.788692,21.346754],[-157.788715,21.347062],[-157.788621,21.347526],[-157.788867,21.348034],[-157.788549,21.349012],[-157.788684,21.349311],[-157.789138,21.349874],[-157.789219,21.35039],[-157.789166,21.350818],[-157.788937,21.351413],[-157.788895,21.351932],[-157.788983,21.35256],[-157.788931,21.353039],[-157.788857,21.35326],[-157.788308,21.353753],[-157.788126,21.354054],[-157.788014,21.355182],[-157.78782,21.355795],[-157.787948,21.356275],[-157.788165,21.357902],[-157.788124,21.3582],[-157.787901,21.3587],[-157.787877,21.359825],[-157.788211,21.361105],[-157.788216,21.361778],[-157.788312,21.36233],[-157.789897,21.364302],[-157.790491,21.365322],[-157.790919,21.365872],[-157.79236,21.366605],[-157.792753,21.366698],[-157.792735,21.366978],[-157.792976,21.367124],[-157.793348,21.366707],[-157.793635,21.366668],[-157.793794,21.366787],[-157.793906,21.367113],[-157.794223,21.367422],[-157.797848,21.368347],[-157.798183,21.368363],[-157.799582,21.368111],[-157.801316,21.368201],[-157.802833,21.368374],[-157.805325,21.368383],[-157.80596,21.368089],[-157.806537,21.368116],[-157.807166,21.36826],[-157.80736,21.368397],[-157.807853,21.369132],[-157.808441,21.369308],[-157.80897,21.369348],[-157.809646,21.369674],[-157.810481,21.370592],[-157.810274,21.371941],[-157.810445,21.373189],[-157.810761,21.374311],[-157.810673,21.374785],[-157.810732,21.375382],[-157.811002,21.375867],[-157.812195,21.377113],[-157.812918,21.378202],[-157.81357,21.378758],[-157.814089,21.379078],[-157.814247,21.379309],[-157.814541,21.379415],[-157.814929,21.379684],[-157.815605,21.380313],[-157.81691,21.380981],[-157.81761,21.381194],[-157.818121,21.381577],[-157.818427,21.381629],[-157.819133,21.381959],[-157.819474,21.382305],[-157.819737,21.382338],[-157.820526,21.382976],[-157.820797,21.383001],[-157.821213,21.383202],[-157.82226,21.383467],[-157.822354,21.383536],[-157.822754,21.384406],[-157.823454,21.384817],[-157.823701,21.385158],[-157.823824,21.385542],[-157.823947,21.386749],[-157.824058,21.387152],[-157.824388,21.387651],[-157.825193,21.38833],[-157.825299,21.388507],[-157.82517,21.388953],[-157.824706,21.38974],[-157.824653,21.390011],[-157.824917,21.390862],[-157.824981,21.391432],[-157.825476,21.392031],[-157.825528,21.392235],[-157.825328,21.392748],[-157.824847,21.393373],[-157.824898,21.393978],[-157.824681,21.394117],[-157.824229,21.394651],[-157.82407,21.395012],[-157.823999,21.395318],[-157.824075,21.395766],[-157.825228,21.395932],[-157.825816,21.395873],[-157.826257,21.39593],[-157.828157,21.396341],[-157.828598,21.396529],[-157.829391,21.397027],[-157.829485,21.397168],[-157.829697,21.398109],[-157.829868,21.398458],[-157.83032,21.39861],[-157.831196,21.399235],[-157.832195,21.399472],[-157.832972,21.399767],[-157.83356,21.399762],[-157.83429,21.399957],[-157.834989,21.399745],[-157.835524,21.399884],[-157.835982,21.399829],[-157.836176,21.400002],[-157.836841,21.400209],[-157.837453,21.400918]]]]},"properties":{"moku":"Kona"}}]}