{"type":"FeatureCollection","features":[{"type":"Feature","id":555,"geometry":{"type":"MultiPolygon","coordinates":[[[[-157.691725,21.275407],[-157.692207,21.275501],[-157.693173,21.275237],[-157.694386,21.275206],[-157.695198,21.275072],[-157.696742,21.274547],[-157.697229,21.274275],[-157.697705,21.273893],[-157.698471,21.273086],[-157.699469,21.271673],[-157.699864,21.270501],[-157.700367,21.268156],[-157.701721,21.267535],[-157.702501,21.266547],[-157.702893,21.265827],[-157.702896,21.265466],[-157.703186,21.265378],[-157.703287,21.264837],[-157.700796,21.263191],[-157.698103,21.263171],[-157.696845,21.263071],[-157.696173,21.262794],[-157.695883,21.262882],[-157.695592,21.263151],[-157.695011,21.263418],[-157.694429,21.263865],[-157.69404,21.264313],[-157.693746,21.264853],[-157.69317,21.264578],[-157.692787,21.264304],[-157.692309,21.263848],[-157.692311,21.263668],[-157.692214,21.263667],[-157.692119,21.263486],[-157.691853,21.263549],[-157.691812,21.263769],[-157.691947,21.264116],[-157.691883,21.264876],[-157.692041,21.265245],[-157.692329,21.265488],[-157.693915,21.265961],[-157.694326,21.266215],[-157.694814,21.267035],[-157.695207,21.267426],[-157.695008,21.2679],[-157.694814,21.26812],[-157.694784,21.268225],[-157.694849,21.268291],[-157.695131,21.268274],[-157.695801,21.267999],[-157.696283,21.268054],[-157.697123,21.268341],[-157.697252,21.268588],[-157.697281,21.26953],[-157.697081,21.270384],[-157.696053,21.27198],[-157.695712,21.272261],[-157.695307,21.272382],[-157.69489,21.272652],[-157.694549,21.272685],[-157.694273,21.272646],[-157.693727,21.272426],[-157.692058,21.271126],[-157.691817,21.270774],[-157.691747,21.270361],[-157.691447,21.269623],[-157.691095,21.269315],[-157.690854,21.269232],[-157.690701,21.26927],[-157.690613,21.269392],[-157.69059,21.269678],[-157.69049,21.269694],[-157.690278,21.268918],[-157.690096,21.268824],[-157.68982,21.268835],[-157.689397,21.268653],[-157.689332,21.268692],[-157.689299,21.268793],[-157.68947,21.268885],[-157.689659,21.269248],[-157.689752,21.2697],[-157.689461,21.269879],[-157.689268,21.269877],[-157.689268,21.269967],[-157.688975,21.270327],[-157.688974,21.270507],[-157.688779,21.270777],[-157.688579,21.271588],[-157.688572,21.272401],[-157.688857,21.272855],[-157.689071,21.273403],[-157.689448,21.273728],[-157.690095,21.274491],[-157.691208,21.274995],[-157.691725,21.275407]]]]},"properties":{}},{"type":"Feature","id":556,"geometry":{"type":"MultiPolygon","coordinates":[[[[-157.803978,21.267298],[-157.80552,21.267309],[-157.807328,21.266776],[-157.808326,21.265974],[-157.808715,21.265826],[-157.808907,21.265617],[-157.809363,21.265458],[-157.809708,21.265178],[-157.810286,21.264513],[-157.811361,21.262708],[-157.811572,21.261857],[-157.811745,21.260543],[-157.811862,21.260211],[-157.811795,21.25962],[-157.811428,21.259499],[-157.811166,21.259198],[-157.810769,21.259082],[-157.810243,21.258616],[-157.809829,21.258395],[-157.809439,21.258218],[-157.809063,21.25821],[-157.808515,21.257759],[-157.807847,21.257664],[-157.807338,21.257361],[-157.807115,21.25732],[-157.805657,21.257406],[-157.804535,21.257562],[-157.803088,21.258168],[-157.802093,21.258668],[-157.801539,21.25906],[-157.800554,21.260548],[-157.80037,21.260987],[-157.800153,21.262448],[-157.800191,21.262934],[-157.800624,21.26384],[-157.800716,21.264355],[-157.801156,21.265092],[-157.802642,21.266717],[-157.802864,21.266877],[-157.803978,21.267298]]]]},"properties":{}},{"type":"Feature","id":557,"geometry":{"type":"MultiPolygon","coordinates":[[[[-157.723643,21.3182],[-157.723266,21.317204],[-157.723287,21.316485],[-157.723416,21.316198],[-157.723317,21.315114],[-157.722921,21.314924],[-157.722545,21.314566],[-157.721851,21.31367],[-157.721537,21.311916],[-157.721289,21.311678],[-157.721293,21.310847],[-157.721044,21.310371],[-157.720628,21.310137],[-157.720545,21.309571],[-157.720058,21.309139],[-157.71987,21.308596],[-157.719865,21.306703],[-157.719408,21.306334],[-157.719417,21.30525],[-157.7197,21.304856],[-157.719973,21.304671],[-157.71991,21.303989],[-157.719532,21.303173],[-157.719484,21.30272],[-157.719153,21.302357],[-157.719159,21.301725],[-157.719452,21.301275],[-157.719818,21.299623],[-157.71976,21.29911],[-157.719797,21.297929],[-157.719677,21.297483],[-157.719371,21.296994],[-157.719411,21.29447],[-157.719706,21.293744],[-157.719717,21.292876],[-157.719817,21.292516],[-157.719723,21.292244],[-157.719742,21.291695],[-157.719966,21.288783],[-157.719696,21.28591],[-157.719474,21.284374],[-157.71889,21.284724],[-157.718837,21.285142],[-157.718596,21.285655],[-157.717897,21.286211],[-157.717838,21.28658],[-157.718678,21.286866],[-157.717773,21.286739],[-157.717268,21.287648],[-157.718414,21.288116],[-157.718402,21.288182],[-157.717104,21.287852],[-157.717004,21.287874],[-157.716628,21.288259],[-157.716704,21.28854],[-157.716962,21.288722],[-157.718114,21.289157],[-157.718108,21.289239],[-157.716387,21.288744],[-157.716205,21.288793],[-157.715817,21.289311],[-157.715881,21.289465],[-157.717174,21.289994],[-157.717438,21.290192],[-157.717814,21.290065],[-157.717873,21.290148],[-157.717509,21.290462],[-157.717486,21.29082],[-157.71688,21.291795],[-157.716698,21.291695],[-157.71671,21.291635],[-157.717268,21.290682],[-157.717286,21.290462],[-157.717215,21.290313],[-157.717021,21.290132],[-157.716857,21.290087],[-157.716575,21.290165],[-157.716293,21.291167],[-157.716116,21.291145],[-157.71621,21.289939],[-157.715876,21.289685],[-157.715494,21.289763],[-157.715417,21.289889],[-157.715499,21.291679],[-157.716381,21.29212],[-157.716698,21.292147],[-157.716622,21.292252],[-157.716334,21.292257],[-157.715341,21.291745],[-157.715212,21.289553],[-157.716463,21.288],[-157.715887,21.28756],[-157.714841,21.288667],[-157.714671,21.288507],[-157.715758,21.287351],[-157.715917,21.287334],[-157.716534,21.287742],[-157.716757,21.287681],[-157.717115,21.287252],[-157.717356,21.2868],[-157.717409,21.286668],[-157.71735,21.286392],[-157.717203,21.286321],[-157.716363,21.286343],[-157.716269,21.286183],[-157.716393,21.285979],[-157.716093,21.285726],[-157.715752,21.286024],[-157.715282,21.285842],[-157.715024,21.286227],[-157.714935,21.286227],[-157.714706,21.286508],[-157.714642,21.286668],[-157.714524,21.286662],[-157.71423,21.287015],[-157.71426,21.287097],[-157.714054,21.287224],[-157.713843,21.287593],[-157.713696,21.287687],[-157.713408,21.288089],[-157.71322,21.288204],[-157.712914,21.288612],[-157.712767,21.288601],[-157.712162,21.289157],[-157.712162,21.28881],[-157.713167,21.287714],[-157.713572,21.287042],[-157.714031,21.285979],[-157.713925,21.285644],[-157.713772,21.285462],[-157.713519,21.285352],[-157.713279,21.285412],[-157.713049,21.285638],[-157.712474,21.286998],[-157.711857,21.28778],[-157.711698,21.28772],[-157.712421,21.286001],[-157.712333,21.285588],[-157.711863,21.28544],[-157.711592,21.285528],[-157.711134,21.28642],[-157.710893,21.28702],[-157.710805,21.287675],[-157.710899,21.288166],[-157.711128,21.288716],[-157.711163,21.289493],[-157.711398,21.289977],[-157.71141,21.290242],[-157.710405,21.292808],[-157.71,21.2931],[-157.709395,21.293237],[-157.709371,21.292863],[-157.709747,21.292797],[-157.71,21.292626],[-157.710587,21.29131],[-157.710916,21.290352],[-157.710875,21.29012],[-157.710687,21.289939],[-157.710523,21.289867],[-157.710106,21.289862],[-157.709824,21.290093],[-157.709712,21.290363],[-157.709806,21.290958],[-157.709336,21.292108],[-157.709212,21.292114],[-157.709136,21.291971],[-157.709248,21.29158],[-157.709218,21.290963],[-157.709336,21.290264],[-157.710546,21.288887],[-157.71057,21.288584],[-157.710499,21.288424],[-157.710206,21.288193],[-157.709818,21.288298],[-157.708672,21.289746],[-157.708378,21.290352],[-157.708484,21.292378],[-157.70859,21.292587],[-157.708854,21.292841],[-157.709095,21.292951],[-157.709107,21.293248],[-157.708707,21.293188],[-157.708507,21.293083],[-157.708296,21.292896],[-157.708149,21.292516],[-157.707996,21.290985],[-157.708026,21.290264],[-157.708143,21.289818],[-157.707667,21.289427],[-157.707515,21.288964],[-157.70859,21.288028],[-157.709048,21.288199],[-157.710065,21.287274],[-157.710053,21.286938],[-157.709318,21.285776],[-157.709318,21.285462],[-157.709659,21.285324],[-157.709771,21.2855],[-157.711257,21.284862],[-157.712174,21.284559],[-157.714859,21.284493],[-157.715112,21.28457],[-157.716128,21.28528],[-157.71631,21.285638],[-157.716974,21.286139],[-157.717362,21.286046],[-157.71755,21.286112],[-157.71812,21.285418],[-157.718537,21.285093],[-157.718596,21.283992],[-157.71839,21.283722],[-157.717385,21.28316],[-157.716692,21.283006],[-157.715858,21.282708],[-157.715053,21.282543],[-157.714788,21.282262],[-157.71426,21.282009],[-157.714248,21.28245],[-157.714183,21.282433],[-157.712823,21.283574],[-157.712052,21.283676],[-157.710468,21.284134],[-157.710001,21.284744],[-157.707698,21.286664],[-157.707082,21.286659],[-157.706461,21.287136],[-157.705943,21.287613],[-157.705422,21.288428],[-157.705418,21.288909],[-157.705257,21.289678],[-157.705403,21.29069],[-157.705345,21.29146],[-157.705136,21.291796],[-157.705132,21.292277],[-157.704973,21.292854],[-157.70497,21.293142],[-157.704657,21.293718],[-157.704338,21.294919],[-157.704333,21.295545],[-157.704176,21.295881],[-157.704119,21.296458],[-157.704115,21.296987],[-157.704213,21.297518],[-157.704617,21.298291],[-157.70451,21.298724],[-157.704501,21.299735],[-157.70454,21.301227],[-157.70469,21.30171],[-157.704322,21.302574],[-157.704422,21.30296],[-157.703955,21.303486],[-157.703949,21.30416],[-157.704508,21.304838],[-157.704556,21.305175],[-157.704399,21.305607],[-157.704392,21.306378],[-157.703927,21.306711],[-157.70382,21.307144],[-157.704023,21.307482],[-157.704475,21.308641],[-157.704471,21.309026],[-157.704673,21.309413],[-157.704608,21.311001],[-157.704757,21.31158],[-157.705162,21.312305],[-157.706132,21.312987],[-157.70618,21.313324],[-157.706538,21.31352],[-157.706638,21.313905],[-157.706533,21.314193],[-157.706735,21.314532],[-157.706832,21.315207],[-157.706824,21.316121],[-157.706444,21.316757],[-157.706687,21.316896],[-157.706891,21.317303],[-157.707062,21.318073],[-157.708412,21.318084],[-157.708834,21.318402],[-157.70925,21.318303],[-157.709774,21.318307],[-157.710379,21.317414],[-157.71067,21.31723],[-157.711607,21.317559],[-157.712275,21.317598],[-157.713145,21.317036],[-157.713817,21.317034],[-157.714938,21.31689],[-157.715354,21.316961],[-157.716095,21.316899],[-157.716961,21.317109],[-157.717673,21.317432],[-157.717989,21.317422],[-157.719102,21.318243],[-157.719373,21.318347],[-157.719932,21.318402],[-157.720744,21.318662],[-157.721304,21.3187],[-157.721613,21.318817],[-157.722238,21.319334],[-157.722578,21.319794],[-157.723044,21.320213],[-157.723247,21.319371],[-157.723613,21.318571],[-157.723643,21.3182]]]]},"properties":{}},{"type":"Feature","id":525,"geometry":{"type":"MultiPolygon","coordinates":[[[[-157.999299,21.429292],[-158.00027,21.428394],[-158.000849,21.428307],[-158.001334,21.427949],[-158.00163,21.427047],[-158.003863,21.424983],[-158.004549,21.423451],[-158.00513,21.423093],[-158.005132,21.422822],[-158.006003,21.422375],[-158.007546,21.422475],[-158.008033,21.421845],[-158.008332,21.420492],[-158.009587,21.420319],[-158.009883,21.419327],[-158.010562,21.418879],[-158.010082,21.418424],[-158.010091,21.41716],[-158.010285,21.41689],[-158.009611,21.416705],[-158.00894,21.416069],[-158.008948,21.414894],[-158.009146,21.414173],[-158.009533,21.413994],[-158.009633,21.413453],[-158.010022,21.413003],[-158.010028,21.41219],[-158.00974,21.411918],[-158.009752,21.410111],[-158.010912,21.409756],[-158.011398,21.409217],[-158.011305,21.408675],[-158.010921,21.408401],[-158.010931,21.407046],[-158.01171,21.405876],[-158.011713,21.405425],[-158.012199,21.404976],[-158.013261,21.404801],[-158.013399,21.404414],[-158.013266,21.403988],[-158.013175,21.403265],[-158.013667,21.401822],[-158.01425,21.401194],[-158.014357,21.399658],[-158.014073,21.398844],[-158.014176,21.39776],[-158.013986,21.397307],[-158.014478,21.395955],[-158.014194,21.39514],[-158.013235,21.394231],[-158.012759,21.393325],[-158.012278,21.393141],[-158.011704,21.392506],[-158.011716,21.390699],[-158.01143,21.390155],[-158.011436,21.389252],[-158.011244,21.38916],[-158.011253,21.387805],[-158.011352,21.387445],[-158.011739,21.387176],[-158.011649,21.386272],[-158.012185,21.3858],[-158.011575,21.385152],[-158.010638,21.384605],[-158.009724,21.383346],[-158.008782,21.38237],[-158.00927,21.38147],[-158.009561,21.381201],[-158.009583,21.377948],[-158.008913,21.377222],[-158.008934,21.374059],[-158.008749,21.373831],[-158.008349,21.373589],[-158.008308,21.373479],[-158.008402,21.373011],[-158.008384,21.372421],[-158.008754,21.371992],[-158.00874,21.37178],[-158.008546,21.371455],[-158.008028,21.370882],[-158.007723,21.370756],[-158.007576,21.370783],[-158.007388,21.371015],[-158.007158,21.371152],[-158.006994,21.371439],[-158.007106,21.371797],[-158.007402,21.371893],[-158.007584,21.372223],[-158.007549,21.372603],[-158.007467,21.372703],[-158.006856,21.372813],[-158.006526,21.373463],[-158.006409,21.373507],[-158.006485,21.373017],[-158.00642,21.372543],[-158.006109,21.372235],[-158.005891,21.372147],[-158.005015,21.372307],[-158.004794,21.372138],[-158.002196,21.372123],[-158.001133,21.372388],[-158.000844,21.372296],[-157.999382,21.374545],[-157.999063,21.37897],[-157.999908,21.380052],[-157.99983,21.380933],[-157.998918,21.382011],[-157.997678,21.383931],[-157.997293,21.383928],[-157.996904,21.384287],[-157.996514,21.385008],[-157.99631,21.386633],[-157.995919,21.387263],[-157.996013,21.387624],[-157.995624,21.388164],[-157.99562,21.388706],[-157.99475,21.388972],[-157.993967,21.390593],[-157.9929,21.391581],[-157.992799,21.392122],[-157.992124,21.392118],[-157.992025,21.392479],[-157.991446,21.392566],[-157.99096,21.393015],[-157.989996,21.393009],[-157.989318,21.393366],[-157.989314,21.393998],[-157.988733,21.394266],[-157.988537,21.394807],[-157.988917,21.395532],[-157.988912,21.396254],[-157.988719,21.396344],[-157.99026,21.396714],[-157.990834,21.39735],[-157.991412,21.397534],[-157.991791,21.39844],[-157.992747,21.399801],[-157.994575,21.400534],[-157.994759,21.4018],[-157.995143,21.402074],[-157.995427,21.402888],[-157.996002,21.403344],[-157.996092,21.404428],[-157.99657,21.404973],[-157.996567,21.405425],[-157.997048,21.405608],[-157.997429,21.406424],[-157.997718,21.406426],[-157.998195,21.407151],[-157.998388,21.407152],[-157.99847,21.409321],[-157.997981,21.410312],[-157.997303,21.41076],[-157.9973,21.411121],[-157.99701,21.41121],[-157.996522,21.41202],[-157.99622,21.413825],[-157.99583,21.414545],[-157.995721,21.416261],[-157.995431,21.41644],[-157.995429,21.416711],[-157.995618,21.417254],[-157.99725,21.418529],[-157.997243,21.419523],[-157.997911,21.420611],[-157.997897,21.422598],[-157.998275,21.423865],[-157.998658,21.424229],[-157.999429,21.424324],[-158.000003,21.42514],[-158.000085,21.427219],[-157.999786,21.428572],[-157.999301,21.429021],[-157.999299,21.429292]]]]},"properties":{}},{"type":"Feature","id":533,"geometry":{"type":"MultiPolygon","coordinates":[[[[-157.93639,21.377396],[-157.935508,21.376771],[-157.935385,21.376231],[-157.934908,21.37562],[-157.93475,21.375603],[-157.934691,21.375708],[-157.934667,21.376473],[-157.934538,21.376589],[-157.934538,21.376027],[-157.93442,21.375746],[-157.934085,21.376033],[-157.933815,21.376033],[-157.933721,21.375933],[-157.933603,21.375399],[-157.933911,21.374685],[-157.931287,21.374758],[-157.928292,21.375371],[-157.927321,21.376268],[-157.927124,21.376899],[-157.926545,21.376895],[-157.92635,21.377165],[-157.925383,21.37752],[-157.925185,21.378242],[-157.924506,21.378779],[-157.922958,21.379402],[-157.922275,21.380481],[-157.92121,21.380926],[-157.921018,21.380834],[-157.920435,21.381463],[-157.919179,21.381726],[-157.918596,21.382355],[-157.916764,21.382253],[-157.916284,21.381978],[-157.915511,21.382064],[-157.91512,21.382784],[-157.914444,21.38296],[-157.913667,21.383678],[-157.913664,21.384039],[-157.913083,21.384307],[-157.912594,21.385297],[-157.911724,21.385472],[-157.911035,21.385249],[-157.910565,21.385736],[-157.909694,21.386182],[-157.908437,21.386535],[-157.907758,21.386982],[-157.906793,21.387157],[-157.905719,21.388866],[-157.905716,21.389227],[-157.905328,21.389496],[-157.904556,21.389581],[-157.90327,21.390949],[-157.902614,21.391285],[-157.902361,21.39157],[-157.901108,21.392307],[-157.900039,21.392588],[-157.898645,21.392715],[-157.897102,21.393146],[-157.896227,21.394044],[-157.895781,21.394118],[-157.894582,21.394906],[-157.894523,21.395516],[-157.893722,21.396205],[-157.892196,21.397093],[-157.891287,21.39773],[-157.890234,21.398164],[-157.890049,21.398704],[-157.889427,21.399666],[-157.888627,21.400253],[-157.888228,21.400369],[-157.888064,21.400521],[-157.887917,21.400825],[-157.887627,21.400924],[-157.887204,21.40094],[-157.886776,21.401088],[-157.885762,21.401132],[-157.884676,21.401328],[-157.884305,21.401553],[-157.88331,21.402522],[-157.88282,21.402739],[-157.882556,21.403168],[-157.88274,21.403788],[-157.882535,21.404532],[-157.882116,21.404902],[-157.882155,21.405243],[-157.882536,21.405787],[-157.883115,21.405791],[-157.8836,21.405433],[-157.884267,21.40512],[-157.884522,21.404884],[-157.884833,21.404412],[-157.885469,21.404027],[-157.885927,21.403913],[-157.886897,21.404155],[-157.887664,21.403834],[-157.889199,21.403492],[-157.890575,21.403383],[-157.891226,21.403421],[-157.891662,21.40317],[-157.893547,21.402573],[-157.894873,21.401904],[-157.895271,21.401873],[-157.896167,21.401993],[-157.897809,21.401733],[-157.89897,21.401289],[-157.899935,21.401295],[-157.901098,21.40058],[-157.90332,21.400143],[-157.905163,21.39871],[-157.906321,21.398717],[-157.906709,21.398449],[-157.908554,21.396744],[-157.908556,21.396473],[-157.90933,21.396117],[-157.909332,21.395936],[-157.914549,21.394795],[-157.916295,21.393452],[-157.916973,21.393185],[-157.917744,21.39319],[-157.918624,21.39166],[-157.919496,21.391033],[-157.920945,21.390862],[-157.921431,21.390323],[-157.922107,21.390146],[-157.922401,21.389606],[-157.922979,21.38961],[-157.923075,21.389791],[-157.924913,21.389081],[-157.925587,21.389175],[-157.926067,21.38954],[-157.926069,21.389269],[-157.927135,21.388553],[-157.928101,21.388378],[-157.928586,21.38793],[-157.92936,21.387664],[-157.929847,21.387035],[-157.92985,21.386673],[-157.931109,21.385959],[-157.931403,21.385238],[-157.931986,21.3847],[-157.932564,21.384794],[-157.934022,21.383267],[-157.934794,21.383272],[-157.934807,21.381466],[-157.935589,21.380025],[-157.935685,21.380026],[-157.935691,21.379303],[-157.935981,21.379124],[-157.936081,21.378673],[-157.936371,21.378585],[-157.93639,21.377396]]]]},"properties":{}},{"type":"Feature","id":476,"geometry":{"type":"MultiPolygon","coordinates":[[[[-158.052562,21.664656],[-158.052763,21.664408],[-158.052851,21.664073],[-158.053164,21.663676],[-158.054159,21.662702],[-158.055244,21.661468],[-158.056127,21.661011],[-158.056605,21.660637],[-158.057123,21.660373],[-158.057618,21.65991],[-158.058154,21.65926],[-158.057349,21.658914],[-158.055709,21.658363],[-158.055716,21.657279],[-158.055332,21.656915],[-158.054561,21.65664],[-158.052817,21.657263],[-158.051754,21.657347],[-158.050691,21.657341],[-158.050209,21.657158],[-158.049243,21.657062],[-158.048898,21.656518],[-158.048283,21.656153],[-158.046636,21.655997],[-158.045651,21.657008],[-158.044874,21.656664],[-158.04457,21.656138],[-158.044131,21.655588],[-158.043334,21.653912],[-158.043566,21.653416],[-158.043765,21.652424],[-158.043203,21.651777],[-158.041266,21.65163],[-158.039876,21.65086],[-158.039261,21.650662],[-158.03872,21.65032],[-158.038082,21.649681],[-158.037294,21.649397],[-158.035448,21.649149],[-158.033679,21.648139],[-158.031053,21.647971],[-158.030457,21.647663],[-158.030044,21.647051],[-158.028707,21.646535],[-158.026035,21.644823],[-158.025762,21.645315],[-158.025704,21.645874],[-158.025953,21.646451],[-158.026564,21.647217],[-158.02698,21.647389],[-158.02734,21.647713],[-158.027825,21.648376],[-158.028816,21.649178],[-158.029444,21.650113],[-158.029858,21.650573],[-158.030344,21.65081],[-158.031017,21.651356],[-158.031185,21.65263],[-158.031527,21.652869],[-158.03207,21.652957],[-158.032323,21.653094],[-158.033312,21.654218],[-158.033526,21.654829],[-158.034561,21.655984],[-158.03455,21.65761],[-158.03638,21.658614],[-158.036777,21.659023],[-158.037265,21.659212],[-158.037662,21.659486],[-158.038014,21.659889],[-158.038288,21.660726],[-158.038703,21.661016],[-158.039101,21.661128],[-158.040145,21.662117],[-158.041644,21.662904],[-158.042482,21.662181],[-158.04319,21.662049],[-158.043899,21.661681],[-158.045385,21.661672],[-158.046039,21.661405],[-158.047278,21.661929],[-158.048341,21.661935],[-158.050554,21.663393],[-158.051131,21.663847],[-158.051518,21.66385],[-158.052562,21.664656]]]]},"properties":{}},{"type":"Feature","id":486,"geometry":{"type":"MultiPolygon","coordinates":[[[[-157.897683,21.601219],[-157.897959,21.601852],[-157.898036,21.602298],[-157.898383,21.602624],[-157.898736,21.603152],[-157.89903,21.603175],[-157.900255,21.604298],[-157.901773,21.605411],[-157.904552,21.606679],[-157.905188,21.606899],[-157.905553,21.607224],[-157.907049,21.607324],[-157.907484,21.607484],[-157.90802,21.607831],[-157.908579,21.608393],[-157.909433,21.608058],[-157.909557,21.608069],[-157.908768,21.608531],[-157.908997,21.609131],[-157.90977,21.608958],[-157.910155,21.609051],[-157.912767,21.608616],[-157.913929,21.608262],[-157.914338,21.607428],[-157.914614,21.607093],[-157.915067,21.606721],[-157.914948,21.605738],[-157.914921,21.604552],[-157.915071,21.603859],[-157.915199,21.603656],[-157.91537,21.60259],[-157.915735,21.60222],[-157.915866,21.601611],[-157.916236,21.60058],[-157.916509,21.599065],[-157.917458,21.59704],[-157.917659,21.596787],[-157.91794,21.595603],[-157.918308,21.594708],[-157.918621,21.594134],[-157.919829,21.592431],[-157.920424,21.590301],[-157.920572,21.589929],[-157.920919,21.589441],[-157.921227,21.588166],[-157.921814,21.587176],[-157.922298,21.586998],[-157.922593,21.586277],[-157.922579,21.585505],[-157.922694,21.584523],[-157.922516,21.584183],[-157.922447,21.583759],[-157.922131,21.583384],[-157.921553,21.58329],[-157.921224,21.582515],[-157.920987,21.582751],[-157.920407,21.582882],[-157.920079,21.583083],[-157.918357,21.584443],[-157.918142,21.585374],[-157.918081,21.586272],[-157.917952,21.586677],[-157.918001,21.587287],[-157.917816,21.587828],[-157.917263,21.588591],[-157.917027,21.589212],[-157.916899,21.589364],[-157.916751,21.589888],[-157.916092,21.590815],[-157.915183,21.591173],[-157.914873,21.591476],[-157.914091,21.591903],[-157.913276,21.592179],[-157.913175,21.59281],[-157.91294,21.593225],[-157.912491,21.5938],[-157.912336,21.594186],[-157.911516,21.595058],[-157.911036,21.594693],[-157.909397,21.594231],[-157.908335,21.594224],[-157.906978,21.594757],[-157.906495,21.594754],[-157.904941,21.595918],[-157.904551,21.596458],[-157.904449,21.597089],[-157.903866,21.597627],[-157.902349,21.59832],[-157.898691,21.60074],[-157.897683,21.601219]]]]},"properties":{}},{"type":"Feature","id":490,"geometry":{"type":"MultiPolygon","coordinates":[[[[-157.887,21.583989],[-157.887146,21.584951],[-157.887122,21.585337],[-157.887576,21.586625],[-157.888312,21.588095],[-157.888413,21.58869],[-157.888578,21.58902],[-157.888984,21.589626],[-157.889691,21.590468],[-157.891876,21.592354],[-157.892679,21.591613],[-157.89268,21.591433],[-157.892778,21.591343],[-157.892779,21.591162],[-157.892975,21.590802],[-157.892976,21.590622],[-157.893268,21.590353],[-157.893368,21.589902],[-157.895216,21.588198],[-157.895705,21.587478],[-157.896386,21.58676],[-157.897259,21.586314],[-157.897849,21.584963],[-157.898045,21.5847],[-157.898428,21.584437],[-157.89824,21.584243],[-157.89827,21.58395],[-157.898148,21.583701],[-157.897563,21.583743],[-157.897182,21.583694],[-157.89699,21.583512],[-157.895733,21.583775],[-157.894863,21.583769],[-157.893416,21.583579],[-157.892254,21.583932],[-157.887,21.583989]]]]},"properties":{}},{"type":"Feature","id":491,"geometry":{"type":"MultiPolygon","coordinates":[[[[-158.095583,21.566987],[-158.093368,21.565891],[-158.089604,21.565509],[-158.087964,21.565139],[-158.086905,21.564682],[-158.084597,21.563043],[-158.083054,21.562673],[-158.081999,21.561583],[-158.079776,21.561752],[-158.078812,21.561566],[-158.078042,21.5612],[-158.077658,21.560836],[-158.077374,21.559841],[-158.077086,21.559569],[-158.0767,21.559566],[-158.075258,21.558474],[-158.072974,21.557993],[-158.071962,21.557547],[-158.070826,21.55688],[-158.070412,21.556455],[-158.069271,21.556567],[-158.068164,21.556933],[-158.067638,21.557015],[-158.067112,21.557232],[-158.065988,21.557463],[-158.065416,21.557245],[-158.064743,21.556699],[-158.063682,21.556513],[-158.063008,21.556238],[-158.061269,21.556228],[-158.060983,21.555775],[-158.06031,21.555229],[-158.059828,21.555136],[-158.055268,21.554743],[-158.054602,21.554113],[-158.05383,21.553041],[-158.052415,21.551571],[-158.050425,21.55043],[-158.049531,21.549567],[-158.048857,21.549292],[-158.047707,21.54793],[-158.047225,21.547837],[-158.045688,21.546654],[-158.044437,21.545924],[-158.043188,21.544923],[-158.038946,21.543995],[-158.038471,21.542728],[-158.037991,21.542273],[-158.037318,21.541818],[-158.035871,21.541629],[-158.035584,21.541266],[-158.033371,21.539988],[-158.033184,21.539174],[-158.032228,21.537723],[-158.030584,21.538075],[-158.028265,21.538242],[-158.024692,21.538311],[-158.022204,21.539282],[-158.021682,21.539407],[-158.02027,21.539433],[-158.018041,21.53964],[-158.016611,21.539615],[-158.013626,21.539292],[-158.012934,21.539318],[-158.012577,21.539201],[-158.011816,21.53918],[-158.00983,21.538423],[-158.009489,21.538014],[-158.009038,21.537758],[-158.00861,21.536739],[-158.008232,21.536398],[-158.007438,21.536088],[-158.005516,21.536745],[-158.003608,21.537505],[-158.002806,21.537722],[-158.00207,21.537428],[-158.001782,21.537206],[-158.001072,21.53717],[-157.998852,21.536765],[-157.998077,21.537423],[-157.993732,21.537397],[-157.992,21.536483],[-157.991233,21.536279],[-157.990459,21.535932],[-157.988376,21.535804],[-157.987832,21.535886],[-157.987562,21.536005],[-157.98689,21.536016],[-157.986203,21.535791],[-157.985843,21.535484],[-157.985538,21.53536],[-157.984993,21.535326],[-157.984476,21.535353],[-157.984282,21.535533],[-157.983381,21.535469],[-157.982738,21.535343],[-157.981675,21.535517],[-157.98016,21.535297],[-157.97891,21.535425],[-157.978331,21.535337],[-157.977229,21.534974],[-157.976306,21.534901],[-157.975597,21.534757],[-157.975078,21.534504],[-157.974441,21.534389],[-157.973865,21.534445],[-157.972853,21.53427],[-157.972438,21.534081],[-157.972128,21.533742],[-157.971698,21.533687],[-157.971209,21.533735],[-157.970705,21.533291],[-157.970361,21.533391],[-157.969872,21.533421],[-157.969458,21.53308],[-157.969117,21.532587],[-157.968937,21.53245],[-157.968376,21.532447],[-157.967196,21.532863],[-157.966834,21.532861],[-157.966535,21.532714],[-157.966132,21.532297],[-157.965843,21.532228],[-157.965571,21.532294],[-157.964958,21.531917],[-157.964614,21.531865],[-157.964226,21.531616],[-157.964057,21.531353],[-157.96423,21.531074],[-157.963841,21.531064],[-157.962681,21.531361],[-157.962408,21.53158],[-157.961969,21.53217],[-157.961606,21.532354],[-157.960192,21.532565],[-157.959306,21.532374],[-157.958333,21.532031],[-157.957552,21.532092],[-157.956125,21.531592],[-157.955631,21.531743],[-157.955247,21.531469],[-157.954281,21.531343],[-157.953705,21.531098],[-157.953341,21.531117],[-157.952559,21.531535],[-157.951963,21.53172],[-157.951437,21.531511],[-157.951168,21.531205],[-157.950809,21.53099],[-157.950352,21.531284],[-157.950188,21.531487],[-157.949861,21.53162],[-157.947524,21.53133],[-157.947275,21.531231],[-157.946803,21.531482],[-157.946497,21.531192],[-157.946174,21.531051],[-157.945647,21.531001],[-157.945117,21.530412],[-157.944621,21.530317],[-157.943497,21.530428],[-157.943136,21.530341],[-157.942719,21.530355],[-157.941902,21.530774],[-157.941736,21.531077],[-157.941445,21.531296],[-157.94034,21.531424],[-157.94014,21.531559],[-157.939974,21.532015],[-157.939701,21.532166],[-157.939553,21.532554],[-157.93928,21.53284],[-157.937738,21.533288],[-157.937267,21.5332],[-157.936361,21.533432],[-157.934569,21.533597],[-157.933159,21.533039],[-157.932291,21.532931],[-157.93122,21.533263],[-157.930805,21.53304],[-157.929539,21.532982],[-157.929139,21.533199],[-157.928703,21.533315],[-157.928293,21.533557],[-157.927637,21.533122],[-157.925577,21.532567],[-157.925211,21.532543],[-157.924524,21.532915],[-157.924049,21.532988],[-157.923693,21.532758],[-157.92324,21.532755],[-157.922698,21.532889],[-157.922026,21.532342],[-157.92109,21.532148],[-157.92094,21.532816],[-157.921091,21.534443],[-157.921236,21.534776],[-157.921756,21.535159],[-157.921699,21.535531],[-157.92148,21.535716],[-157.921321,21.536313],[-157.921508,21.536919],[-157.921407,21.537668],[-157.921495,21.538843],[-157.921709,21.539054],[-157.921508,21.539256],[-157.921392,21.539746],[-157.921499,21.540493],[-157.921475,21.541553],[-157.921017,21.542014],[-157.920144,21.542584],[-157.919431,21.543495],[-157.91917,21.544467],[-157.919417,21.545695],[-157.919085,21.546236],[-157.919021,21.546958],[-157.918734,21.547233],[-157.918641,21.547504],[-157.918528,21.548309],[-157.918592,21.549299],[-157.918517,21.54962],[-157.918613,21.549936],[-157.918838,21.550215],[-157.918871,21.550622],[-157.918452,21.550975],[-157.918177,21.551481],[-157.918786,21.552647],[-157.919164,21.552673],[-157.919722,21.553151],[-157.919774,21.553423],[-157.920024,21.553873],[-157.920295,21.553943],[-157.92071,21.554182],[-157.921016,21.554489],[-157.922175,21.554446],[-157.922553,21.554736],[-157.922638,21.555448],[-157.92298,21.555772],[-157.923202,21.556109],[-157.923719,21.556184],[-157.924115,21.556474],[-157.924203,21.556797],[-157.924161,21.557109],[-157.923963,21.557523],[-157.923793,21.558488],[-157.924026,21.558811],[-157.924145,21.559186],[-157.924129,21.559506],[-157.924759,21.560052],[-157.925063,21.560579],[-157.92529,21.561181],[-157.925509,21.561463],[-157.926014,21.561754],[-157.927174,21.561626],[-157.927428,21.561442],[-157.927797,21.561649],[-157.928026,21.561479],[-157.929023,21.561316],[-157.929913,21.560899],[-157.930798,21.560675],[-157.931164,21.560636],[-157.931508,21.560689],[-157.931927,21.560369],[-157.932092,21.560083],[-157.932492,21.559865],[-157.932926,21.559885],[-157.933416,21.559735],[-157.934091,21.559096],[-157.934962,21.558881],[-157.935781,21.558311],[-157.936723,21.558232],[-157.937283,21.558388],[-157.937808,21.558425],[-157.937958,21.558733],[-157.938113,21.558834],[-157.939599,21.558834],[-157.939635,21.558623],[-157.9398,21.558387],[-157.940345,21.558153],[-157.941827,21.558569],[-157.942444,21.55837],[-157.942788,21.558372],[-157.942887,21.558222],[-157.943205,21.558256],[-157.943659,21.55809],[-157.944419,21.558162],[-157.944762,21.558266],[-157.945251,21.558218],[-157.945784,21.558331],[-157.945782,21.558602],[-157.946279,21.558911],[-157.946586,21.558998],[-157.947584,21.558699],[-157.947945,21.558769],[-157.948288,21.559008],[-157.949574,21.558932],[-157.94981,21.558832],[-157.949866,21.558561],[-157.950793,21.558075],[-157.951211,21.557875],[-157.952082,21.557694],[-157.953238,21.558057],[-157.954192,21.558876],[-157.954755,21.559652],[-157.955381,21.559663],[-157.955742,21.559834],[-157.956285,21.559905],[-157.956739,21.559739],[-157.957031,21.559419],[-157.957463,21.559127],[-157.958103,21.558917],[-157.958737,21.558887],[-157.959064,21.55872],[-157.959717,21.558589],[-157.960476,21.558797],[-157.961344,21.55887],[-157.961597,21.558956],[-157.961794,21.559245],[-157.961992,21.559382],[-157.962354,21.559452],[-157.962737,21.559133],[-157.96299,21.559083],[-157.963191,21.558949],[-157.963502,21.558494],[-157.964157,21.55804],[-157.964754,21.558095],[-157.965497,21.558032],[-157.966076,21.558069],[-157.966368,21.557749],[-157.966841,21.55743],[-157.96713,21.557584],[-157.967835,21.557741],[-157.967995,21.558379],[-157.968228,21.558472],[-157.968389,21.558676],[-157.968311,21.559523],[-157.968362,21.559913],[-157.968559,21.560287],[-157.968885,21.560238],[-157.969156,21.560307],[-157.969772,21.560311],[-157.970009,21.560126],[-157.970535,21.560011],[-157.971096,21.559997],[-157.971553,21.560479],[-157.971979,21.560613],[-157.97388,21.560607],[-157.97435,21.560712],[-157.975056,21.56075],[-157.975903,21.561416],[-157.976246,21.561503],[-157.976535,21.561691],[-157.976853,21.562138],[-157.977129,21.562152],[-157.977689,21.562375],[-157.977958,21.562699],[-157.978788,21.563093],[-157.979331,21.563165],[-157.979637,21.563454],[-157.979725,21.563709],[-157.97996,21.563897],[-157.98043,21.564018],[-157.980882,21.564021],[-157.981387,21.564414],[-157.982566,21.564014],[-157.983021,21.563763],[-157.983603,21.563624],[-157.984235,21.563686],[-157.984992,21.564198],[-157.985627,21.564269],[-157.986305,21.563912],[-157.98751,21.563934],[-157.987874,21.563784],[-157.988362,21.563922],[-157.988832,21.563925],[-157.989105,21.564019],[-157.989498,21.564573],[-157.989349,21.565148],[-157.989058,21.565383],[-157.989379,21.566279],[-157.989845,21.566743],[-157.990437,21.566918],[-157.990801,21.567291],[-157.991362,21.567379],[-157.991867,21.567586],[-157.992029,21.567722],[-157.992228,21.56774],[-157.994547,21.567602],[-157.996266,21.567764],[-157.996702,21.567665],[-157.997426,21.56767],[-157.998134,21.567471],[-157.999345,21.567749],[-158.000103,21.568092],[-158.000643,21.568536],[-158.000587,21.568891],[-158.000694,21.569045],[-158.000948,21.569063],[-158.001399,21.569252],[-158.002032,21.569307],[-158.002794,21.569108],[-158.003157,21.569093],[-158.003556,21.569165],[-158.003699,21.569283],[-158.004328,21.56935],[-158.004785,21.569255],[-158.0051,21.569355],[-158.005485,21.569628],[-158.007514,21.56946],[-158.007557,21.56917],[-158.007758,21.568799],[-158.007779,21.568375],[-158.008234,21.568039],[-158.008652,21.567856],[-158.009086,21.567892],[-158.010033,21.5683],[-158.011057,21.568429],[-158.012213,21.568741],[-158.013174,21.568628],[-158.015008,21.56791],[-158.017089,21.567439],[-158.017574,21.567171],[-158.017876,21.566809],[-158.01835,21.566633],[-158.020573,21.566375],[-158.021319,21.56644],[-158.022408,21.566386],[-158.024435,21.566578],[-158.025147,21.566876],[-158.027519,21.5675],[-158.028384,21.568137],[-158.028765,21.569043],[-158.031326,21.568962],[-158.03195,21.569242],[-158.033012,21.569429],[-158.034195,21.570452],[-158.034663,21.57098],[-158.036847,21.573697],[-158.037803,21.575058],[-158.038187,21.575421],[-158.038959,21.575607],[-158.040505,21.575525],[-158.041666,21.57517],[-158.042725,21.575628],[-158.043107,21.576353],[-158.043395,21.576626],[-158.044226,21.576227],[-158.044955,21.575536],[-158.046739,21.574175],[-158.049695,21.573229],[-158.050758,21.573145],[-158.052306,21.572792],[-158.05434,21.57181],[-158.055052,21.571283],[-158.057144,21.571374],[-158.058492,21.572014],[-158.059454,21.572562],[-158.063736,21.575279],[-158.065997,21.576393],[-158.066553,21.576531],[-158.066767,21.576939],[-158.067543,21.577519],[-158.068193,21.577751],[-158.068972,21.577773],[-158.069478,21.577911],[-158.07015,21.577729],[-158.07326,21.578474],[-158.074039,21.578428],[-158.074776,21.578068],[-158.075653,21.577996],[-158.077283,21.57809],[-158.077954,21.577831],[-158.078764,21.578598],[-158.080026,21.579503],[-158.080696,21.579523],[-158.081929,21.579428],[-158.083121,21.579808],[-158.084127,21.58092],[-158.085321,21.581361],[-158.086726,21.58238],[-158.087393,21.58305],[-158.087976,21.58329],[-158.088711,21.583734],[-158.089904,21.583933],[-158.091445,21.584664],[-158.092217,21.584668],[-158.093084,21.585125],[-158.094434,21.585494],[-158.09496,21.585869],[-158.095044,21.587948],[-158.095138,21.58831],[-158.095902,21.589759],[-158.096382,21.590214],[-158.096863,21.590487],[-158.097538,21.590672],[-158.098311,21.590766],[-158.10005,21.590685],[-158.100915,21.591322],[-158.101296,21.591503],[-158.102254,21.591672],[-158.103315,21.591685],[-158.10437,21.59116],[-158.106248,21.590693],[-158.108803,21.589473],[-158.110558,21.589326],[-158.111729,21.588957],[-158.112517,21.588602],[-158.113412,21.588388],[-158.114605,21.588465],[-158.115096,21.588835],[-158.116065,21.58884],[-158.116942,21.588751],[-158.118161,21.588796],[-158.118658,21.588877],[-158.118657,21.588967],[-158.118754,21.588968],[-158.118752,21.589363],[-158.118983,21.589209],[-158.11936,21.588416],[-158.119948,21.58771],[-158.119477,21.587441],[-158.118753,21.586697],[-158.118058,21.586268],[-158.117716,21.585701],[-158.11668,21.584765],[-158.116368,21.584164],[-158.116468,21.5839],[-158.116721,21.583614],[-158.117433,21.582969],[-158.118381,21.582352],[-158.119046,21.582126],[-158.119158,21.582005],[-158.118422,21.580992],[-158.118652,21.580386],[-158.118933,21.580341],[-158.117688,21.577368],[-158.117092,21.576426],[-158.116068,21.575576],[-158.11495,21.5745],[-158.113407,21.57404],[-158.111676,21.572766],[-158.109746,21.572575],[-158.10888,21.571938],[-158.107048,21.571476],[-158.105021,21.571285],[-158.104636,21.571012],[-158.103381,21.570914],[-158.102226,21.570366],[-158.101646,21.570363],[-158.100298,21.569723],[-158.099437,21.568454],[-158.09799,21.568175],[-158.095583,21.566987]]]]},"properties":{}},{"type":"Feature","id":472,"geometry":{"type":"MultiPolygon","coordinates":[[[[-158.000976,21.663555],[-158.000815,21.663229],[-158.000781,21.662856],[-158.00062,21.662592],[-158.000332,21.662311],[-157.999899,21.662054],[-158.000451,21.660745],[-158.000254,21.660397],[-157.999744,21.660024],[-157.999412,21.659336],[-157.999075,21.658846],[-157.99884,21.658181],[-157.998647,21.657197],[-157.998687,21.656672],[-157.998834,21.656351],[-157.999815,21.655985],[-157.999676,21.655171],[-157.999105,21.654509],[-157.999108,21.654148],[-157.99936,21.653729],[-157.999059,21.652745],[-157.998753,21.652455],[-157.998359,21.651673],[-157.998327,21.65108],[-157.998455,21.650895],[-157.998728,21.650744],[-157.99864,21.650388],[-157.998609,21.649659],[-157.998828,21.649457],[-157.998775,21.649203],[-157.998509,21.648303],[-157.998402,21.64815],[-157.998185,21.648081],[-157.997822,21.64813],[-157.99797,21.64764],[-157.997921,21.646945],[-157.997488,21.646688],[-157.996912,21.646083],[-157.996271,21.645097],[-157.996035,21.64452],[-157.995504,21.644279],[-157.994883,21.643395],[-157.994671,21.642699],[-157.994694,21.642005],[-157.994843,21.641379],[-157.995301,21.640653],[-157.994657,21.639447],[-157.994167,21.637992],[-157.99388,21.637584],[-157.993357,21.637301],[-157.993042,21.636947],[-157.993081,21.636614],[-157.992879,21.635689],[-157.992875,21.634893],[-157.992564,21.634027],[-157.992517,21.633053],[-157.992094,21.63261],[-157.991869,21.631996],[-157.991436,21.631697],[-157.990987,21.6316],[-157.990599,21.63136],[-157.990303,21.631003],[-157.990289,21.629974],[-157.990021,21.62979],[-157.989906,21.62952],[-157.989424,21.629336],[-157.989037,21.629369],[-157.988809,21.629579],[-157.988744,21.629825],[-157.987508,21.630351],[-157.987432,21.630833],[-157.987323,21.631002],[-157.986779,21.630973],[-157.986644,21.630887],[-157.986512,21.630383],[-157.986395,21.630208],[-157.986133,21.630129],[-157.985549,21.629377],[-157.985466,21.62877],[-157.985088,21.627986],[-157.984908,21.627773],[-157.984527,21.627855],[-157.98394,21.627648],[-157.982939,21.62699],[-157.982742,21.626735],[-157.982552,21.626657],[-157.98073,21.626858],[-157.979745,21.627387],[-157.980101,21.627412],[-157.981071,21.627735],[-157.981432,21.627958],[-157.981707,21.628789],[-157.982208,21.629716],[-157.982579,21.62976],[-157.983128,21.630178],[-157.983462,21.63035],[-157.983878,21.630446],[-157.984093,21.630803],[-157.984159,21.631802],[-157.983921,21.632106],[-157.983788,21.633037],[-157.983575,21.633594],[-157.984007,21.634054],[-157.983614,21.634586],[-157.982876,21.635123],[-157.982981,21.635649],[-157.982951,21.636021],[-157.982768,21.636342],[-157.982727,21.636985],[-157.98351,21.637829],[-157.983596,21.638473],[-157.983928,21.638898],[-157.983697,21.639558],[-157.983704,21.639799],[-157.983927,21.640258],[-157.98417,21.640471],[-157.984623,21.640516],[-157.985212,21.64046],[-157.985492,21.640623],[-157.985626,21.640836],[-157.98544,21.641504],[-157.985628,21.641903],[-157.985662,21.642232],[-157.985466,21.642977],[-157.985171,21.643404],[-157.985062,21.643805],[-157.98504,21.645719],[-157.984494,21.647316],[-157.984366,21.647451],[-157.984084,21.647568],[-157.983838,21.64788],[-157.983289,21.649875],[-157.983059,21.650373],[-157.982402,21.651115],[-157.982147,21.65124],[-157.981962,21.651823],[-157.981424,21.652379],[-157.980825,21.652519],[-157.979549,21.653587],[-157.979501,21.653934],[-157.979237,21.654178],[-157.978942,21.654849],[-157.97893,21.655315],[-157.978819,21.655636],[-157.978858,21.656407],[-157.978783,21.656788],[-157.978854,21.657025],[-157.978789,21.657322],[-157.978087,21.657817],[-157.977643,21.657933],[-157.977206,21.658235],[-157.97685,21.658622],[-157.976695,21.658664],[-157.976593,21.659112],[-157.976107,21.659626],[-157.975283,21.659849],[-157.974454,21.660276],[-157.97407,21.660765],[-157.973578,21.661118],[-157.973285,21.661506],[-157.972989,21.662368],[-157.97119,21.663153],[-157.970388,21.663774],[-157.969851,21.664358],[-157.968497,21.664677],[-157.967538,21.664485],[-157.966978,21.664227],[-157.965996,21.664729],[-157.965305,21.664872],[-157.965083,21.66574],[-157.964569,21.666702],[-157.964203,21.667157],[-157.963692,21.667628],[-157.963524,21.66839],[-157.96095,21.671016],[-157.960277,21.671367],[-157.959097,21.671707],[-157.957608,21.672594],[-157.956638,21.67304],[-157.956152,21.673398],[-157.956141,21.674933],[-157.955611,21.675106],[-157.954594,21.675104],[-157.954205,21.675373],[-157.952252,21.676067],[-157.950332,21.676342],[-157.950137,21.676611],[-157.948346,21.677363],[-157.947458,21.677375],[-157.945357,21.677158],[-157.944996,21.67702],[-157.944311,21.67655],[-157.943515,21.67629],[-157.943135,21.676254],[-157.942371,21.676672],[-157.941282,21.676902],[-157.940829,21.676883],[-157.940556,21.676948],[-157.94037,21.677361],[-157.940074,21.677556],[-157.940246,21.677735],[-157.941194,21.67931],[-157.941624,21.680582],[-157.941807,21.68089],[-157.942207,21.681353],[-157.942732,21.681761],[-157.942991,21.682097],[-157.943297,21.682636],[-157.943562,21.683369],[-157.944516,21.684404],[-157.944729,21.684762],[-157.944864,21.685098],[-157.944905,21.685825],[-157.944593,21.686898],[-157.944593,21.68713],[-157.944704,21.687388],[-157.945323,21.687978],[-157.946961,21.688782],[-157.947727,21.689245],[-157.948369,21.689801],[-157.948658,21.690181],[-157.948846,21.691123],[-157.949594,21.692285],[-157.949742,21.692351],[-157.949918,21.692301],[-157.95006,21.692665],[-157.951061,21.693733],[-157.951374,21.693898],[-157.952169,21.694559],[-157.952864,21.694967],[-157.954602,21.69652],[-157.955722,21.697406],[-157.956028,21.697918],[-157.956523,21.698441],[-157.956741,21.698887],[-157.957012,21.699163],[-157.95789,21.70109],[-157.95891,21.702174],[-157.95924,21.702373],[-157.959622,21.702373],[-157.959811,21.702538],[-157.960135,21.702549],[-157.961343,21.703045],[-157.962363,21.703733],[-157.963011,21.703964],[-157.963447,21.7043],[-157.963777,21.704785],[-157.963959,21.706244],[-157.964348,21.706712],[-157.965056,21.707064],[-157.965203,21.707224],[-157.965303,21.707549],[-157.965698,21.707785],[-157.965833,21.708154],[-157.965556,21.708463],[-157.965869,21.708633],[-157.966081,21.708887],[-157.966063,21.709409],[-157.96624,21.70947],[-157.966376,21.709332],[-157.966782,21.709289],[-157.967212,21.709575],[-157.967784,21.709746],[-157.967896,21.709658],[-157.967808,21.709514],[-157.967908,21.709316],[-157.968503,21.709052],[-157.968916,21.709195],[-157.969263,21.708997],[-157.969823,21.709344],[-157.97033,21.709498],[-157.970972,21.70957],[-157.971715,21.709807],[-157.972828,21.709669],[-157.974331,21.710066],[-157.975292,21.709851],[-157.97594,21.709493],[-157.976641,21.7093],[-157.978067,21.70924],[-157.979164,21.709344],[-157.979576,21.709482],[-157.980136,21.709834],[-157.980766,21.710428],[-157.981421,21.710588],[-157.982175,21.710373],[-157.98254,21.710362],[-157.983324,21.710588],[-157.983572,21.710852],[-157.983672,21.711078],[-157.983619,21.711479],[-157.983701,21.711727],[-157.983401,21.711634],[-157.983206,21.711749],[-157.983442,21.712338],[-157.98369,21.712443],[-157.984308,21.712448],[-157.984361,21.712355],[-157.984238,21.712096],[-157.984261,21.711744],[-157.984084,21.711369],[-157.984467,21.711033],[-157.984414,21.710736],[-157.984155,21.710312],[-157.984208,21.709723],[-157.984444,21.709283],[-157.984656,21.709085],[-157.985239,21.708782],[-157.985375,21.708402],[-157.985781,21.708237],[-157.986512,21.707686],[-157.987272,21.706943],[-157.987891,21.70664],[-157.98891,21.70544],[-157.989464,21.705027],[-157.990077,21.704724],[-157.991768,21.704773],[-157.992251,21.704949],[-157.993188,21.705615],[-157.993836,21.705472],[-157.994255,21.705472],[-157.994773,21.70551],[-157.996011,21.705785],[-157.996406,21.706049],[-157.996459,21.706259],[-157.996406,21.706792],[-157.996548,21.706963],[-157.996742,21.707013],[-157.996642,21.706561],[-157.996701,21.70611],[-157.99749,21.705333],[-157.997791,21.7053],[-157.997909,21.705675],[-157.998221,21.705961],[-157.998374,21.706451],[-157.998698,21.706588],[-157.998869,21.706869],[-157.999076,21.707023],[-157.999504,21.707167],[-157.99875,21.705906],[-157.998658,21.705183],[-157.997765,21.704562],[-157.997577,21.70418],[-157.997563,21.703655],[-157.996842,21.703007],[-157.995822,21.702523],[-157.995227,21.702028],[-157.994372,21.701168],[-157.993968,21.700632],[-157.992575,21.699356],[-157.99243,21.699066],[-157.992754,21.698747],[-157.992565,21.698654],[-157.992567,21.698447],[-157.993101,21.697968],[-157.993177,21.697587],[-157.992943,21.697283],[-157.992916,21.696911],[-157.993404,21.696748],[-157.993791,21.696227],[-157.993735,21.695786],[-157.994302,21.694701],[-157.994583,21.694541],[-157.994805,21.694528],[-157.995101,21.694321],[-157.995138,21.693235],[-157.995286,21.693167],[-157.995287,21.693002],[-157.995511,21.69259],[-157.995424,21.692369],[-157.995573,21.692136],[-157.99578,21.692055],[-157.99593,21.691587],[-157.996079,21.69145],[-157.996379,21.690584],[-157.996706,21.690297],[-157.996825,21.690064],[-157.996652,21.689484],[-157.996714,21.689085],[-157.996907,21.688825],[-157.996891,21.688231],[-157.996749,21.68774],[-157.996788,21.687341],[-157.996948,21.686928],[-157.996814,21.686198],[-157.996909,21.685521],[-157.997074,21.685294],[-157.997076,21.685023],[-157.996798,21.684598],[-157.996387,21.684214],[-157.996101,21.683671],[-157.996105,21.683038],[-157.995923,21.681501],[-157.995681,21.681055],[-157.995276,21.680578],[-157.995358,21.679207],[-157.994857,21.678382],[-157.994496,21.67816],[-157.994235,21.677845],[-157.994778,21.676612],[-157.994895,21.675427],[-157.995115,21.675081],[-157.995582,21.674814],[-157.997067,21.674538],[-157.997266,21.67329],[-157.99766,21.672623],[-157.997681,21.6722],[-157.997493,21.671919],[-157.997477,21.671631],[-157.997605,21.67142],[-157.997896,21.67127],[-157.998628,21.670279],[-157.998793,21.669941],[-157.998888,21.669324],[-157.999098,21.669028],[-157.999417,21.668895],[-157.999509,21.668573],[-157.999524,21.667824],[-157.999998,21.667276],[-157.999874,21.666869],[-157.99957,21.666359],[-157.999622,21.665402],[-158.0002,21.664398],[-158.000976,21.663555]]]]},"properties":{}},{"type":"Feature","id":473,"geometry":{"type":"MultiPolygon","coordinates":[[[[-158.014405,21.692542],[-158.014323,21.690374],[-158.013938,21.690101],[-158.012874,21.688711],[-158.012481,21.687896],[-158.012286,21.6872],[-158.01174,21.686474],[-158.011623,21.686146],[-158.011649,21.685661],[-158.010589,21.685203],[-158.010009,21.685199],[-158.009269,21.685793],[-158.009336,21.684563],[-158.009122,21.683413],[-158.008801,21.682682],[-158.008478,21.68224],[-158.007647,21.681854],[-158.006814,21.681824],[-158.005881,21.68111],[-158.005662,21.68058],[-158.005593,21.680055],[-158.00607,21.679279],[-158.006163,21.678907],[-158.006401,21.678552],[-158.006874,21.678233],[-158.007365,21.67805],[-158.00741,21.676746],[-158.007075,21.676058],[-158.007178,21.675155],[-158.006899,21.674693],[-158.005998,21.673858],[-158.005577,21.671942],[-158.005712,21.670655],[-158.005557,21.669553],[-158.005162,21.668907],[-158.004783,21.668702],[-158.004586,21.66848],[-158.004575,21.667328],[-158.004379,21.666853],[-158.003549,21.666357],[-158.003315,21.666135],[-158.002637,21.664606],[-158.002226,21.664375],[-158.002154,21.663723],[-158.001665,21.663601],[-158.000976,21.663555],[-158.0002,21.664398],[-157.999622,21.665402],[-157.99957,21.666359],[-157.999874,21.666869],[-157.999998,21.667276],[-157.999524,21.667824],[-157.999509,21.668573],[-157.999417,21.668895],[-157.999098,21.669028],[-157.998888,21.669324],[-157.998793,21.669941],[-157.998628,21.670279],[-157.997896,21.67127],[-157.997605,21.67142],[-157.997477,21.671631],[-157.997493,21.671919],[-157.997681,21.6722],[-157.99766,21.672623],[-157.997266,21.67329],[-157.997067,21.674538],[-157.995582,21.674814],[-157.995115,21.675081],[-157.994895,21.675427],[-157.994778,21.676612],[-157.994235,21.677845],[-157.994496,21.67816],[-157.994857,21.678382],[-157.995358,21.679207],[-157.995276,21.680578],[-157.995681,21.681055],[-157.995923,21.681501],[-157.996105,21.683038],[-157.996101,21.683671],[-157.996387,21.684214],[-157.996798,21.684598],[-157.997076,21.685023],[-157.997074,21.685294],[-157.996909,21.685521],[-157.996814,21.686198],[-157.996948,21.686928],[-157.996788,21.687341],[-157.996749,21.68774],[-157.996891,21.688231],[-157.996907,21.688825],[-157.996714,21.689085],[-157.996652,21.689484],[-157.996825,21.690064],[-157.996706,21.690297],[-157.996379,21.690584],[-157.996079,21.69145],[-157.99593,21.691587],[-157.99578,21.692055],[-157.995573,21.692136],[-157.995424,21.692369],[-157.995511,21.69259],[-157.995287,21.693002],[-157.995286,21.693167],[-157.995138,21.693235],[-157.995101,21.694321],[-157.994805,21.694528],[-157.994583,21.694541],[-157.994302,21.694701],[-157.993735,21.695786],[-157.993791,21.696227],[-157.993404,21.696748],[-157.992916,21.696911],[-157.992943,21.697283],[-157.993177,21.697587],[-157.993101,21.697968],[-157.992567,21.698447],[-157.992565,21.698654],[-157.992754,21.698747],[-157.99243,21.699066],[-157.992575,21.699356],[-157.993968,21.700632],[-157.994372,21.701168],[-157.995227,21.702028],[-157.995822,21.702523],[-157.996842,21.703007],[-157.997563,21.703655],[-157.997577,21.70418],[-157.997765,21.704562],[-157.998658,21.705183],[-157.99875,21.705906],[-157.999524,21.707166],[-157.999624,21.707056],[-157.999624,21.706891],[-157.999435,21.706038],[-157.999653,21.705267],[-157.99957,21.704733],[-157.999376,21.704546],[-157.998562,21.704249],[-157.998503,21.703737],[-157.998692,21.703016],[-157.998975,21.702432],[-157.999481,21.701623],[-157.999864,21.701243],[-158.000117,21.700846],[-158.000441,21.700587],[-158.000736,21.700053],[-158.000842,21.699976],[-158.001496,21.69991],[-158.002515,21.69948],[-158.002816,21.69942],[-158.003753,21.699425],[-158.003729,21.699761],[-158.0039,21.700102],[-158.004377,21.699937],[-158.004596,21.700025],[-158.00492,21.699986],[-158.005155,21.700079],[-158.005562,21.700079],[-158.006204,21.700343],[-158.006611,21.700365],[-158.008131,21.700112],[-158.008667,21.700117],[-158.008862,21.700221],[-158.009086,21.700854],[-158.009198,21.700909],[-158.009434,21.700326],[-158.009392,21.699588],[-158.00908,21.699374],[-158.008956,21.699187],[-158.008473,21.699231],[-158.008302,21.699165],[-158.008125,21.698967],[-158.008066,21.698444],[-158.008166,21.697877],[-158.009203,21.696731],[-158.009768,21.696291],[-158.010858,21.695877],[-158.012243,21.695915],[-158.012685,21.696097],[-158.013157,21.696565],[-158.013162,21.696774],[-158.012762,21.696923],[-158.012662,21.697039],[-158.012673,21.697226],[-158.013027,21.697699],[-158.012992,21.698134],[-158.013175,21.698255],[-158.013592,21.698337],[-158.013597,21.697686],[-158.013696,21.697325],[-158.013792,21.697326],[-158.013793,21.697236],[-158.014085,21.696876],[-158.014182,21.696877],[-158.014183,21.696696],[-158.01428,21.696697],[-158.014281,21.696516],[-158.014378,21.696426],[-158.014405,21.692542]]]]},"properties":{}},{"type":"Feature","id":474,"geometry":{"type":"MultiPolygon","coordinates":[[[[-158.013592,21.698337],[-158.013717,21.69831],[-158.015066,21.697368],[-158.016927,21.695082],[-158.017664,21.694509],[-158.019154,21.693754],[-158.020156,21.692895],[-158.021287,21.692476],[-158.021793,21.691534],[-158.021769,21.691154],[-158.022823,21.690794],[-158.02508,21.688851],[-158.028439,21.687475],[-158.02943,21.686941],[-158.02996,21.686556],[-158.030815,21.685747],[-158.031192,21.68513],[-158.031298,21.684723],[-158.031216,21.684068],[-158.031534,21.683743],[-158.032265,21.682587],[-158.033214,21.68164],[-158.034045,21.68126],[-158.034611,21.681128],[-158.036202,21.680969],[-158.037433,21.681018],[-158.037964,21.680721],[-158.038795,21.67967],[-158.039208,21.678662],[-158.039055,21.6781],[-158.039137,21.677324],[-158.039043,21.676895],[-158.039244,21.676179],[-158.039568,21.675601],[-158.040099,21.675133],[-158.040488,21.674181],[-158.041195,21.67374],[-158.041837,21.673487],[-158.043275,21.672717],[-158.043605,21.672474],[-158.04377,21.672221],[-158.044265,21.671929],[-158.045131,21.671236],[-158.04565,21.671005],[-158.046251,21.670608],[-158.046793,21.670085],[-158.047035,21.669177],[-158.047518,21.668681],[-158.048408,21.66796],[-158.04898,21.667387],[-158.049828,21.666952],[-158.050376,21.666413],[-158.051396,21.66579],[-158.052044,21.665058],[-158.052562,21.664656],[-158.051518,21.66385],[-158.051131,21.663847],[-158.050554,21.663393],[-158.048341,21.661935],[-158.047278,21.661929],[-158.046039,21.661405],[-158.045385,21.661672],[-158.043899,21.661681],[-158.04319,21.662049],[-158.042482,21.662181],[-158.041644,21.662904],[-158.040145,21.662117],[-158.039101,21.661128],[-158.038703,21.661016],[-158.038288,21.660726],[-158.038014,21.659889],[-158.037662,21.659486],[-158.037265,21.659212],[-158.036777,21.659023],[-158.03638,21.658614],[-158.03455,21.65761],[-158.034561,21.655984],[-158.033526,21.654829],[-158.033312,21.654218],[-158.032323,21.653094],[-158.03207,21.652957],[-158.031527,21.652869],[-158.031185,21.65263],[-158.031017,21.651356],[-158.030344,21.65081],[-158.029858,21.650573],[-158.029444,21.650113],[-158.028816,21.649178],[-158.027825,21.648376],[-158.02734,21.647713],[-158.02698,21.647389],[-158.026564,21.647217],[-158.025953,21.646451],[-158.025704,21.645874],[-158.025762,21.645315],[-158.026035,21.644823],[-158.025846,21.644189],[-158.025366,21.643735],[-158.025467,21.643193],[-158.025856,21.642744],[-158.024971,21.641643],[-158.024417,21.6412],[-158.023743,21.640925],[-158.023453,21.640923],[-158.022973,21.640468],[-158.022877,21.640287],[-158.022975,21.640107],[-158.02288,21.639926],[-158.021727,21.638835],[-158.021244,21.638276],[-158.020591,21.638323],[-158.019126,21.637924],[-158.018764,21.637956],[-158.018399,21.638242],[-158.018054,21.638392],[-158.017782,21.638425],[-158.017285,21.638447],[-158.0169,21.638264],[-158.015548,21.638166],[-158.014447,21.63871],[-158.013922,21.638639],[-158.013227,21.638423],[-158.012838,21.63809],[-158.012768,21.637785],[-158.012557,21.637516],[-158.011303,21.637336],[-158.010273,21.637025],[-158.009819,21.637192],[-158.009364,21.637511],[-158.009121,21.638492],[-158.00742,21.639834],[-158.006617,21.639163],[-158.006401,21.638882],[-158.005769,21.638658],[-158.005189,21.638646],[-158.004844,21.638712],[-158.004537,21.638625],[-158.003595,21.638569],[-158.003377,21.638669],[-158.003085,21.638989],[-158.002722,21.639072],[-158.001417,21.639199],[-158.000892,21.639128],[-158.000187,21.638853],[-157.999697,21.638794],[-157.999357,21.638442],[-157.999014,21.638236],[-157.998734,21.638246],[-157.998309,21.637944],[-157.997605,21.637669],[-157.997119,21.63709],[-157.997067,21.636802],[-157.995954,21.635355],[-157.995703,21.634896],[-157.995281,21.634612],[-157.995163,21.634453],[-157.994917,21.633299],[-157.994672,21.633142],[-157.993885,21.632994],[-157.993368,21.63305],[-157.993198,21.632786],[-157.992721,21.632343],[-157.991869,21.631996],[-157.992094,21.63261],[-157.992517,21.633053],[-157.992564,21.634027],[-157.992875,21.634893],[-157.992879,21.635689],[-157.993081,21.636614],[-157.993042,21.636947],[-157.993357,21.637301],[-157.99388,21.637584],[-157.994167,21.637992],[-157.994657,21.639447],[-157.995301,21.640653],[-157.994843,21.641379],[-157.994694,21.642005],[-157.994671,21.642699],[-157.994883,21.643395],[-157.995504,21.644279],[-157.996035,21.64452],[-157.996271,21.645097],[-157.996912,21.646083],[-157.997488,21.646688],[-157.997921,21.646945],[-157.99797,21.64764],[-157.997822,21.64813],[-157.998185,21.648081],[-157.998402,21.64815],[-157.998509,21.648303],[-157.998775,21.649203],[-157.998828,21.649457],[-157.998609,21.649659],[-157.99864,21.650388],[-157.998728,21.650744],[-157.998455,21.650895],[-157.998327,21.65108],[-157.998359,21.651673],[-157.998753,21.652455],[-157.999059,21.652745],[-157.99936,21.653729],[-157.999108,21.654148],[-157.999105,21.654509],[-157.999676,21.655171],[-157.999815,21.655984],[-157.998834,21.656351],[-157.998687,21.656672],[-157.998647,21.657197],[-157.99884,21.658181],[-157.999075,21.658846],[-157.999412,21.659336],[-157.999744,21.660024],[-158.000254,21.660397],[-158.000451,21.660745],[-157.999899,21.662054],[-158.000332,21.662311],[-158.00062,21.662592],[-158.000781,21.662856],[-158.000815,21.663229],[-158.000976,21.663555],[-158.001665,21.663601],[-158.002154,21.663723],[-158.002226,21.664375],[-158.002637,21.664606],[-158.003315,21.666135],[-158.003549,21.666357],[-158.004379,21.666853],[-158.004575,21.667328],[-158.004586,21.66848],[-158.004783,21.668702],[-158.005163,21.668907],[-158.005557,21.669553],[-158.005712,21.670655],[-158.005577,21.671942],[-158.005998,21.673858],[-158.006899,21.674693],[-158.007178,21.675155],[-158.007075,21.676058],[-158.00741,21.676746],[-158.007365,21.67805],[-158.006874,21.678233],[-158.006401,21.678552],[-158.006163,21.678907],[-158.00607,21.679279],[-158.005593,21.680055],[-158.005662,21.68058],[-158.005881,21.68111],[-158.006814,21.681824],[-158.007647,21.681854],[-158.008478,21.68224],[-158.008801,21.682682],[-158.009122,21.683413],[-158.009337,21.684563],[-158.009269,21.685793],[-158.010009,21.685199],[-158.010589,21.685203],[-158.011649,21.685661],[-158.011623,21.686146],[-158.01174,21.686474],[-158.012286,21.6872],[-158.012481,21.687896],[-158.012874,21.688711],[-158.013938,21.690101],[-158.014323,21.690374],[-158.014405,21.692542],[-158.014378,21.696426],[-158.014281,21.696516],[-158.01428,21.696697],[-158.014183,21.696696],[-158.014182,21.696877],[-158.014085,21.696876],[-158.013793,21.697236],[-158.013792,21.697326],[-158.013696,21.697325],[-158.013597,21.697686],[-158.013592,21.698337]]]]},"properties":{}},{"type":"Feature","id":475,"geometry":{"type":"MultiPolygon","coordinates":[[[[-157.927164,21.66095],[-157.927565,21.661229],[-157.928673,21.661433],[-157.92938,21.661819],[-157.930799,21.662172],[-157.931612,21.6622],[-157.932143,21.662426],[-157.934016,21.663627],[-157.934516,21.664177],[-157.934964,21.664513],[-157.935924,21.665675],[-157.936742,21.667873],[-157.936937,21.668759],[-157.937031,21.669839],[-157.936824,21.67127],[-157.93627,21.6722],[-157.935428,21.672872],[-157.934432,21.673373],[-157.934255,21.673378],[-157.93376,21.673136],[-157.933583,21.672976],[-157.93293,21.673179],[-157.932829,21.673339],[-157.932882,21.673835],[-157.933247,21.673934],[-157.933448,21.674187],[-157.933725,21.674369],[-157.934237,21.67454],[-157.934602,21.674815],[-157.934861,21.675195],[-157.93558,21.67519],[-157.935951,21.675295],[-157.936275,21.674887],[-157.936682,21.675031],[-157.937065,21.675273],[-157.938432,21.67643],[-157.938826,21.676898],[-157.939804,21.677344],[-157.940074,21.677556],[-157.94037,21.677361],[-157.940557,21.676948],[-157.940829,21.676883],[-157.941282,21.676902],[-157.942371,21.676672],[-157.943135,21.676254],[-157.943515,21.67629],[-157.944311,21.67655],[-157.944996,21.67702],[-157.945357,21.677158],[-157.947458,21.677375],[-157.948346,21.677363],[-157.950137,21.676611],[-157.950332,21.676342],[-157.952252,21.676067],[-157.954205,21.675373],[-157.954594,21.675104],[-157.955611,21.675106],[-157.956141,21.674933],[-157.956152,21.673398],[-157.956638,21.67304],[-157.957608,21.672594],[-157.959097,21.671707],[-157.960277,21.671367],[-157.96095,21.671016],[-157.963524,21.668389],[-157.963692,21.667628],[-157.964203,21.667157],[-157.964569,21.666702],[-157.965083,21.66574],[-157.965305,21.664872],[-157.965996,21.664729],[-157.966978,21.664227],[-157.967538,21.664485],[-157.968497,21.664677],[-157.969851,21.664358],[-157.970388,21.663774],[-157.97119,21.663153],[-157.972989,21.662368],[-157.973285,21.661506],[-157.973578,21.661118],[-157.97407,21.660765],[-157.974454,21.660276],[-157.975283,21.659849],[-157.976107,21.659626],[-157.976593,21.659112],[-157.976695,21.658664],[-157.97685,21.658622],[-157.977206,21.658235],[-157.977643,21.657933],[-157.978087,21.657817],[-157.978789,21.657322],[-157.978854,21.657026],[-157.978783,21.656788],[-157.978858,21.656407],[-157.978819,21.655636],[-157.97893,21.655315],[-157.978942,21.654849],[-157.979237,21.654178],[-157.979501,21.653934],[-157.979549,21.653587],[-157.980825,21.652519],[-157.981423,21.652379],[-157.981962,21.651823],[-157.982147,21.65124],[-157.982402,21.651115],[-157.983059,21.650373],[-157.983289,21.649875],[-157.983838,21.64788],[-157.984084,21.647568],[-157.984366,21.647451],[-157.984494,21.647316],[-157.98504,21.645719],[-157.985062,21.643805],[-157.985171,21.643404],[-157.985466,21.642977],[-157.985662,21.642232],[-157.985628,21.641903],[-157.98544,21.641504],[-157.985626,21.640836],[-157.985492,21.640623],[-157.985212,21.64046],[-157.984623,21.640516],[-157.98417,21.640471],[-157.983927,21.640258],[-157.983704,21.639799],[-157.983697,21.639558],[-157.983928,21.638898],[-157.983596,21.638473],[-157.983509,21.637829],[-157.982727,21.636985],[-157.982768,21.636342],[-157.982951,21.636021],[-157.982981,21.635649],[-157.982876,21.635123],[-157.983614,21.634586],[-157.984007,21.634054],[-157.983575,21.633594],[-157.983788,21.633037],[-157.983921,21.632106],[-157.984159,21.631802],[-157.984093,21.630803],[-157.983878,21.630446],[-157.983462,21.63035],[-157.983128,21.630178],[-157.982579,21.62976],[-157.982208,21.629716],[-157.981707,21.628789],[-157.981432,21.627958],[-157.981071,21.627735],[-157.980101,21.627412],[-157.979745,21.627387],[-157.979547,21.627219],[-157.979047,21.627052],[-157.978862,21.62669],[-157.978894,21.626419],[-157.979059,21.6262],[-157.978995,21.625894],[-157.978768,21.625549],[-157.978149,21.625031],[-157.977239,21.624805],[-157.977333,21.624267],[-157.977238,21.623286],[-157.977125,21.622986],[-157.977279,21.622612],[-157.97716,21.62238],[-157.976787,21.622185],[-157.976276,21.621567],[-157.975825,21.62131],[-157.975539,21.620698],[-157.975269,21.62051],[-157.974948,21.61978],[-157.97475,21.619626],[-157.974661,21.619439],[-157.974209,21.619301],[-157.973902,21.619079],[-157.973777,21.618858],[-157.973797,21.618587],[-157.973495,21.617721],[-157.973315,21.617534],[-157.972881,21.617464],[-157.97276,21.616701],[-157.972309,21.616376],[-157.971658,21.61627],[-157.971062,21.616305],[-157.970518,21.616077],[-157.97025,21.615601],[-157.970144,21.615211],[-157.969929,21.614888],[-157.969405,21.614681],[-157.969011,21.613984],[-157.968723,21.613779],[-157.968375,21.613669],[-157.968183,21.613335],[-157.967571,21.612722],[-157.96723,21.611674],[-157.966656,21.610858],[-157.966414,21.60992],[-157.966377,21.60932],[-157.966511,21.608938],[-157.966464,21.607887],[-157.966575,21.607651],[-157.966617,21.606838],[-157.966564,21.60655],[-157.966097,21.60609],[-157.965726,21.605883],[-157.965502,21.605663],[-157.965433,21.605137],[-157.965,21.604982],[-157.96482,21.604828],[-157.964382,21.6047],[-157.964171,21.604401],[-157.963868,21.603688],[-157.963521,21.60343],[-157.963347,21.603091],[-157.962947,21.602704],[-157.96255,21.603019],[-157.962422,21.603272],[-157.962468,21.604339],[-157.962393,21.604695],[-157.962228,21.604999],[-157.962281,21.605219],[-157.962425,21.605288],[-157.96253,21.605847],[-157.962782,21.60612],[-157.962453,21.606507],[-157.962065,21.607538],[-157.962062,21.607928],[-157.962401,21.608777],[-157.962942,21.609102],[-157.963031,21.609238],[-157.962556,21.609845],[-157.962265,21.61003],[-157.962082,21.610249],[-157.961989,21.61057],[-157.962096,21.610892],[-157.962525,21.611606],[-157.962646,21.612454],[-157.962826,21.612642],[-157.962986,21.612981],[-157.963239,21.613085],[-157.963382,21.613323],[-157.963235,21.613643],[-157.963071,21.613795],[-157.962904,21.614421],[-157.963226,21.614982],[-157.963278,21.615219],[-157.963218,21.616066],[-157.963613,21.616576],[-157.963448,21.616863],[-157.963391,21.617235],[-157.963517,21.617523],[-157.963602,21.618033],[-157.96345,21.619048],[-157.963023,21.620536],[-157.963165,21.622238],[-157.96307,21.622831],[-157.962596,21.623285],[-157.962269,21.623469],[-157.962103,21.623773],[-157.961732,21.62499],[-157.961072,21.626113],[-157.96069,21.626398],[-157.960506,21.626736],[-157.96052,21.627278],[-157.960681,21.627635],[-157.96066,21.627965],[-157.960549,21.628312],[-157.960277,21.628411],[-157.959763,21.629391],[-157.959888,21.629612],[-157.959879,21.630831],[-157.960038,21.631357],[-157.959924,21.632221],[-157.960083,21.632679],[-157.960317,21.632867],[-157.959737,21.632982],[-157.959464,21.633115],[-157.959208,21.633436],[-157.958517,21.633872],[-157.958435,21.635209],[-157.95854,21.635718],[-157.958186,21.637037],[-157.958437,21.637445],[-157.958762,21.637515],[-157.958652,21.637752],[-157.958702,21.638413],[-157.957364,21.640454],[-157.956762,21.641128],[-157.956523,21.6416],[-157.956105,21.64175],[-157.95567,21.641714],[-157.955321,21.642225],[-157.955121,21.643128],[-157.955148,21.643794],[-157.954907,21.644504],[-157.954976,21.645097],[-157.954693,21.646654],[-157.954651,21.647416],[-157.954807,21.648399],[-157.954618,21.649482],[-157.954053,21.649953],[-157.953525,21.65022],[-157.953484,21.650931],[-157.953281,21.651438],[-157.953259,21.651963],[-157.953578,21.653015],[-157.952927,21.652808],[-157.952453,21.653245],[-157.950839,21.653422],[-157.949636,21.653391],[-157.949761,21.654668],[-157.949665,21.65543],[-157.949424,21.65601],[-157.948445,21.65772],[-157.946898,21.6578],[-157.94452,21.657768],[-157.943318,21.658641],[-157.942592,21.658721],[-157.941521,21.658985],[-157.941318,21.659509],[-157.941423,21.660018],[-157.940481,21.659995],[-157.939538,21.660175],[-157.939083,21.660375],[-157.938952,21.66082],[-157.938496,21.661387],[-157.938007,21.661401],[-157.937429,21.661042],[-157.935947,21.660541],[-157.934766,21.660957],[-157.934002,21.661884],[-157.932493,21.66206],[-157.930514,21.661682],[-157.92834,21.660795],[-157.927687,21.660762],[-157.927164,21.66095]]]]},"properties":{}},{"type":"Feature","id":477,"geometry":{"type":"MultiPolygon","coordinates":[[[[-157.927438,21.652415],[-157.927738,21.652805],[-157.92851,21.654259],[-157.928769,21.655288],[-157.928763,21.655679],[-157.928568,21.65618],[-157.927602,21.657904],[-157.927631,21.658559],[-157.927354,21.658983],[-157.927354,21.659847],[-157.927112,21.660877],[-157.927164,21.66095],[-157.927687,21.660762],[-157.92834,21.660795],[-157.930514,21.661682],[-157.932493,21.66206],[-157.934002,21.661884],[-157.934766,21.660957],[-157.935947,21.660541],[-157.937429,21.661042],[-157.938007,21.661401],[-157.938496,21.661387],[-157.938952,21.66082],[-157.939083,21.660375],[-157.939538,21.660175],[-157.940481,21.659995],[-157.941423,21.660018],[-157.941318,21.659509],[-157.941521,21.658985],[-157.942592,21.658721],[-157.943318,21.658641],[-157.94452,21.657768],[-157.946898,21.6578],[-157.948445,21.65772],[-157.949424,21.65601],[-157.949665,21.65543],[-157.949761,21.654668],[-157.949636,21.653391],[-157.950839,21.653422],[-157.952453,21.653245],[-157.952927,21.652808],[-157.953578,21.653015],[-157.953259,21.651963],[-157.953281,21.651438],[-157.953484,21.650931],[-157.953525,21.65022],[-157.954053,21.649953],[-157.954618,21.649482],[-157.954807,21.648399],[-157.954651,21.647416],[-157.954693,21.646654],[-157.954976,21.645097],[-157.954907,21.644504],[-157.955148,21.643794],[-157.955121,21.643128],[-157.955321,21.642225],[-157.95567,21.641714],[-157.956105,21.64175],[-157.956523,21.6416],[-157.956762,21.641128],[-157.957364,21.640454],[-157.958702,21.638413],[-157.958652,21.637752],[-157.958762,21.637515],[-157.958437,21.637445],[-157.958186,21.637037],[-157.95854,21.635718],[-157.958435,21.635209],[-157.958517,21.633872],[-157.959208,21.633436],[-157.959464,21.633115],[-157.959737,21.632982],[-157.960317,21.632867],[-157.960083,21.632679],[-157.959924,21.632221],[-157.960038,21.631357],[-157.959879,21.630831],[-157.959888,21.629612],[-157.959763,21.629391],[-157.960277,21.628411],[-157.960549,21.628312],[-157.96066,21.627965],[-157.960681,21.627635],[-157.96052,21.627278],[-157.960506,21.626736],[-157.96069,21.626398],[-157.961072,21.626113],[-157.961732,21.62499],[-157.962103,21.623773],[-157.962269,21.623469],[-157.962596,21.623285],[-157.96307,21.622831],[-157.963165,21.622238],[-157.963023,21.620536],[-157.96345,21.619048],[-157.963602,21.618033],[-157.963517,21.617523],[-157.963391,21.617235],[-157.963448,21.616863],[-157.963613,21.616576],[-157.963218,21.616066],[-157.963278,21.615219],[-157.963226,21.614982],[-157.962904,21.614421],[-157.963071,21.613795],[-157.963235,21.613643],[-157.963382,21.613323],[-157.963239,21.613085],[-157.962986,21.612981],[-157.962826,21.612642],[-157.962646,21.612454],[-157.962525,21.611606],[-157.962096,21.610892],[-157.961989,21.61057],[-157.962082,21.610249],[-157.962265,21.61003],[-157.962556,21.609845],[-157.963031,21.609238],[-157.962942,21.609102],[-157.962401,21.608777],[-157.962062,21.607928],[-157.962065,21.607538],[-157.962453,21.606507],[-157.962782,21.60612],[-157.96253,21.605847],[-157.962425,21.605288],[-157.962281,21.605219],[-157.962228,21.604999],[-157.962393,21.604695],[-157.962468,21.604339],[-157.962422,21.603272],[-157.96255,21.603019],[-157.962947,21.602704],[-157.962413,21.601892],[-157.9622,21.601297],[-157.962132,21.600789],[-157.961954,21.600263],[-157.961941,21.599636],[-157.961761,21.599364],[-157.961235,21.598899],[-157.961133,21.598614],[-157.961118,21.598123],[-157.961011,21.59797],[-157.960649,21.597849],[-157.959768,21.597014],[-157.959461,21.596842],[-157.959081,21.596755],[-157.958828,21.596788],[-157.957962,21.596223],[-157.957455,21.59622],[-157.957199,21.595983],[-157.956677,21.59608],[-157.956022,21.596567],[-157.955837,21.59704],[-157.956033,21.597482],[-157.955758,21.597971],[-157.955607,21.598851],[-157.955856,21.599505],[-157.955817,21.599792],[-157.955454,21.599993],[-157.954455,21.600309],[-157.954126,21.600781],[-157.953779,21.601118],[-157.953596,21.601438],[-157.953122,21.601791],[-157.952501,21.602532],[-157.951956,21.602749],[-157.951371,21.603525],[-157.951242,21.603812],[-157.950842,21.60408],[-157.950585,21.604519],[-157.950359,21.605653],[-157.950321,21.605991],[-157.950426,21.606415],[-157.949617,21.608172],[-157.948339,21.609553],[-157.948209,21.609958],[-157.947715,21.610684],[-157.947387,21.610868],[-157.947241,21.611087],[-157.947094,21.611374],[-157.947074,21.611611],[-157.946801,21.611745],[-157.946072,21.612435],[-157.9451,21.61271],[-157.944819,21.612901],[-157.944089,21.613659],[-157.944121,21.614201],[-157.944027,21.614675],[-157.943257,21.615957],[-157.942759,21.617156],[-157.942684,21.617545],[-157.94181,21.618065],[-157.941554,21.618368],[-157.940881,21.618855],[-157.94022,21.619986],[-157.940055,21.620357],[-157.940137,21.621425],[-157.939943,21.622016],[-157.939577,21.622521],[-157.939628,21.62303],[-157.939569,21.623605],[-157.939274,21.624366],[-157.939142,21.625059],[-157.939118,21.625889],[-157.938842,21.626463],[-157.938909,21.627034],[-157.939161,21.627363],[-157.939213,21.627702],[-157.938973,21.628378],[-157.939168,21.628888],[-157.938812,21.630546],[-157.938828,21.630834],[-157.938516,21.631407],[-157.938422,21.631796],[-157.938436,21.632457],[-157.938019,21.632488],[-157.937746,21.632605],[-157.9374,21.632823],[-157.93698,21.633312],[-157.936545,21.633427],[-157.936011,21.634559],[-157.935629,21.634743],[-157.9355,21.635081],[-157.93557,21.635352],[-157.935696,21.635489],[-157.935881,21.636228],[-157.935494,21.637106],[-157.935292,21.637393],[-157.935144,21.637832],[-157.935123,21.638289],[-157.934848,21.638677],[-157.934949,21.639711],[-157.934852,21.640107],[-157.934172,21.640555],[-157.933711,21.640601],[-157.932335,21.64049],[-157.932367,21.640948],[-157.932108,21.641691],[-157.931842,21.641985],[-157.931628,21.642908],[-157.931153,21.643697],[-157.931093,21.644259],[-157.931733,21.64589],[-157.931766,21.646313],[-157.932034,21.646891],[-157.932806,21.647819],[-157.932515,21.648004],[-157.931792,21.64885],[-157.930532,21.649384],[-157.929849,21.650283],[-157.927438,21.652415]]]]},"properties":{}},{"type":"Feature","id":478,"geometry":{"type":"MultiPolygon","coordinates":[[[[-158.058154,21.65926],[-158.058767,21.658688],[-158.059262,21.657438],[-158.060482,21.656359],[-158.061242,21.655412],[-158.061961,21.65539],[-158.062326,21.655241],[-158.062562,21.655417],[-158.062762,21.655197],[-158.062998,21.655081],[-158.06311,21.654855],[-158.062845,21.653963],[-158.062326,21.653479],[-158.062321,21.653],[-158.062545,21.65284],[-158.062539,21.652581],[-158.062662,21.652345],[-158.062238,21.65208],[-158.062227,21.65197],[-158.062368,21.651805],[-158.061814,21.651678],[-158.061726,21.651513],[-158.061897,21.650913],[-158.062144,21.650935],[-158.062392,21.650852],[-158.062857,21.650159],[-158.062834,21.649883],[-158.06291,21.64974],[-158.063223,21.649691],[-158.06334,21.649597],[-158.063317,21.649322],[-158.063382,21.649305],[-158.063776,21.649603],[-158.063588,21.649751],[-158.063682,21.650236],[-158.063476,21.650742],[-158.063629,21.650737],[-158.063865,21.650296],[-158.063841,21.650027],[-158.063947,21.649581],[-158.063452,21.649201],[-158.063588,21.64914],[-158.063612,21.648755],[-158.063829,21.648633],[-158.063588,21.648496],[-158.063488,21.648512],[-158.063411,21.648699],[-158.063229,21.648683],[-158.06327,21.64849],[-158.063411,21.648331],[-158.063176,21.648149],[-158.063093,21.647907],[-158.063147,21.646982],[-158.06373,21.645489],[-158.06406,21.645324],[-158.064531,21.645638],[-158.064696,21.64566],[-158.064478,21.644955],[-158.064802,21.644289],[-158.064814,21.643744],[-158.064914,21.643292],[-158.064691,21.643061],[-158.064054,21.642978],[-158.063436,21.642664],[-158.062835,21.642218],[-158.062882,21.642014],[-158.061929,21.642109],[-158.061612,21.642226],[-158.061226,21.642224],[-158.060454,21.642039],[-158.058276,21.640954],[-158.056975,21.640506],[-158.053922,21.6391],[-158.049902,21.63884],[-158.048302,21.638448],[-158.047725,21.638173],[-158.046976,21.637452],[-158.046159,21.637752],[-158.04547,21.637765],[-158.04368,21.637297],[-158.042123,21.637119],[-158.037918,21.637264],[-158.035871,21.637235],[-158.034703,21.638482],[-158.034066,21.638952],[-158.033231,21.639218],[-158.032631,21.639588],[-158.032029,21.640143],[-158.030504,21.640676],[-158.02974,21.641095],[-158.028306,21.641544],[-158.026824,21.642478],[-158.026268,21.642718],[-158.025856,21.642744],[-158.025467,21.643193],[-158.025366,21.643735],[-158.025846,21.644189],[-158.026035,21.644823],[-158.028707,21.646535],[-158.030044,21.647051],[-158.030457,21.647663],[-158.031053,21.647971],[-158.033679,21.648139],[-158.035448,21.649149],[-158.037294,21.649397],[-158.038082,21.649681],[-158.03872,21.65032],[-158.039261,21.650662],[-158.039876,21.65086],[-158.041266,21.65163],[-158.043203,21.651777],[-158.043765,21.652424],[-158.043566,21.653416],[-158.043334,21.653912],[-158.044131,21.655588],[-158.04457,21.656138],[-158.044874,21.656664],[-158.045651,21.657008],[-158.046636,21.655997],[-158.048283,21.656153],[-158.048898,21.656518],[-158.049243,21.657062],[-158.050209,21.657158],[-158.050691,21.657341],[-158.051754,21.657347],[-158.052817,21.657263],[-158.054561,21.65664],[-158.055332,21.656915],[-158.055716,21.657279],[-158.055709,21.658363],[-158.057349,21.658914],[-158.058154,21.65926]]]]},"properties":{}},{"type":"Feature","id":479,"geometry":{"type":"MultiPolygon","coordinates":[[[[-157.957199,21.595983],[-157.957041,21.595819],[-157.956867,21.594836],[-157.956669,21.594682],[-157.956347,21.594189],[-157.956441,21.593665],[-157.955963,21.593265],[-157.955224,21.591675],[-157.955398,21.591184],[-157.955011,21.591013],[-157.954795,21.590826],[-157.954524,21.590773],[-157.954077,21.590008],[-157.954224,21.589619],[-157.954087,21.588585],[-157.954179,21.588332],[-157.954508,21.587927],[-157.954601,21.587564],[-157.954495,21.58719],[-157.954207,21.587036],[-157.953971,21.587035],[-157.953829,21.586729],[-157.953868,21.586272],[-157.95378,21.585949],[-157.953215,21.58584],[-157.952783,21.585994],[-157.952455,21.586263],[-157.951862,21.585922],[-157.951294,21.586611],[-157.951364,21.5869],[-157.951233,21.587458],[-157.951229,21.588068],[-157.951425,21.588458],[-157.951708,21.589426],[-157.951634,21.58973],[-157.95172,21.59029],[-157.95168,21.590764],[-157.951839,21.591374],[-157.951709,21.591882],[-157.951723,21.592373],[-157.951883,21.592814],[-157.951914,21.593509],[-157.952273,21.594019],[-157.951375,21.595521],[-157.949429,21.59661],[-157.94899,21.597217],[-157.948709,21.598435],[-157.948323,21.599279],[-157.947035,21.599475],[-157.946906,21.599812],[-157.946358,21.60052],[-157.946136,21.601078],[-157.945929,21.602178],[-157.94549,21.602768],[-157.945249,21.603528],[-157.945102,21.603815],[-157.944645,21.604371],[-157.944589,21.604557],[-157.944714,21.604863],[-157.944542,21.606132],[-157.944683,21.606675],[-157.944584,21.607759],[-157.944637,21.608047],[-157.944305,21.608739],[-157.944086,21.608992],[-157.943795,21.609126],[-157.94332,21.6098],[-157.942902,21.609933],[-157.942447,21.610286],[-157.94215,21.611165],[-157.941981,21.612011],[-157.941722,21.612146],[-157.94143,21.612506],[-157.941211,21.613259],[-157.940444,21.614152],[-157.940172,21.614235],[-157.93975,21.614876],[-157.939187,21.615143],[-157.939004,21.615345],[-157.938785,21.615649],[-157.938729,21.615869],[-157.938418,21.616205],[-157.938416,21.616459],[-157.937847,21.617481],[-157.937209,21.618095],[-157.936965,21.619186],[-157.936453,21.619928],[-157.936303,21.620621],[-157.935939,21.620822],[-157.935717,21.621447],[-157.935176,21.622358],[-157.935227,21.622883],[-157.935167,21.623611],[-157.934984,21.623847],[-157.934745,21.624404],[-157.934434,21.624724],[-157.933324,21.625496],[-157.933375,21.625852],[-157.933137,21.626206],[-157.932536,21.626541],[-157.931855,21.627169],[-157.930838,21.628427],[-157.929657,21.628996],[-157.9294,21.629401],[-157.929105,21.630127],[-157.929193,21.6305],[-157.929135,21.630974],[-157.92926,21.631212],[-157.929208,21.632392],[-157.928624,21.63284],[-157.927562,21.632833],[-157.926663,21.633305],[-157.925238,21.633541],[-157.924849,21.633809],[-157.923495,21.633981],[-157.923105,21.63452],[-157.922269,21.634632],[-157.921327,21.634575],[-157.920687,21.634775],[-157.920206,21.634629],[-157.92021,21.63445],[-157.920401,21.634232],[-157.920635,21.633606],[-157.920488,21.633092],[-157.920393,21.633474],[-157.920215,21.633395],[-157.920278,21.633049],[-157.920056,21.63282],[-157.919663,21.633236],[-157.919185,21.633531],[-157.918908,21.633815],[-157.918708,21.634112],[-157.918614,21.634531],[-157.918625,21.635742],[-157.91879,21.636673],[-157.918182,21.639426],[-157.918111,21.64045],[-157.918482,21.641359],[-157.918923,21.642978],[-157.918964,21.643799],[-157.918893,21.644272],[-157.91854,21.645247],[-157.918192,21.646695],[-157.918038,21.647003],[-157.917726,21.647361],[-157.917467,21.647515],[-157.916306,21.647564],[-157.914722,21.647861],[-157.914345,21.64786],[-157.914168,21.647943],[-157.91329,21.648003],[-157.912636,21.64814],[-157.912224,21.648382],[-157.912218,21.648454],[-157.912654,21.648493],[-157.913485,21.648378],[-157.913602,21.648493],[-157.913761,21.648427],[-157.914097,21.648593],[-157.91402,21.648752],[-157.91405,21.648873],[-157.914521,21.648967],[-157.91544,21.64899],[-157.915923,21.648891],[-157.918067,21.648963],[-157.919858,21.648821],[-157.92096,21.648601],[-157.921979,21.648195],[-157.922226,21.648189],[-157.922638,21.648927],[-157.923728,21.650337],[-157.924587,21.650888],[-157.925277,21.651119],[-157.925824,21.651477],[-157.926879,21.651946],[-157.927438,21.652415],[-157.929849,21.650283],[-157.930532,21.649384],[-157.931792,21.64885],[-157.932515,21.648004],[-157.932806,21.647819],[-157.932034,21.646891],[-157.931766,21.646313],[-157.931733,21.64589],[-157.931093,21.644259],[-157.931153,21.643697],[-157.931628,21.642908],[-157.931842,21.641985],[-157.932108,21.641691],[-157.932367,21.640948],[-157.932335,21.64049],[-157.933711,21.640601],[-157.934172,21.640555],[-157.934852,21.640107],[-157.934949,21.639711],[-157.934848,21.638677],[-157.935123,21.638289],[-157.935144,21.637832],[-157.935292,21.637393],[-157.935494,21.637106],[-157.935881,21.636228],[-157.935696,21.635489],[-157.93557,21.635352],[-157.9355,21.635081],[-157.935629,21.634743],[-157.936011,21.634559],[-157.936545,21.633427],[-157.93698,21.633312],[-157.9374,21.632823],[-157.937746,21.632605],[-157.938019,21.632488],[-157.938436,21.632457],[-157.938422,21.631796],[-157.938516,21.631407],[-157.938828,21.630834],[-157.938812,21.630546],[-157.939168,21.628888],[-157.938973,21.628378],[-157.939213,21.627702],[-157.939161,21.627363],[-157.938909,21.627034],[-157.938842,21.626463],[-157.939118,21.625889],[-157.939142,21.625059],[-157.939274,21.624366],[-157.939569,21.623605],[-157.939628,21.62303],[-157.939577,21.622521],[-157.939943,21.622016],[-157.940137,21.621425],[-157.940055,21.620357],[-157.94022,21.619986],[-157.940881,21.618855],[-157.941554,21.618368],[-157.94181,21.618065],[-157.942684,21.617545],[-157.942759,21.617156],[-157.943257,21.615957],[-157.944027,21.614675],[-157.944121,21.614201],[-157.944089,21.613659],[-157.944819,21.612901],[-157.9451,21.61271],[-157.946072,21.612435],[-157.946801,21.611745],[-157.947074,21.611611],[-157.947094,21.611374],[-157.947241,21.611087],[-157.947387,21.610868],[-157.947715,21.610684],[-157.948209,21.609958],[-157.948339,21.609553],[-157.949617,21.608172],[-157.950426,21.606415],[-157.950321,21.605991],[-157.95036,21.605653],[-157.950585,21.604519],[-157.950842,21.60408],[-157.951242,21.603812],[-157.951371,21.603525],[-157.951956,21.602749],[-157.952501,21.602532],[-157.953122,21.601791],[-157.953596,21.601438],[-157.953779,21.601118],[-157.954126,21.600781],[-157.954455,21.600309],[-157.955454,21.599993],[-157.955817,21.599792],[-157.955856,21.599505],[-157.955607,21.598851],[-157.955758,21.597971],[-157.956033,21.597482],[-157.955837,21.59704],[-157.955875,21.596854],[-157.956022,21.596567],[-157.956386,21.596247],[-157.956677,21.59608],[-157.957199,21.595983]]]]},"properties":{}},{"type":"Feature","id":480,"geometry":{"type":"MultiPolygon","coordinates":[[[[-158.062882,21.642014],[-158.06313,21.641359],[-158.063354,21.641177],[-158.063625,21.640748],[-158.064073,21.640318],[-158.064402,21.640109],[-158.065216,21.639217],[-158.065763,21.63876],[-158.066146,21.638639],[-158.066382,21.638782],[-158.066612,21.638402],[-158.06733,21.638204],[-158.06789,21.638248],[-158.068261,21.63838],[-158.068343,21.638149],[-158.068732,21.637967],[-158.068821,21.637852],[-158.068897,21.637334],[-158.068809,21.636833],[-158.068903,21.636503],[-158.068833,21.635963],[-158.069204,21.635583],[-158.069263,21.635346],[-158.069422,21.635231],[-158.069551,21.63484],[-158.069781,21.634537],[-158.069699,21.634151],[-158.070229,21.633617],[-158.070423,21.633546],[-158.070582,21.633639],[-158.070706,21.633496],[-158.070582,21.633314],[-158.070936,21.633089],[-158.071195,21.633066],[-158.071372,21.633138],[-158.071542,21.633391],[-158.071825,21.633551],[-158.071896,21.633518],[-158.071909,21.633429],[-158.071335,21.632886],[-158.071045,21.632884],[-158.07095,21.632703],[-158.070756,21.632702],[-158.070757,21.632611],[-158.070564,21.63261],[-158.070468,21.632519],[-158.06931,21.632332],[-158.068733,21.631787],[-158.068058,21.631603],[-158.067195,21.630604],[-158.066422,21.6306],[-158.065651,21.630234],[-158.064209,21.629232],[-158.063436,21.629228],[-158.061512,21.627953],[-158.060744,21.627135],[-158.059879,21.626408],[-158.058721,21.62613],[-158.057763,21.62486],[-158.056323,21.623497],[-158.05478,21.623127],[-158.054493,21.622583],[-158.054499,21.62177],[-158.054113,21.621587],[-158.050441,21.621747],[-158.049763,21.621257],[-158.049579,21.620568],[-158.048711,21.620292],[-158.047816,21.619823],[-158.045171,21.619918],[-158.044051,21.619437],[-158.042352,21.618903],[-158.041573,21.618763],[-158.040123,21.618706],[-158.039728,21.618447],[-158.03945,21.61816],[-158.038584,21.617704],[-158.038201,21.61725],[-158.037726,21.617131],[-158.036658,21.616699],[-158.036178,21.616334],[-158.035905,21.615825],[-158.035309,21.615601],[-158.034842,21.615005],[-158.034352,21.614788],[-158.032717,21.613785],[-158.032235,21.613601],[-158.030398,21.613771],[-158.029465,21.614432],[-158.028116,21.613001],[-158.027016,21.612283],[-158.025896,21.611853],[-158.025777,21.611305],[-158.024954,21.609188],[-158.024635,21.608769],[-158.024639,21.608136],[-158.024748,21.607425],[-158.024643,21.6069],[-158.024456,21.606599],[-158.023784,21.606053],[-158.023206,21.605779],[-158.022626,21.605776],[-158.022146,21.605321],[-158.021894,21.604877],[-158.021408,21.604366],[-158.021034,21.603517],[-158.020366,21.603191],[-158.020059,21.602935],[-158.019863,21.602579],[-158.019126,21.601727],[-158.017624,21.601481],[-158.017408,21.601226],[-158.017321,21.600785],[-158.016908,21.600291],[-158.016205,21.599796],[-158.015712,21.599682],[-158.015502,21.599182],[-158.015822,21.597695],[-158.015342,21.597241],[-158.014668,21.596966],[-158.013996,21.596329],[-158.013767,21.595962],[-158.013133,21.595958],[-158.010257,21.595492],[-158.009589,21.595065],[-158.009065,21.59496],[-158.008596,21.594942],[-158.008122,21.595141],[-158.007163,21.594966],[-158.005406,21.595074],[-158.005007,21.595156],[-158.004249,21.594694],[-158.003905,21.594726],[-158.003668,21.594894],[-158.003197,21.594925],[-158.001949,21.594663],[-158.000675,21.594895],[-158.000225,21.595203],[-157.999718,21.595183],[-157.998547,21.595424],[-157.998258,21.595241],[-157.997857,21.594495],[-157.997555,21.59368],[-157.997375,21.593476],[-157.995951,21.5924],[-157.99559,21.592313],[-157.994845,21.592596],[-157.994322,21.592339],[-157.993931,21.592325],[-157.993397,21.59252],[-157.992575,21.592949],[-157.992272,21.592818],[-157.992111,21.592444],[-157.991902,21.592493],[-157.991226,21.592399],[-157.990842,21.592035],[-157.990539,21.592011],[-157.989959,21.592109],[-157.98938,21.591903],[-157.988818,21.592052],[-157.9877,21.591367],[-157.986722,21.591345],[-157.986125,21.591172],[-157.985923,21.591011],[-157.985537,21.591009],[-157.984275,21.591618],[-157.982718,21.591473],[-157.981957,21.59157],[-157.981775,21.59167],[-157.981486,21.591567],[-157.980713,21.590817],[-157.979519,21.590572],[-157.979231,21.590333],[-157.979016,21.589909],[-157.978675,21.589585],[-157.977447,21.588967],[-157.97714,21.588948],[-157.97678,21.588607],[-157.976419,21.588402],[-157.975894,21.588331],[-157.975422,21.588481],[-157.974625,21.58851],[-157.974191,21.588439],[-157.973067,21.588618],[-157.971672,21.588627],[-157.971507,21.588931],[-157.971216,21.5892],[-157.970888,21.589367],[-157.970363,21.589415],[-157.970018,21.589531],[-157.969163,21.590051],[-157.968566,21.590014],[-157.968345,21.590419],[-157.967891,21.590585],[-157.96706,21.590309],[-157.966917,21.590071],[-157.966555,21.590035],[-157.96643,21.589729],[-157.965561,21.58969],[-157.965253,21.589824],[-157.964925,21.590093],[-157.964093,21.591058],[-157.963556,21.59149],[-157.962756,21.591908],[-157.962395,21.591805],[-157.961743,21.59175],[-157.960985,21.591355],[-157.959463,21.591566],[-157.958663,21.591968],[-157.95781,21.59156],[-157.957325,21.591587],[-157.956842,21.590821],[-157.956463,21.590582],[-157.955982,21.590555],[-157.954863,21.588912],[-157.954721,21.588606],[-157.954705,21.588284],[-157.954508,21.587927],[-157.954179,21.588332],[-157.954087,21.588585],[-157.954224,21.589619],[-157.954077,21.590008],[-157.954524,21.590773],[-157.954795,21.590826],[-157.955011,21.591013],[-157.955398,21.591184],[-157.955224,21.591675],[-157.955963,21.593265],[-157.956441,21.593665],[-157.956347,21.594189],[-157.956669,21.594682],[-157.956867,21.594836],[-157.957041,21.595819],[-157.957455,21.59622],[-157.957962,21.596223],[-157.958828,21.596788],[-157.959081,21.596755],[-157.959461,21.596842],[-157.959768,21.597014],[-157.960649,21.597849],[-157.961011,21.59797],[-157.961118,21.598123],[-157.961133,21.598614],[-157.961235,21.598899],[-157.961761,21.599364],[-157.961941,21.599636],[-157.961954,21.600263],[-157.962132,21.600789],[-157.9622,21.601297],[-157.962413,21.601892],[-157.962646,21.602266],[-157.962947,21.602704],[-157.963347,21.603091],[-157.963521,21.60343],[-157.963868,21.603688],[-157.964171,21.604401],[-157.964382,21.6047],[-157.96482,21.604828],[-157.965,21.604982],[-157.965433,21.605137],[-157.965502,21.605663],[-157.965726,21.605883],[-157.966097,21.60609],[-157.966564,21.60655],[-157.966617,21.606838],[-157.966575,21.607651],[-157.966464,21.607887],[-157.966511,21.608938],[-157.966377,21.60932],[-157.966414,21.60992],[-157.966656,21.610858],[-157.96723,21.611674],[-157.967571,21.612722],[-157.968183,21.613335],[-157.968375,21.613669],[-157.968723,21.613779],[-157.969011,21.613984],[-157.969405,21.614681],[-157.969929,21.614888],[-157.970144,21.615211],[-157.97025,21.615601],[-157.970518,21.616077],[-157.971062,21.616305],[-157.971658,21.61627],[-157.972309,21.616376],[-157.97276,21.616701],[-157.972881,21.617464],[-157.973315,21.617534],[-157.973495,21.617721],[-157.973797,21.618587],[-157.973777,21.618858],[-157.973902,21.619079],[-157.974209,21.619301],[-157.974661,21.619439],[-157.97475,21.619626],[-157.974948,21.61978],[-157.975269,21.62051],[-157.975539,21.620698],[-157.975825,21.62131],[-157.976276,21.621567],[-157.976787,21.622185],[-157.97716,21.62238],[-157.977279,21.622612],[-157.977125,21.622986],[-157.977238,21.623286],[-157.977333,21.624267],[-157.977239,21.624805],[-157.978149,21.625031],[-157.978768,21.625549],[-157.978995,21.625894],[-157.979059,21.6262],[-157.978894,21.626419],[-157.978862,21.62669],[-157.979047,21.627052],[-157.979547,21.627219],[-157.979745,21.627387],[-157.98073,21.626858],[-157.982552,21.626657],[-157.982742,21.626735],[-157.982939,21.62699],[-157.98394,21.627648],[-157.984527,21.627855],[-157.984908,21.627773],[-157.985088,21.627986],[-157.985466,21.62877],[-157.985549,21.629377],[-157.986133,21.630129],[-157.986395,21.630208],[-157.986512,21.630383],[-157.986644,21.630887],[-157.986779,21.630973],[-157.987322,21.631002],[-157.987432,21.630833],[-157.987508,21.630351],[-157.988744,21.629825],[-157.988809,21.629579],[-157.989037,21.629369],[-157.989424,21.629336],[-157.989906,21.62952],[-157.990021,21.62979],[-157.990289,21.629974],[-157.990303,21.631003],[-157.990599,21.63136],[-157.990987,21.6316],[-157.991436,21.631697],[-157.991869,21.631996],[-157.992721,21.632343],[-157.993198,21.632786],[-157.993368,21.63305],[-157.993885,21.632994],[-157.994672,21.633142],[-157.994917,21.633299],[-157.995163,21.634453],[-157.995281,21.634612],[-157.995703,21.634896],[-157.995954,21.635355],[-157.997067,21.636802],[-157.997119,21.63709],[-157.997371,21.637413],[-157.997605,21.637669],[-157.998309,21.637944],[-157.998734,21.638246],[-157.999014,21.638236],[-157.999357,21.638442],[-157.999697,21.638794],[-158.000187,21.638853],[-158.000892,21.639128],[-158.001417,21.639199],[-158.003085,21.638989],[-158.003377,21.638669],[-158.003595,21.638569],[-158.004537,21.638625],[-158.004844,21.638712],[-158.005189,21.638646],[-158.005769,21.638658],[-158.006401,21.638882],[-158.006617,21.639163],[-158.00742,21.639834],[-158.009121,21.638492],[-158.009364,21.637511],[-158.009819,21.637192],[-158.010273,21.637025],[-158.011303,21.637336],[-158.012557,21.637516],[-158.012768,21.637785],[-158.012838,21.63809],[-158.013227,21.638423],[-158.013922,21.638639],[-158.014447,21.63871],[-158.015548,21.638166],[-158.0169,21.638264],[-158.017285,21.638447],[-158.017782,21.638425],[-158.018054,21.638392],[-158.018399,21.638242],[-158.018764,21.637956],[-158.019126,21.637924],[-158.020591,21.638323],[-158.021244,21.638276],[-158.021727,21.638835],[-158.02288,21.639926],[-158.022975,21.640107],[-158.022877,21.640287],[-158.022973,21.640468],[-158.023453,21.640923],[-158.023743,21.640925],[-158.024417,21.6412],[-158.024971,21.641643],[-158.025856,21.642744],[-158.026268,21.642718],[-158.026824,21.642478],[-158.028306,21.641544],[-158.02974,21.641095],[-158.030504,21.640676],[-158.032029,21.640143],[-158.032631,21.639588],[-158.033231,21.639218],[-158.034066,21.638952],[-158.034703,21.638482],[-158.035871,21.637235],[-158.037918,21.637264],[-158.042123,21.637119],[-158.04368,21.637297],[-158.04547,21.637765],[-158.046159,21.637752],[-158.046976,21.637452],[-158.047725,21.638173],[-158.048302,21.638448],[-158.049902,21.63884],[-158.053922,21.6391],[-158.056975,21.640506],[-158.058276,21.640954],[-158.060454,21.642039],[-158.061226,21.642224],[-158.061612,21.642226],[-158.061929,21.642109],[-158.062882,21.642014]]]]},"properties":{}},{"type":"Feature","id":481,"geometry":{"type":"MultiPolygon","coordinates":[[[[-157.952273,21.594019],[-157.951914,21.593509],[-157.951883,21.592814],[-157.951723,21.592373],[-157.951709,21.591882],[-157.951839,21.591374],[-157.95168,21.590764],[-157.95172,21.59029],[-157.951634,21.58973],[-157.951708,21.589426],[-157.951425,21.588458],[-157.951229,21.588068],[-157.951233,21.587458],[-157.951364,21.5869],[-157.951294,21.586611],[-157.951862,21.585922],[-157.951338,21.585553],[-157.950507,21.585192],[-157.950218,21.58519],[-157.949843,21.584645],[-157.949031,21.583963],[-157.948834,21.583708],[-157.948495,21.582994],[-157.947316,21.583224],[-157.9469,21.583103],[-157.946594,21.582898],[-157.94638,21.582456],[-157.94462,21.582834],[-157.944259,21.582713],[-157.942888,21.581985],[-157.94261,21.582864],[-157.942494,21.583795],[-157.942813,21.584779],[-157.94279,21.584962],[-157.942537,21.585455],[-157.94208,21.586011],[-157.941893,21.58684],[-157.941565,21.587075],[-157.941436,21.587362],[-157.94136,21.587853],[-157.941718,21.588397],[-157.941843,21.588737],[-157.941804,21.589109],[-157.941202,21.589647],[-157.940927,21.590086],[-157.940868,21.590712],[-157.940932,21.591898],[-157.941161,21.592848],[-157.940438,21.595113],[-157.939761,21.596007],[-157.939669,21.59626],[-157.940025,21.597143],[-157.939838,21.597955],[-157.939835,21.598328],[-157.939976,21.598837],[-157.940562,21.59913],[-157.940496,21.599568],[-157.940597,21.600585],[-157.939251,21.601339],[-157.938471,21.601571],[-157.938178,21.60201],[-157.937304,21.602648],[-157.936957,21.603086],[-157.936337,21.603607],[-157.936153,21.604029],[-157.935569,21.604568],[-157.93475,21.605172],[-157.934114,21.605422],[-157.933291,21.606501],[-157.932849,21.607446],[-157.932884,21.607582],[-157.932628,21.607919],[-157.931779,21.607643],[-157.931452,21.607776],[-157.930932,21.608193],[-157.930631,21.608601],[-157.930538,21.608905],[-157.929475,21.610626],[-157.929578,21.611355],[-157.928414,21.612042],[-157.928099,21.61242],[-157.927625,21.613324],[-157.927404,21.613899],[-157.927365,21.614203],[-157.926797,21.615097],[-157.925941,21.615718],[-157.925722,21.616005],[-157.925459,21.616739],[-157.925385,21.617408],[-157.925131,21.617508],[-157.92493,21.617693],[-157.924964,21.618066],[-157.924779,21.618607],[-157.924609,21.619521],[-157.92448,21.619791],[-157.924207,21.620009],[-157.923443,21.620377],[-157.923147,21.621188],[-157.92336,21.621875],[-157.923175,21.622298],[-157.923224,21.623094],[-157.922896,21.623498],[-157.92264,21.623632],[-157.922092,21.624205],[-157.921384,21.624488],[-157.920956,21.624569],[-157.92028,21.624564],[-157.920086,21.624654],[-157.919765,21.625147],[-157.920471,21.625687],[-157.920813,21.626161],[-157.921078,21.626266],[-157.921007,21.626497],[-157.921178,21.627042],[-157.921201,21.627736],[-157.921354,21.628122],[-157.921089,21.628413],[-157.921024,21.628843],[-157.920465,21.628843],[-157.920294,21.629052],[-157.920359,21.629399],[-157.9208,21.629834],[-157.920993,21.630177],[-157.921001,21.630407],[-157.920985,21.630782],[-157.920759,21.631569],[-157.920166,21.632658],[-157.920445,21.632919],[-157.920593,21.632631],[-157.920749,21.632573],[-157.92079,21.63262],[-157.920488,21.633092],[-157.920635,21.633606],[-157.920401,21.634232],[-157.92021,21.63445],[-157.920206,21.634629],[-157.920687,21.634775],[-157.921327,21.634575],[-157.922269,21.634632],[-157.923105,21.63452],[-157.923495,21.633981],[-157.924849,21.633809],[-157.925238,21.633541],[-157.926663,21.633305],[-157.927562,21.632833],[-157.928624,21.63284],[-157.929208,21.632392],[-157.92926,21.631212],[-157.929135,21.630974],[-157.929193,21.6305],[-157.929105,21.630127],[-157.9294,21.629401],[-157.929657,21.628996],[-157.930838,21.628427],[-157.931855,21.627169],[-157.932536,21.626541],[-157.933137,21.626206],[-157.933375,21.625852],[-157.933324,21.625496],[-157.934434,21.624724],[-157.934745,21.624404],[-157.934984,21.623847],[-157.935167,21.623611],[-157.935227,21.622883],[-157.935176,21.622358],[-157.935717,21.621447],[-157.935939,21.620822],[-157.936303,21.620621],[-157.936453,21.619928],[-157.936965,21.619186],[-157.937209,21.618095],[-157.937847,21.617481],[-157.938416,21.616459],[-157.938418,21.616205],[-157.938729,21.615869],[-157.938785,21.615649],[-157.939004,21.615345],[-157.939187,21.615143],[-157.93975,21.614876],[-157.940172,21.614235],[-157.940444,21.614152],[-157.941211,21.613259],[-157.94143,21.612506],[-157.941722,21.612146],[-157.941981,21.612011],[-157.94215,21.611165],[-157.942447,21.610286],[-157.942902,21.609933],[-157.94332,21.6098],[-157.943795,21.609126],[-157.944086,21.608992],[-157.944305,21.608739],[-157.944637,21.608047],[-157.944584,21.607759],[-157.944683,21.606675],[-157.944542,21.606132],[-157.944714,21.604863],[-157.944589,21.604557],[-157.944645,21.604371],[-157.945102,21.603815],[-157.945249,21.603528],[-157.94549,21.602768],[-157.945929,21.602178],[-157.946136,21.601078],[-157.946358,21.60052],[-157.946906,21.599812],[-157.947035,21.599475],[-157.948323,21.599279],[-157.948709,21.598435],[-157.94899,21.597217],[-157.949429,21.59661],[-157.951375,21.595521],[-157.952273,21.594019]]]]},"properties":{}},{"type":"Feature","id":482,"geometry":{"type":"MultiPolygon","coordinates":[[[[-158.071909,21.633429],[-158.071978,21.633364],[-158.072114,21.633474],[-158.072184,21.633447],[-158.07209,21.633177],[-158.07156,21.632978],[-158.071383,21.632786],[-158.07136,21.632125],[-158.071602,21.631563],[-158.072556,21.630258],[-158.07278,21.630203],[-158.072962,21.630264],[-158.073098,21.630115],[-158.073015,21.629768],[-158.073375,21.629427],[-158.073646,21.628848],[-158.073946,21.628661],[-158.074099,21.628067],[-158.074624,21.627637],[-158.075348,21.627318],[-158.075601,21.626987],[-158.07579,21.626503],[-158.076827,21.625451],[-158.077439,21.625027],[-158.077952,21.624966],[-158.07814,21.624658],[-158.078794,21.624377],[-158.079783,21.624041],[-158.080631,21.623997],[-158.081103,21.623805],[-158.081291,21.623595],[-158.081521,21.623111],[-158.081686,21.622549],[-158.08211,21.621899],[-158.082443,21.62157],[-158.08285,21.621526],[-158.083398,21.621284],[-158.083563,21.621311],[-158.083692,21.621185],[-158.084204,21.621003],[-158.084334,21.620997],[-158.084723,21.621174],[-158.084699,21.620849],[-158.085347,21.620458],[-158.0854,21.619935],[-158.085494,21.619858],[-158.085836,21.619819],[-158.085854,21.619665],[-158.085524,21.619334],[-158.085595,21.619114],[-158.085883,21.618756],[-158.087326,21.61744],[-158.088875,21.616548],[-158.090165,21.615188],[-158.091443,21.614686],[-158.091991,21.614312],[-158.092792,21.613948],[-158.093999,21.613596],[-158.094517,21.613557],[-158.094918,21.613365],[-158.095283,21.612874],[-158.095536,21.611955],[-158.095907,21.611459],[-158.096184,21.610633],[-158.096767,21.610115],[-158.097738,21.609427],[-158.098416,21.609075],[-158.099317,21.608788],[-158.099994,21.608783],[-158.10023,21.608694],[-158.10093,21.60794],[-158.101978,21.607307],[-158.102414,21.60696],[-158.102614,21.606552],[-158.103733,21.605241],[-158.104982,21.604691],[-158.105747,21.604057],[-158.106784,21.60376],[-158.106996,21.603468],[-158.107761,21.602912],[-158.106883,21.602997],[-158.103405,21.603069],[-158.101883,21.603422],[-158.098139,21.605485],[-158.09196,21.610324],[-158.09052,21.608871],[-158.088781,21.608861],[-158.086862,21.606863],[-158.085217,21.606498],[-158.080489,21.606377],[-158.079044,21.605646],[-158.077989,21.604556],[-158.077607,21.603741],[-158.076943,21.603099],[-158.076648,21.602651],[-158.076072,21.602196],[-158.075374,21.601972],[-158.073183,21.600644],[-158.072122,21.600458],[-158.069344,21.598906],[-158.068295,21.59868],[-158.0671,21.598623],[-158.064053,21.599148],[-158.060755,21.5994],[-158.059869,21.598131],[-158.058735,21.598093],[-158.058124,21.597344],[-158.05804,21.597036],[-158.057514,21.596477],[-158.054668,21.595662],[-158.052489,21.594941],[-158.051681,21.594561],[-158.050971,21.594424],[-158.049164,21.593821],[-158.048118,21.592914],[-158.045612,21.592087],[-158.043292,21.592345],[-158.042327,21.592158],[-158.041951,21.591747],[-158.041658,21.59107],[-158.040886,21.590885],[-158.035327,21.59098],[-158.034705,21.590759],[-158.03442,21.590125],[-158.034063,21.590329],[-158.033013,21.590408],[-158.032388,21.590565],[-158.03056,21.591461],[-158.029563,21.591641],[-158.028891,21.591891],[-158.02822,21.59204],[-158.027547,21.59251],[-158.026388,21.592537],[-158.024838,21.59287],[-158.022617,21.592767],[-158.022229,21.593035],[-158.021447,21.593187],[-158.020503,21.593554],[-158.019957,21.593923],[-158.019709,21.594285],[-158.018444,21.595354],[-158.018153,21.595812],[-158.017534,21.595993],[-158.016846,21.595938],[-158.015745,21.595491],[-158.014639,21.59562],[-158.013767,21.595962],[-158.013996,21.596329],[-158.014668,21.596966],[-158.015342,21.597241],[-158.015822,21.597695],[-158.015502,21.599182],[-158.015712,21.599682],[-158.016205,21.599796],[-158.016908,21.600291],[-158.017321,21.600785],[-158.017408,21.601226],[-158.017624,21.601481],[-158.019126,21.601727],[-158.019863,21.602579],[-158.020059,21.602935],[-158.020366,21.603191],[-158.021034,21.603517],[-158.021408,21.604366],[-158.021894,21.604877],[-158.022146,21.605321],[-158.022626,21.605776],[-158.023206,21.605779],[-158.023784,21.606053],[-158.024456,21.606599],[-158.024643,21.6069],[-158.024748,21.607425],[-158.024639,21.608136],[-158.024635,21.608769],[-158.024954,21.609188],[-158.025777,21.611305],[-158.025896,21.611853],[-158.027016,21.612283],[-158.028116,21.613001],[-158.029465,21.614432],[-158.030398,21.613771],[-158.032235,21.613601],[-158.032717,21.613785],[-158.034352,21.614788],[-158.034842,21.615005],[-158.035309,21.615601],[-158.035905,21.615825],[-158.036178,21.616334],[-158.036658,21.616699],[-158.037726,21.617131],[-158.038201,21.61725],[-158.038584,21.617704],[-158.03945,21.61816],[-158.039728,21.618447],[-158.040123,21.618706],[-158.041573,21.618763],[-158.042352,21.618903],[-158.044051,21.619437],[-158.045171,21.619918],[-158.047816,21.619823],[-158.048711,21.620292],[-158.049579,21.620568],[-158.049763,21.621257],[-158.050441,21.621747],[-158.054113,21.621587],[-158.054499,21.62177],[-158.054493,21.622583],[-158.05478,21.623127],[-158.056323,21.623497],[-158.057763,21.62486],[-158.058721,21.62613],[-158.059879,21.626408],[-158.060744,21.627135],[-158.061512,21.627953],[-158.063436,21.629228],[-158.064209,21.629232],[-158.065651,21.630234],[-158.066422,21.6306],[-158.067195,21.630604],[-158.068058,21.631603],[-158.068733,21.631787],[-158.06931,21.632332],[-158.070757,21.632611],[-158.070756,21.632702],[-158.07095,21.632703],[-158.071045,21.632884],[-158.071335,21.632886],[-158.071909,21.633429]]]]},"properties":{}},{"type":"Feature","id":483,"geometry":{"type":"MultiPolygon","coordinates":[[[[-157.910545,21.611769],[-157.911122,21.612656],[-157.911646,21.613036],[-157.912558,21.613995],[-157.912911,21.614716],[-157.912952,21.615019],[-157.912758,21.615355],[-157.912881,21.616875],[-157.913075,21.617084],[-157.913399,21.617134],[-157.913493,21.617222],[-157.912904,21.617271],[-157.912839,21.617387],[-157.912798,21.61786],[-157.912456,21.619121],[-157.912591,21.619672],[-157.913256,21.620454],[-157.914316,21.621242],[-157.914873,21.621815],[-157.915714,21.62231],[-157.915832,21.622436],[-157.915861,21.622706],[-157.917033,21.623312],[-157.91761,21.623836],[-157.918134,21.624491],[-157.919765,21.625146],[-157.920086,21.624654],[-157.92028,21.624564],[-157.920956,21.624569],[-157.921384,21.624488],[-157.922092,21.624205],[-157.92264,21.623632],[-157.922897,21.623498],[-157.923224,21.623094],[-157.923175,21.622298],[-157.92336,21.621875],[-157.923147,21.621188],[-157.923443,21.620377],[-157.924207,21.620009],[-157.92448,21.619791],[-157.924609,21.619521],[-157.924779,21.618607],[-157.924964,21.618066],[-157.92493,21.617694],[-157.925131,21.617508],[-157.925385,21.617409],[-157.925458,21.616739],[-157.925722,21.616005],[-157.925941,21.615718],[-157.926797,21.615097],[-157.927365,21.614203],[-157.927404,21.613899],[-157.927625,21.613324],[-157.928099,21.61242],[-157.928414,21.612042],[-157.929578,21.611355],[-157.929475,21.610626],[-157.930538,21.608905],[-157.930631,21.608601],[-157.930932,21.608193],[-157.931452,21.607776],[-157.931779,21.607643],[-157.932628,21.607919],[-157.932884,21.607582],[-157.932849,21.607446],[-157.933291,21.606501],[-157.934114,21.605422],[-157.93475,21.605172],[-157.935569,21.604568],[-157.936153,21.604029],[-157.936337,21.603607],[-157.936957,21.603086],[-157.937304,21.602648],[-157.938178,21.60201],[-157.938471,21.601571],[-157.939251,21.601339],[-157.940597,21.600585],[-157.940496,21.599568],[-157.940561,21.59913],[-157.939976,21.598837],[-157.939835,21.598328],[-157.939838,21.597955],[-157.940025,21.597143],[-157.939669,21.59626],[-157.939761,21.596007],[-157.940438,21.595113],[-157.941161,21.592848],[-157.940932,21.591898],[-157.940868,21.590712],[-157.940927,21.590086],[-157.941202,21.589647],[-157.941804,21.589109],[-157.941843,21.588737],[-157.941718,21.588397],[-157.94136,21.587853],[-157.941436,21.587362],[-157.941565,21.587075],[-157.941893,21.58684],[-157.94208,21.586011],[-157.942537,21.585455],[-157.94279,21.584962],[-157.942813,21.584779],[-157.942494,21.583795],[-157.94261,21.582864],[-157.942888,21.581985],[-157.94253,21.581415],[-157.942142,21.581073],[-157.941812,21.580547],[-157.941252,21.580357],[-157.940564,21.580302],[-157.940239,21.580181],[-157.940226,21.579486],[-157.940018,21.578164],[-157.93975,21.577705],[-157.939299,21.577448],[-157.938867,21.57709],[-157.938724,21.576801],[-157.938673,21.576428],[-157.938422,21.575969],[-157.938679,21.575547],[-157.938736,21.575158],[-157.938648,21.574886],[-157.938091,21.574256],[-157.937877,21.57378],[-157.937661,21.573576],[-157.937368,21.573454],[-157.937195,21.57298],[-157.937365,21.571965],[-157.937276,21.571727],[-157.936792,21.571114],[-157.936711,21.570921],[-157.936886,21.570573],[-157.936833,21.570403],[-157.936329,21.569976],[-157.936332,21.569671],[-157.936025,21.569449],[-157.93566,21.569378],[-157.934965,21.568325],[-157.934695,21.568136],[-157.934317,21.568105],[-157.934063,21.567844],[-157.933612,21.567706],[-157.932617,21.567513],[-157.932441,21.566767],[-157.932117,21.566511],[-157.931755,21.566475],[-157.931451,21.565948],[-157.930991,21.56459],[-157.930343,21.564026],[-157.929963,21.56399],[-157.928892,21.564356],[-157.92855,21.564364],[-157.928314,21.564115],[-157.928172,21.563792],[-157.927862,21.563977],[-157.927643,21.564229],[-157.927218,21.565395],[-157.927017,21.565716],[-157.926923,21.566206],[-157.926701,21.566781],[-157.926789,21.56718],[-157.927093,21.567673],[-157.926738,21.569076],[-157.92679,21.569475],[-157.926456,21.570497],[-157.926794,21.571372],[-157.926772,21.571948],[-157.927017,21.573042],[-157.92799,21.574749],[-157.929059,21.576129],[-157.929198,21.576875],[-157.929103,21.577467],[-157.929406,21.578198],[-157.929633,21.579351],[-157.929534,21.580502],[-157.929588,21.580812],[-157.930197,21.581421],[-157.930357,21.581812],[-157.930279,21.582607],[-157.92989,21.583757],[-157.929851,21.584163],[-157.930205,21.585283],[-157.929656,21.586042],[-157.929686,21.586855],[-157.929418,21.588784],[-157.92954,21.589445],[-157.929483,21.589869],[-157.929586,21.590581],[-157.929747,21.59092],[-157.929815,21.591497],[-157.929642,21.592851],[-157.929786,21.59328],[-157.930837,21.594732],[-157.928768,21.595945],[-157.927633,21.59706],[-157.927011,21.598389],[-157.927025,21.598914],[-157.926731,21.599556],[-157.926091,21.600365],[-157.925558,21.601386],[-157.924955,21.602111],[-157.924715,21.602668],[-157.924057,21.603511],[-157.92378,21.604204],[-157.923341,21.60481],[-157.923028,21.605554],[-157.922478,21.606431],[-157.92204,21.606835],[-157.921728,21.607391],[-157.921363,21.607762],[-157.920088,21.608685],[-157.919795,21.609174],[-157.91912,21.60978],[-157.918455,21.610189],[-157.918045,21.610569],[-157.916809,21.61072],[-157.915652,21.610351],[-157.913079,21.610976],[-157.912553,21.611325],[-157.910911,21.611404],[-157.910545,21.611769]]]]},"properties":{}},{"type":"Feature","id":484,"geometry":{"type":"MultiPolygon","coordinates":[[[[-157.908997,21.609131],[-157.909132,21.609484],[-157.909144,21.60999],[-157.909268,21.610188],[-157.909397,21.610277],[-157.909656,21.61031],[-157.909756,21.610012],[-157.909839,21.60999],[-157.909792,21.610359],[-157.910174,21.610448],[-157.910257,21.610563],[-157.910233,21.610607],[-157.909503,21.610524],[-157.909421,21.610574],[-157.909432,21.610662],[-157.910386,21.611543],[-157.910545,21.611769],[-157.910911,21.611404],[-157.912553,21.611325],[-157.913079,21.610976],[-157.915652,21.610351],[-157.916809,21.61072],[-157.918045,21.610569],[-157.918455,21.610189],[-157.91912,21.60978],[-157.919795,21.609174],[-157.920088,21.608685],[-157.921363,21.607762],[-157.921728,21.607391],[-157.92204,21.606835],[-157.922478,21.606431],[-157.923028,21.605554],[-157.923341,21.60481],[-157.92378,21.604204],[-157.924057,21.603511],[-157.924715,21.602668],[-157.924955,21.602111],[-157.925558,21.601386],[-157.926091,21.600365],[-157.926731,21.599556],[-157.927025,21.598914],[-157.927011,21.598389],[-157.927633,21.59706],[-157.928768,21.595945],[-157.930837,21.594732],[-157.929786,21.59328],[-157.929642,21.592851],[-157.929815,21.591497],[-157.929747,21.59092],[-157.929586,21.590581],[-157.929483,21.589869],[-157.92954,21.589445],[-157.929418,21.588784],[-157.929686,21.586855],[-157.929656,21.586042],[-157.930205,21.585283],[-157.929851,21.584163],[-157.92989,21.583757],[-157.930279,21.582607],[-157.930357,21.581812],[-157.930197,21.581421],[-157.929588,21.580812],[-157.929534,21.580502],[-157.929633,21.579351],[-157.929406,21.578198],[-157.929103,21.577467],[-157.929198,21.576875],[-157.929059,21.576129],[-157.92799,21.574749],[-157.927017,21.573042],[-157.926772,21.571948],[-157.926794,21.571372],[-157.926456,21.570497],[-157.92679,21.569475],[-157.926738,21.569076],[-157.927093,21.567673],[-157.926789,21.56718],[-157.926701,21.566781],[-157.926193,21.566956],[-157.925359,21.567018],[-157.925122,21.567237],[-157.924614,21.567454],[-157.924306,21.567468],[-157.924048,21.56806],[-157.92398,21.56849],[-157.923592,21.568668],[-157.923546,21.569835],[-157.923121,21.570984],[-157.922495,21.572301],[-157.922249,21.573824],[-157.922317,21.5744],[-157.922043,21.574653],[-157.921905,21.574891],[-157.921874,21.575448],[-157.921993,21.576515],[-157.921898,21.57715],[-157.921421,21.578011],[-157.921309,21.578484],[-157.921445,21.579671],[-157.921873,21.580453],[-157.921974,21.581504],[-157.921299,21.582244],[-157.921224,21.582515],[-157.921553,21.58329],[-157.922131,21.583384],[-157.922447,21.583759],[-157.922516,21.584183],[-157.922694,21.584523],[-157.922579,21.585505],[-157.922593,21.586277],[-157.922298,21.586998],[-157.921814,21.587176],[-157.921227,21.588166],[-157.920919,21.589441],[-157.920572,21.589929],[-157.920424,21.590301],[-157.919829,21.592431],[-157.918621,21.594134],[-157.918308,21.594708],[-157.91794,21.595603],[-157.917659,21.596787],[-157.917458,21.59704],[-157.916509,21.599065],[-157.916236,21.60058],[-157.915866,21.601611],[-157.915735,21.60222],[-157.91537,21.60259],[-157.915199,21.603656],[-157.915071,21.603859],[-157.914921,21.604552],[-157.914948,21.605738],[-157.915067,21.606721],[-157.914614,21.607093],[-157.914338,21.607428],[-157.913929,21.608262],[-157.912767,21.608616],[-157.910155,21.609051],[-157.90977,21.608958],[-157.908997,21.609131]]]]},"properties":{}},{"type":"Feature","id":485,"geometry":{"type":"MultiPolygon","coordinates":[[[[-158.107761,21.602912],[-158.107761,21.602719],[-158.107596,21.602554],[-158.10736,21.602493],[-158.106937,21.602537],[-158.106766,21.602427],[-158.106725,21.60186],[-158.106613,21.601739],[-158.106354,21.601695],[-158.106106,21.601794],[-158.105853,21.601706],[-158.105523,21.601832],[-158.105311,21.601744],[-158.105111,21.601513],[-158.10497,21.601166],[-158.105211,21.600737],[-158.105193,21.60045],[-158.105064,21.600318],[-158.104428,21.600263],[-158.104245,21.600147],[-158.104086,21.599707],[-158.104104,21.599338],[-158.10391,21.599123],[-158.103827,21.598897],[-158.103798,21.598352],[-158.103556,21.597333],[-158.103756,21.596904],[-158.10375,21.596562],[-158.103909,21.59621],[-158.103409,21.595846],[-158.103297,21.595527],[-158.103397,21.595086],[-158.103636,21.594885],[-158.102803,21.594212],[-158.102403,21.593976],[-158.101686,21.593815],[-158.101101,21.593843],[-158.100446,21.594324],[-158.100112,21.594858],[-158.099724,21.595217],[-158.0975,21.595566],[-158.093346,21.595544],[-158.091117,21.596796],[-158.087347,21.597047],[-158.08451,21.598025],[-158.081982,21.596825],[-158.079818,21.596192],[-158.077698,21.595367],[-158.074233,21.593451],[-158.07298,21.592992],[-158.071253,21.592141],[-158.070158,21.590492],[-158.068477,21.589992],[-158.067428,21.589799],[-158.067483,21.589698],[-158.065661,21.589428],[-158.064889,21.589424],[-158.062319,21.589991],[-158.061467,21.590105],[-158.060828,21.590033],[-158.059186,21.590024],[-158.055579,21.590495],[-158.053383,21.591075],[-158.052029,21.591338],[-158.05097,21.591824],[-158.050285,21.592232],[-158.048753,21.592878],[-158.04816,21.592942],[-158.049164,21.593821],[-158.050971,21.594424],[-158.051681,21.594561],[-158.052489,21.594941],[-158.054668,21.595662],[-158.057514,21.596477],[-158.05804,21.597036],[-158.058124,21.597344],[-158.058735,21.598093],[-158.059869,21.598131],[-158.060755,21.5994],[-158.064053,21.599148],[-158.0671,21.598623],[-158.068295,21.59868],[-158.069344,21.598906],[-158.072122,21.600458],[-158.073183,21.600644],[-158.075374,21.601972],[-158.076072,21.602196],[-158.076648,21.602651],[-158.076943,21.603099],[-158.077607,21.603741],[-158.077989,21.604556],[-158.079044,21.605646],[-158.080489,21.606377],[-158.085217,21.606498],[-158.086862,21.606863],[-158.088781,21.608861],[-158.09052,21.608871],[-158.09196,21.610324],[-158.098139,21.605485],[-158.101883,21.603422],[-158.103405,21.603069],[-158.106883,21.602997],[-158.107761,21.602912]]]]},"properties":{}},{"type":"Feature","id":487,"geometry":{"type":"MultiPolygon","coordinates":[[[[-157.895983,21.596059],[-157.896094,21.596871],[-157.896365,21.597334],[-157.896483,21.597807],[-157.896842,21.598154],[-157.897208,21.59985],[-157.897249,21.599922],[-157.897524,21.599925],[-157.897818,21.600751],[-157.897683,21.601219],[-157.898691,21.60074],[-157.902349,21.59832],[-157.903866,21.597627],[-157.904449,21.597089],[-157.904551,21.596458],[-157.904941,21.595918],[-157.906495,21.594754],[-157.906978,21.594757],[-157.908335,21.594224],[-157.909397,21.594231],[-157.911036,21.594693],[-157.911516,21.595058],[-157.912336,21.594186],[-157.912491,21.5938],[-157.91294,21.593225],[-157.913175,21.59281],[-157.913276,21.592179],[-157.914091,21.591903],[-157.914873,21.591476],[-157.915183,21.591173],[-157.916092,21.590815],[-157.916751,21.589888],[-157.916899,21.589364],[-157.917027,21.589212],[-157.917263,21.588591],[-157.917816,21.587828],[-157.918001,21.587287],[-157.917952,21.586677],[-157.918081,21.586272],[-157.918142,21.585374],[-157.918357,21.584443],[-157.920079,21.583083],[-157.920407,21.582882],[-157.920987,21.582751],[-157.921224,21.582515],[-157.921299,21.582244],[-157.921974,21.581504],[-157.921873,21.580453],[-157.921445,21.579671],[-157.921309,21.578484],[-157.921421,21.578011],[-157.921898,21.57715],[-157.921993,21.576515],[-157.921874,21.575448],[-157.921905,21.574891],[-157.922043,21.574653],[-157.922317,21.5744],[-157.922249,21.573824],[-157.922495,21.572301],[-157.923121,21.570984],[-157.923546,21.569835],[-157.923592,21.568668],[-157.92398,21.56849],[-157.924048,21.56806],[-157.924306,21.567468],[-157.924614,21.567454],[-157.925122,21.567237],[-157.925359,21.567018],[-157.926193,21.566956],[-157.926701,21.566781],[-157.926923,21.566206],[-157.927017,21.565716],[-157.927218,21.565395],[-157.927496,21.564516],[-157.927862,21.563977],[-157.928172,21.563792],[-157.92821,21.563555],[-157.927797,21.561649],[-157.927428,21.561442],[-157.927174,21.561626],[-157.926014,21.561754],[-157.925509,21.561463],[-157.92529,21.561181],[-157.925063,21.560579],[-157.924759,21.560052],[-157.924129,21.559506],[-157.924145,21.559186],[-157.924026,21.558811],[-157.923793,21.558488],[-157.923963,21.557523],[-157.924161,21.557109],[-157.924203,21.556797],[-157.924115,21.556474],[-157.923719,21.556184],[-157.923202,21.556109],[-157.92298,21.555772],[-157.922638,21.555448],[-157.922553,21.554736],[-157.922175,21.554446],[-157.921016,21.554489],[-157.92071,21.554182],[-157.920295,21.553943],[-157.920024,21.553873],[-157.919774,21.553423],[-157.919259,21.554006],[-157.919114,21.554469],[-157.919419,21.554877],[-157.919538,21.555362],[-157.919053,21.555721],[-157.918774,21.556372],[-157.918843,21.556897],[-157.918758,21.558608],[-157.918048,21.559162],[-157.917051,21.559291],[-157.916513,21.559589],[-157.916599,21.561035],[-157.916791,21.561216],[-157.916588,21.56257],[-157.917166,21.562755],[-157.91796,21.563591],[-157.917867,21.564031],[-157.917915,21.564861],[-157.917729,21.565419],[-157.917851,21.56608],[-157.917578,21.566341],[-157.91656,21.566834],[-157.915582,21.566811],[-157.9153,21.566898],[-157.915161,21.567401],[-157.915284,21.568011],[-157.914997,21.568703],[-157.914913,21.56911],[-157.914911,21.569449],[-157.91516,21.569967],[-157.914906,21.570092],[-157.914558,21.57059],[-157.913822,21.570863],[-157.912154,21.572488],[-157.911897,21.57291],[-157.911786,21.573298],[-157.911743,21.574094],[-157.910898,21.574458],[-157.910702,21.574727],[-157.91054,21.575204],[-157.909824,21.575986],[-157.909393,21.57601],[-157.90876,21.57616],[-157.907903,21.576711],[-157.907283,21.577266],[-157.906937,21.57745],[-157.906593,21.577482],[-157.906335,21.577589],[-157.905775,21.577968],[-157.905484,21.578084],[-157.905228,21.578438],[-157.905225,21.57876],[-157.904915,21.579063],[-157.904804,21.579452],[-157.90422,21.579973],[-157.903766,21.580173],[-157.903224,21.580279],[-157.90293,21.580524],[-157.902061,21.580723],[-157.901841,21.580872],[-157.901283,21.581531],[-157.901558,21.582403],[-157.901019,21.584144],[-157.900508,21.587088],[-157.900847,21.588032],[-157.901493,21.588534],[-157.901454,21.588923],[-157.899665,21.590775],[-157.899277,21.591274],[-157.899252,21.592771],[-157.899049,21.593227],[-157.89904,21.593463],[-157.898748,21.593732],[-157.898544,21.595176],[-157.897863,21.595804],[-157.897572,21.595982],[-157.895983,21.596059]]]]},"properties":{}},{"type":"Feature","id":488,"geometry":{"type":"MultiPolygon","coordinates":[[[[-158.03442,21.590125],[-158.034705,21.590759],[-158.035327,21.59098],[-158.040886,21.590885],[-158.041658,21.59107],[-158.041951,21.591747],[-158.042327,21.592158],[-158.043292,21.592345],[-158.045612,21.592087],[-158.04816,21.592942],[-158.048753,21.592878],[-158.050285,21.592232],[-158.05097,21.591824],[-158.052029,21.591338],[-158.053383,21.591075],[-158.055579,21.590495],[-158.059186,21.590024],[-158.060828,21.590033],[-158.061467,21.590105],[-158.062319,21.589991],[-158.064889,21.589424],[-158.065661,21.589428],[-158.067483,21.589698],[-158.067428,21.589799],[-158.068477,21.589992],[-158.070158,21.590492],[-158.071253,21.592141],[-158.07298,21.592992],[-158.074233,21.593451],[-158.077698,21.595367],[-158.079818,21.596192],[-158.081982,21.596825],[-158.08451,21.598025],[-158.087347,21.597047],[-158.091117,21.596796],[-158.093346,21.595544],[-158.0975,21.595566],[-158.099724,21.595217],[-158.100112,21.594858],[-158.100446,21.594324],[-158.101101,21.593843],[-158.101686,21.593815],[-158.102403,21.593976],[-158.102803,21.594212],[-158.103636,21.594885],[-158.103892,21.594646],[-158.10395,21.594381],[-158.10385,21.594161],[-158.103214,21.593649],[-158.103379,21.593407],[-158.103632,21.593434],[-158.103797,21.593621],[-158.104445,21.594486],[-158.104846,21.595307],[-158.105711,21.595009],[-158.105717,21.594916],[-158.105658,21.5948],[-158.10554,21.594772],[-158.104999,21.594938],[-158.10458,21.593963],[-158.105841,21.593418],[-158.105805,21.593192],[-158.105446,21.593065],[-158.104109,21.593638],[-158.103886,21.59333],[-158.105593,21.592624],[-158.106376,21.592977],[-158.106588,21.593654],[-158.106235,21.593853],[-158.106247,21.594348],[-158.106577,21.594613],[-158.10663,21.594772],[-158.107189,21.594761],[-158.107584,21.594673],[-158.108567,21.593869],[-158.109703,21.593472],[-158.109756,21.593296],[-158.10948,21.593092],[-158.109485,21.592999],[-158.111046,21.590476],[-158.111587,21.590124],[-158.112406,21.589281],[-158.112841,21.589022],[-158.113318,21.588895],[-158.113666,21.588884],[-158.115438,21.58927],[-158.116492,21.589181],[-158.118752,21.589363],[-158.118754,21.588968],[-158.118657,21.588967],[-158.118658,21.588877],[-158.118161,21.588796],[-158.116942,21.588751],[-158.116065,21.58884],[-158.115096,21.588835],[-158.114605,21.588465],[-158.113412,21.588388],[-158.112517,21.588602],[-158.111729,21.588957],[-158.110558,21.589326],[-158.108803,21.589473],[-158.106248,21.590693],[-158.10437,21.59116],[-158.103315,21.591685],[-158.102254,21.591672],[-158.101296,21.591503],[-158.100915,21.591322],[-158.10005,21.590685],[-158.098311,21.590766],[-158.097538,21.590672],[-158.096863,21.590487],[-158.096382,21.590214],[-158.095902,21.589759],[-158.095138,21.58831],[-158.095044,21.587948],[-158.09496,21.585869],[-158.094434,21.585494],[-158.093084,21.585125],[-158.092217,21.584668],[-158.091445,21.584664],[-158.089904,21.583933],[-158.088711,21.583734],[-158.087976,21.58329],[-158.087393,21.58305],[-158.086726,21.58238],[-158.085321,21.581361],[-158.084127,21.58092],[-158.083121,21.579808],[-158.081929,21.579428],[-158.080696,21.579523],[-158.080026,21.579503],[-158.078764,21.578598],[-158.077954,21.577831],[-158.077283,21.57809],[-158.075653,21.577996],[-158.074776,21.578068],[-158.074039,21.578428],[-158.07326,21.578474],[-158.07015,21.577729],[-158.069478,21.577911],[-158.068972,21.577773],[-158.068193,21.577751],[-158.067543,21.577519],[-158.066767,21.576939],[-158.066553,21.576531],[-158.065997,21.576393],[-158.063736,21.575279],[-158.059454,21.572562],[-158.058492,21.572014],[-158.057144,21.571374],[-158.055052,21.571283],[-158.05434,21.57181],[-158.052306,21.572792],[-158.050758,21.573145],[-158.049695,21.573229],[-158.046739,21.574175],[-158.044955,21.575536],[-158.044226,21.576227],[-158.043395,21.576626],[-158.043107,21.576353],[-158.042725,21.575628],[-158.041666,21.57517],[-158.040505,21.575525],[-158.038959,21.575607],[-158.038187,21.575421],[-158.037803,21.575058],[-158.036847,21.573697],[-158.034663,21.57098],[-158.034195,21.570452],[-158.033012,21.569429],[-158.03195,21.569242],[-158.031326,21.568962],[-158.028765,21.569043],[-158.028384,21.568137],[-158.027519,21.5675],[-158.025147,21.566876],[-158.024435,21.566578],[-158.022408,21.566386],[-158.021319,21.56644],[-158.020573,21.566375],[-158.01835,21.566633],[-158.017876,21.566809],[-158.017574,21.567171],[-158.017089,21.567439],[-158.015008,21.56791],[-158.013174,21.568628],[-158.012213,21.568741],[-158.011057,21.568429],[-158.010033,21.5683],[-158.009086,21.567892],[-158.008652,21.567856],[-158.008234,21.568039],[-158.007779,21.568375],[-158.007758,21.568799],[-158.007557,21.56917],[-158.007514,21.56946],[-158.005485,21.569628],[-158.0051,21.569355],[-158.004785,21.569255],[-158.004328,21.56935],[-158.003699,21.569283],[-158.003556,21.569165],[-158.003157,21.569093],[-158.002794,21.569108],[-158.002032,21.569307],[-158.001399,21.569252],[-158.000948,21.569063],[-158.000694,21.569045],[-158.000587,21.568891],[-158.000643,21.568536],[-158.000103,21.568092],[-157.999345,21.567749],[-157.998134,21.567471],[-157.997426,21.56767],[-157.996702,21.567665],[-157.996266,21.567764],[-157.994547,21.567602],[-157.992228,21.56774],[-157.992029,21.567722],[-157.991867,21.567586],[-157.991362,21.567379],[-157.990801,21.567291],[-157.990437,21.566918],[-157.989845,21.566743],[-157.989379,21.566279],[-157.989058,21.565383],[-157.989349,21.565148],[-157.989498,21.564573],[-157.989105,21.564019],[-157.988832,21.563925],[-157.988362,21.563922],[-157.987874,21.563784],[-157.98751,21.563934],[-157.986305,21.563912],[-157.985627,21.564269],[-157.984992,21.564198],[-157.984235,21.563686],[-157.983603,21.563624],[-157.983021,21.563763],[-157.982566,21.564014],[-157.981387,21.564414],[-157.980882,21.564021],[-157.98043,21.564018],[-157.97996,21.563897],[-157.979725,21.563709],[-157.979637,21.563454],[-157.979331,21.563165],[-157.978788,21.563093],[-157.977958,21.562699],[-157.977689,21.562375],[-157.977129,21.562152],[-157.976853,21.562138],[-157.976535,21.561691],[-157.976246,21.561503],[-157.975903,21.561416],[-157.975056,21.56075],[-157.97435,21.560712],[-157.97388,21.560607],[-157.971979,21.560613],[-157.971553,21.560479],[-157.971096,21.559997],[-157.970535,21.560011],[-157.970009,21.560126],[-157.969772,21.560311],[-157.969156,21.560307],[-157.968885,21.560238],[-157.968559,21.560287],[-157.968362,21.559913],[-157.968311,21.559523],[-157.968389,21.558676],[-157.968228,21.558472],[-157.967995,21.558379],[-157.967835,21.557741],[-157.96713,21.557584],[-157.966841,21.55743],[-157.966368,21.557749],[-157.966076,21.558069],[-157.965497,21.558032],[-157.964754,21.558095],[-157.964157,21.55804],[-157.963502,21.558494],[-157.963191,21.558949],[-157.96299,21.559083],[-157.962737,21.559133],[-157.962354,21.559452],[-157.961992,21.559382],[-157.961794,21.559245],[-157.961597,21.558956],[-157.961344,21.55887],[-157.960476,21.558797],[-157.959717,21.558589],[-157.959064,21.55872],[-157.958737,21.558887],[-157.958103,21.558917],[-157.957463,21.559127],[-157.957031,21.559419],[-157.956739,21.559739],[-157.956285,21.559905],[-157.955742,21.559834],[-157.955381,21.559663],[-157.954755,21.559652],[-157.954192,21.558876],[-157.953238,21.558057],[-157.952082,21.557694],[-157.951211,21.557875],[-157.950793,21.558075],[-157.949866,21.558561],[-157.94981,21.558832],[-157.949574,21.558932],[-157.948288,21.559008],[-157.947945,21.558769],[-157.947584,21.558699],[-157.946586,21.558998],[-157.946279,21.558911],[-157.945782,21.558602],[-157.945784,21.558331],[-157.945251,21.558218],[-157.944762,21.558266],[-157.944419,21.558162],[-157.943659,21.55809],[-157.943205,21.558256],[-157.942887,21.558222],[-157.942788,21.558372],[-157.942444,21.55837],[-157.941827,21.558569],[-157.940345,21.558153],[-157.9398,21.558387],[-157.939635,21.558623],[-157.939599,21.558834],[-157.938113,21.558834],[-157.937958,21.558733],[-157.937808,21.558425],[-157.937283,21.558388],[-157.936723,21.558232],[-157.935781,21.558311],[-157.934962,21.558881],[-157.934091,21.559096],[-157.933416,21.559735],[-157.932926,21.559885],[-157.932492,21.559865],[-157.932092,21.560083],[-157.931927,21.560369],[-157.931508,21.560689],[-157.931164,21.560636],[-157.930798,21.560675],[-157.929913,21.560899],[-157.929023,21.561316],[-157.928026,21.561479],[-157.927797,21.561649],[-157.928141,21.563064],[-157.928172,21.563792],[-157.928314,21.564115],[-157.92855,21.564364],[-157.928892,21.564356],[-157.929963,21.56399],[-157.930343,21.564026],[-157.930703,21.564283],[-157.930991,21.56459],[-157.931451,21.565948],[-157.931755,21.566475],[-157.932117,21.566511],[-157.932441,21.566767],[-157.932617,21.567513],[-157.933612,21.567706],[-157.934063,21.567844],[-157.934317,21.568105],[-157.934695,21.568136],[-157.934965,21.568325],[-157.93566,21.569378],[-157.936025,21.569449],[-157.936332,21.569671],[-157.936329,21.569976],[-157.936833,21.570403],[-157.936886,21.570573],[-157.936711,21.570921],[-157.937276,21.571727],[-157.937365,21.571965],[-157.937195,21.57298],[-157.937368,21.573454],[-157.937661,21.573576],[-157.937877,21.57378],[-157.938091,21.574256],[-157.938648,21.574886],[-157.938736,21.575158],[-157.938679,21.575547],[-157.938422,21.575969],[-157.938673,21.576428],[-157.938724,21.576801],[-157.938867,21.57709],[-157.939299,21.577448],[-157.93975,21.577705],[-157.940018,21.578164],[-157.940226,21.579486],[-157.940239,21.580181],[-157.940564,21.580302],[-157.941252,21.580357],[-157.941812,21.580547],[-157.942142,21.581073],[-157.94253,21.581415],[-157.942888,21.581985],[-157.944259,21.582713],[-157.94462,21.582834],[-157.94638,21.582456],[-157.946594,21.582898],[-157.9469,21.583103],[-157.947316,21.583224],[-157.948495,21.582994],[-157.948834,21.583708],[-157.949031,21.583963],[-157.949843,21.584645],[-157.950218,21.58519],[-157.950507,21.585192],[-157.951338,21.585553],[-157.952455,21.586263],[-157.952783,21.585994],[-157.953215,21.58584],[-157.95378,21.585949],[-157.953868,21.586272],[-157.953829,21.586729],[-157.953971,21.587035],[-157.954207,21.587036],[-157.954495,21.58719],[-157.954601,21.587564],[-157.954508,21.587927],[-157.954705,21.588284],[-157.954721,21.588606],[-157.954863,21.588912],[-157.955982,21.590555],[-157.956463,21.590582],[-157.956842,21.590821],[-157.957325,21.591587],[-157.95781,21.59156],[-157.958663,21.591968],[-157.959463,21.591566],[-157.960985,21.591355],[-157.961743,21.59175],[-157.962395,21.591805],[-157.962756,21.591908],[-157.963556,21.59149],[-157.964093,21.591058],[-157.964925,21.590093],[-157.965253,21.589824],[-157.965561,21.58969],[-157.96643,21.589729],[-157.966555,21.590035],[-157.966917,21.590071],[-157.96706,21.590309],[-157.967891,21.590585],[-157.968345,21.590419],[-157.968566,21.590014],[-157.969163,21.590051],[-157.970018,21.589531],[-157.970363,21.589415],[-157.970888,21.589367],[-157.971216,21.5892],[-157.971507,21.588931],[-157.971672,21.588627],[-157.973067,21.588618],[-157.974191,21.588439],[-157.974625,21.58851],[-157.975422,21.588481],[-157.975894,21.588331],[-157.976419,21.588402],[-157.97678,21.588607],[-157.97714,21.588948],[-157.977447,21.588967],[-157.978675,21.589585],[-157.979016,21.589909],[-157.979231,21.590333],[-157.979519,21.590572],[-157.980713,21.590817],[-157.981486,21.591567],[-157.981775,21.59167],[-157.982193,21.59152],[-157.982718,21.591473],[-157.984275,21.591618],[-157.985537,21.591009],[-157.985923,21.591011],[-157.986125,21.591172],[-157.986722,21.591345],[-157.9877,21.591367],[-157.988818,21.592052],[-157.98938,21.591903],[-157.989959,21.592109],[-157.990539,21.592011],[-157.990842,21.592035],[-157.991226,21.592399],[-157.991902,21.592493],[-157.992111,21.592444],[-157.992272,21.592818],[-157.992575,21.592949],[-157.993397,21.59252],[-157.993931,21.592325],[-157.994322,21.592339],[-157.994845,21.592596],[-157.99559,21.592313],[-157.995951,21.5924],[-157.997375,21.593476],[-157.997555,21.59368],[-157.997857,21.594495],[-157.998258,21.595241],[-157.998547,21.595424],[-157.999718,21.595183],[-158.000225,21.595203],[-158.000675,21.594895],[-158.001949,21.594663],[-158.003197,21.594925],[-158.003668,21.594894],[-158.003905,21.594726],[-158.004249,21.594694],[-158.005007,21.595156],[-158.005406,21.595074],[-158.007163,21.594966],[-158.008122,21.595141],[-158.008596,21.594942],[-158.009065,21.59496],[-158.009589,21.595065],[-158.010257,21.595492],[-158.013133,21.595958],[-158.013767,21.595962],[-158.014639,21.59562],[-158.015745,21.595491],[-158.016846,21.595938],[-158.017534,21.595993],[-158.018153,21.595812],[-158.018444,21.595354],[-158.019709,21.594285],[-158.019957,21.593923],[-158.020503,21.593554],[-158.021447,21.593187],[-158.022229,21.593035],[-158.022617,21.592767],[-158.024838,21.59287],[-158.026388,21.592537],[-158.027547,21.59251],[-158.02822,21.59204],[-158.028891,21.591891],[-158.029563,21.591641],[-158.03056,21.591461],[-158.032388,21.590565],[-158.033013,21.590408],[-158.034063,21.590329],[-158.03442,21.590125]]]]},"properties":{}},{"type":"Feature","id":489,"geometry":{"type":"MultiPolygon","coordinates":[[[[-157.891876,21.592354],[-157.892388,21.59267],[-157.893166,21.592786],[-157.893654,21.592935],[-157.894615,21.593771],[-157.895816,21.595517],[-157.895983,21.596059],[-157.897572,21.595982],[-157.897863,21.595804],[-157.898544,21.595176],[-157.898748,21.593732],[-157.89904,21.593463],[-157.899049,21.593227],[-157.899252,21.592771],[-157.899277,21.591274],[-157.899665,21.590775],[-157.901454,21.588923],[-157.901493,21.588534],[-157.900847,21.588032],[-157.900508,21.587088],[-157.901019,21.584144],[-157.901558,21.582403],[-157.901283,21.581531],[-157.900799,21.581618],[-157.900165,21.582233],[-157.899828,21.582334],[-157.899474,21.582601],[-157.89918,21.583056],[-157.898452,21.58361],[-157.898271,21.583859],[-157.89824,21.584243],[-157.898428,21.584437],[-157.898045,21.5847],[-157.897849,21.584963],[-157.897259,21.586314],[-157.896386,21.58676],[-157.895705,21.587478],[-157.895216,21.588198],[-157.893368,21.589902],[-157.893268,21.590353],[-157.892976,21.590622],[-157.892975,21.590802],[-157.892779,21.591162],[-157.892778,21.591343],[-157.89268,21.591433],[-157.892679,21.591613],[-157.891876,21.592354]]]]},"properties":{}},{"type":"Feature","id":492,"geometry":{"type":"MultiPolygon","coordinates":[[[[-157.89827,21.58395],[-157.898452,21.58361],[-157.89918,21.583056],[-157.899474,21.582601],[-157.899828,21.582334],[-157.900165,21.582233],[-157.900799,21.581618],[-157.901283,21.581531],[-157.901841,21.580872],[-157.902061,21.580723],[-157.90293,21.580524],[-157.903224,21.580279],[-157.903766,21.580173],[-157.90422,21.579973],[-157.904804,21.579452],[-157.904915,21.579063],[-157.905225,21.57876],[-157.905228,21.578438],[-157.905484,21.578084],[-157.905775,21.577968],[-157.906335,21.577589],[-157.906593,21.577482],[-157.906937,21.57745],[-157.907283,21.577266],[-157.907903,21.576711],[-157.90876,21.57616],[-157.909393,21.57601],[-157.909824,21.575986],[-157.91054,21.575204],[-157.910702,21.574727],[-157.910898,21.574458],[-157.911743,21.574094],[-157.911786,21.573298],[-157.911897,21.57291],[-157.912154,21.572488],[-157.913822,21.570863],[-157.914558,21.57059],[-157.914906,21.570092],[-157.91516,21.569967],[-157.914911,21.569449],[-157.914913,21.56911],[-157.914997,21.568703],[-157.915284,21.568011],[-157.915161,21.567401],[-157.9153,21.566898],[-157.915582,21.566811],[-157.91656,21.566834],[-157.917578,21.566341],[-157.917851,21.56608],[-157.917729,21.565419],[-157.917915,21.564861],[-157.917867,21.564031],[-157.91796,21.563591],[-157.917166,21.562755],[-157.916588,21.56257],[-157.916791,21.561216],[-157.916599,21.561035],[-157.916513,21.559589],[-157.917051,21.559291],[-157.918048,21.559162],[-157.918758,21.558608],[-157.918843,21.556897],[-157.918774,21.556372],[-157.919053,21.555721],[-157.919538,21.555362],[-157.919419,21.554877],[-157.919114,21.554469],[-157.919259,21.554006],[-157.919774,21.553423],[-157.919722,21.553151],[-157.919164,21.552673],[-157.918786,21.552647],[-157.918177,21.551481],[-157.918452,21.550975],[-157.918871,21.550622],[-157.918838,21.550215],[-157.918613,21.549936],[-157.918517,21.54962],[-157.918592,21.549299],[-157.918528,21.548309],[-157.918641,21.547504],[-157.918734,21.547233],[-157.919021,21.546958],[-157.919085,21.546236],[-157.919417,21.545695],[-157.91917,21.544467],[-157.919431,21.543495],[-157.920144,21.542584],[-157.921017,21.542014],[-157.921475,21.541553],[-157.921499,21.540493],[-157.921392,21.539746],[-157.921508,21.539256],[-157.921709,21.539054],[-157.921495,21.538843],[-157.921407,21.537668],[-157.921508,21.536919],[-157.921321,21.536313],[-157.92148,21.535716],[-157.921699,21.535531],[-157.921756,21.535159],[-157.921236,21.534776],[-157.921091,21.534443],[-157.92094,21.532816],[-157.92109,21.532148],[-157.919906,21.530701],[-157.919909,21.530345],[-157.920112,21.529821],[-157.919806,21.52948],[-157.9201,21.528906],[-157.919921,21.528634],[-157.920129,21.527813],[-157.920516,21.527635],[-157.920439,21.527223],[-157.919951,21.527017],[-157.919141,21.526402],[-157.919417,21.525811],[-157.91918,21.525458],[-157.918316,21.525346],[-157.918064,21.525243],[-157.917975,21.525039],[-157.91764,21.524906],[-157.917453,21.524629],[-157.916584,21.523996],[-157.915325,21.52462],[-157.914333,21.525405],[-157.91319,21.526051],[-157.91275,21.526529],[-157.912259,21.526882],[-157.911092,21.527992],[-157.910566,21.528383],[-157.910086,21.529341],[-157.909904,21.529475],[-157.909011,21.529728],[-157.908706,21.529891],[-157.908159,21.530361],[-157.90767,21.530409],[-157.906998,21.530659],[-157.906672,21.530674],[-157.906345,21.530824],[-157.905781,21.531294],[-157.9052,21.531545],[-157.903494,21.531499],[-157.902825,21.531986],[-157.902389,21.532102],[-157.902039,21.532392],[-157.901841,21.532725],[-157.901623,21.532927],[-157.901261,21.53311],[-157.900489,21.533105],[-157.900117,21.533391],[-157.899612,21.534093],[-157.899218,21.535174],[-157.898811,21.536025],[-157.898409,21.536598],[-157.897973,21.536714],[-157.897659,21.537061],[-157.897497,21.537507],[-157.897491,21.538252],[-157.897355,21.538956],[-157.897461,21.539793],[-157.897441,21.540402],[-157.897246,21.540581],[-157.896648,21.543107],[-157.895601,21.543982],[-157.894901,21.54427],[-157.893909,21.545004],[-157.892891,21.545624],[-157.892952,21.546515],[-157.892752,21.547181],[-157.89278,21.548248],[-157.892449,21.549008],[-157.892465,21.549212],[-157.891897,21.550139],[-157.891948,21.550597],[-157.891819,21.550901],[-157.891363,21.551254],[-157.890974,21.552521],[-157.890281,21.55311],[-157.89008,21.553396],[-157.889932,21.553819],[-157.890092,21.554445],[-157.889708,21.554681],[-157.889434,21.554967],[-157.88925,21.555322],[-157.889299,21.55605],[-157.889021,21.556946],[-157.888271,21.55789],[-157.888142,21.558244],[-157.888219,21.55999],[-157.887454,21.560611],[-157.886999,21.560828],[-157.886615,21.5613],[-157.885699,21.562733],[-157.885263,21.5629],[-157.884426,21.56347],[-157.88355,21.563796],[-157.8818,21.56541],[-157.880734,21.565855],[-157.880539,21.566034],[-157.879264,21.56606],[-157.878748,21.565563],[-157.87843,21.565386],[-157.877615,21.564584],[-157.876672,21.563985],[-157.875936,21.56394],[-157.874737,21.564125],[-157.874782,21.564491],[-157.875012,21.565025],[-157.874977,21.566225],[-157.874765,21.567822],[-157.874825,21.569546],[-157.874949,21.570366],[-157.874802,21.57187],[-157.874937,21.572971],[-157.875556,21.573499],[-157.876521,21.574628],[-157.877004,21.575069],[-157.878176,21.575619],[-157.879065,21.575905],[-157.880119,21.576131],[-157.881491,21.576962],[-157.883434,21.577865],[-157.884282,21.57857],[-157.884512,21.578448],[-157.884965,21.577909],[-157.885342,21.577931],[-157.884983,21.578129],[-157.884865,21.578581],[-157.884618,21.578933],[-157.885796,21.580238],[-157.886326,21.58113],[-157.88675,21.582528],[-157.887,21.583989],[-157.892254,21.583932],[-157.893416,21.583579],[-157.894863,21.583769],[-157.895733,21.583775],[-157.89699,21.583512],[-157.897182,21.583694],[-157.897563,21.583743],[-157.898148,21.583701],[-157.89827,21.58395]]]]},"properties":{}},{"type":"Feature","id":493,"geometry":{"type":"MultiPolygon","coordinates":[[[[-158.127308,21.564079],[-158.128178,21.563723],[-158.12838,21.562098],[-158.12897,21.560385],[-158.129077,21.558579],[-158.129467,21.558039],[-158.129764,21.556685],[-158.129983,21.552441],[-158.130276,21.55181],[-158.131538,21.550733],[-158.133186,21.549658],[-158.135891,21.549402],[-158.136571,21.548593],[-158.137249,21.548235],[-158.137476,21.547852],[-158.138029,21.546229],[-158.13823,21.545976],[-158.13834,21.545621],[-158.138362,21.545096],[-158.138639,21.544098],[-158.138895,21.543709],[-158.139115,21.543152],[-158.13921,21.542508],[-158.139466,21.542002],[-158.139713,21.540156],[-158.139859,21.539835],[-158.140168,21.539701],[-158.140296,21.539431],[-158.140246,21.538685],[-158.140357,21.538296],[-158.141509,21.536405],[-158.14153,21.535931],[-158.141156,21.534827],[-158.141034,21.534047],[-158.141112,21.533235],[-158.14169,21.532086],[-158.142225,21.531784],[-158.142569,21.531701],[-158.143337,21.531191],[-158.143909,21.530094],[-158.144677,21.528853],[-158.145123,21.528449],[-158.145404,21.528332],[-158.145852,21.527648],[-158.146207,21.527328],[-158.146381,21.526846],[-158.146276,21.526362],[-158.145988,21.526005],[-158.145746,21.525538],[-158.145688,21.52469],[-158.145756,21.524013],[-158.145622,21.523674],[-158.145218,21.52334],[-158.144745,21.521975],[-158.144793,21.521551],[-158.145314,21.520648],[-158.145564,21.5197],[-158.145397,21.518819],[-158.145541,21.517739],[-158.145456,21.516574],[-158.145568,21.515982],[-158.145285,21.514828],[-158.145228,21.513761],[-158.145432,21.512982],[-158.145481,21.512356],[-158.145285,21.511736],[-158.14526,21.511372],[-158.145568,21.509866],[-158.146044,21.508945],[-158.1461,21.508683],[-158.146038,21.508339],[-158.145841,21.508084],[-158.145344,21.50798],[-158.144059,21.50788],[-158.143552,21.50792],[-158.142467,21.507771],[-158.144467,21.506315],[-158.145002,21.506102],[-158.145935,21.505887],[-158.146856,21.504862],[-158.147086,21.504122],[-158.146685,21.503831],[-158.146528,21.503611],[-158.146369,21.503009],[-158.146402,21.502745],[-158.146561,21.502578],[-158.14679,21.502476],[-158.146917,21.502164],[-158.14689,21.501844],[-158.146757,21.501571],[-158.146507,21.5013],[-158.14564,21.500934],[-158.144744,21.50079],[-158.143986,21.500311],[-158.143646,21.499658],[-158.143053,21.498977],[-158.142722,21.498391],[-158.142374,21.498297],[-158.142292,21.497643],[-158.14065,21.49594],[-158.140464,21.494674],[-158.13979,21.4944],[-158.139023,21.493493],[-158.137962,21.493397],[-158.137674,21.493034],[-158.137385,21.493033],[-158.137179,21.492649],[-158.137005,21.491947],[-158.136136,21.491442],[-158.135181,21.490312],[-158.134604,21.489857],[-158.133812,21.489584],[-158.133351,21.48958],[-158.132584,21.489154],[-158.132168,21.489135],[-158.132405,21.488865],[-158.13239,21.488272],[-158.13252,21.487714],[-158.132397,21.487138],[-158.13221,21.486683],[-158.132316,21.484968],[-158.132057,21.483325],[-158.131947,21.482075],[-158.131778,21.481596],[-158.13215,21.48054],[-158.131958,21.480268],[-158.130085,21.480224],[-158.129643,21.480076],[-158.128292,21.479979],[-158.126174,21.478975],[-158.125306,21.47888],[-158.124339,21.479146],[-158.12366,21.479685],[-158.122402,21.48022],[-158.12201,21.480785],[-158.121258,21.482457],[-158.12065,21.48274],[-158.119841,21.483331],[-158.119422,21.483735],[-158.118804,21.484104],[-158.118613,21.484356],[-158.118023,21.484642],[-158.117259,21.4848],[-158.115618,21.484792],[-158.11369,21.48442],[-158.113399,21.48469],[-158.112433,21.484865],[-158.112044,21.485315],[-158.111269,21.485672],[-158.11069,21.485669],[-158.110592,21.485939],[-158.109915,21.486116],[-158.108945,21.487014],[-158.105373,21.487086],[-158.103053,21.487615],[-158.102081,21.488604],[-158.101308,21.48878],[-158.09986,21.488772],[-158.099572,21.4885],[-158.095711,21.488569],[-158.095423,21.488297],[-158.093106,21.488284],[-158.092434,21.487738],[-158.092143,21.488007],[-158.091757,21.488005],[-158.091465,21.488365],[-158.090017,21.488357],[-158.088283,21.487715],[-158.088189,21.487444],[-158.08761,21.48744],[-158.087414,21.4878],[-158.086834,21.487978],[-158.085288,21.48815],[-158.085094,21.488329],[-158.085186,21.489053],[-158.084605,21.48932],[-158.082095,21.489397],[-158.080742,21.48966],[-158.076205,21.489634],[-158.074756,21.489807],[-158.073504,21.489348],[-158.073029,21.488171],[-158.072833,21.488622],[-158.072447,21.48862],[-158.072252,21.48898],[-158.07109,21.489515],[-158.068677,21.489592],[-158.067902,21.489949],[-158.066069,21.489848],[-158.065582,21.490387],[-158.065293,21.490385],[-158.064514,21.491375],[-158.062582,21.491634],[-158.057079,21.491784],[-158.055528,21.492768],[-158.055526,21.493039],[-158.055041,21.493488],[-158.05408,21.49276],[-158.053694,21.492758],[-158.052927,21.492031],[-158.052156,21.491846],[-158.051101,21.490755],[-158.050811,21.490754],[-158.049659,21.489753],[-158.047535,21.489831],[-158.045618,21.487743],[-158.04504,21.487559],[-158.045042,21.487288],[-158.044173,21.487373],[-158.043113,21.487006],[-158.041473,21.486996],[-158.041182,21.487175],[-158.041082,21.487717],[-158.039734,21.487167],[-158.037317,21.487785],[-158.035763,21.489222],[-158.033347,21.489569],[-158.033056,21.489839],[-158.031609,21.48974],[-158.030448,21.490095],[-158.029387,21.489998],[-158.028041,21.489177],[-158.026691,21.488898],[-158.025056,21.487985],[-158.024284,21.487981],[-158.023996,21.487708],[-158.023804,21.487617],[-158.023514,21.487615],[-158.022745,21.487249],[-158.021572,21.487151],[-158.01898,21.487227],[-158.018786,21.487497],[-158.018303,21.487494],[-158.018206,21.487584],[-158.017723,21.487671],[-158.016979,21.487429],[-158.015312,21.487296],[-158.015024,21.487113],[-158.013865,21.487107],[-158.01338,21.487465],[-158.012801,21.487552],[-158.012344,21.487715],[-158.011835,21.487546],[-158.009035,21.48771],[-158.007976,21.487252],[-158.007689,21.486889],[-158.007113,21.486434],[-158.003252,21.486411],[-158.002864,21.48677],[-158.002188,21.486857],[-158.000643,21.486847],[-158.000066,21.486573],[-157.998285,21.48677],[-157.99794,21.486922],[-157.996685,21.487004],[-157.9962,21.487363],[-157.996101,21.487724],[-157.994943,21.487626],[-157.99398,21.487259],[-157.993069,21.48769],[-157.991756,21.487878],[-157.990985,21.487693],[-157.990503,21.487948],[-157.989246,21.487953],[-157.988285,21.487315],[-157.986255,21.487664],[-157.985775,21.4873],[-157.983824,21.487199],[-157.983169,21.487284],[-157.981622,21.487726],[-157.979788,21.487625],[-157.978922,21.487258],[-157.978343,21.487255],[-157.976118,21.487964],[-157.975539,21.48796],[-157.974865,21.487685],[-157.973225,21.487585],[-157.972649,21.487129],[-157.970907,21.487751],[-157.970232,21.487657],[-157.969175,21.487018],[-157.968692,21.487015],[-157.968011,21.487824],[-157.966657,21.488177],[-157.966235,21.488481],[-157.965696,21.488743],[-157.964426,21.489699],[-157.962399,21.489686],[-157.961816,21.490315],[-157.960174,21.490395],[-157.959877,21.491477],[-157.959585,21.491746],[-157.957944,21.491736],[-157.957555,21.492186],[-157.956105,21.492447],[-157.956103,21.492718],[-157.955426,21.492895],[-157.954746,21.493523],[-157.953684,21.493607],[-157.953004,21.494145],[-157.951946,21.493686],[-157.951365,21.493954],[-157.951265,21.494314],[-157.950877,21.494583],[-157.949526,21.494574],[-157.949427,21.494935],[-157.948848,21.494932],[-157.94875,21.495112],[-157.947401,21.494832],[-157.946338,21.494916],[-157.945857,21.494732],[-157.945858,21.494551],[-157.944699,21.494634],[-157.943439,21.495349],[-157.942571,21.495253],[-157.941306,21.496691],[-157.937829,21.496849],[-157.937348,21.496666],[-157.936481,21.496946],[-157.935739,21.496942],[-157.934544,21.497103],[-157.9342,21.496983],[-157.933195,21.49691],[-157.93117,21.496626],[-157.930883,21.496353],[-157.930399,21.496441],[-157.930208,21.496168],[-157.929822,21.496166],[-157.929531,21.496435],[-157.928758,21.49652],[-157.928302,21.496708],[-157.927741,21.496738],[-157.926435,21.497319],[-157.92576,21.497314],[-157.924784,21.497617],[-157.923731,21.497572],[-157.922648,21.497688],[-157.92151,21.497558],[-157.920294,21.497757],[-157.919879,21.497636],[-157.918758,21.49751],[-157.918306,21.497363],[-157.917456,21.497532],[-157.917127,21.497754],[-157.916871,21.498116],[-157.916525,21.498334],[-157.916126,21.498475],[-157.91542,21.498496],[-157.914733,21.498339],[-157.914265,21.498324],[-157.913574,21.498416],[-157.913193,21.498566],[-157.912525,21.498584],[-157.912159,21.498898],[-157.911868,21.499032],[-157.910593,21.498842],[-157.910276,21.498954],[-157.9087,21.499113],[-157.907869,21.499023],[-157.907405,21.499092],[-157.906443,21.498725],[-157.905118,21.498971],[-157.904799,21.499165],[-157.904784,21.500036],[-157.904291,21.500592],[-157.903964,21.500827],[-157.903056,21.501126],[-157.90264,21.50114],[-157.901985,21.501044],[-157.901914,21.501338],[-157.901691,21.501584],[-157.902972,21.502675],[-157.903457,21.503237],[-157.903411,21.504035],[-157.903697,21.504488],[-157.904456,21.505141],[-157.905232,21.505673],[-157.906376,21.507668],[-157.907146,21.508034],[-157.907363,21.508531],[-157.907719,21.508851],[-157.907557,21.509243],[-157.907518,21.509616],[-157.907625,21.509837],[-157.907315,21.51014],[-157.907186,21.51041],[-157.907895,21.511111],[-157.90832,21.51123],[-157.908663,21.511419],[-157.909311,21.511914],[-157.909715,21.51302],[-157.911075,21.513247],[-157.911447,21.513754],[-157.911833,21.513847],[-157.912886,21.515028],[-157.913012,21.515665],[-157.913263,21.516295],[-157.913927,21.516772],[-157.914776,21.517049],[-157.914884,21.518926],[-157.915393,21.519272],[-157.916108,21.520377],[-157.916215,21.521735],[-157.916457,21.522175],[-157.916584,21.523996],[-157.917453,21.524629],[-157.91764,21.524906],[-157.917975,21.525039],[-157.918064,21.525243],[-157.918316,21.525346],[-157.91918,21.525458],[-157.919417,21.525811],[-157.919141,21.526402],[-157.919951,21.527017],[-157.920439,21.527223],[-157.920516,21.527635],[-157.920129,21.527813],[-157.919921,21.528634],[-157.9201,21.528906],[-157.919806,21.52948],[-157.920112,21.529821],[-157.919909,21.530345],[-157.919906,21.530701],[-157.92109,21.532148],[-157.922026,21.532342],[-157.922698,21.532889],[-157.92324,21.532755],[-157.923693,21.532758],[-157.924049,21.532988],[-157.924524,21.532915],[-157.925211,21.532543],[-157.925577,21.532567],[-157.927637,21.533122],[-157.928293,21.533557],[-157.928703,21.533315],[-157.929139,21.533199],[-157.929539,21.532982],[-157.930805,21.53304],[-157.93122,21.533263],[-157.932291,21.532931],[-157.932653,21.532951],[-157.933159,21.533039],[-157.934569,21.533597],[-157.936361,21.533432],[-157.937267,21.5332],[-157.937738,21.533288],[-157.93928,21.53284],[-157.939553,21.532554],[-157.939701,21.532166],[-157.939974,21.532015],[-157.94014,21.531559],[-157.94034,21.531424],[-157.941445,21.531296],[-157.941736,21.531077],[-157.941902,21.530774],[-157.942719,21.530355],[-157.943136,21.530341],[-157.943497,21.530428],[-157.944621,21.530317],[-157.945117,21.530412],[-157.945647,21.531001],[-157.946174,21.531051],[-157.946497,21.531192],[-157.946803,21.531482],[-157.947275,21.531231],[-157.947524,21.53133],[-157.949861,21.53162],[-157.950188,21.531487],[-157.950352,21.531284],[-157.950809,21.53099],[-157.951168,21.531205],[-157.951437,21.531511],[-157.951963,21.53172],[-157.952559,21.531535],[-157.953341,21.531117],[-157.953705,21.531098],[-157.954281,21.531343],[-157.955247,21.531469],[-157.955631,21.531743],[-157.956125,21.531592],[-157.957552,21.532092],[-157.958333,21.532031],[-157.959306,21.532374],[-157.960192,21.532565],[-157.961606,21.532354],[-157.961969,21.53217],[-157.962408,21.53158],[-157.962681,21.531361],[-157.963841,21.531064],[-157.96423,21.531074],[-157.964057,21.531353],[-157.964226,21.531616],[-157.964614,21.531865],[-157.964958,21.531917],[-157.965571,21.532294],[-157.965843,21.532228],[-157.966132,21.532297],[-157.966535,21.532714],[-157.966834,21.532861],[-157.967196,21.532863],[-157.968376,21.532447],[-157.968937,21.53245],[-157.969117,21.532587],[-157.969458,21.53308],[-157.969872,21.533421],[-157.970361,21.533391],[-157.970705,21.533291],[-157.971209,21.533735],[-157.971698,21.533687],[-157.972128,21.533742],[-157.972438,21.534081],[-157.972853,21.53427],[-157.973865,21.534445],[-157.974441,21.534389],[-157.975078,21.534504],[-157.975597,21.534757],[-157.976306,21.534901],[-157.977229,21.534974],[-157.978331,21.535337],[-157.97891,21.535425],[-157.98016,21.535297],[-157.981675,21.535517],[-157.982738,21.535343],[-157.983381,21.535469],[-157.984282,21.535533],[-157.984476,21.535353],[-157.984993,21.535326],[-157.985538,21.53536],[-157.985843,21.535484],[-157.986203,21.535791],[-157.98689,21.536016],[-157.987562,21.536005],[-157.987832,21.535886],[-157.988376,21.535804],[-157.990459,21.535932],[-157.991233,21.536279],[-157.992,21.536483],[-157.993732,21.537397],[-157.998077,21.537423],[-157.998852,21.536765],[-158.001072,21.53717],[-158.001782,21.537206],[-158.00207,21.537428],[-158.002806,21.537722],[-158.003608,21.537505],[-158.005516,21.536745],[-158.007438,21.536088],[-158.008232,21.536398],[-158.00861,21.536739],[-158.009038,21.537758],[-158.009489,21.538014],[-158.00983,21.538423],[-158.011816,21.53918],[-158.012577,21.539201],[-158.012934,21.539318],[-158.013626,21.539292],[-158.016611,21.539615],[-158.018041,21.53964],[-158.02027,21.539433],[-158.021682,21.539407],[-158.022204,21.539282],[-158.024692,21.538311],[-158.028265,21.538242],[-158.030584,21.538075],[-158.032228,21.537723],[-158.033184,21.539174],[-158.033371,21.539988],[-158.035584,21.541266],[-158.035871,21.541629],[-158.037318,21.541818],[-158.037991,21.542273],[-158.038471,21.542728],[-158.038946,21.543995],[-158.043188,21.544923],[-158.044437,21.545924],[-158.045688,21.546654],[-158.047225,21.547837],[-158.047707,21.54793],[-158.048857,21.549292],[-158.049531,21.549567],[-158.050425,21.55043],[-158.052415,21.551571],[-158.05383,21.553041],[-158.054602,21.554113],[-158.055268,21.554743],[-158.059828,21.555136],[-158.06031,21.555229],[-158.060983,21.555775],[-158.061269,21.556228],[-158.063008,21.556238],[-158.063682,21.556513],[-158.064743,21.556699],[-158.065416,21.557245],[-158.065988,21.557463],[-158.067112,21.557232],[-158.067638,21.557015],[-158.068164,21.556933],[-158.069271,21.556567],[-158.070412,21.556455],[-158.070826,21.55688],[-158.071962,21.557547],[-158.072974,21.557993],[-158.075258,21.558474],[-158.0767,21.559566],[-158.077086,21.559569],[-158.077374,21.559841],[-158.077658,21.560836],[-158.078042,21.5612],[-158.078812,21.561566],[-158.079776,21.561752],[-158.081999,21.561583],[-158.083054,21.562673],[-158.084597,21.563043],[-158.086905,21.564682],[-158.087964,21.565139],[-158.089604,21.565509],[-158.093368,21.565891],[-158.09799,21.568175],[-158.099437,21.568454],[-158.100298,21.569723],[-158.101646,21.570363],[-158.102226,21.570366],[-158.103381,21.570914],[-158.104636,21.571012],[-158.105021,21.571285],[-158.107048,21.571476],[-158.10888,21.571938],[-158.109746,21.572575],[-158.111676,21.572766],[-158.113407,21.57404],[-158.11495,21.5745],[-158.116068,21.575576],[-158.117092,21.576426],[-158.117688,21.577368],[-158.118933,21.580341],[-158.119182,21.58021],[-158.119717,21.580463],[-158.120224,21.581168],[-158.120919,21.582561],[-158.120948,21.58304],[-158.121213,21.583552],[-158.121243,21.584191],[-158.121455,21.584477],[-158.121879,21.58478],[-158.121967,21.584781],[-158.122072,21.583384],[-158.122271,21.582391],[-158.122665,21.581219],[-158.123743,21.578605],[-158.124519,21.577977],[-158.125981,21.575816],[-158.126375,21.574554],[-158.126517,21.566966],[-158.126715,21.566064],[-158.127105,21.565524],[-158.127308,21.564079]]]]},"properties":{}},{"type":"Feature","id":494,"geometry":{"type":"MultiPolygon","coordinates":[[[[-158.121967,21.584781],[-158.122144,21.584692],[-158.122309,21.584709],[-158.122432,21.584532],[-158.12265,21.584549],[-158.122827,21.584444],[-158.122845,21.584351],[-158.122656,21.584081],[-158.122668,21.583921],[-158.122897,21.583574],[-158.123368,21.583205],[-158.125511,21.582732],[-158.126483,21.582704],[-158.127519,21.582313],[-158.128372,21.582098],[-158.129603,21.582109],[-158.130621,21.582357],[-158.13144,21.582319],[-158.131934,21.582385],[-158.133023,21.582732],[-158.133383,21.58293],[-158.133606,21.582946],[-158.134802,21.583706],[-158.136515,21.584125],[-158.137416,21.584141],[-158.138458,21.584053],[-158.141696,21.583007],[-158.142626,21.582963],[-158.143373,21.583012],[-158.145027,21.582384],[-158.147247,21.58185],[-158.148731,21.581337],[-158.149055,21.581254],[-158.149773,21.581227],[-158.151086,21.580864],[-158.152747,21.58065],[-158.153341,21.58081],[-158.153995,21.580838],[-158.154537,21.580954],[-158.154562,21.576603],[-158.155154,21.574528],[-158.155742,21.572995],[-158.157014,21.570202],[-158.157023,21.568666],[-158.156645,21.567218],[-158.156166,21.566583],[-158.155878,21.566311],[-158.151933,21.563671],[-158.151453,21.563126],[-158.151461,21.561862],[-158.151084,21.560234],[-158.149884,21.559246],[-158.150006,21.557045],[-158.149954,21.556503],[-158.15057,21.55344],[-158.150633,21.551933],[-158.150503,21.549324],[-158.150578,21.548968],[-158.151017,21.548107],[-158.151617,21.547737],[-158.15182,21.547111],[-158.151586,21.546771],[-158.151337,21.546092],[-158.150904,21.545751],[-158.150599,21.545292],[-158.150858,21.544396],[-158.150917,21.543549],[-158.150707,21.542073],[-158.15022,21.542088],[-158.149742,21.541977],[-158.149302,21.541152],[-158.148874,21.539964],[-158.149112,21.539609],[-158.148505,21.538899],[-158.148702,21.538267],[-158.14894,21.538033],[-158.148999,21.53722],[-158.148808,21.536551],[-158.149005,21.536288],[-158.149295,21.536154],[-158.149696,21.535664],[-158.149663,21.535207],[-158.149308,21.533985],[-158.149408,21.533211],[-158.149027,21.532215],[-158.148433,21.531998],[-158.147293,21.531823],[-158.146937,21.530801],[-158.147444,21.529287],[-158.147529,21.528627],[-158.147278,21.528346],[-158.14712,21.527523],[-158.146381,21.526846],[-158.146207,21.527328],[-158.145852,21.527648],[-158.145404,21.528332],[-158.145123,21.528449],[-158.144677,21.528853],[-158.143909,21.530094],[-158.143337,21.531191],[-158.142569,21.531701],[-158.142225,21.531784],[-158.14169,21.532086],[-158.141112,21.533235],[-158.141034,21.534047],[-158.141156,21.534827],[-158.14153,21.535931],[-158.141509,21.536405],[-158.140357,21.538296],[-158.140246,21.538685],[-158.140296,21.539431],[-158.140168,21.539701],[-158.139859,21.539835],[-158.139713,21.540156],[-158.139466,21.542002],[-158.13921,21.542508],[-158.139115,21.543152],[-158.138895,21.543709],[-158.138639,21.544098],[-158.138362,21.545096],[-158.13834,21.545621],[-158.13823,21.545976],[-158.138029,21.546229],[-158.137476,21.547852],[-158.137249,21.548235],[-158.136571,21.548593],[-158.135891,21.549402],[-158.133186,21.549658],[-158.131538,21.550733],[-158.130276,21.55181],[-158.129983,21.552441],[-158.129764,21.556685],[-158.129467,21.558039],[-158.129077,21.558579],[-158.12897,21.560385],[-158.12838,21.562098],[-158.128178,21.563723],[-158.127306,21.564079],[-158.127105,21.565524],[-158.126715,21.566064],[-158.126517,21.566966],[-158.126375,21.574554],[-158.125981,21.575816],[-158.124519,21.577977],[-158.123743,21.578605],[-158.122665,21.581219],[-158.122271,21.582391],[-158.122072,21.583384],[-158.121967,21.584781]]]]},"properties":{}},{"type":"Feature","id":501,"geometry":{"type":"MultiPolygon","coordinates":[[[[-157.849161,21.5529],[-157.850345,21.554502],[-157.850298,21.554624],[-157.85051,21.554954],[-157.85104,21.555604],[-157.852158,21.556655],[-157.852935,21.557179],[-157.853335,21.5573],[-157.854713,21.557983],[-157.854931,21.557949],[-157.855561,21.557625],[-157.855814,21.557619],[-157.856149,21.55768],[-157.856597,21.557889],[-157.856773,21.557845],[-157.858063,21.558274],[-157.859046,21.558478],[-157.860029,21.558781],[-157.86123,21.55942],[-157.863573,21.560461],[-157.864164,21.560554],[-157.864267,21.55978],[-157.864075,21.559598],[-157.863888,21.558784],[-157.863506,21.558329],[-157.863682,21.557166],[-157.863526,21.556267],[-157.86362,21.555981],[-157.863349,21.555707],[-157.861868,21.555188],[-157.860738,21.554155],[-157.860701,21.55391],[-157.861111,21.552405],[-157.861569,21.551731],[-157.86172,21.55097],[-157.861958,21.550667],[-157.86232,21.549378],[-157.862034,21.548925],[-157.861922,21.548278],[-157.861404,21.547377],[-157.861372,21.546886],[-157.861612,21.546295],[-157.861596,21.545939],[-157.861349,21.545175],[-157.861406,21.54487],[-157.861717,21.544449],[-157.861975,21.543841],[-157.862078,21.543234],[-157.862567,21.542515],[-157.863147,21.542088],[-157.863345,21.541707],[-157.863715,21.541262],[-157.863936,21.540266],[-157.864597,21.539557],[-157.864946,21.538984],[-157.865649,21.537024],[-157.865745,21.536313],[-157.865514,21.535736],[-157.865325,21.535488],[-157.864864,21.535553],[-157.864137,21.535853],[-157.863718,21.53624],[-157.863066,21.536286],[-157.861343,21.536664],[-157.860959,21.537118],[-157.860808,21.537947],[-157.860697,21.538201],[-157.860387,21.538537],[-157.86024,21.538858],[-157.858961,21.54034],[-157.858868,21.540593],[-157.857525,21.541092],[-157.855976,21.542385],[-157.8553,21.543143],[-157.855186,21.543836],[-157.85527,21.544599],[-157.85483,21.545375],[-157.854496,21.546355],[-157.854036,21.54725],[-157.854103,21.548038],[-157.854027,21.548393],[-157.853647,21.548407],[-157.853283,21.548591],[-157.852918,21.548995],[-157.85261,21.549077],[-157.852209,21.54943],[-157.852043,21.549768],[-157.851824,21.549987],[-157.851402,21.550206],[-157.85126,21.550389],[-157.851006,21.551467],[-157.849256,21.5529],[-157.849161,21.5529]]]]},"properties":{}},{"type":"Feature","id":495,"geometry":{"type":"MultiPolygon","coordinates":[[[[-158.182191,21.581283],[-158.18335,21.581768],[-158.184528,21.581752],[-158.184934,21.581867],[-158.185835,21.581868],[-158.187071,21.582463],[-158.188213,21.582771],[-158.188855,21.582645],[-158.189774,21.582821],[-158.189944,21.582948],[-158.190345,21.582794],[-158.190686,21.582909],[-158.191357,21.582843],[-158.192099,21.582887],[-158.193301,21.582122],[-158.195202,21.581544],[-158.195562,21.581577],[-158.195856,21.581699],[-158.196439,21.582101],[-158.197887,21.582117],[-158.19834,21.582244],[-158.199176,21.582673],[-158.200572,21.582844],[-158.201172,21.582723],[-158.202656,21.581869],[-158.203216,21.581732],[-158.203599,21.581743],[-158.204676,21.581952],[-158.205624,21.581952],[-158.206225,21.582117],[-158.206719,21.58215],[-158.208674,21.581852],[-158.209528,21.581571],[-158.210499,21.58161],[-158.2111,21.581335],[-158.211371,21.581103],[-158.213014,21.580894],[-158.213726,21.58069],[-158.214562,21.580216],[-158.215139,21.579649],[-158.21581,21.579302],[-158.219102,21.578509],[-158.219502,21.578487],[-158.222782,21.579037],[-158.223476,21.579395],[-158.223859,21.579477],[-158.224289,21.579461],[-158.225096,21.579229],[-158.225467,21.579201],[-158.226556,21.579433],[-158.227479,21.579339],[-158.227422,21.577468],[-158.227471,21.576866],[-158.227974,21.575929],[-158.228281,21.574368],[-158.228265,21.573893],[-158.228349,21.57353],[-158.229022,21.572982],[-158.229122,21.572805],[-158.229105,21.572593],[-158.22897,21.572423],[-158.22909,21.572153],[-158.22928,21.572069],[-158.229363,21.571857],[-158.229345,21.571544],[-158.229036,21.57039],[-158.228968,21.569577],[-158.229083,21.568493],[-158.229478,21.567427],[-158.22947,21.56719],[-158.229337,21.566799],[-158.229175,21.566595],[-158.229088,21.566019],[-158.228864,21.565493],[-158.228821,21.565192],[-158.228434,21.564673],[-158.227867,21.564103],[-158.227796,21.563899],[-158.227707,21.56356],[-158.227767,21.56262],[-158.227085,21.559871],[-158.227132,21.559558],[-158.226295,21.558758],[-158.225653,21.55856],[-158.225348,21.558033],[-158.225168,21.557982],[-158.224715,21.558056],[-158.224317,21.557961],[-158.223902,21.557705],[-158.223413,21.557635],[-158.222971,21.557421],[-158.222774,21.557039],[-158.222831,21.556581],[-158.222524,21.556326],[-158.22212,21.555756],[-158.221617,21.554699],[-158.221214,21.554235],[-158.221246,21.553422],[-158.221624,21.55326],[-158.220911,21.551891],[-158.221122,21.551426],[-158.221005,21.551261],[-158.220245,21.551096],[-158.219821,21.550789],[-158.219498,21.550339],[-158.219318,21.550202],[-158.218938,21.550175],[-158.218453,21.549495],[-158.217776,21.549085],[-158.217525,21.548584],[-158.216911,21.548378],[-158.216132,21.548332],[-158.215833,21.548466],[-158.215678,21.548686],[-158.214456,21.548528],[-158.213849,21.548644],[-158.213676,21.548787],[-158.213484,21.549125],[-158.213111,21.549411],[-158.212881,21.550105],[-158.212616,21.550493],[-158.21182,21.550346],[-158.211071,21.549918],[-158.210406,21.549178],[-158.209215,21.548385],[-158.208889,21.548332],[-158.208653,21.548577],[-158.208353,21.548711],[-158.208081,21.548795],[-158.207764,21.548785],[-158.207232,21.54846],[-158.206698,21.548415],[-158.206418,21.548228],[-158.206032,21.547692],[-158.205128,21.54745],[-158.204728,21.547643],[-158.203556,21.546799],[-158.203297,21.546146],[-158.202974,21.545653],[-158.202604,21.545473],[-158.202198,21.545116],[-158.201675,21.544859],[-158.201343,21.544239],[-158.200641,21.543491],[-158.199674,21.543274],[-158.199048,21.543398],[-158.198461,21.543163],[-158.197971,21.543266],[-158.19714,21.543017],[-158.196588,21.542946],[-158.195972,21.543015],[-158.195137,21.543444],[-158.194598,21.544195],[-158.194542,21.543729],[-158.194376,21.543508],[-158.194353,21.542754],[-158.194272,21.542601],[-158.193947,21.542413],[-158.193885,21.542159],[-158.193498,21.541759],[-158.193546,21.54137],[-158.193314,21.54075],[-158.193208,21.540174],[-158.192975,21.539766],[-158.192237,21.539026],[-158.192458,21.538239],[-158.192289,21.537815],[-158.192197,21.536493],[-158.191974,21.53584],[-158.191426,21.53499],[-158.190866,21.534725],[-158.190279,21.534621],[-158.187487,21.5352],[-158.187271,21.534996],[-158.187066,21.534444],[-158.186722,21.534307],[-158.186306,21.534365],[-158.185925,21.534515],[-158.184805,21.534019],[-158.184542,21.534026],[-158.184261,21.53416],[-158.182995,21.533841],[-158.182805,21.533857],[-158.182596,21.534051],[-158.182419,21.534812],[-158.182641,21.535601],[-158.182728,21.536338],[-158.182961,21.536712],[-158.183057,21.537289],[-158.183758,21.538291],[-158.183847,21.538521],[-158.184169,21.540724],[-158.184303,21.541064],[-158.185278,21.542331],[-158.185687,21.543027],[-158.186426,21.543623],[-158.186216,21.543864],[-158.18605,21.544354],[-158.186134,21.545608],[-158.185878,21.546081],[-158.185874,21.546708],[-158.186052,21.547319],[-158.186049,21.54781],[-158.18475,21.550024],[-158.184071,21.550819],[-158.183468,21.55261],[-158.183805,21.553798],[-158.183333,21.554084],[-158.183221,21.554558],[-158.183219,21.554964],[-158.182789,21.555421],[-158.182906,21.555928],[-158.182866,21.556555],[-158.183026,21.55703],[-158.182987,21.557572],[-158.182821,21.557995],[-158.18262,21.558248],[-158.182575,21.559125],[-158.183194,21.559285],[-158.183411,21.559421],[-158.183645,21.559592],[-158.18422,21.560272],[-158.184214,21.561407],[-158.184024,21.562931],[-158.183802,21.56392],[-158.183799,21.564463],[-158.18341,21.564912],[-158.183307,21.566087],[-158.182916,21.566988],[-158.182908,21.568254],[-158.182125,21.570057],[-158.182018,21.571954],[-158.182206,21.572858],[-158.182191,21.581283]]]]},"properties":{}},{"type":"Feature","id":496,"geometry":{"type":"MultiPolygon","coordinates":[[[[-158.173842,21.581749],[-158.174383,21.581683],[-158.174943,21.581513],[-158.175567,21.581138],[-158.176362,21.580874],[-158.176568,21.58061],[-158.176674,21.580682],[-158.176874,21.58066],[-158.17837,21.580341],[-158.179229,21.580357],[-158.180001,21.580484],[-158.181202,21.580809],[-158.182191,21.581283],[-158.182206,21.572858],[-158.182018,21.571954],[-158.182125,21.570057],[-158.182908,21.568254],[-158.182916,21.566988],[-158.183307,21.566087],[-158.18341,21.564912],[-158.183799,21.564463],[-158.183802,21.56392],[-158.184024,21.562931],[-158.184214,21.561407],[-158.18422,21.560272],[-158.183645,21.559592],[-158.183411,21.559421],[-158.183194,21.559285],[-158.182575,21.559125],[-158.18262,21.558248],[-158.182821,21.557995],[-158.182987,21.557572],[-158.183026,21.55703],[-158.182866,21.556555],[-158.182906,21.555928],[-158.182789,21.555421],[-158.183219,21.554964],[-158.183221,21.554558],[-158.183333,21.554084],[-158.183805,21.553798],[-158.183468,21.55261],[-158.184071,21.550819],[-158.18475,21.550024],[-158.186049,21.54781],[-158.186052,21.547319],[-158.185874,21.546708],[-158.185878,21.546081],[-158.186134,21.545608],[-158.18605,21.544354],[-158.186216,21.543864],[-158.186426,21.543623],[-158.185687,21.543027],[-158.185278,21.542331],[-158.184303,21.541064],[-158.184169,21.540724],[-158.183847,21.538521],[-158.183758,21.538291],[-158.183057,21.537289],[-158.182961,21.536712],[-158.182817,21.536559],[-158.182639,21.535965],[-158.182641,21.535601],[-158.182419,21.534812],[-158.182596,21.534051],[-158.182696,21.533916],[-158.182753,21.533484],[-158.182665,21.533051],[-158.182195,21.532833],[-158.181266,21.532227],[-158.181122,21.532006],[-158.180473,21.531508],[-158.179987,21.531002],[-158.179835,21.530692],[-158.179312,21.530414],[-158.178601,21.529657],[-158.17852,21.529487],[-158.178231,21.529358],[-158.177862,21.529052],[-158.177215,21.528193],[-158.175895,21.527975],[-158.175765,21.528444],[-158.174985,21.528937],[-158.174576,21.529032],[-158.174266,21.529445],[-158.174075,21.529571],[-158.172606,21.53],[-158.172659,21.530255],[-158.172512,21.530542],[-158.172471,21.531389],[-158.172324,21.531863],[-158.172358,21.532185],[-158.173006,21.532815],[-158.173059,21.533052],[-158.172495,21.533625],[-158.171897,21.534949],[-158.17185,21.535511],[-158.17131,21.536211],[-158.171174,21.536558],[-158.170774,21.536929],[-158.170629,21.537201],[-158.170626,21.537471],[-158.170966,21.538065],[-158.171109,21.538506],[-158.171087,21.539082],[-158.171467,21.539169],[-158.172026,21.539629],[-158.172132,21.539985],[-158.172419,21.540512],[-158.172471,21.540953],[-158.17201,21.542424],[-158.171916,21.542932],[-158.171874,21.544016],[-158.171649,21.544525],[-158.171634,21.544794],[-158.171741,21.545015],[-158.171987,21.546287],[-158.172203,21.546525],[-158.172183,21.546898],[-158.172088,21.547592],[-158.171777,21.548184],[-158.171682,21.548962],[-158.171499,21.549368],[-158.17117,21.549773],[-158.170877,21.550432],[-158.171364,21.55079],[-158.171506,21.551198],[-158.171464,21.55218],[-158.171311,21.553687],[-158.170998,21.554601],[-158.170788,21.556429],[-158.170347,21.557494],[-158.170314,21.558343],[-158.170696,21.559068],[-158.170989,21.559276],[-158.171756,21.559344],[-158.172253,21.559875],[-158.172554,21.56108],[-158.173196,21.562828],[-158.173644,21.563542],[-158.174769,21.566275],[-158.175083,21.568428],[-158.175086,21.571037],[-158.174765,21.573339],[-158.173869,21.578237],[-158.173842,21.581749]]]]},"properties":{}},{"type":"Feature","id":513,"geometry":{"type":"MultiPolygon","coordinates":[[[[-158.172474,21.483319],[-158.176165,21.483515],[-158.177475,21.483911],[-158.177944,21.48421],[-158.179038,21.484477],[-158.179542,21.484836],[-158.180771,21.485079],[-158.181351,21.485301],[-158.184151,21.485134],[-158.185694,21.485323],[-158.186272,21.485596],[-158.187915,21.485243],[-158.188206,21.484883],[-158.189271,21.484346],[-158.189947,21.484349],[-158.190818,21.483992],[-158.192072,21.483998],[-158.19527,21.481755],[-158.195373,21.480671],[-158.195763,21.479951],[-158.196058,21.478868],[-158.196449,21.477966],[-158.198003,21.476257],[-158.198781,21.475177],[-158.199366,21.474096],[-158.200578,21.472297],[-158.203523,21.469956],[-158.205883,21.468595],[-158.207245,21.467602],[-158.207632,21.466334],[-158.20839,21.465375],[-158.208396,21.4642],[-158.209948,21.462852],[-158.209959,21.460789],[-158.208621,21.460591],[-158.207433,21.460188],[-158.206391,21.459616],[-158.205974,21.459307],[-158.20565,21.459203],[-158.205244,21.459258],[-158.205256,21.458993],[-158.205179,21.45885],[-158.204468,21.458387],[-158.204344,21.458156],[-158.204109,21.458057],[-158.204079,21.457848],[-158.203897,21.457738],[-158.203567,21.457738],[-158.203219,21.457852],[-158.202923,21.459025],[-158.202146,21.460015],[-158.200595,21.461182],[-158.199937,21.462181],[-158.199526,21.462532],[-158.197971,21.462506],[-158.197565,21.462402],[-158.196814,21.462382],[-158.19626,21.462731],[-158.195471,21.462998],[-158.193532,21.463556],[-158.191956,21.46387],[-158.191021,21.464442],[-158.190612,21.464779],[-158.190228,21.465446],[-158.189447,21.465933],[-158.188045,21.467502],[-158.187609,21.467881],[-158.187137,21.46804],[-158.186883,21.468225],[-158.186272,21.469018],[-158.185089,21.47024],[-158.183953,21.4712],[-158.18339,21.471562],[-158.183069,21.472187],[-158.182515,21.472659],[-158.182296,21.472937],[-158.181967,21.473477],[-158.181847,21.473883],[-158.181619,21.474213],[-158.181374,21.474347],[-158.181218,21.474719],[-158.180583,21.475071],[-158.180452,21.475799],[-158.180233,21.476171],[-158.17889,21.476526],[-158.178674,21.476654],[-158.1782,21.477245],[-158.177529,21.477496],[-158.177054,21.47829],[-158.176245,21.478989],[-158.175316,21.480026],[-158.174998,21.480253],[-158.174621,21.48039],[-158.173926,21.480993],[-158.173387,21.481744],[-158.172474,21.483319]]]]},"properties":{}},{"type":"Feature","id":514,"geometry":{"type":"MultiPolygon","coordinates":[[[[-157.891414,21.482003],[-157.892065,21.481421],[-157.89229,21.481015],[-157.892721,21.480815],[-157.892796,21.480426],[-157.892973,21.480116],[-157.893454,21.479567],[-157.893847,21.479399],[-157.894887,21.479153],[-157.895938,21.479041],[-157.896373,21.478926],[-157.897426,21.478339],[-157.898983,21.477749],[-157.899239,21.477514],[-157.900813,21.477096],[-157.900909,21.476762],[-157.901301,21.476467],[-157.901945,21.476193],[-157.902093,21.475703],[-157.903508,21.475323],[-157.905126,21.474283],[-157.905524,21.47432],[-157.906123,21.47407],[-157.906944,21.473228],[-157.908277,21.472899],[-157.909081,21.47292],[-157.910694,21.472643],[-157.910932,21.472305],[-157.910988,21.472035],[-157.91128,21.471698],[-157.911356,21.471258],[-157.911574,21.471141],[-157.913892,21.470587],[-157.914454,21.470685],[-157.915306,21.470555],[-157.916208,21.470512],[-157.917005,21.470803],[-157.917753,21.470522],[-157.918332,21.470525],[-157.919069,21.470698],[-157.92001,21.470755],[-157.920428,21.470504],[-157.920941,21.47],[-157.921432,21.468919],[-157.921671,21.468801],[-157.922051,21.468736],[-157.92234,21.468822],[-157.922684,21.469289],[-157.92375,21.469068],[-157.924708,21.469125],[-157.925295,21.468583],[-157.925726,21.468488],[-157.926323,21.468577],[-157.926649,21.46823],[-157.927556,21.468246],[-157.928027,21.468114],[-157.929062,21.468155],[-157.929726,21.468514],[-157.931396,21.467729],[-157.931794,21.467731],[-157.932121,21.467581],[-157.932394,21.467311],[-157.932937,21.467366],[-157.933313,21.46755],[-157.9336,21.467913],[-157.933988,21.467645],[-157.934329,21.467595],[-157.935034,21.467633],[-157.936087,21.467166],[-157.936918,21.467408],[-157.937154,21.467223],[-157.937757,21.466946],[-157.938986,21.466676],[-157.939499,21.466325],[-157.940002,21.466276],[-157.940562,21.46606],[-157.941793,21.466338],[-157.942985,21.466752],[-157.943402,21.466585],[-157.944362,21.466473],[-157.94471,21.466358],[-157.945394,21.466445],[-157.94654,21.466911],[-157.94753,21.46634],[-157.948022,21.465784],[-157.948931,21.465214],[-157.949418,21.465387],[-157.949732,21.465847],[-157.950448,21.465681],[-157.951574,21.464684],[-157.9527,21.464442],[-157.954475,21.463889],[-157.954861,21.463892],[-157.95563,21.464348],[-157.956213,21.46381],[-157.957281,21.464047],[-157.958369,21.463867],[-157.960071,21.464105],[-157.960449,21.463982],[-157.960941,21.46393],[-157.961265,21.463682],[-157.962784,21.463878],[-157.963256,21.464125],[-157.964028,21.46413],[-157.964319,21.46386],[-157.965092,21.463775],[-157.965,21.463142],[-157.966176,21.46062],[-157.966562,21.460622],[-157.967223,21.460501],[-157.968686,21.460545],[-157.969743,21.461093],[-157.972065,21.460294],[-157.973595,21.460066],[-157.974675,21.459678],[-157.975928,21.459957],[-157.977216,21.459783],[-157.978064,21.458073],[-157.978548,21.457805],[-157.978842,21.457264],[-157.979228,21.457176],[-157.979524,21.456365],[-157.980489,21.456281],[-157.980877,21.456012],[-157.981074,21.455381],[-157.98214,21.454845],[-157.982724,21.454036],[-157.982635,21.452951],[-157.982926,21.452863],[-157.983025,21.452411],[-157.983412,21.452233],[-157.983706,21.451602],[-157.984763,21.452332],[-157.986017,21.45243],[-157.98698,21.452706],[-157.987074,21.452978],[-157.988044,21.452261],[-157.988913,21.452266],[-157.989296,21.45272],[-157.990065,21.453086],[-157.99084,21.45273],[-157.991515,21.452734],[-157.991426,21.45174],[-157.99211,21.450479],[-157.992238,21.445782],[-157.992722,21.445695],[-157.993691,21.444978],[-157.99458,21.442002],[-157.996523,21.440116],[-157.99672,21.439485],[-157.997108,21.439307],[-157.997513,21.436508],[-157.997544,21.431992],[-157.997839,21.43118],[-157.998518,21.430642],[-157.998618,21.430101],[-157.9992,21.429653],[-157.999301,21.429021],[-157.999786,21.428572],[-158.000085,21.427219],[-158.000003,21.42514],[-157.999429,21.424324],[-157.998658,21.424229],[-157.998275,21.423865],[-157.997897,21.422598],[-157.997911,21.420611],[-157.997243,21.419523],[-157.99725,21.418529],[-157.995618,21.417254],[-157.995429,21.416711],[-157.995431,21.41644],[-157.995721,21.416261],[-157.99583,21.414545],[-157.99622,21.413825],[-157.996522,21.41202],[-157.99701,21.41121],[-157.9973,21.411121],[-157.997303,21.41076],[-157.997981,21.410312],[-157.99847,21.409321],[-157.998388,21.407152],[-157.998195,21.407151],[-157.997718,21.406426],[-157.997429,21.406424],[-157.997048,21.405608],[-157.996567,21.405425],[-157.99657,21.404973],[-157.996092,21.404428],[-157.996002,21.403344],[-157.995427,21.402888],[-157.995143,21.402074],[-157.994759,21.4018],[-157.994575,21.400534],[-157.992747,21.399801],[-157.991791,21.39844],[-157.991412,21.397534],[-157.990834,21.39735],[-157.99026,21.396714],[-157.988719,21.396344],[-157.988912,21.396254],[-157.988917,21.395532],[-157.988537,21.394807],[-157.988733,21.394266],[-157.988548,21.39309],[-157.988167,21.392456],[-157.988171,21.391914],[-157.98827,21.391553],[-157.988285,21.389385],[-157.988094,21.389023],[-157.9881,21.388149],[-157.987162,21.388121],[-157.986744,21.387956],[-157.986221,21.388143],[-157.985362,21.387978],[-157.984598,21.388067],[-157.984404,21.388023],[-157.984945,21.38767],[-157.98511,21.387417],[-157.984951,21.385473],[-157.984721,21.384977],[-157.983821,21.383959],[-157.983498,21.383722],[-157.983127,21.382885],[-157.980517,21.379708],[-157.980423,21.379648],[-157.98024,21.379697],[-157.979993,21.379637],[-157.979723,21.379405],[-157.978688,21.379516],[-157.977636,21.378172],[-157.977189,21.378057],[-157.975948,21.377974],[-157.975807,21.377759],[-157.975472,21.376449],[-157.975583,21.376118],[-157.976136,21.375336],[-157.976118,21.374885],[-157.975977,21.374802],[-157.975777,21.374924],[-157.975624,21.374698],[-157.975166,21.374489],[-157.974695,21.372886],[-157.973149,21.371989],[-157.973331,21.371754],[-157.973282,21.371638],[-157.973347,21.3715],[-157.973452,21.371544],[-157.973493,21.371484],[-157.972541,21.3709],[-157.972447,21.370977],[-157.972535,21.371032],[-157.97247,21.371137],[-157.972241,21.371027],[-157.972382,21.370856],[-157.971212,21.370283],[-157.971136,21.370438],[-157.970771,21.370267],[-157.970854,21.370135],[-157.970948,21.370179],[-157.970989,21.370118],[-157.970048,21.369595],[-157.969978,21.369667],[-157.97006,21.369694],[-157.969954,21.369804],[-157.969378,21.369925],[-157.968884,21.369777],[-157.968966,21.3697],[-157.968819,21.369623],[-157.968243,21.370724],[-157.968343,21.370762],[-157.967605,21.372182],[-157.967434,21.372039],[-157.96677,21.373168],[-157.967017,21.373234],[-157.967035,21.374968],[-157.966705,21.375007],[-157.966735,21.379974],[-157.966817,21.380227],[-157.967434,21.380436],[-157.967717,21.381433],[-157.968163,21.382154],[-157.968704,21.382754],[-157.96904,21.382986],[-157.969586,21.384572],[-157.969622,21.38542],[-157.969381,21.386581],[-157.969051,21.38684],[-157.97016,21.388011],[-157.970338,21.39018],[-157.970624,21.390633],[-157.971298,21.390818],[-157.971002,21.391719],[-157.970414,21.39298],[-157.970399,21.395239],[-157.969904,21.396952],[-157.970079,21.399483],[-157.970461,21.400117],[-157.970549,21.401292],[-157.969838,21.406437],[-157.969449,21.406796],[-157.969251,21.407608],[-157.969247,21.40806],[-157.968762,21.408509],[-157.96865,21.410766],[-157.968259,21.411487],[-157.966615,21.412019],[-157.965843,21.412014],[-157.964981,21.411195],[-157.963341,21.411095],[-157.962366,21.412625],[-157.962076,21.412623],[-157.961881,21.412893],[-157.961303,21.412889],[-157.961106,21.41334],[-157.960719,21.413518],[-157.960717,21.413789],[-157.960041,21.413875],[-157.959749,21.414235],[-157.958976,21.41441],[-157.958778,21.415222],[-157.95733,21.415304],[-157.956754,21.414939],[-157.955789,21.414933],[-157.955497,21.415292],[-157.954822,21.415288],[-157.95414,21.416187],[-157.953365,21.416544],[-157.952304,21.416627],[-157.951051,21.416348],[-157.950326,21.416981],[-157.948535,21.417507],[-157.94747,21.418042],[-157.946498,21.41894],[-157.945895,21.419358],[-157.944896,21.419894],[-157.943304,21.420365],[-157.94166,21.420987],[-157.940756,21.422053],[-157.938265,21.423405],[-157.937721,21.423931],[-157.937198,21.424211],[-157.936505,21.424482],[-157.933913,21.424913],[-157.933026,21.425341],[-157.929508,21.426436],[-157.928886,21.426236],[-157.928504,21.425691],[-157.927637,21.425505],[-157.927037,21.425455],[-157.923237,21.425583],[-157.922045,21.425304],[-157.920262,21.424243],[-157.919648,21.424018],[-157.918923,21.424268],[-157.918525,21.424214],[-157.918054,21.42433],[-157.917744,21.424633],[-157.917513,21.424537],[-157.916281,21.42442],[-157.91534,21.424363],[-157.915005,21.42443],[-157.914292,21.424204],[-157.914042,21.424243],[-157.913757,21.423699],[-157.913832,21.422846],[-157.913617,21.422607],[-157.912351,21.422498],[-157.91126,21.422147],[-157.910436,21.422214],[-157.909389,21.421868],[-157.90787,21.421808],[-157.907022,21.421126],[-157.906644,21.421258],[-157.905932,21.422151],[-157.904985,21.422558],[-157.904243,21.42297],[-157.90359,21.42322],[-157.902938,21.4233],[-157.902663,21.423446],[-157.902177,21.423895],[-157.902154,21.424142],[-157.901972,21.424242],[-157.899759,21.424692],[-157.898723,21.425712],[-157.897722,21.426552],[-157.896414,21.426928],[-157.894702,21.426997],[-157.893773,21.427821],[-157.89334,21.427598],[-157.892213,21.427443],[-157.891567,21.42762],[-157.891312,21.427856],[-157.890354,21.427782],[-157.889937,21.427965],[-157.889808,21.428269],[-157.889823,21.428676],[-157.890002,21.42888],[-157.890089,21.429355],[-157.890572,21.430104],[-157.890569,21.430425],[-157.890385,21.430898],[-157.889771,21.431401],[-157.889382,21.431959],[-157.888996,21.432702],[-157.888686,21.433021],[-157.887686,21.433675],[-157.88752,21.434132],[-157.88721,21.434477],[-157.886069,21.434622],[-157.885851,21.434739],[-157.885247,21.435582],[-157.884719,21.436002],[-157.883946,21.43606],[-157.883527,21.435824],[-157.883371,21.435605],[-157.882222,21.436053],[-157.881462,21.436166],[-157.880917,21.4364],[-157.88018,21.436487],[-157.879792,21.436755],[-157.879555,21.437085],[-157.879101,21.437353],[-157.878449,21.437433],[-157.877179,21.437731],[-157.87578,21.438703],[-157.875615,21.43899],[-157.873507,21.440195],[-157.872889,21.440479],[-157.873005,21.440956],[-157.873442,21.441524],[-157.873382,21.442133],[-157.873453,21.442456],[-157.873571,21.442676],[-157.873902,21.442933],[-157.874023,21.443578],[-157.873851,21.443942],[-157.873847,21.444484],[-157.87423,21.444758],[-157.87432,21.445662],[-157.874584,21.445902],[-157.874454,21.446342],[-157.874413,21.44707],[-157.874733,21.447817],[-157.874491,21.448554],[-157.874468,21.449289],[-157.874225,21.45027],[-157.873987,21.450607],[-157.873929,21.451098],[-157.874415,21.451457],[-157.873631,21.452231],[-157.873171,21.453185],[-157.873639,21.453611],[-157.873859,21.455416],[-157.874257,21.45558],[-157.87458,21.455904],[-157.875011,21.456146],[-157.875201,21.456599],[-157.874993,21.458495],[-157.875181,21.459219],[-157.875564,21.459583],[-157.876306,21.45971],[-157.876141,21.459858],[-157.876233,21.460491],[-157.87695,21.460671],[-157.877194,21.460949],[-157.878258,21.460685],[-157.879193,21.46072],[-157.880574,21.46061],[-157.881365,21.460693],[-157.881925,21.460619],[-157.88227,21.46069],[-157.882502,21.460894],[-157.882787,21.461528],[-157.883461,21.461804],[-157.884324,21.461754],[-157.88595,21.462078],[-157.885867,21.462633],[-157.887499,21.463728],[-157.887493,21.464541],[-157.887876,21.464995],[-157.88787,21.465718],[-157.888056,21.466039],[-157.887958,21.467038],[-157.888911,21.468435],[-157.889586,21.46853],[-157.889983,21.469609],[-157.89025,21.46998],[-157.890244,21.470793],[-157.890479,21.471018],[-157.891005,21.472243],[-157.890666,21.472629],[-157.890517,21.472963],[-157.89027,21.47476],[-157.890266,21.475269],[-157.889528,21.476118],[-157.889332,21.476668],[-157.889312,21.47699],[-157.889997,21.477928],[-157.890334,21.478166],[-157.890549,21.478455],[-157.890669,21.479303],[-157.890746,21.481004],[-157.890891,21.481167],[-157.891033,21.481524],[-157.891414,21.482003]]]]},"properties":{}},{"type":"Feature","id":515,"geometry":{"type":"MultiPolygon","coordinates":[[[[-158.122208,21.48049],[-158.122402,21.48022],[-158.12366,21.479685],[-158.124339,21.479146],[-158.125306,21.47888],[-158.126174,21.478975],[-158.128292,21.479979],[-158.129643,21.480076],[-158.130085,21.480224],[-158.131958,21.480268],[-158.13215,21.48054],[-158.132837,21.480085],[-158.133642,21.478565],[-158.134099,21.477389],[-158.134781,21.476308],[-158.135848,21.47532],[-158.136431,21.475141],[-158.137522,21.474333],[-158.138432,21.473338],[-158.13876,21.472624],[-158.140891,21.471279],[-158.141664,21.471193],[-158.142241,21.471467],[-158.142773,21.470776],[-158.14399,21.469578],[-158.145207,21.469145],[-158.145625,21.46891],[-158.146507,21.468235],[-158.14699,21.468147],[-158.147578,21.467862],[-158.148265,21.468051],[-158.149404,21.468226],[-158.15106,21.468281],[-158.152209,21.468168],[-158.153786,21.467761],[-158.154248,21.46773],[-158.154655,21.467799],[-158.155079,21.468005],[-158.15558,21.468099],[-158.155839,21.467958],[-158.156065,21.46765],[-158.156516,21.463591],[-158.156794,21.462482],[-158.156608,21.461668],[-158.156221,21.461277],[-158.155194,21.460535],[-158.155469,21.459952],[-158.155979,21.459404],[-158.156052,21.459184],[-158.156104,21.458159],[-158.156994,21.457469],[-158.158402,21.456604],[-158.159271,21.456405],[-158.159989,21.455866],[-158.160751,21.455472],[-158.162159,21.454581],[-158.164661,21.452103],[-158.165279,21.451708],[-158.165933,21.451161],[-158.16627,21.450824],[-158.16721,21.449431],[-158.168187,21.44775],[-158.168688,21.4471],[-158.168927,21.446483],[-158.16991,21.445412],[-158.170835,21.444993],[-158.171361,21.444835],[-158.172982,21.444542],[-158.175415,21.444686],[-158.176726,21.444845],[-158.177061,21.444821],[-158.178367,21.444273],[-158.179753,21.443915],[-158.18047,21.443495],[-158.181549,21.443069],[-158.182101,21.442944],[-158.183325,21.44251],[-158.184467,21.44221],[-158.186804,21.441962],[-158.187577,21.441785],[-158.189125,21.44107],[-158.189319,21.4408],[-158.189609,21.440801],[-158.189869,21.44056],[-158.189486,21.440503],[-158.189063,21.440178],[-158.188798,21.439936],[-158.18828,21.439231],[-158.187363,21.437639],[-158.186916,21.436565],[-158.186087,21.435535],[-158.185899,21.43515],[-158.185434,21.434665],[-158.184681,21.433343],[-158.184405,21.432583],[-158.183952,21.432038],[-158.18387,21.431795],[-158.183705,21.43168],[-158.18367,21.431426],[-158.183458,21.43125],[-158.183017,21.430644],[-158.183029,21.430424],[-158.1828,21.430275],[-158.182941,21.430055],[-158.1826,21.429944],[-158.182018,21.429394],[-158.181771,21.429217],[-158.181453,21.429162],[-158.180894,21.428716],[-158.179901,21.426728],[-158.179795,21.426171],[-158.179801,21.425439],[-158.17999,21.424321],[-158.179949,21.423726],[-158.179596,21.423038],[-158.179037,21.421473],[-158.178885,21.420708],[-158.178861,21.420146],[-158.178714,21.419727],[-158.178603,21.418631],[-158.178427,21.417904],[-158.178427,21.417563],[-158.178692,21.416291],[-158.178645,21.41558],[-158.178275,21.413917],[-158.177323,21.411637],[-158.177358,21.411136],[-158.177905,21.410111],[-158.178129,21.409489],[-158.177994,21.408905],[-158.177917,21.407925],[-158.178194,21.407347],[-158.178612,21.406862],[-158.178676,21.406614],[-158.178535,21.406322],[-158.178436,21.405546],[-158.178312,21.405193],[-158.177201,21.403662],[-158.177107,21.403574],[-158.176954,21.403607],[-158.176913,21.403524],[-158.177025,21.40288],[-158.177007,21.402621],[-158.176878,21.402417],[-158.176925,21.402219],[-158.176314,21.40243],[-158.175543,21.402426],[-158.174865,21.402784],[-158.173418,21.402867],[-158.173322,21.402686],[-158.173034,21.402504],[-158.172168,21.402138],[-158.171784,21.401685],[-158.171016,21.401139],[-158.170631,21.400956],[-158.168993,21.400587],[-158.168414,21.400584],[-158.168124,21.400763],[-158.167063,21.400668],[-158.165326,21.400659],[-158.165036,21.400838],[-158.163492,21.400921],[-158.162912,21.401189],[-158.161368,21.401181],[-158.158564,21.402251],[-158.156025,21.403864],[-158.154308,21.404308],[-158.152566,21.405112],[-158.151596,21.406101],[-158.150329,21.408263],[-158.150135,21.408443],[-158.149652,21.40853],[-158.14907,21.40916],[-158.148587,21.409248],[-158.148393,21.409427],[-158.148294,21.409788],[-158.148197,21.409878],[-158.148196,21.410059],[-158.148099,21.410149],[-158.148095,21.410871],[-158.148288,21.410963],[-158.148286,21.411234],[-158.147993,21.411774],[-158.147895,21.412135],[-158.147701,21.412315],[-158.147686,21.414935],[-158.147589,21.415025],[-158.144694,21.41501],[-158.144015,21.415639],[-158.143242,21.415906],[-158.141594,21.417163],[-158.141495,21.417614],[-158.140235,21.418601],[-158.140232,21.419143],[-158.139845,21.419322],[-158.139843,21.419683],[-158.139552,21.419953],[-158.139358,21.420042],[-158.137814,21.420215],[-158.137426,21.420484],[-158.136944,21.420482],[-158.136749,21.420752],[-158.135591,21.420746],[-158.135203,21.421196],[-158.1325,21.421453],[-158.132112,21.421722],[-158.132108,21.422354],[-158.131624,21.422713],[-158.131233,21.423524],[-158.130069,21.424603],[-158.127751,21.425042],[-158.1263,21.425667],[-158.126105,21.425937],[-158.124176,21.425837],[-158.123016,21.426102],[-158.122725,21.426462],[-158.120409,21.42645],[-158.118097,21.425806],[-158.11781,21.425443],[-158.11646,21.425255],[-158.1155,21.424527],[-158.114536,21.424432],[-158.112904,21.422977],[-158.112133,21.422883],[-158.110503,21.421158],[-158.110027,21.420071],[-158.110031,21.41953],[-158.109263,21.418893],[-158.108115,21.417261],[-158.107733,21.416537],[-158.107156,21.416263],[-158.106294,21.415264],[-158.105184,21.413711],[-158.102929,21.41335],[-158.101298,21.41327],[-158.100414,21.414421],[-158.099828,21.415501],[-158.099729,21.416284],[-158.099508,21.416978],[-158.099106,21.417653],[-158.098994,21.41816],[-158.099046,21.418584],[-158.098954,21.418854],[-158.098772,21.419023],[-158.097738,21.419475],[-158.097501,21.419761],[-158.097517,21.420066],[-158.097299,21.420319],[-158.09581,21.421158],[-158.09552,21.421224],[-158.094683,21.421964],[-158.094426,21.422641],[-158.093501,21.423042],[-158.093188,21.423871],[-158.092437,21.424947],[-158.092365,21.425239],[-158.09249,21.425663],[-158.092325,21.426001],[-158.091017,21.426824],[-158.090726,21.42706],[-158.090589,21.427286],[-158.090577,21.427821],[-158.090466,21.428143],[-158.090589,21.428804],[-158.090669,21.430088],[-158.090864,21.431008],[-158.090282,21.431632],[-158.09026,21.432157],[-158.090642,21.434335],[-158.090769,21.434718],[-158.091119,21.435241],[-158.092192,21.435777],[-158.092561,21.436062],[-158.092945,21.436516],[-158.093039,21.436788],[-158.094579,21.437429],[-158.095616,21.438007],[-158.096697,21.438345],[-158.097778,21.439391],[-158.098697,21.439989],[-158.098895,21.440295],[-158.098856,21.440752],[-158.098562,21.44148],[-158.098631,21.441937],[-158.098537,21.442513],[-158.097726,21.443592],[-158.097621,21.444338],[-158.097438,21.444795],[-158.0975,21.446439],[-158.09605,21.449365],[-158.09594,21.449937],[-158.095655,21.450718],[-158.095648,21.451983],[-158.095798,21.452511],[-158.09574,21.453052],[-158.095543,21.453338],[-158.095537,21.454241],[-158.095728,21.454513],[-158.096306,21.454697],[-158.096786,21.455242],[-158.097444,21.455552],[-158.09794,21.45588],[-158.098802,21.456879],[-158.099298,21.457053],[-158.09991,21.457666],[-158.100126,21.457768],[-158.100647,21.458364],[-158.100973,21.458416],[-158.101301,21.458608],[-158.101587,21.459062],[-158.102234,21.459287],[-158.102375,21.459813],[-158.102699,21.46012],[-158.103024,21.460786],[-158.103255,21.460936],[-158.103506,21.461276],[-158.10339,21.462495],[-158.103281,21.462647],[-158.103405,21.463003],[-158.103329,21.463596],[-158.10336,21.464544],[-158.103553,21.465426],[-158.103568,21.466571],[-158.103756,21.467295],[-158.104118,21.467767],[-158.105679,21.46857],[-158.105649,21.468978],[-158.105788,21.469978],[-158.105712,21.470469],[-158.105782,21.470927],[-158.106575,21.471473],[-158.106912,21.4721],[-158.107149,21.472272],[-158.107489,21.472374],[-158.107634,21.4728],[-158.107677,21.473278],[-158.107954,21.473835],[-158.108188,21.473954],[-158.108912,21.473958],[-158.109058,21.473705],[-158.10962,21.47364],[-158.110036,21.473676],[-158.110289,21.473779],[-158.110705,21.473781],[-158.11145,21.473159],[-158.111866,21.473347],[-158.112306,21.473935],[-158.112549,21.474079],[-158.113506,21.474372],[-158.115695,21.474587],[-158.116646,21.474409],[-158.117448,21.474969],[-158.118764,21.475414],[-158.11885,21.476517],[-158.118554,21.477549],[-158.118363,21.47776],[-158.118351,21.478225],[-158.119128,21.478415],[-158.119998,21.478763],[-158.120966,21.479695],[-158.121149,21.480033],[-158.122208,21.48049]]]]},"properties":{}},{"type":"Feature","id":497,"geometry":{"type":"MultiPolygon","coordinates":[[[[-158.154537,21.580954],[-158.155243,21.580971],[-158.156026,21.580822],[-158.157221,21.580267],[-158.158387,21.579915],[-158.158799,21.579899],[-158.16026,21.580147],[-158.162155,21.580743],[-158.162944,21.580836],[-158.16335,21.580776],[-158.164563,21.580386],[-158.165441,21.57978],[-158.166595,21.579615],[-158.167396,21.57906],[-158.168026,21.578933],[-158.168832,21.579231],[-158.16955,21.579727],[-158.170869,21.580146],[-158.171228,21.580449],[-158.172617,21.581281],[-158.173324,21.581633],[-158.173842,21.581749],[-158.173869,21.578237],[-158.174765,21.573339],[-158.175086,21.571037],[-158.175083,21.568428],[-158.174769,21.566275],[-158.173644,21.563542],[-158.173196,21.562828],[-158.172554,21.56108],[-158.172253,21.559875],[-158.171756,21.559344],[-158.170989,21.559276],[-158.170696,21.559068],[-158.170314,21.558343],[-158.170347,21.557494],[-158.170788,21.556429],[-158.170998,21.554601],[-158.171311,21.553687],[-158.171464,21.55218],[-158.171506,21.551198],[-158.171364,21.55079],[-158.170877,21.550432],[-158.17117,21.549773],[-158.171499,21.549368],[-158.171682,21.548962],[-158.171777,21.548184],[-158.172088,21.547592],[-158.172183,21.546898],[-158.172203,21.546525],[-158.171987,21.546287],[-158.171741,21.545015],[-158.171634,21.544794],[-158.171649,21.544525],[-158.171874,21.544016],[-158.171916,21.542932],[-158.17201,21.542424],[-158.172471,21.540953],[-158.172419,21.540512],[-158.172132,21.539985],[-158.172026,21.539629],[-158.171467,21.539169],[-158.171087,21.539082],[-158.171109,21.538506],[-158.170966,21.538065],[-158.170626,21.537471],[-158.170629,21.537201],[-158.170774,21.536929],[-158.171174,21.536558],[-158.17131,21.536211],[-158.17185,21.535511],[-158.171897,21.534949],[-158.172495,21.533625],[-158.173059,21.533052],[-158.173006,21.532815],[-158.172358,21.532185],[-158.172324,21.531863],[-158.172471,21.531389],[-158.172512,21.530542],[-158.172659,21.530255],[-158.172606,21.53],[-158.174075,21.529571],[-158.174266,21.529445],[-158.174576,21.529032],[-158.174985,21.528937],[-158.175765,21.528444],[-158.175895,21.527975],[-158.175824,21.527648],[-158.176377,21.525872],[-158.17621,21.525109],[-158.176039,21.524888],[-158.175914,21.524548],[-158.175573,21.52403],[-158.174834,21.5234],[-158.174791,21.523044],[-158.174948,21.522596],[-158.17494,21.522409],[-158.174733,21.522179],[-158.174789,21.521832],[-158.174711,21.521324],[-158.174361,21.520695],[-158.174237,21.520288],[-158.173877,21.519914],[-158.173608,21.519455],[-158.172594,21.519518],[-158.171671,21.519369],[-158.171372,21.519419],[-158.170632,21.519127],[-158.170127,21.518794],[-158.169828,21.518708],[-158.169278,21.518392],[-158.168103,21.518149],[-158.167841,21.51802],[-158.167428,21.517375],[-158.167167,21.517136],[-158.166608,21.516829],[-158.165425,21.516348],[-158.164784,21.515981],[-158.164543,21.515387],[-158.164021,21.51485],[-158.163345,21.514356],[-158.163231,21.513943],[-158.162751,21.513489],[-158.161209,21.51312],[-158.160727,21.51314],[-158.159177,21.511997],[-158.158319,21.511781],[-158.157112,21.510784],[-158.156309,21.510246],[-158.155405,21.51003],[-158.153234,21.509909],[-158.152809,21.509737],[-158.151833,21.509563],[-158.151507,21.509578],[-158.150111,21.510012],[-158.149459,21.509941],[-158.14873,21.509353],[-158.148074,21.508536],[-158.14628,21.508819],[-158.1461,21.508683],[-158.146044,21.508945],[-158.145568,21.509866],[-158.14526,21.511372],[-158.145285,21.511736],[-158.145481,21.512356],[-158.145432,21.512982],[-158.145228,21.513761],[-158.145285,21.514828],[-158.145568,21.515982],[-158.145456,21.516574],[-158.145541,21.517739],[-158.145397,21.518819],[-158.145564,21.5197],[-158.145314,21.520648],[-158.144793,21.521551],[-158.144745,21.521975],[-158.145218,21.52334],[-158.145622,21.523674],[-158.145756,21.524013],[-158.145688,21.52469],[-158.145746,21.525538],[-158.145988,21.526005],[-158.146276,21.526362],[-158.146381,21.526846],[-158.14712,21.527523],[-158.147278,21.528346],[-158.147529,21.528627],[-158.147444,21.529287],[-158.146937,21.530801],[-158.147293,21.531823],[-158.148433,21.531998],[-158.149027,21.532215],[-158.149408,21.533211],[-158.149308,21.533985],[-158.149663,21.535207],[-158.149696,21.535664],[-158.149295,21.536154],[-158.149005,21.536288],[-158.148808,21.536551],[-158.148999,21.53722],[-158.14894,21.538033],[-158.148702,21.538267],[-158.148505,21.538899],[-158.149112,21.539609],[-158.148874,21.539964],[-158.149302,21.541152],[-158.149742,21.541977],[-158.15022,21.542088],[-158.150707,21.542073],[-158.150917,21.543549],[-158.150858,21.544396],[-158.150599,21.545292],[-158.150904,21.545751],[-158.151337,21.546092],[-158.151586,21.546771],[-158.15182,21.547111],[-158.151617,21.547737],[-158.151017,21.548107],[-158.150578,21.548968],[-158.150503,21.549324],[-158.150633,21.551933],[-158.15057,21.55344],[-158.149954,21.556503],[-158.150006,21.557045],[-158.149884,21.559246],[-158.151084,21.560234],[-158.151461,21.561862],[-158.151453,21.563126],[-158.151933,21.563671],[-158.155878,21.566311],[-158.156166,21.566583],[-158.156645,21.567218],[-158.157023,21.568666],[-158.157014,21.570202],[-158.155742,21.572995],[-158.155154,21.574528],[-158.154562,21.576603],[-158.154537,21.580954]]]]},"properties":{}},{"type":"Feature","id":498,"geometry":{"type":"MultiPolygon","coordinates":[[[[-158.227479,21.579339],[-158.22867,21.578992],[-158.229406,21.578981],[-158.230995,21.579234],[-158.23285,21.579685],[-158.23345,21.579696],[-158.234228,21.579877],[-158.23507,21.579739],[-158.236124,21.579756],[-158.236424,21.579695],[-158.237195,21.579822],[-158.238343,21.579557],[-158.238702,21.579546],[-158.24051,21.579639],[-158.241187,21.579589],[-158.241805,21.579777],[-158.242453,21.579853],[-158.243324,21.579462],[-158.243937,21.579457],[-158.244443,21.579341],[-158.24502,21.578994],[-158.24522,21.579093],[-158.24608,21.579164],[-158.246822,21.579494],[-158.247581,21.579544],[-158.247923,21.579643],[-158.248695,21.579477],[-158.249843,21.579548],[-158.251092,21.579272],[-158.251716,21.579387],[-158.252099,21.579839],[-158.252388,21.57947],[-158.252606,21.57947],[-158.252712,21.579343],[-158.253089,21.579425],[-158.253501,21.579337],[-158.254732,21.578824],[-158.254868,21.578714],[-158.254885,21.578362],[-158.254979,21.578268],[-158.255221,21.578279],[-158.255515,21.578488],[-158.255692,21.57851],[-158.255993,21.578405],[-158.256157,21.578234],[-158.256605,21.578069],[-158.25664,21.577931],[-158.256764,21.577849],[-158.2569,21.577826],[-158.257129,21.578041],[-158.2574,21.578129],[-158.257848,21.577908],[-158.258048,21.578035],[-158.258296,21.578062],[-158.259073,21.577946],[-158.260192,21.578226],[-158.260304,21.578155],[-158.260334,21.577742],[-158.260463,21.577538],[-158.260769,21.577571],[-158.260905,21.57729],[-158.261093,21.577235],[-158.261423,21.57756],[-158.26276,21.577762],[-158.263055,21.577944],[-158.263361,21.577652],[-158.263326,21.577305],[-158.263567,21.577189],[-158.263732,21.577211],[-158.264015,21.577118],[-158.264091,21.577288],[-158.264256,21.577404],[-158.264521,21.577293],[-158.265181,21.577519],[-158.265387,21.577524],[-158.265764,21.57737],[-158.266135,21.577072],[-158.266559,21.576863],[-158.267019,21.57705],[-158.268279,21.577038],[-158.268444,21.576834],[-158.269787,21.57636],[-158.270129,21.576095],[-158.270423,21.576001],[-158.271207,21.576012],[-158.27186,21.57578],[-158.272173,21.575813],[-158.272287,21.575723],[-158.27241,21.57574],[-158.27254,21.575927],[-158.272652,21.575778],[-158.272799,21.575773],[-158.273099,21.575977],[-158.273347,21.575789],[-158.273406,21.575443],[-158.273577,21.575365],[-158.273789,21.575371],[-158.273912,21.575564],[-158.274036,21.575613],[-158.274142,21.575398],[-158.274454,21.575354],[-158.274866,21.575684],[-158.274978,21.575718],[-158.27499,21.57558],[-158.27506,21.57558],[-158.275319,21.575839],[-158.275526,21.575888],[-158.275767,21.575866],[-158.275844,21.575475],[-158.276156,21.57575],[-158.276203,21.575602],[-158.27645,21.575585],[-158.27648,21.575822],[-158.276627,21.57591],[-158.276774,21.575844],[-158.277021,21.575882],[-158.277204,21.5758],[-158.277528,21.575871],[-158.277628,21.575992],[-158.277822,21.576031],[-158.278276,21.575816],[-158.27834,21.575877],[-158.278252,21.576141],[-158.27847,21.576179],[-158.278694,21.575937],[-158.278635,21.575629],[-158.278753,21.575447],[-158.279047,21.57543],[-158.279566,21.575144],[-158.280019,21.575045],[-158.280161,21.574836],[-158.280849,21.574973],[-158.280944,21.574709],[-158.280691,21.574489],[-158.280543,21.57456],[-158.280326,21.574445],[-158.27956,21.574331],[-158.276205,21.573387],[-158.274206,21.57293],[-158.273482,21.572877],[-158.272177,21.572999],[-158.270918,21.572994],[-158.269895,21.572862],[-158.269461,21.572691],[-158.268285,21.572458],[-158.267191,21.572039],[-158.266648,21.571935],[-158.265907,21.571618],[-158.265384,21.571142],[-158.265068,21.570963],[-158.264561,21.570901],[-158.264155,21.57062],[-158.263949,21.570119],[-158.263508,21.569677],[-158.262821,21.569217],[-158.261749,21.568264],[-158.26081,21.567599],[-158.259128,21.567101],[-158.258697,21.566404],[-158.258255,21.565979],[-158.256927,21.565329],[-158.256348,21.565166],[-158.255121,21.564415],[-158.252618,21.563185],[-158.252032,21.562801],[-158.251447,21.562155],[-158.250425,21.561803],[-158.249663,21.562071],[-158.249019,21.562144],[-158.248196,21.561997],[-158.247446,21.561596],[-158.246266,21.562251],[-158.245754,21.563079],[-158.245554,21.563315],[-158.245245,21.5635],[-158.24463,21.563413],[-158.242868,21.562761],[-158.242101,21.562215],[-158.240937,21.5616],[-158.239825,21.561222],[-158.23865,21.560963],[-158.238326,21.560622],[-158.23772,21.560408],[-158.236851,21.560378],[-158.236363,21.560207],[-158.234983,21.559421],[-158.23444,21.559223],[-158.233574,21.558703],[-158.232791,21.55797],[-158.232042,21.557467],[-158.231083,21.55737],[-158.230884,21.557275],[-158.230705,21.557046],[-158.23001,21.556678],[-158.228871,21.556275],[-158.22825,21.555653],[-158.227988,21.555271],[-158.226221,21.55417],[-158.225879,21.553889],[-158.225609,21.553489],[-158.225234,21.552691],[-158.225103,21.551818],[-158.224804,21.551808],[-158.224559,21.551875],[-158.22426,21.552077],[-158.223652,21.55226],[-158.223369,21.552589],[-158.223295,21.553004],[-158.223158,21.553113],[-158.222624,21.553069],[-158.222045,21.553134],[-158.221246,21.553422],[-158.221214,21.554235],[-158.221617,21.554699],[-158.22212,21.555756],[-158.222524,21.556326],[-158.222831,21.556581],[-158.222774,21.557039],[-158.222971,21.557421],[-158.223413,21.557635],[-158.223902,21.557705],[-158.224317,21.557961],[-158.224715,21.558056],[-158.225168,21.557982],[-158.225348,21.558033],[-158.225653,21.55856],[-158.226295,21.558758],[-158.227132,21.559558],[-158.227085,21.559871],[-158.227767,21.56262],[-158.227707,21.56356],[-158.227796,21.563899],[-158.227867,21.564103],[-158.228434,21.564673],[-158.228821,21.565192],[-158.228864,21.565493],[-158.229088,21.566019],[-158.229175,21.566595],[-158.229337,21.566799],[-158.22947,21.56719],[-158.229478,21.567427],[-158.229083,21.568493],[-158.228968,21.569577],[-158.229036,21.57039],[-158.229345,21.571544],[-158.229363,21.571857],[-158.22928,21.572069],[-158.22909,21.572153],[-158.22897,21.572423],[-158.229105,21.572593],[-158.229122,21.572805],[-158.229022,21.572982],[-158.228349,21.57353],[-158.228265,21.573893],[-158.228281,21.574368],[-158.227974,21.575929],[-158.227471,21.576866],[-158.227422,21.577468],[-158.227479,21.579339]]]]},"properties":{}},{"type":"Feature","id":499,"geometry":{"type":"MultiPolygon","coordinates":[[[[-158.280326,21.574445],[-158.280255,21.574197],[-158.280302,21.574026],[-158.280379,21.573999],[-158.280773,21.574191],[-158.280673,21.574054],[-158.28072,21.573822],[-158.280461,21.57374],[-158.280279,21.573839],[-158.280179,21.573701],[-158.280079,21.573696],[-158.279861,21.573834],[-158.279708,21.573613],[-158.279684,21.5733],[-158.279402,21.573195],[-158.279372,21.57303],[-158.279255,21.573085],[-158.279154,21.573333],[-158.278966,21.573289],[-158.278154,21.572849],[-158.277777,21.572491],[-158.277565,21.572749],[-158.277365,21.572628],[-158.277159,21.572628],[-158.277053,21.572788],[-158.276964,21.57259],[-158.276852,21.572546],[-158.276322,21.57281],[-158.27624,21.572287],[-158.27584,21.572403],[-158.275816,21.572155],[-158.275663,21.572062],[-158.275557,21.572084],[-158.275481,21.572293],[-158.275386,21.572271],[-158.27508,21.571759],[-158.274992,21.571748],[-158.274845,21.571968],[-158.274674,21.571946],[-158.274557,21.571588],[-158.274409,21.571643],[-158.274286,21.57155],[-158.274062,21.571577],[-158.273862,21.57144],[-158.273626,21.57161],[-158.273455,21.571385],[-158.273444,21.571126],[-158.272979,21.570928],[-158.272867,21.570773],[-158.272584,21.570895],[-158.272337,21.570823],[-158.271853,21.570494],[-158.271488,21.570423],[-158.271099,21.570148],[-158.270899,21.570131],[-158.270534,21.569818],[-158.270057,21.569587],[-158.269886,21.5693],[-158.269691,21.569317],[-158.269479,21.569229],[-158.26836,21.568282],[-158.268307,21.568045],[-158.26783,21.567958],[-158.267665,21.567859],[-158.267494,21.567435],[-158.267323,21.567446],[-158.267046,21.567292],[-158.266728,21.567303],[-158.266669,21.567187],[-158.266381,21.567011],[-158.266381,21.566818],[-158.266292,21.566697],[-158.265851,21.566714],[-158.265727,21.566571],[-158.265709,21.566378],[-158.265438,21.566219],[-158.265362,21.566015],[-158.265114,21.565943],[-158.265155,21.565618],[-158.264272,21.565553],[-158.263966,21.565178],[-158.263718,21.56509],[-158.263636,21.564903],[-158.263453,21.564859],[-158.263276,21.564909],[-158.26307,21.564556],[-158.262746,21.564441],[-158.262717,21.564276],[-158.262334,21.564188],[-158.26221,21.563879],[-158.262416,21.563637],[-158.262316,21.563433],[-158.262128,21.563312],[-158.262034,21.5634],[-158.261904,21.563395],[-158.261527,21.563059],[-158.26118,21.563131],[-158.261009,21.563098],[-158.260962,21.562883],[-158.261068,21.562619],[-158.261003,21.562575],[-158.260826,21.562547],[-158.260337,21.562729],[-158.260184,21.562691],[-158.259984,21.56241],[-158.259984,21.562212],[-158.259778,21.562052],[-158.25953,21.561297],[-158.259271,21.56116],[-158.25926,21.561039],[-158.259024,21.560769],[-158.258718,21.56067],[-158.25847,21.560395],[-158.258199,21.560263],[-158.257993,21.560301],[-158.257887,21.560439],[-158.257775,21.560434],[-158.257669,21.560307],[-158.257711,21.560136],[-158.257611,21.560043],[-158.257481,21.560065],[-158.257345,21.560213],[-158.257169,21.560136],[-158.257198,21.5598],[-158.256886,21.559679],[-158.256792,21.559569],[-158.256998,21.559002],[-158.256668,21.558754],[-158.256362,21.558677],[-158.256038,21.558754],[-158.25552,21.558567],[-158.255426,21.558391],[-158.255184,21.558391],[-158.255102,21.558215],[-158.254719,21.558121],[-158.254489,21.557929],[-158.253812,21.557896],[-158.253683,21.557637],[-158.253382,21.557511],[-158.253559,21.557224],[-158.253335,21.55718],[-158.253035,21.55729],[-158.252882,21.556988],[-158.252652,21.55685],[-158.252322,21.556944],[-158.25214,21.556834],[-158.25194,21.556839],[-158.251887,21.556619],[-158.251698,21.556503],[-158.251145,21.55646],[-158.25075,21.556542],[-158.250638,21.556267],[-158.250008,21.556256],[-158.249879,21.555953],[-158.249466,21.555854],[-158.249296,21.555199],[-158.249107,21.555248],[-158.248666,21.555618],[-158.248542,21.555634],[-158.248619,21.554687],[-158.248153,21.554043],[-158.246929,21.55293],[-158.246623,21.552225],[-158.245881,21.551449],[-158.244528,21.550237],[-158.243127,21.549223],[-158.241955,21.54805],[-158.241084,21.546684],[-158.240484,21.545908],[-158.240478,21.545478],[-158.240684,21.545115],[-158.24049,21.545004],[-158.240343,21.545049],[-158.240301,21.544834],[-158.240072,21.54458],[-158.239966,21.544707],[-158.239895,21.544536],[-158.239771,21.544702],[-158.23966,21.544724],[-158.239448,21.544581],[-158.239295,21.544603],[-158.239253,21.544327],[-158.239065,21.544272],[-158.238941,21.544322],[-158.238983,21.543964],[-158.238824,21.543953],[-158.2387,21.543567],[-158.238576,21.54354],[-158.238453,21.54338],[-158.238229,21.543419],[-158.236969,21.542003],[-158.236798,21.54164],[-158.236546,21.541358],[-158.236158,21.541518],[-158.235785,21.541965],[-158.234803,21.542706],[-158.234249,21.543008],[-158.234004,21.543278],[-158.233487,21.543301],[-158.232162,21.543922],[-158.231881,21.543988],[-158.231438,21.543961],[-158.229368,21.54329],[-158.228672,21.543202],[-158.228238,21.543006],[-158.227685,21.543172],[-158.227377,21.54334],[-158.227203,21.54356],[-158.226986,21.543627],[-158.225646,21.543603],[-158.224911,21.544006],[-158.224267,21.544097],[-158.224158,21.544172],[-158.224048,21.544502],[-158.223114,21.544803],[-158.222513,21.545452],[-158.222441,21.545666],[-158.222446,21.546099],[-158.222687,21.546761],[-158.222474,21.547658],[-158.222382,21.547861],[-158.222082,21.54808],[-158.222072,21.5483],[-158.222212,21.549148],[-158.222436,21.54959],[-158.222363,21.549691],[-158.222,21.549893],[-158.221628,21.549984],[-158.2215,21.550111],[-158.221379,21.550788],[-158.221206,21.550991],[-158.221122,21.551426],[-158.220911,21.551891],[-158.221624,21.55326],[-158.222325,21.553093],[-158.223158,21.553113],[-158.223295,21.553004],[-158.223369,21.552589],[-158.223652,21.55226],[-158.22426,21.552077],[-158.224559,21.551875],[-158.225103,21.551818],[-158.225234,21.552691],[-158.225609,21.553489],[-158.225879,21.553889],[-158.226221,21.55417],[-158.227988,21.555271],[-158.22825,21.555653],[-158.228871,21.556275],[-158.23001,21.556678],[-158.230705,21.557046],[-158.230884,21.557275],[-158.231083,21.55737],[-158.232042,21.557467],[-158.232791,21.55797],[-158.233574,21.558703],[-158.23444,21.559223],[-158.234983,21.559421],[-158.236363,21.560207],[-158.236851,21.560378],[-158.23772,21.560408],[-158.238326,21.560622],[-158.23865,21.560963],[-158.239825,21.561222],[-158.240937,21.5616],[-158.242101,21.562215],[-158.242868,21.562761],[-158.24463,21.563413],[-158.245245,21.5635],[-158.245554,21.563315],[-158.245754,21.563079],[-158.246266,21.562251],[-158.247446,21.561596],[-158.248196,21.561997],[-158.249019,21.562144],[-158.249663,21.562071],[-158.250425,21.561803],[-158.251447,21.562155],[-158.252032,21.562801],[-158.252618,21.563185],[-158.255121,21.564415],[-158.256348,21.565166],[-158.256927,21.565329],[-158.258255,21.565979],[-158.258697,21.566404],[-158.259128,21.567101],[-158.26081,21.567599],[-158.261749,21.568264],[-158.262821,21.569217],[-158.263508,21.569677],[-158.263949,21.570119],[-158.264155,21.57062],[-158.264561,21.570901],[-158.265068,21.570963],[-158.265384,21.571142],[-158.265907,21.571618],[-158.266648,21.571935],[-158.267191,21.572039],[-158.268285,21.572458],[-158.269461,21.572691],[-158.269895,21.572862],[-158.270918,21.572994],[-158.272177,21.572999],[-158.273482,21.572877],[-158.274206,21.57293],[-158.276205,21.573387],[-158.27956,21.574331],[-158.280326,21.574445]]]]},"properties":{}},{"type":"Feature","id":500,"geometry":{"type":"MultiPolygon","coordinates":[[[[-157.864164,21.560554],[-157.864803,21.560213],[-157.865062,21.559524],[-157.865992,21.558616],[-157.866145,21.55855],[-157.867169,21.558561],[-157.867729,21.558489],[-157.8689,21.558059],[-157.869206,21.557806],[-157.869224,21.557635],[-157.869088,21.557465],[-157.869006,21.557465],[-157.868688,21.557784],[-157.868029,21.557916],[-157.867628,21.558104],[-157.867358,21.558104],[-157.867281,21.557911],[-157.867099,21.557779],[-157.867687,21.557145],[-157.868447,21.557013],[-157.868741,21.556666],[-157.868794,21.556666],[-157.8689,21.55709],[-157.869053,21.557206],[-157.869147,21.557184],[-157.869112,21.556782],[-157.868911,21.55627],[-157.870053,21.556],[-157.871319,21.555537],[-157.872361,21.555477],[-157.874086,21.555807],[-157.874757,21.55611],[-157.875487,21.556594],[-157.876152,21.557189],[-157.876453,21.557844],[-157.876535,21.55834],[-157.876376,21.558439],[-157.875988,21.558488],[-157.875758,21.558984],[-157.875894,21.55949],[-157.875847,21.559672],[-157.875376,21.56019],[-157.875335,21.560322],[-157.875288,21.560779],[-157.875429,21.561528],[-157.87527,21.562145],[-157.874629,21.562795],[-157.874605,21.563098],[-157.874737,21.564125],[-157.875936,21.56394],[-157.876672,21.563985],[-157.877615,21.564584],[-157.87843,21.565386],[-157.878748,21.565563],[-157.879264,21.56606],[-157.880539,21.566034],[-157.880734,21.565855],[-157.8818,21.56541],[-157.88355,21.563796],[-157.884426,21.56347],[-157.885263,21.5629],[-157.885699,21.562733],[-157.886615,21.5613],[-157.886999,21.560828],[-157.887454,21.560611],[-157.888219,21.55999],[-157.888142,21.558244],[-157.888271,21.55789],[-157.889021,21.556946],[-157.889299,21.55605],[-157.88925,21.555322],[-157.889434,21.554967],[-157.889708,21.554681],[-157.890092,21.554445],[-157.889932,21.553819],[-157.89008,21.553396],[-157.890281,21.55311],[-157.890974,21.552521],[-157.891363,21.551254],[-157.891819,21.550901],[-157.891948,21.550597],[-157.891897,21.550139],[-157.892465,21.549212],[-157.892449,21.549008],[-157.89278,21.548248],[-157.892752,21.547181],[-157.892952,21.546515],[-157.892891,21.545624],[-157.893909,21.545004],[-157.894901,21.54427],[-157.895601,21.543982],[-157.896648,21.543107],[-157.897246,21.540581],[-157.897441,21.540402],[-157.897461,21.539793],[-157.897355,21.538956],[-157.897491,21.538252],[-157.897497,21.537507],[-157.897659,21.537061],[-157.897973,21.536714],[-157.898409,21.536598],[-157.898811,21.536025],[-157.899218,21.535174],[-157.899612,21.534093],[-157.900117,21.533391],[-157.900489,21.533105],[-157.901261,21.53311],[-157.901623,21.532927],[-157.901841,21.532725],[-157.902039,21.532392],[-157.902389,21.532102],[-157.902825,21.531986],[-157.903494,21.531499],[-157.9052,21.531545],[-157.905781,21.531294],[-157.906345,21.530824],[-157.906672,21.530674],[-157.906998,21.530659],[-157.90767,21.530409],[-157.908159,21.530361],[-157.908706,21.529891],[-157.909011,21.529728],[-157.909904,21.529475],[-157.910086,21.529341],[-157.910566,21.528383],[-157.911092,21.527992],[-157.912259,21.526882],[-157.91275,21.526529],[-157.91319,21.526051],[-157.914333,21.525405],[-157.915325,21.52462],[-157.916584,21.523996],[-157.916457,21.522175],[-157.916215,21.521735],[-157.916108,21.520377],[-157.915393,21.519272],[-157.914884,21.518926],[-157.914776,21.517049],[-157.913927,21.516772],[-157.913263,21.516295],[-157.913012,21.515665],[-157.912886,21.515028],[-157.911833,21.513847],[-157.911447,21.513754],[-157.911075,21.513247],[-157.909715,21.51302],[-157.909311,21.511914],[-157.908663,21.511419],[-157.90832,21.51123],[-157.907895,21.511111],[-157.907186,21.51041],[-157.907315,21.51014],[-157.907625,21.509837],[-157.907518,21.509616],[-157.907557,21.509243],[-157.907719,21.508851],[-157.907363,21.508531],[-157.907146,21.508034],[-157.906376,21.507668],[-157.905232,21.505673],[-157.904456,21.505141],[-157.903697,21.504488],[-157.903411,21.504035],[-157.903457,21.503237],[-157.902972,21.502675],[-157.901691,21.501584],[-157.901062,21.501553],[-157.899685,21.50173],[-157.899251,21.50171],[-157.898892,21.501566],[-157.898347,21.501535],[-157.897832,21.501378],[-157.896796,21.501991],[-157.895229,21.502699],[-157.894528,21.502687],[-157.894248,21.50289],[-157.893657,21.50302],[-157.893087,21.503244],[-157.892311,21.503909],[-157.891244,21.504406],[-157.890219,21.505301],[-157.889816,21.505891],[-157.889008,21.506469],[-157.888464,21.507516],[-157.887935,21.507997],[-157.88764,21.508628],[-157.887651,21.509747],[-157.887241,21.510432],[-157.88726,21.511167],[-157.88742,21.51224],[-157.88683,21.513681],[-157.885885,21.513428],[-157.885433,21.513459],[-157.885124,21.513592],[-157.884762,21.513539],[-157.88432,21.513665],[-157.883691,21.513972],[-157.883039,21.513985],[-157.880081,21.514998],[-157.879611,21.514944],[-157.878426,21.514348],[-157.877182,21.512804],[-157.876912,21.512775],[-157.87583,21.512885],[-157.875334,21.512462],[-157.873586,21.514573],[-157.873109,21.515349],[-157.872053,21.516172],[-157.869636,21.517725],[-157.869416,21.518181],[-157.869377,21.518536],[-157.869532,21.519469],[-157.869475,21.519841],[-157.869779,21.521336],[-157.869723,21.522951],[-157.869473,21.523502],[-157.869278,21.524252],[-157.86864,21.524891],[-157.867716,21.526019],[-157.867917,21.527038],[-157.867222,21.527947],[-157.866928,21.528521],[-157.866888,21.528978],[-157.86703,21.529301],[-157.866937,21.529741],[-157.867201,21.53008],[-157.86733,21.530421],[-157.867293,21.530713],[-157.867017,21.53108],[-157.866777,21.531586],[-157.866023,21.532602],[-157.865564,21.534034],[-157.865325,21.535488],[-157.865514,21.535736],[-157.865745,21.536313],[-157.865649,21.537024],[-157.864946,21.538984],[-157.864597,21.539557],[-157.863936,21.540266],[-157.863715,21.541262],[-157.863345,21.541707],[-157.863147,21.542088],[-157.862567,21.542515],[-157.862078,21.543234],[-157.861975,21.543841],[-157.861717,21.544449],[-157.861406,21.54487],[-157.861349,21.545175],[-157.861596,21.545939],[-157.861612,21.546295],[-157.861372,21.546886],[-157.861404,21.547377],[-157.861922,21.548278],[-157.862034,21.548925],[-157.86232,21.549378],[-157.861958,21.550667],[-157.86172,21.55097],[-157.861569,21.551731],[-157.861111,21.552405],[-157.860758,21.553605],[-157.860738,21.554155],[-157.861868,21.555188],[-157.863349,21.555707],[-157.86362,21.555981],[-157.863526,21.556267],[-157.863682,21.557166],[-157.863506,21.558329],[-157.863888,21.558784],[-157.864075,21.559598],[-157.864267,21.55978],[-157.864164,21.560554]]]]},"properties":{}},{"type":"Feature","id":502,"geometry":{"type":"MultiPolygon","coordinates":[[[[-157.865325,21.535488],[-157.865433,21.534575],[-157.866023,21.532602],[-157.866777,21.531586],[-157.867017,21.53108],[-157.867293,21.530713],[-157.86733,21.530421],[-157.867201,21.53008],[-157.866937,21.529741],[-157.86703,21.529301],[-157.866888,21.528978],[-157.866928,21.528521],[-157.867222,21.527947],[-157.867917,21.527038],[-157.867716,21.526019],[-157.86864,21.524891],[-157.869278,21.524252],[-157.869473,21.523502],[-157.869723,21.522951],[-157.869779,21.521336],[-157.869475,21.519841],[-157.869532,21.519469],[-157.869377,21.518536],[-157.869416,21.518181],[-157.869636,21.517725],[-157.867943,21.516722],[-157.867403,21.516531],[-157.866154,21.516304],[-157.865476,21.516067],[-157.86287,21.515958],[-157.861938,21.516004],[-157.861031,21.516286],[-157.860451,21.516665],[-157.860122,21.516788],[-157.859776,21.517124],[-157.858831,21.517575],[-157.858214,21.51774],[-157.856638,21.517848],[-157.856094,21.518081],[-157.855713,21.518112],[-157.855475,21.518483],[-157.854893,21.518801],[-157.854475,21.519103],[-157.854182,21.51944],[-157.853837,21.519573],[-157.853418,21.519909],[-157.852274,21.520358],[-157.851078,21.520587],[-157.849479,21.521321],[-157.848844,21.521486],[-157.847948,21.522598],[-157.847634,21.523494],[-157.846887,21.523996],[-157.846088,21.524346],[-157.845869,21.524616],[-157.845647,21.52519],[-157.84539,21.525612],[-157.845045,21.525745],[-157.844556,21.525792],[-157.844158,21.526037],[-157.84377,21.526718],[-157.84284,21.527575],[-157.842638,21.527964],[-157.842691,21.528201],[-157.8423,21.529452],[-157.841904,21.530266],[-157.841801,21.530769],[-157.841758,21.531666],[-157.841449,21.531851],[-157.841045,21.532491],[-157.840619,21.533792],[-157.838969,21.535293],[-157.840073,21.536402],[-157.840273,21.536958],[-157.840414,21.537768],[-157.840826,21.538467],[-157.841209,21.539822],[-157.841427,21.540081],[-157.842186,21.542024],[-157.842775,21.542515],[-157.84417,21.543275],[-157.844729,21.543748],[-157.845294,21.544629],[-157.845406,21.544618],[-157.845629,21.544365],[-157.845582,21.544139],[-157.845712,21.544255],[-157.846295,21.543743],[-157.846247,21.543936],[-157.845912,21.544277],[-157.845782,21.544618],[-157.845465,21.544938],[-157.845618,21.545235],[-157.846089,21.545659],[-157.846318,21.546078],[-157.84643,21.547063],[-157.8462,21.548561],[-157.846318,21.549172],[-157.846742,21.550114],[-157.847019,21.5504],[-157.847507,21.55072],[-157.848096,21.551628],[-157.848655,21.552201],[-157.849161,21.5529],[-157.849256,21.5529],[-157.851006,21.551467],[-157.85126,21.550389],[-157.851402,21.550206],[-157.851824,21.549987],[-157.852043,21.549768],[-157.852209,21.54943],[-157.85261,21.549077],[-157.852918,21.548995],[-157.853283,21.548591],[-157.853647,21.548407],[-157.854027,21.548393],[-157.854103,21.548038],[-157.854036,21.54725],[-157.854496,21.546355],[-157.85483,21.545375],[-157.85527,21.544599],[-157.855186,21.543836],[-157.8553,21.543143],[-157.855976,21.542385],[-157.857525,21.541092],[-157.858868,21.540593],[-157.858961,21.54034],[-157.86024,21.538858],[-157.860387,21.538537],[-157.860697,21.538201],[-157.860808,21.537947],[-157.860959,21.537118],[-157.861343,21.536664],[-157.863066,21.536286],[-157.863718,21.53624],[-157.864137,21.535853],[-157.864864,21.535553],[-157.865325,21.535488]]]]},"properties":{}},{"type":"Feature","id":503,"geometry":{"type":"MultiPolygon","coordinates":[[[[-158.221122,21.551426],[-158.221206,21.550991],[-158.221379,21.550788],[-158.221443,21.550568],[-158.2215,21.550111],[-158.221628,21.549984],[-158.222,21.549893],[-158.222363,21.549691],[-158.222436,21.54959],[-158.222114,21.5488],[-158.222082,21.54808],[-158.222382,21.547861],[-158.222687,21.546761],[-158.222446,21.546099],[-158.222441,21.545666],[-158.222513,21.545452],[-158.223114,21.544803],[-158.224048,21.544502],[-158.224158,21.544172],[-158.224267,21.544097],[-158.224911,21.544006],[-158.225646,21.543603],[-158.226986,21.543627],[-158.227203,21.54356],[-158.227377,21.54334],[-158.227685,21.543172],[-158.228238,21.543006],[-158.228672,21.543202],[-158.229368,21.54329],[-158.231438,21.543961],[-158.231881,21.543988],[-158.232162,21.543922],[-158.233487,21.543301],[-158.234004,21.543278],[-158.234249,21.543008],[-158.234803,21.542706],[-158.235785,21.541965],[-158.236158,21.541518],[-158.236546,21.541358],[-158.23621,21.541018],[-158.235927,21.541089],[-158.235586,21.540885],[-158.235127,21.540307],[-158.234856,21.540225],[-158.234738,21.540285],[-158.23452,21.539905],[-158.234308,21.539982],[-158.234138,21.539823],[-158.234114,21.539702],[-158.233914,21.539669],[-158.23379,21.539426],[-158.233531,21.539261],[-158.233272,21.538826],[-158.232554,21.538193],[-158.231989,21.537284],[-158.231636,21.536871],[-158.2315,21.536348],[-158.231182,21.535946],[-158.23067,21.534933],[-158.23037,21.533914],[-158.230128,21.533826],[-158.230175,21.533457],[-158.229881,21.532741],[-158.229769,21.531887],[-158.229622,21.531458],[-158.229522,21.52991],[-158.229339,21.529712],[-158.229445,21.529392],[-158.229457,21.528968],[-158.229351,21.528225],[-158.229404,21.527399],[-158.229309,21.527173],[-158.229027,21.526942],[-158.229109,21.526887],[-158.229309,21.526931],[-158.229404,21.526859],[-158.229445,21.52665],[-158.229668,21.526363],[-158.229704,21.525901],[-158.229821,21.525609],[-158.230357,21.525223],[-158.229757,21.525185],[-158.229633,21.524959],[-158.22948,21.524072],[-158.228821,21.523748],[-158.22882,21.523296],[-158.228756,21.523213],[-158.228815,21.523009],[-158.22852,21.522685],[-158.228609,21.522558],[-158.228585,21.52209],[-158.228426,21.521793],[-158.22855,21.521594],[-158.227755,21.521321],[-158.227053,21.520615],[-158.225781,21.519766],[-158.225618,21.519753],[-158.225337,21.519862],[-158.224878,21.51939],[-158.224789,21.519101],[-158.223851,21.518368],[-158.221956,21.517394],[-158.220237,21.517234],[-158.219585,21.517265],[-158.219006,21.517177],[-158.217994,21.516952],[-158.217506,21.516713],[-158.216855,21.516523],[-158.21635,21.51625],[-158.215771,21.516196],[-158.215356,21.515957],[-158.21494,21.515888],[-158.214106,21.516121],[-158.213509,21.516067],[-158.2121,21.515434],[-158.210825,21.514986],[-158.210186,21.514493],[-158.209861,21.51439],[-158.209382,21.513985],[-158.208995,21.513861],[-158.208633,21.513876],[-158.208418,21.51371],[-158.20782,21.513601],[-158.206245,21.513492],[-158.206011,21.513389],[-158.205359,21.513335],[-158.205106,21.513215],[-158.204003,21.513091],[-158.203858,21.513023],[-158.20346,21.513038],[-158.202209,21.513472],[-158.200501,21.513762],[-158.199203,21.513534],[-158.198183,21.51314],[-158.197594,21.513128],[-158.196474,21.512818],[-158.195903,21.512799],[-158.195016,21.512947],[-158.194082,21.513247],[-158.192915,21.513098],[-158.19233,21.512527],[-158.190754,21.512579],[-158.189968,21.512347],[-158.189512,21.513052],[-158.188352,21.513186],[-158.187762,21.513594],[-158.187463,21.513673],[-158.185887,21.513822],[-158.185496,21.514125],[-158.184706,21.514503],[-158.183355,21.514941],[-158.182797,21.515899],[-158.182607,21.516021],[-158.181855,21.51606],[-158.180752,21.51586],[-158.180135,21.516069],[-158.179719,21.51605],[-158.179319,21.516285],[-158.17826,21.516424],[-158.178132,21.516516],[-158.177712,21.5172],[-158.17734,21.517436],[-158.176986,21.517561],[-158.176576,21.518042],[-158.176185,21.518354],[-158.175286,21.518781],[-158.174271,21.519013],[-158.173808,21.519248],[-158.173608,21.519455],[-158.173877,21.519914],[-158.174237,21.520288],[-158.174361,21.520695],[-158.174711,21.521324],[-158.174789,21.521832],[-158.174733,21.522179],[-158.17494,21.522409],[-158.174948,21.522596],[-158.174791,21.523044],[-158.174834,21.5234],[-158.175573,21.52403],[-158.175914,21.524548],[-158.17629,21.52538],[-158.176377,21.525872],[-158.175824,21.527648],[-158.175895,21.527975],[-158.177215,21.528193],[-158.177862,21.529052],[-158.178231,21.529358],[-158.17852,21.529487],[-158.178601,21.529657],[-158.179312,21.530414],[-158.179835,21.530692],[-158.179987,21.531002],[-158.180473,21.531508],[-158.181122,21.532006],[-158.181266,21.532227],[-158.182195,21.532833],[-158.182665,21.533051],[-158.182753,21.533484],[-158.182696,21.533916],[-158.182995,21.533841],[-158.184261,21.53416],[-158.184542,21.534026],[-158.184805,21.534019],[-158.185925,21.534515],[-158.186306,21.534365],[-158.186722,21.534307],[-158.187066,21.534444],[-158.187271,21.534996],[-158.187487,21.5352],[-158.190279,21.534621],[-158.190866,21.534725],[-158.191426,21.53499],[-158.191974,21.53584],[-158.192197,21.536493],[-158.192289,21.537815],[-158.192458,21.538239],[-158.192237,21.539026],[-158.192975,21.539766],[-158.193208,21.540174],[-158.193314,21.54075],[-158.193546,21.54137],[-158.193498,21.541759],[-158.193885,21.542159],[-158.193947,21.542413],[-158.194272,21.542601],[-158.194353,21.542754],[-158.194376,21.543508],[-158.194542,21.543729],[-158.194598,21.544195],[-158.195137,21.543444],[-158.195972,21.543015],[-158.196588,21.542946],[-158.19714,21.543017],[-158.197971,21.543266],[-158.198461,21.543163],[-158.199048,21.543398],[-158.199674,21.543274],[-158.200641,21.543491],[-158.201343,21.544239],[-158.201675,21.544859],[-158.202198,21.545116],[-158.202604,21.545473],[-158.202974,21.545653],[-158.203297,21.546146],[-158.203556,21.546799],[-158.203827,21.547021],[-158.204728,21.547643],[-158.205128,21.54745],[-158.206032,21.547692],[-158.206418,21.548228],[-158.206698,21.548415],[-158.207232,21.54846],[-158.207764,21.548785],[-158.208081,21.548795],[-158.208653,21.548577],[-158.208889,21.548332],[-158.209215,21.548385],[-158.210406,21.549178],[-158.210685,21.549434],[-158.210801,21.549663],[-158.211387,21.550149],[-158.21182,21.550346],[-158.212616,21.550493],[-158.212881,21.550105],[-158.213111,21.549411],[-158.213484,21.549125],[-158.213676,21.548787],[-158.213849,21.548644],[-158.214456,21.548528],[-158.215678,21.548686],[-158.215833,21.548466],[-158.216132,21.548332],[-158.216911,21.548378],[-158.217525,21.548584],[-158.217776,21.549085],[-158.218453,21.549495],[-158.218938,21.550175],[-158.219318,21.550202],[-158.219498,21.550339],[-158.219821,21.550789],[-158.220245,21.551096],[-158.221005,21.551261],[-158.221122,21.551426]]]]},"properties":{}},{"type":"Feature","id":504,"geometry":{"type":"MultiPolygon","coordinates":[[[[-157.838969,21.535293],[-157.840619,21.533792],[-157.841045,21.532491],[-157.841449,21.531851],[-157.841758,21.531666],[-157.841801,21.530769],[-157.841904,21.530266],[-157.8423,21.529452],[-157.842691,21.528201],[-157.842638,21.527964],[-157.84284,21.527575],[-157.84377,21.526718],[-157.844158,21.526037],[-157.844556,21.525792],[-157.845045,21.525745],[-157.84539,21.525612],[-157.845647,21.52519],[-157.845869,21.524616],[-157.846088,21.524346],[-157.846887,21.523996],[-157.847634,21.523494],[-157.847948,21.522598],[-157.848844,21.521486],[-157.848734,21.521191],[-157.847905,21.520078],[-157.847121,21.5197],[-157.846986,21.519538],[-157.846674,21.518952],[-157.846055,21.518278],[-157.845962,21.517648],[-157.845844,21.517455],[-157.845023,21.517128],[-157.844617,21.516826],[-157.843653,21.516639],[-157.84221,21.516118],[-157.840013,21.51309],[-157.837521,21.510814],[-157.836367,21.510173],[-157.836176,21.509991],[-157.835502,21.509716],[-157.834927,21.50917],[-157.834841,21.508968],[-157.834594,21.509299],[-157.834529,21.509745],[-157.834888,21.510907],[-157.835265,21.512713],[-157.835418,21.51312],[-157.835518,21.513803],[-157.835512,21.514662],[-157.835706,21.517482],[-157.835653,21.517763],[-157.835388,21.517966],[-157.835359,21.518087],[-157.835282,21.519007],[-157.835318,21.521083],[-157.835141,21.521777],[-157.8351,21.522394],[-157.83487,21.52252],[-157.834723,21.52274],[-157.834747,21.524563],[-157.834599,21.526154],[-157.834317,21.526292],[-157.834317,21.526391],[-157.83477,21.528241],[-157.835241,21.52915],[-157.836206,21.530714],[-157.8366,21.531716],[-157.837519,21.532823],[-157.837842,21.533709],[-157.837919,21.534431],[-157.838207,21.534745],[-157.838969,21.535293]]]]},"properties":{}},{"type":"Feature","id":516,"geometry":{"type":"MultiPolygon","coordinates":[[[[-157.843094,21.464691],[-157.843065,21.464882],[-157.842447,21.465752],[-157.842235,21.466352],[-157.8425,21.46731],[-157.842653,21.467558],[-157.842859,21.467745],[-157.84333,21.467988],[-157.844312,21.470427],[-157.844383,21.470675],[-157.844412,21.471837],[-157.8444,21.471903],[-157.843853,21.47214],[-157.843271,21.472696],[-157.843159,21.472889],[-157.843183,21.474386],[-157.842341,21.475053],[-157.84223,21.475213],[-157.84253,21.475527],[-157.842742,21.475581],[-157.843202,21.475984],[-157.843779,21.476349],[-157.844161,21.476803],[-157.844353,21.476895],[-157.844643,21.476897],[-157.845176,21.476665],[-157.846101,21.476502],[-157.847208,21.476103],[-157.848971,21.475048],[-157.853244,21.475421],[-157.853298,21.474773],[-157.853544,21.474158],[-157.855337,21.473245],[-157.855968,21.472729],[-157.85639,21.472812],[-157.856733,21.472967],[-157.856843,21.472764],[-157.857224,21.472557],[-157.857839,21.472619],[-157.858282,21.473016],[-157.859534,21.473393],[-157.859821,21.473659],[-157.860546,21.47362],[-157.861052,21.473674],[-157.861361,21.473507],[-157.861418,21.473135],[-157.861663,21.472587],[-157.862053,21.472048],[-157.862119,21.471479],[-157.862062,21.470874],[-157.86149,21.470057],[-157.861789,21.469732],[-157.861884,21.468975],[-157.862214,21.468499],[-157.862566,21.468167],[-157.863434,21.468263],[-157.863789,21.468442],[-157.864592,21.468271],[-157.865362,21.468547],[-157.86623,21.468553],[-157.866667,21.468343],[-157.866959,21.46804],[-157.867957,21.467725],[-157.868751,21.467035],[-157.869846,21.466789],[-157.871425,21.466122],[-157.872862,21.4652],[-157.873516,21.4649],[-157.874027,21.464277],[-157.874827,21.46374],[-157.87534,21.462913],[-157.875674,21.461865],[-157.876228,21.461123],[-157.876233,21.460491],[-157.876141,21.459858],[-157.876306,21.45971],[-157.875564,21.459583],[-157.875181,21.459219],[-157.874993,21.458495],[-157.875201,21.456599],[-157.875011,21.456146],[-157.87458,21.455904],[-157.874257,21.45558],[-157.873859,21.455416],[-157.873639,21.453611],[-157.873171,21.453185],[-157.872042,21.453235],[-157.870309,21.453707],[-157.867814,21.453385],[-157.866762,21.4537],[-157.865875,21.453813],[-157.864897,21.453819],[-157.864445,21.453905],[-157.863361,21.453728],[-157.862836,21.453724],[-157.862016,21.454447],[-157.861321,21.454517],[-157.860546,21.454874],[-157.860015,21.455789],[-157.859667,21.456223],[-157.860208,21.458906],[-157.860096,21.45938],[-157.858744,21.460997],[-157.858272,21.461814],[-157.857786,21.462262],[-157.85714,21.462544],[-157.856576,21.462947],[-157.855072,21.46378],[-157.854251,21.4641],[-157.85305,21.463224],[-157.851989,21.463126],[-157.851408,21.463393],[-157.849861,21.463834],[-157.84821,21.465178],[-157.84753,21.465625],[-157.846469,21.465617],[-157.846086,21.465253],[-157.845893,21.465252],[-157.845509,21.464978],[-157.844353,21.464699],[-157.843099,21.4646],[-157.843094,21.464691]]]]},"properties":{}},{"type":"Feature","id":505,"geometry":{"type":"MultiPolygon","coordinates":[[[[-157.848844,21.521486],[-157.849479,21.521321],[-157.851078,21.520587],[-157.852274,21.520358],[-157.853418,21.519909],[-157.853837,21.519573],[-157.854182,21.51944],[-157.854475,21.519103],[-157.854893,21.518801],[-157.855475,21.518483],[-157.855713,21.518112],[-157.856094,21.518081],[-157.856638,21.517848],[-157.858214,21.51774],[-157.858831,21.517575],[-157.859776,21.517124],[-157.860122,21.516788],[-157.860451,21.516665],[-157.861031,21.516286],[-157.861938,21.516004],[-157.863984,21.515967],[-157.86431,21.516037],[-157.865476,21.516067],[-157.866154,21.516304],[-157.867403,21.516531],[-157.867943,21.516722],[-157.869636,21.517725],[-157.872053,21.516172],[-157.873109,21.515349],[-157.873586,21.514573],[-157.875334,21.512462],[-157.87489,21.512134],[-157.874356,21.510979],[-157.873529,21.510177],[-157.873189,21.509633],[-157.872865,21.509341],[-157.872342,21.509136],[-157.871805,21.509063],[-157.871327,21.508428],[-157.870648,21.508176],[-157.870081,21.507335],[-157.869409,21.506948],[-157.869217,21.506697],[-157.868447,21.506421],[-157.868221,21.506042],[-157.867789,21.505819],[-157.8672,21.505328],[-157.864759,21.504324],[-157.864029,21.5035],[-157.862815,21.503041],[-157.862473,21.502683],[-157.862277,21.502343],[-157.862012,21.502131],[-157.861723,21.501441],[-157.861257,21.500862],[-157.860484,21.500145],[-157.860343,21.499721],[-157.860006,21.499407],[-157.859027,21.499051],[-157.858321,21.499012],[-157.856751,21.498476],[-157.855675,21.497751],[-157.855007,21.496843],[-157.854042,21.496746],[-157.852602,21.495742],[-157.851927,21.495647],[-157.851352,21.495192],[-157.851257,21.49492],[-157.850968,21.494918],[-157.850386,21.495185],[-157.850049,21.495454],[-157.850544,21.496177],[-157.850561,21.496408],[-157.850911,21.497162],[-157.851417,21.499382],[-157.8517,21.50007],[-157.851988,21.501089],[-157.852253,21.502575],[-157.852418,21.502829],[-157.85233,21.504134],[-157.852407,21.504536],[-157.852359,21.504784],[-157.851389,21.505516],[-157.851147,21.506001],[-157.851195,21.506425],[-157.851477,21.507053],[-157.851407,21.507377],[-157.851295,21.507537],[-157.850094,21.507306],[-157.848847,21.507223],[-157.848694,21.50713],[-157.848694,21.506744],[-157.84907,21.506474],[-157.847723,21.50632],[-157.846999,21.506546],[-157.845981,21.507152],[-157.844445,21.507587],[-157.843174,21.507851],[-157.842868,21.507851],[-157.840032,21.508748],[-157.838949,21.508429],[-157.837172,21.508379],[-157.836142,21.508566],[-157.835642,21.508754],[-157.835212,21.508803],[-157.834841,21.508968],[-157.834927,21.50917],[-157.835502,21.509716],[-157.836176,21.509991],[-157.836367,21.510173],[-157.837521,21.510814],[-157.840013,21.51309],[-157.84221,21.516118],[-157.843653,21.516639],[-157.844617,21.516826],[-157.845023,21.517128],[-157.845844,21.517455],[-157.845962,21.517648],[-157.846055,21.518278],[-157.846674,21.518952],[-157.846986,21.519538],[-157.847121,21.5197],[-157.847905,21.520078],[-157.848734,21.521191],[-157.848844,21.521486]]]]},"properties":{}},{"type":"Feature","id":506,"geometry":{"type":"MultiPolygon","coordinates":[[[[-158.22855,21.521594],[-158.228508,21.52133],[-158.228608,21.521176],[-158.228603,21.520928],[-158.228444,21.520697],[-158.228679,21.520394],[-158.228749,21.519623],[-158.228967,21.519408],[-158.229232,21.517882],[-158.22945,21.517607],[-158.229491,21.517133],[-158.22965,21.516946],[-158.229556,21.516786],[-158.229573,21.516643],[-158.229667,21.516516],[-158.230162,21.516274],[-158.229867,21.515167],[-158.229108,21.514677],[-158.228772,21.514165],[-158.228831,21.513261],[-158.228731,21.51292],[-158.228796,21.512457],[-158.229178,21.511488],[-158.229543,21.510899],[-158.229731,21.510728],[-158.229372,21.510029],[-158.229396,21.509494],[-158.22926,21.509219],[-158.229272,21.508712],[-158.229607,21.508332],[-158.229637,21.508206],[-158.22969,21.507379],[-158.229595,21.505606],[-158.230225,21.503386],[-158.230178,21.502951],[-158.230242,21.500776],[-158.230595,21.500512],[-158.230666,21.500253],[-158.230442,21.49925],[-158.230165,21.498854],[-158.230024,21.498116],[-158.230187,21.496267],[-158.229993,21.495634],[-158.229916,21.494593],[-158.229957,21.493254],[-158.230463,21.491586],[-158.230516,21.490974],[-158.229951,21.488959],[-158.230351,21.488457],[-158.230322,21.48805],[-158.230433,21.487549],[-158.230433,21.486849],[-158.230669,21.485235],[-158.23061,21.484778],[-158.230998,21.483974],[-158.230986,21.483275],[-158.231068,21.482878],[-158.230609,21.482399],[-158.230321,21.481788],[-158.23015,21.4816],[-158.228703,21.480626],[-158.228538,21.480439],[-158.228244,21.479982],[-158.228114,21.479541],[-158.227873,21.479166],[-158.227573,21.478908],[-158.226984,21.478721],[-158.22659,21.47828],[-158.225607,21.477785],[-158.225154,21.477983],[-158.224207,21.478203],[-158.224007,21.478214],[-158.223476,21.478064],[-158.223567,21.479088],[-158.223505,21.479723],[-158.223272,21.480081],[-158.223372,21.480747],[-158.22384,21.481359],[-158.224036,21.481944],[-158.22386,21.482647],[-158.224127,21.483529],[-158.223826,21.4839],[-158.223798,21.484137],[-158.223949,21.484739],[-158.223935,21.485493],[-158.221918,21.48711],[-158.221534,21.487769],[-158.221071,21.487987],[-158.219821,21.488337],[-158.219322,21.488597],[-158.21856,21.488801],[-158.216061,21.48917],[-158.215508,21.48932],[-158.214927,21.489589],[-158.214021,21.489838],[-158.212554,21.489959],[-158.211114,21.490227],[-158.21019,21.490265],[-158.20982,21.490204],[-158.209152,21.489904],[-158.208309,21.490053],[-158.207982,21.490229],[-158.207827,21.490474],[-158.207564,21.490668],[-158.206892,21.49099],[-158.20651,21.491412],[-158.206128,21.491673],[-158.205655,21.492153],[-158.205034,21.493192],[-158.204752,21.493462],[-158.201563,21.494065],[-158.201128,21.494207],[-158.200166,21.494685],[-158.199567,21.495089],[-158.198329,21.496302],[-158.197084,21.497347],[-158.196874,21.497549],[-158.1967,21.498065],[-158.196389,21.498525],[-158.19622,21.499761],[-158.196063,21.500192],[-158.195582,21.500528],[-158.195071,21.501237],[-158.194698,21.501515],[-158.194298,21.502004],[-158.194059,21.502647],[-158.193693,21.503314],[-158.193545,21.503881],[-158.193299,21.504244],[-158.193168,21.504921],[-158.193275,21.505218],[-158.193226,21.505972],[-158.193378,21.506277],[-158.193537,21.506935],[-158.193062,21.50772],[-158.192525,21.50837],[-158.191661,21.509026],[-158.191569,21.509288],[-158.191818,21.510162],[-158.191851,21.510628],[-158.192102,21.511112],[-158.192154,21.511544],[-158.192324,21.51185],[-158.19233,21.512527],[-158.192915,21.513098],[-158.194082,21.513247],[-158.195016,21.512947],[-158.195903,21.512799],[-158.196474,21.512818],[-158.197594,21.513128],[-158.198183,21.51314],[-158.199203,21.513534],[-158.200501,21.513762],[-158.202209,21.513472],[-158.20346,21.513038],[-158.203858,21.513023],[-158.204003,21.513091],[-158.205106,21.513215],[-158.205359,21.513335],[-158.206011,21.513389],[-158.206245,21.513492],[-158.20782,21.513601],[-158.208418,21.51371],[-158.208633,21.513876],[-158.208995,21.513861],[-158.209382,21.513985],[-158.209861,21.51439],[-158.210186,21.514493],[-158.210825,21.514986],[-158.2121,21.515434],[-158.213509,21.516067],[-158.214106,21.516121],[-158.21494,21.515888],[-158.215356,21.515957],[-158.215771,21.516196],[-158.21635,21.51625],[-158.216855,21.516523],[-158.217506,21.516713],[-158.217994,21.516952],[-158.219006,21.517177],[-158.219585,21.517265],[-158.220237,21.517234],[-158.221956,21.517394],[-158.223851,21.518368],[-158.224789,21.519101],[-158.224878,21.51939],[-158.225337,21.519862],[-158.225618,21.519753],[-158.225781,21.519766],[-158.227053,21.520615],[-158.227755,21.521321],[-158.22855,21.521594]]]]},"properties":{}},{"type":"Feature","id":507,"geometry":{"type":"MultiPolygon","coordinates":[[[[-158.173608,21.519455],[-158.173808,21.519248],[-158.174271,21.519013],[-158.175286,21.518781],[-158.176185,21.518354],[-158.176576,21.518042],[-158.176986,21.517561],[-158.17734,21.517436],[-158.177712,21.5172],[-158.178132,21.516516],[-158.17826,21.516424],[-158.179319,21.516285],[-158.179719,21.51605],[-158.180135,21.516069],[-158.180752,21.51586],[-158.181855,21.51606],[-158.182607,21.516021],[-158.182797,21.515899],[-158.183355,21.514941],[-158.184706,21.514503],[-158.185496,21.514125],[-158.185887,21.513822],[-158.187463,21.513673],[-158.187762,21.513594],[-158.188352,21.513186],[-158.189512,21.513052],[-158.189968,21.512347],[-158.190754,21.512579],[-158.19233,21.512527],[-158.192324,21.51185],[-158.192154,21.511544],[-158.192102,21.511112],[-158.191851,21.510628],[-158.191818,21.510162],[-158.191569,21.509288],[-158.191661,21.509026],[-158.192525,21.50837],[-158.193062,21.50772],[-158.193537,21.506935],[-158.193378,21.506277],[-158.193226,21.505972],[-158.193275,21.505218],[-158.193168,21.504921],[-158.193299,21.504244],[-158.193545,21.503881],[-158.193693,21.503314],[-158.194059,21.502647],[-158.194298,21.502004],[-158.194698,21.501515],[-158.195071,21.501237],[-158.195582,21.500528],[-158.196063,21.500192],[-158.19622,21.499761],[-158.196389,21.498525],[-158.1967,21.498065],[-158.196874,21.497549],[-158.198329,21.496302],[-158.199567,21.495089],[-158.200166,21.494685],[-158.201128,21.494207],[-158.201563,21.494065],[-158.204752,21.493462],[-158.205034,21.493192],[-158.205655,21.492153],[-158.206128,21.491673],[-158.20651,21.491412],[-158.206892,21.49099],[-158.207564,21.490668],[-158.207827,21.490474],[-158.207982,21.490229],[-158.208309,21.490053],[-158.209152,21.489904],[-158.20982,21.490204],[-158.21019,21.490265],[-158.211114,21.490227],[-158.212554,21.489959],[-158.213496,21.489912],[-158.214365,21.489772],[-158.216061,21.48917],[-158.21856,21.488801],[-158.219322,21.488597],[-158.219821,21.488337],[-158.221071,21.487987],[-158.221534,21.487769],[-158.221918,21.48711],[-158.223935,21.485493],[-158.223949,21.484739],[-158.223798,21.484137],[-158.223826,21.4839],[-158.224127,21.483529],[-158.22386,21.482647],[-158.224036,21.481944],[-158.22384,21.481359],[-158.223372,21.480747],[-158.223272,21.480081],[-158.223505,21.479723],[-158.223567,21.479088],[-158.223476,21.478064],[-158.22313,21.478044],[-158.222654,21.478143],[-158.221977,21.478033],[-158.221559,21.477741],[-158.221012,21.477119],[-158.220647,21.476441],[-158.220123,21.475747],[-158.219953,21.475356],[-158.219535,21.47393],[-158.219511,21.473583],[-158.219229,21.473016],[-158.219311,21.47214],[-158.2191,21.47181],[-158.218699,21.471622],[-158.218458,21.471281],[-158.218517,21.471049],[-158.21837,21.470725],[-158.218076,21.469557],[-158.217423,21.468659],[-158.217423,21.468411],[-158.21777,21.468428],[-158.217958,21.468285],[-158.217964,21.468097],[-158.217723,21.46737],[-158.217364,21.466941],[-158.217075,21.466787],[-158.216964,21.466374],[-158.216316,21.465966],[-158.215993,21.465641],[-158.215728,21.465525],[-158.215575,21.465371],[-158.215022,21.465063],[-158.214563,21.464958],[-158.214398,21.464749],[-158.213887,21.464424],[-158.213581,21.463923],[-158.213239,21.463053],[-158.213098,21.462403],[-158.213016,21.461202],[-158.213145,21.461053],[-158.21384,21.460921],[-158.214393,21.460662],[-158.214446,21.460536],[-158.214216,21.460321],[-158.214546,21.459886],[-158.214546,21.459737],[-158.214351,21.459676],[-158.214045,21.459786],[-158.213869,21.459665],[-158.212822,21.45977],[-158.211863,21.459687],[-158.211459,21.460061],[-158.210816,21.460189],[-158.210351,21.460695],[-158.209959,21.460789],[-158.209948,21.462852],[-158.208396,21.4642],[-158.20839,21.465375],[-158.207632,21.466334],[-158.207245,21.467602],[-158.205883,21.468595],[-158.203523,21.469956],[-158.200578,21.472297],[-158.199366,21.474096],[-158.198781,21.475177],[-158.198003,21.476257],[-158.196449,21.477966],[-158.196058,21.478868],[-158.195763,21.479951],[-158.195373,21.480671],[-158.19527,21.481755],[-158.192072,21.483998],[-158.190818,21.483992],[-158.189947,21.484349],[-158.189271,21.484346],[-158.188206,21.484883],[-158.187915,21.485243],[-158.186272,21.485596],[-158.185694,21.485323],[-158.184151,21.485134],[-158.181351,21.485301],[-158.180771,21.485079],[-158.179542,21.484836],[-158.179038,21.484477],[-158.177944,21.48421],[-158.177475,21.483911],[-158.176165,21.483515],[-158.172474,21.483319],[-158.172109,21.483724],[-158.17207,21.484232],[-158.171831,21.484951],[-158.171737,21.485552],[-158.171821,21.486789],[-158.171591,21.487151],[-158.171518,21.487549],[-158.17164,21.488219],[-158.171549,21.488422],[-158.171267,21.488709],[-158.170814,21.488732],[-158.170519,21.488862],[-158.170087,21.489245],[-158.169339,21.490249],[-158.169058,21.490358],[-158.16818,21.490472],[-158.167806,21.490655],[-158.167422,21.491552],[-158.167596,21.492824],[-158.167448,21.493509],[-158.167441,21.494682],[-158.167265,21.495359],[-158.167327,21.495656],[-158.167632,21.496148],[-158.167694,21.496386],[-158.167545,21.497003],[-158.166943,21.497839],[-158.166892,21.498923],[-158.167007,21.499398],[-158.166598,21.499709],[-158.165804,21.500781],[-158.165258,21.501312],[-158.16414,21.502154],[-158.163813,21.50227],[-158.16298,21.502385],[-158.161339,21.502843],[-158.159095,21.502814],[-158.157521,21.502629],[-158.156643,21.502667],[-158.15601,21.502511],[-158.155422,21.502466],[-158.152445,21.502408],[-158.151712,21.502472],[-158.150579,21.502712],[-158.150407,21.502779],[-158.149961,21.503167],[-158.14948,21.503342],[-158.149264,21.503231],[-158.148768,21.502779],[-158.148526,21.502756],[-158.147934,21.503131],[-158.147361,21.503744],[-158.147086,21.504122],[-158.146856,21.504862],[-158.145935,21.505887],[-158.145002,21.506102],[-158.144467,21.506315],[-158.142467,21.507771],[-158.143552,21.50792],[-158.144059,21.50788],[-158.145344,21.50798],[-158.145841,21.508084],[-158.146038,21.508339],[-158.1461,21.508683],[-158.14628,21.508819],[-158.148074,21.508536],[-158.14873,21.509353],[-158.149459,21.509941],[-158.150111,21.510012],[-158.151507,21.509578],[-158.151833,21.509563],[-158.152809,21.509737],[-158.153234,21.509909],[-158.155405,21.51003],[-158.156309,21.510246],[-158.157112,21.510784],[-158.158319,21.511781],[-158.159177,21.511997],[-158.160727,21.51314],[-158.161209,21.51312],[-158.162751,21.513489],[-158.163231,21.513943],[-158.163345,21.514356],[-158.164021,21.51485],[-158.164543,21.515387],[-158.164784,21.515981],[-158.165425,21.516348],[-158.166608,21.516829],[-158.167167,21.517136],[-158.167428,21.517375],[-158.167841,21.51802],[-158.168103,21.518149],[-158.169278,21.518392],[-158.169828,21.518708],[-158.170127,21.518794],[-158.170632,21.519127],[-158.171372,21.519419],[-158.171671,21.519369],[-158.172594,21.519518],[-158.173608,21.519455]]]]},"properties":{}},{"type":"Feature","id":517,"geometry":{"type":"MultiPolygon","coordinates":[[[[-157.840817,21.460518],[-157.841506,21.461545],[-157.841859,21.462629],[-157.842577,21.463241],[-157.842836,21.463687],[-157.8431,21.464496],[-157.843094,21.464691],[-157.843099,21.4646],[-157.844353,21.464699],[-157.845509,21.464978],[-157.845893,21.465252],[-157.846086,21.465253],[-157.846469,21.465617],[-157.84753,21.465625],[-157.84821,21.465178],[-157.849861,21.463834],[-157.851408,21.463393],[-157.851989,21.463126],[-157.85305,21.463224],[-157.854251,21.4641],[-157.855072,21.46378],[-157.856576,21.462947],[-157.85714,21.462544],[-157.857786,21.462262],[-157.858272,21.461814],[-157.858744,21.460997],[-157.860096,21.45938],[-157.860208,21.458906],[-157.859667,21.456223],[-157.860015,21.455789],[-157.860546,21.454874],[-157.859665,21.454287],[-157.858815,21.454298],[-157.857261,21.453949],[-157.856789,21.454035],[-157.854431,21.45498],[-157.852922,21.454912],[-157.85204,21.4552],[-157.850991,21.455244],[-157.850022,21.456457],[-157.849045,21.457053],[-157.84798,21.457498],[-157.846724,21.457095],[-157.842966,21.457011],[-157.842189,21.457728],[-157.841793,21.45899],[-157.84169,21.459803],[-157.840817,21.460518]]]]},"properties":{}},{"type":"Feature","id":518,"geometry":{"type":"MultiPolygon","coordinates":[[[[-157.763193,21.462789],[-157.763274,21.462866],[-157.76355,21.462849],[-157.763991,21.462447],[-157.764509,21.462331],[-157.764885,21.461858],[-157.765226,21.461769],[-157.76565,21.461186],[-157.765873,21.460629],[-157.765838,21.460327],[-157.766049,21.459886],[-157.766043,21.459534],[-157.76619,21.459363],[-157.76662,21.459187],[-157.766614,21.458939],[-157.766408,21.458675],[-157.766578,21.458526],[-157.767378,21.458217],[-157.767672,21.457975],[-157.767819,21.457705],[-157.76796,21.456901],[-157.768095,21.456576],[-157.768242,21.456439],[-157.768495,21.4564],[-157.769125,21.456477],[-157.772243,21.457164],[-157.772674,21.457316],[-157.77298,21.457239],[-157.774258,21.453743],[-157.774641,21.453517],[-157.776135,21.45289],[-157.776965,21.452241],[-157.777348,21.451724],[-157.777619,21.450925],[-157.777607,21.450413],[-157.777442,21.450149],[-157.776555,21.449455],[-157.776737,21.448441],[-157.776961,21.44815],[-157.77785,21.44739],[-157.778485,21.446608],[-157.778603,21.446366],[-157.778538,21.445909],[-157.778045,21.445292],[-157.777175,21.44375],[-157.776828,21.443375],[-157.773087,21.442829],[-157.772646,21.442685],[-157.772255,21.442682],[-157.766202,21.439892],[-157.765025,21.439254],[-157.76439,21.438533],[-157.765507,21.437706],[-157.765436,21.437635],[-157.764337,21.438461],[-157.764031,21.438103],[-157.763766,21.438098],[-157.762714,21.439772],[-157.762526,21.44002],[-157.762343,21.440048],[-157.762102,21.439794],[-157.762566,21.438858],[-157.762572,21.43866],[-157.762443,21.438495],[-157.761166,21.437917],[-157.760237,21.437273],[-157.759854,21.43719],[-157.759266,21.437207],[-157.758607,21.437031],[-157.758284,21.436772],[-157.758031,21.436194],[-157.757454,21.435891],[-157.757243,21.435677],[-157.757548,21.435368],[-157.75786,21.434674],[-157.75826,21.434382],[-157.759036,21.434134],[-157.75953,21.433837],[-157.760253,21.433176],[-157.760677,21.432559],[-157.760812,21.432179],[-157.760864,21.431661],[-157.760899,21.430329],[-157.761087,21.429348],[-157.761022,21.428627],[-157.761075,21.428539],[-157.761181,21.42844],[-157.761704,21.428423],[-157.762481,21.428555],[-157.763004,21.428566],[-157.76388,21.428164],[-157.763969,21.42807],[-157.763974,21.427872],[-157.764251,21.42764],[-157.764145,21.427404],[-157.764474,21.426467],[-157.764362,21.42595],[-157.765021,21.425553],[-157.765326,21.425228],[-157.765491,21.424903],[-157.765526,21.424408],[-157.765443,21.423818],[-157.76522,21.423466],[-157.765079,21.423383],[-157.764979,21.42351],[-157.764738,21.423351],[-157.764726,21.42329],[-157.764902,21.423191],[-157.764708,21.422987],[-157.764655,21.42253],[-157.764302,21.421974],[-157.76426,21.421401],[-157.764331,21.421231],[-157.764896,21.420757],[-157.764983,21.420052],[-157.765107,21.419562],[-157.765236,21.419352],[-157.765612,21.419077],[-157.766324,21.419121],[-157.7666,21.418972],[-157.766606,21.418576],[-157.766382,21.418003],[-157.766335,21.41743],[-157.766311,21.416929],[-157.766358,21.416637],[-157.766458,21.4165],[-157.766464,21.416142],[-157.766541,21.416098],[-157.766688,21.416213],[-157.767064,21.416318],[-157.766764,21.41591],[-157.766811,21.415784],[-157.767605,21.416207],[-157.767923,21.416185],[-157.768522,21.416003],[-157.768863,21.415469],[-157.768992,21.415128],[-157.769028,21.414527],[-157.769345,21.414246],[-157.769933,21.414202],[-157.771427,21.414697],[-157.771429,21.414494],[-157.770569,21.413584],[-157.770475,21.413222],[-157.769905,21.412502],[-157.769421,21.412401],[-157.769149,21.41209],[-157.768749,21.411945],[-157.767804,21.410742],[-157.767122,21.410488],[-157.766759,21.410176],[-157.766353,21.410121],[-157.76564,21.40988],[-157.765388,21.410204],[-157.764824,21.410094],[-157.763485,21.410152],[-157.762619,21.409959],[-157.762014,21.409908],[-157.761497,21.410052],[-157.761295,21.410322],[-157.760753,21.410712],[-157.760582,21.411248],[-157.760087,21.412058],[-157.759905,21.412209],[-157.759218,21.412085],[-157.758963,21.412405],[-157.758832,21.412844],[-157.758512,21.413315],[-157.758509,21.413676],[-157.758237,21.414839],[-157.757916,21.415388],[-157.757526,21.415837],[-157.757428,21.416306],[-157.757421,21.41683],[-157.757886,21.417766],[-157.757932,21.4188],[-157.758354,21.420209],[-157.758041,21.420901],[-157.757435,21.421964],[-157.757197,21.42225],[-157.75687,21.422366],[-157.756813,21.422772],[-157.756467,21.423024],[-157.755972,21.423782],[-157.755356,21.423862],[-157.754905,21.42374],[-157.754525,21.423805],[-157.754197,21.423989],[-157.754076,21.424484],[-157.753587,21.425293],[-157.752325,21.426187],[-157.752223,21.426819],[-157.751834,21.427177],[-157.751342,21.428348],[-157.750563,21.429155],[-157.749877,21.430414],[-157.749682,21.430594],[-157.749682,21.430684],[-157.749291,21.431223],[-157.748707,21.431851],[-157.748706,21.431941],[-157.747053,21.433465],[-157.746955,21.433645],[-157.746953,21.433825],[-157.746856,21.433915],[-157.746852,21.434366],[-157.746755,21.434456],[-157.746753,21.434727],[-157.746655,21.434817],[-157.74655,21.43581],[-157.74674,21.436172],[-157.746832,21.436715],[-157.747023,21.436987],[-157.747021,21.437168],[-157.747117,21.437259],[-157.747114,21.43762],[-157.747209,21.437712],[-157.747243,21.445029],[-157.747335,21.445571],[-157.745773,21.446673],[-157.74443,21.446814],[-157.742404,21.446799],[-157.74191,21.44806],[-157.741131,21.448957],[-157.741029,21.449589],[-157.739577,21.45012],[-157.739284,21.450479],[-157.738704,21.450565],[-157.738121,21.451102],[-157.735704,21.451626],[-157.734828,21.452522],[-157.734152,21.452517],[-157.733472,21.453054],[-157.733468,21.453505],[-157.7354,21.453249],[-157.736079,21.452893],[-157.736664,21.452175],[-157.738499,21.452008],[-157.738693,21.451829],[-157.741008,21.451937],[-157.741586,21.452122],[-157.742159,21.452758],[-157.742352,21.45285],[-157.743026,21.452648],[-157.744348,21.452506],[-157.745923,21.452787],[-157.746153,21.452926],[-157.746932,21.452847],[-157.747817,21.453006],[-157.748574,21.453333],[-157.748907,21.453622],[-157.748899,21.453437],[-157.74997,21.45345],[-157.750353,21.453814],[-157.750833,21.454088],[-157.750928,21.45427],[-157.751601,21.454546],[-157.75189,21.454548],[-157.752181,21.454715],[-157.752325,21.454886],[-157.75274,21.454973],[-157.753239,21.454829],[-157.753241,21.454648],[-157.754016,21.454293],[-157.754845,21.454261],[-157.755279,21.454315],[-157.75575,21.454577],[-157.756426,21.454582],[-157.7571,21.454677],[-157.757198,21.454497],[-157.758164,21.454414],[-157.758643,21.454779],[-157.758928,21.455323],[-157.759099,21.456956],[-157.75942,21.457315],[-157.760163,21.457681],[-157.760645,21.457684],[-157.760934,21.457777],[-157.761031,21.457687],[-157.76132,21.45778],[-157.761707,21.457602],[-157.762188,21.457876],[-157.763443,21.457795],[-157.764013,21.458793],[-157.764205,21.458975],[-157.764877,21.459342],[-157.764874,21.459703],[-157.764971,21.459704],[-157.765252,21.460699],[-157.765152,21.46106],[-157.765056,21.461059],[-157.765054,21.46133],[-157.764762,21.461599],[-157.764278,21.461686],[-157.763889,21.462134],[-157.763696,21.462133],[-157.763695,21.462223],[-157.7635,21.462403],[-157.763404,21.462402],[-157.763193,21.462789]]]]},"properties":{}},{"type":"Feature","id":519,"geometry":{"type":"MultiPolygon","coordinates":[[[[-157.722689,21.45929],[-157.723348,21.459373],[-157.724448,21.459098],[-157.725483,21.459076],[-157.726871,21.459373],[-157.728683,21.459615],[-157.729165,21.459781],[-157.729518,21.460254],[-157.729789,21.460348],[-157.729954,21.460304],[-157.731477,21.459742],[-157.732966,21.4589],[-157.73423,21.457903],[-157.735065,21.457358],[-157.735442,21.456929],[-157.736024,21.456433],[-157.736871,21.456229],[-157.736948,21.456064],[-157.737689,21.455849],[-157.738477,21.455954],[-157.739165,21.455794],[-157.739465,21.455458],[-157.739718,21.454869],[-157.739865,21.454709],[-157.739877,21.454335],[-157.740442,21.454219],[-157.741706,21.453674],[-157.742141,21.453674],[-157.742659,21.453492],[-157.742883,21.453492],[-157.744118,21.453701],[-157.746995,21.453872],[-157.749642,21.454692],[-157.750618,21.455314],[-157.751171,21.45538],[-157.752201,21.455655],[-157.752719,21.455969],[-157.752824,21.456249],[-157.75296,21.456178],[-157.75316,21.456321],[-157.753524,21.456205],[-157.753707,21.45631],[-157.753989,21.456277],[-157.754572,21.456618],[-157.755489,21.456684],[-157.757113,21.457102],[-157.758466,21.457597],[-157.758678,21.457801],[-157.759213,21.458021],[-157.759678,21.457988],[-157.759984,21.458054],[-157.760913,21.458401],[-157.761819,21.458912],[-157.762714,21.459298],[-157.763255,21.459738],[-157.763679,21.460349],[-157.763832,21.460955],[-157.763797,21.461247],[-157.763579,21.461704],[-157.763109,21.461902],[-157.762938,21.462194],[-157.762938,21.462442],[-157.763193,21.462789],[-157.763404,21.462402],[-157.7635,21.462403],[-157.763695,21.462223],[-157.763696,21.462133],[-157.763889,21.462134],[-157.764278,21.461686],[-157.764762,21.461599],[-157.765054,21.46133],[-157.765056,21.461059],[-157.765152,21.46106],[-157.765252,21.460699],[-157.764971,21.459704],[-157.764874,21.459703],[-157.764877,21.459342],[-157.764205,21.458975],[-157.764013,21.458793],[-157.763443,21.457795],[-157.762188,21.457876],[-157.761707,21.457602],[-157.76132,21.45778],[-157.761031,21.457687],[-157.760934,21.457777],[-157.760645,21.457684],[-157.760163,21.457681],[-157.75942,21.457315],[-157.759099,21.456956],[-157.758928,21.455323],[-157.758643,21.454779],[-157.758164,21.454414],[-157.757198,21.454497],[-157.7571,21.454677],[-157.756426,21.454582],[-157.75575,21.454577],[-157.755279,21.454315],[-157.754845,21.454261],[-157.754016,21.454293],[-157.753241,21.454648],[-157.753239,21.454829],[-157.75274,21.454973],[-157.752325,21.454886],[-157.752181,21.454715],[-157.75189,21.454548],[-157.751601,21.454546],[-157.750928,21.45427],[-157.750833,21.454088],[-157.750353,21.453814],[-157.74997,21.45345],[-157.748899,21.453437],[-157.748907,21.453622],[-157.748574,21.453333],[-157.747817,21.453006],[-157.746932,21.452847],[-157.746153,21.452926],[-157.745923,21.452787],[-157.744348,21.452506],[-157.743026,21.452648],[-157.742352,21.45285],[-157.742159,21.452758],[-157.741586,21.452122],[-157.741008,21.451937],[-157.738693,21.451829],[-157.738499,21.452008],[-157.736664,21.452175],[-157.736079,21.452893],[-157.7354,21.453249],[-157.733468,21.453505],[-157.733472,21.453054],[-157.734152,21.452517],[-157.734828,21.452522],[-157.735704,21.451626],[-157.738121,21.451102],[-157.738704,21.450565],[-157.739284,21.450479],[-157.739577,21.45012],[-157.741029,21.449589],[-157.741131,21.448957],[-157.74191,21.44806],[-157.742404,21.446799],[-157.74443,21.446814],[-157.745773,21.446673],[-157.747335,21.445571],[-157.747243,21.445029],[-157.747209,21.437712],[-157.747114,21.43762],[-157.747117,21.437259],[-157.747021,21.437168],[-157.747023,21.436987],[-157.746832,21.436715],[-157.74674,21.436172],[-157.74655,21.43581],[-157.746554,21.435358],[-157.746651,21.435268],[-157.746655,21.434817],[-157.746753,21.434727],[-157.746755,21.434456],[-157.746852,21.434366],[-157.746856,21.433915],[-157.746953,21.433825],[-157.747053,21.433465],[-157.748706,21.431941],[-157.748707,21.431851],[-157.749291,21.431223],[-157.749682,21.430684],[-157.749682,21.430594],[-157.749877,21.430414],[-157.750563,21.429155],[-157.751342,21.428348],[-157.751834,21.427177],[-157.752223,21.426819],[-157.752325,21.426187],[-157.753587,21.425293],[-157.754076,21.424484],[-157.754197,21.423989],[-157.754525,21.423805],[-157.754905,21.42374],[-157.755356,21.423862],[-157.755972,21.423782],[-157.756467,21.423024],[-157.756813,21.422772],[-157.75687,21.422366],[-157.757197,21.42225],[-157.757435,21.421964],[-157.758041,21.420901],[-157.758354,21.420209],[-157.757932,21.4188],[-157.757886,21.417766],[-157.757421,21.41683],[-157.757428,21.416306],[-157.757526,21.415837],[-157.757916,21.415388],[-157.758237,21.414839],[-157.758509,21.413676],[-157.758512,21.413315],[-157.758832,21.412844],[-157.758963,21.412405],[-157.759218,21.412085],[-157.759905,21.412209],[-157.760087,21.412058],[-157.760582,21.411248],[-157.760753,21.410712],[-157.761295,21.410322],[-157.761497,21.410052],[-157.762014,21.409908],[-157.762619,21.409959],[-157.763485,21.410152],[-157.764824,21.410094],[-157.765388,21.410204],[-157.76608,21.409205],[-157.766174,21.408493],[-157.766664,21.407503],[-157.767053,21.407145],[-157.768308,21.406647],[-157.768546,21.406276],[-157.768991,21.406165],[-157.769744,21.405828],[-157.770728,21.404954],[-157.771545,21.404571],[-157.772188,21.404562],[-157.772487,21.40445],[-157.773959,21.403563],[-157.774536,21.403788],[-157.774751,21.40401],[-157.775203,21.404081],[-157.775764,21.404034],[-157.777757,21.403642],[-157.777958,21.403372],[-157.779088,21.402347],[-157.779309,21.401824],[-157.779507,21.399759],[-157.779368,21.399072],[-157.779181,21.398742],[-157.779051,21.398121],[-157.778804,21.397745],[-157.778749,21.397441],[-157.778789,21.396917],[-157.778938,21.39641],[-157.779107,21.396121],[-157.77945,21.395753],[-157.78018,21.394684],[-157.780692,21.394288],[-157.780876,21.393985],[-157.781141,21.392547],[-157.781357,21.392253],[-157.781833,21.391908],[-157.781801,21.39145],[-157.782038,21.391181],[-157.78226,21.390624],[-157.782158,21.389793],[-157.782432,21.389473],[-157.782561,21.389169],[-157.782549,21.388106],[-157.783138,21.386936],[-157.782563,21.38648],[-157.782167,21.384424],[-157.781523,21.383943],[-157.780983,21.383263],[-157.780503,21.382244],[-157.779963,21.381969],[-157.779238,21.382048],[-157.778914,21.381927],[-157.778897,21.381741],[-157.77921,21.381167],[-157.779396,21.380491],[-157.779434,21.379953],[-157.780003,21.379293],[-157.779645,21.378782],[-157.779531,21.377324],[-157.780138,21.376092],[-157.780538,21.375773],[-157.781026,21.374093],[-157.781531,21.37379],[-157.782133,21.373253],[-157.782484,21.372748],[-157.78288,21.371487],[-157.78342,21.37058],[-157.783518,21.369683],[-157.783766,21.369235],[-157.783975,21.36906],[-157.784428,21.368978],[-157.785318,21.368528],[-157.785625,21.36853],[-157.786027,21.368075],[-157.786664,21.367606],[-157.786811,21.367268],[-157.787323,21.366577],[-157.787476,21.365562],[-157.787374,21.364473],[-157.787638,21.363531],[-157.788258,21.362492],[-157.788105,21.361705],[-157.788111,21.360943],[-157.78778,21.359365],[-157.787803,21.358857],[-157.787906,21.358424],[-157.788062,21.358147],[-157.788083,21.357707],[-157.78779,21.356011],[-157.787906,21.355114],[-157.787912,21.354369],[-157.788039,21.353999],[-157.788735,21.353257],[-157.788935,21.350921],[-157.789134,21.349851],[-157.789036,21.349635],[-157.788657,21.349462],[-157.788465,21.349033],[-157.788703,21.348277],[-157.788859,21.348042],[-157.788573,21.347679],[-157.788622,21.347159],[-157.788501,21.346548],[-157.788296,21.346141],[-157.78831,21.344515],[-157.788118,21.344424],[-157.788143,21.34392],[-157.788291,21.343498],[-157.788322,21.34307],[-157.787747,21.342614],[-157.787634,21.342053],[-157.78719,21.341051],[-157.786411,21.340888],[-157.785913,21.340211],[-157.785337,21.339953],[-157.784879,21.339612],[-157.784596,21.338797],[-157.783883,21.338655],[-157.783614,21.338332],[-157.782773,21.33779],[-157.782413,21.33712],[-157.781927,21.33693],[-157.780856,21.336331],[-157.779989,21.336234],[-157.779223,21.335878],[-157.778628,21.335738],[-157.778032,21.335716],[-157.7771,21.335852],[-157.776711,21.335825],[-157.775653,21.335932],[-157.774598,21.335201],[-157.772946,21.334248],[-157.772586,21.333651],[-157.771941,21.333264],[-157.771491,21.333108],[-157.77105,21.332827],[-157.770428,21.332677],[-157.769235,21.332668],[-157.768696,21.332173],[-157.768244,21.33217],[-157.76761,21.332351],[-157.765656,21.332245],[-157.764969,21.332535],[-157.764174,21.332495],[-157.763246,21.332227],[-157.762829,21.331867],[-157.762371,21.331932],[-157.76142,21.331829],[-157.760256,21.33195],[-157.759824,21.331659],[-157.758979,21.331805],[-157.758621,21.332895],[-157.757652,21.334124],[-157.75636,21.335182],[-157.756276,21.335518],[-157.755917,21.336212],[-157.755685,21.336959],[-157.755631,21.337971],[-157.755332,21.33907],[-157.754878,21.339304],[-157.754311,21.33984],[-157.754001,21.3405],[-157.753617,21.340903],[-157.75295,21.341094],[-157.751691,21.341808],[-157.751507,21.342497],[-157.750903,21.343699],[-157.750689,21.345065],[-157.749918,21.346465],[-157.749525,21.347031],[-157.749292,21.347816],[-157.748782,21.348218],[-157.74845,21.348649],[-157.748717,21.349488],[-157.74865,21.350961],[-157.748619,21.351451],[-157.748365,21.352636],[-157.748089,21.35321],[-157.747925,21.353794],[-157.748108,21.355277],[-157.748464,21.35594],[-157.748778,21.357213],[-157.749254,21.358673],[-157.749371,21.359792],[-157.749658,21.360014],[-157.750661,21.361139],[-157.750366,21.361582],[-157.7502,21.362203],[-157.749832,21.363013],[-157.749502,21.363502],[-157.748919,21.364057],[-157.748703,21.36437],[-157.748275,21.365373],[-157.747874,21.365709],[-157.747243,21.365895],[-157.744817,21.367593],[-157.744581,21.36803],[-157.744322,21.369125],[-157.745033,21.370151],[-157.745209,21.370745],[-157.745453,21.372205],[-157.744969,21.372382],[-157.744962,21.373285],[-157.744281,21.373912],[-157.745331,21.375185],[-157.745898,21.376544],[-157.745507,21.377174],[-157.745491,21.379071],[-157.745966,21.379978],[-157.746396,21.380078],[-157.746954,21.38037],[-157.747117,21.380709],[-157.7475,21.381073],[-157.748264,21.381498],[-157.748677,21.381874],[-157.749131,21.382079],[-157.749719,21.382661],[-157.750371,21.383624],[-157.750655,21.384258],[-157.749339,21.384792],[-157.747995,21.385544],[-157.747584,21.387032],[-157.74747,21.387759],[-157.746178,21.388664],[-157.746439,21.389784],[-157.746554,21.391208],[-157.746237,21.392306],[-157.746581,21.398321],[-157.745901,21.398858],[-157.744641,21.399571],[-157.744445,21.399931],[-157.743962,21.400017],[-157.743471,21.401007],[-157.743081,21.401546],[-157.742206,21.402263],[-157.739289,21.405041],[-157.739192,21.40504],[-157.739493,21.405608],[-157.739746,21.405795],[-157.739834,21.406186],[-157.741405,21.408895],[-157.741911,21.40998],[-157.742322,21.411142],[-157.742522,21.411472],[-157.743658,21.415756],[-157.744229,21.417348],[-157.744576,21.418735],[-157.744665,21.420266],[-157.744765,21.420718],[-157.744489,21.422304],[-157.744359,21.422546],[-157.743989,21.422414],[-157.743771,21.422442],[-157.743695,21.422519],[-157.743372,21.423802],[-157.742413,21.424776],[-157.741919,21.425129],[-157.741819,21.425294],[-157.740608,21.425449],[-157.740261,21.425382],[-157.740014,21.425195],[-157.740014,21.424755],[-157.739884,21.424568],[-157.73959,21.424463],[-157.73922,21.424171],[-157.739072,21.424177],[-157.738749,21.424948],[-157.738308,21.425201],[-157.738055,21.425504],[-157.738091,21.426759],[-157.737885,21.428433],[-157.737338,21.428533],[-157.737309,21.429116],[-157.737097,21.429893],[-157.736515,21.430625],[-157.736062,21.431539],[-157.735998,21.432007],[-157.736039,21.432949],[-157.735751,21.43323],[-157.735668,21.43345],[-157.735674,21.433935],[-157.735986,21.436132],[-157.735969,21.436572],[-157.736116,21.436897],[-157.736075,21.437497],[-157.736204,21.437839],[-157.736575,21.438395],[-157.736698,21.439078],[-157.736669,21.439606],[-157.736434,21.440036],[-157.736587,21.440686],[-157.736393,21.441649],[-157.736652,21.442541],[-157.736505,21.443048],[-157.736546,21.443494],[-157.736093,21.444584],[-157.735711,21.445025],[-157.735576,21.445008],[-157.735441,21.444838],[-157.735335,21.44486],[-157.735111,21.445366],[-157.734458,21.446027],[-157.7341,21.445873],[-157.733382,21.446159],[-157.733164,21.44589],[-157.732853,21.445746],[-157.732511,21.445741],[-157.73247,21.445818],[-157.732535,21.445912],[-157.7323,21.445983],[-157.732188,21.446352],[-157.731676,21.446275],[-157.731253,21.446451],[-157.729988,21.446606],[-157.729018,21.447332],[-157.728971,21.447481],[-157.728112,21.448142],[-157.727853,21.448489],[-157.727182,21.448791],[-157.72703,21.4491],[-157.726741,21.449199],[-157.726494,21.449535],[-157.7258,21.449804],[-157.725724,21.450036],[-157.726077,21.450405],[-157.726118,21.450636],[-157.725477,21.451412],[-157.725024,21.451577],[-157.725171,21.45172],[-157.725441,21.451742],[-157.725577,21.451941],[-157.725512,21.452249],[-157.725277,21.452623],[-157.725365,21.45357],[-157.72533,21.453846],[-157.725165,21.454214],[-157.724789,21.454688],[-157.724312,21.454985],[-157.72403,21.455046],[-157.723706,21.454996],[-157.723465,21.454468],[-157.723412,21.454484],[-157.723289,21.454732],[-157.723265,21.455227],[-157.722783,21.455464],[-157.722594,21.455657],[-157.72223,21.456571],[-157.722112,21.457105],[-157.722059,21.458107],[-157.722112,21.458707],[-157.722306,21.458982],[-157.722689,21.45929]]]]},"properties":{}},{"type":"Feature","id":520,"geometry":{"type":"MultiPolygon","coordinates":[[[[-157.81644,21.454696],[-157.816548,21.454116],[-157.816553,21.453574],[-157.816747,21.453395],[-157.816749,21.453214],[-157.816846,21.453124],[-157.816945,21.452764],[-157.816844,21.451186],[-157.816937,21.450933],[-157.817703,21.450142],[-157.817924,21.449737],[-157.818959,21.44927],[-157.818914,21.448067],[-157.819757,21.446718],[-157.820103,21.446416],[-157.820918,21.44632],[-157.821354,21.44617],[-157.822209,21.445567],[-157.822631,21.444833],[-157.821857,21.44437],[-157.821551,21.444034],[-157.821337,21.443689],[-157.821197,21.443163],[-157.820982,21.442765],[-157.820967,21.44245],[-157.821208,21.441723],[-157.820548,21.440583],[-157.82066,21.440212],[-157.820685,21.439263],[-157.820923,21.438157],[-157.821367,21.437718],[-157.821412,21.437257],[-157.821609,21.436807],[-157.821866,21.436451],[-157.822175,21.43625],[-157.822198,21.435546],[-157.822516,21.434356],[-157.822431,21.433661],[-157.823227,21.433666],[-157.823659,21.43384],[-157.824205,21.43347],[-157.824155,21.432127],[-157.82469,21.431678],[-157.825017,21.431578],[-157.825326,21.43136],[-157.825682,21.429855],[-157.826408,21.429539],[-157.826735,21.429287],[-157.827139,21.428544],[-157.827035,21.428018],[-157.827096,21.427155],[-157.826759,21.426357],[-157.826518,21.426182],[-157.82633,21.42571],[-157.826537,21.424661],[-157.826758,21.424172],[-157.826778,21.423901],[-157.826512,21.423323],[-157.826496,21.423069],[-157.826643,21.422697],[-157.827512,21.422575],[-157.827732,21.422281],[-157.828059,21.422114],[-157.830773,21.421981],[-157.833387,21.420932],[-157.833748,21.420951],[-157.834256,21.420752],[-157.834669,21.420276],[-157.835858,21.419475],[-157.836805,21.418665],[-157.837496,21.41825],[-157.838161,21.417952],[-157.838094,21.417656],[-157.838208,21.416895],[-157.83778,21.416181],[-157.837641,21.415417],[-157.837771,21.415046],[-157.837793,21.414504],[-157.83751,21.413655],[-157.836559,21.413153],[-157.836271,21.412613],[-157.836417,21.412343],[-157.837963,21.41132],[-157.838421,21.410646],[-157.839039,21.410227],[-157.839295,21.409822],[-157.838903,21.409117],[-157.838904,21.408947],[-157.83935,21.407468],[-157.838924,21.406846],[-157.838869,21.406516],[-157.838926,21.406254],[-157.839513,21.40514],[-157.839337,21.40458],[-157.839576,21.404091],[-157.839633,21.403752],[-157.839526,21.403463],[-157.839005,21.403087],[-157.838989,21.402816],[-157.838489,21.401949],[-157.838582,21.401644],[-157.838485,21.401332],[-157.837428,21.400873],[-157.837252,21.400577],[-157.836893,21.400286],[-157.836695,21.400149],[-157.836469,21.400143],[-157.83619,21.399976],[-157.836082,21.399823],[-157.835794,21.399736],[-157.835314,21.399864],[-157.835071,21.399698],[-157.834736,21.39968],[-157.83406,21.399856],[-157.833678,21.399705],[-157.832711,21.399666],[-157.832143,21.399355],[-157.831312,21.399214],[-157.831075,21.399112],[-157.830844,21.398974],[-157.830683,21.398769],[-157.829827,21.398381],[-157.829551,21.397796],[-157.829517,21.397474],[-157.829323,21.396947],[-157.828495,21.396382],[-157.827049,21.395922],[-157.825506,21.395911],[-157.825228,21.39564],[-157.825103,21.395334],[-157.824804,21.394366],[-157.82479,21.393867],[-157.824264,21.394367],[-157.823894,21.395071],[-157.823927,21.395461],[-157.824051,21.395716],[-157.823722,21.396188],[-157.823358,21.396507],[-157.823184,21.396798],[-157.821996,21.397209],[-157.822252,21.39904],[-157.822192,21.399819],[-157.822275,21.4007],[-157.822235,21.401157],[-157.823139,21.402399],[-157.822739,21.404113],[-157.822625,21.40637],[-157.821846,21.407178],[-157.821543,21.408892],[-157.820862,21.410007],[-157.820154,21.410273],[-157.819626,21.410675],[-157.818534,21.41122],[-157.817951,21.411757],[-157.816601,21.411658],[-157.816213,21.411926],[-157.815344,21.41201],[-157.815145,21.412731],[-157.814271,21.413448],[-157.813984,21.413175],[-157.81331,21.41308],[-157.810897,21.413153],[-157.809924,21.41423],[-157.808668,21.414402],[-157.807597,21.415568],[-157.806245,21.41583],[-157.805758,21.416368],[-157.80546,21.41745],[-157.804876,21.418078],[-157.804586,21.418076],[-157.803515,21.419333],[-157.803032,21.41942],[-157.80303,21.419601],[-157.802065,21.419684],[-157.801967,21.419864],[-157.801292,21.41986],[-157.800509,21.421209],[-157.799247,21.422103],[-157.796834,21.422267],[-157.796379,21.422206],[-157.794387,21.422428],[-157.79365,21.422334],[-157.793463,21.422608],[-157.793277,21.423335],[-157.793349,21.423687],[-157.793161,21.424232],[-157.793214,21.424368],[-157.79314,21.424554],[-157.793043,21.425763],[-157.792945,21.425943],[-157.793023,21.428202],[-157.792828,21.428381],[-157.792741,21.428774],[-157.793802,21.428838],[-157.795119,21.428772],[-157.794514,21.426013],[-157.794603,21.425782],[-157.794832,21.425512],[-157.79552,21.425022],[-157.79612,21.424747],[-157.796432,21.424692],[-157.796979,21.424764],[-157.797973,21.425182],[-157.798143,21.425171],[-157.798573,21.424951],[-157.798979,21.425034],[-157.799267,21.425012],[-157.79989,21.424731],[-157.799843,21.424428],[-157.799914,21.424351],[-157.800702,21.425161],[-157.800796,21.425414],[-157.80159,21.426059],[-157.801795,21.426868],[-157.802577,21.42694],[-157.802883,21.426737],[-157.803118,21.426786],[-157.803318,21.427453],[-157.8038,21.427805],[-157.80393,21.427992],[-157.804253,21.42862],[-157.804523,21.42943],[-157.805158,21.4303],[-157.806258,21.431517],[-157.807123,21.431886],[-157.807852,21.43252],[-157.808916,21.434172],[-157.809357,21.435004],[-157.809704,21.435345],[-157.809845,21.435736],[-157.810033,21.435764],[-157.810051,21.435918],[-157.810168,21.435846],[-157.810233,21.435907],[-157.810274,21.436001],[-157.810174,21.436067],[-157.810409,21.43637],[-157.810562,21.436981],[-157.810627,21.437042],[-157.810909,21.436992],[-157.811133,21.437058],[-157.811233,21.437229],[-157.810862,21.437669],[-157.811103,21.437758],[-157.811109,21.438104],[-157.809891,21.439894],[-157.809397,21.440136],[-157.808721,21.440053],[-157.808662,21.440152],[-157.808679,21.441265],[-157.80862,21.441364],[-157.808361,21.441529],[-157.807573,21.441612],[-157.807279,21.442074],[-157.807402,21.442674],[-157.807502,21.442889],[-157.807749,21.442955],[-157.808491,21.442917],[-157.808838,21.442966],[-157.808796,21.442702],[-157.808855,21.442537],[-157.809014,21.442504],[-157.809214,21.442631],[-157.809149,21.442399],[-157.809208,21.442146],[-157.80942,21.442003],[-157.809773,21.441909],[-157.810285,21.441981],[-157.811038,21.442218],[-157.81119,21.442339],[-157.811384,21.442571],[-157.810837,21.44295],[-157.810538,21.442658],[-157.809626,21.443396],[-157.809743,21.443484],[-157.810567,21.442879],[-157.810732,21.443072],[-157.809967,21.443694],[-157.810055,21.443765],[-157.809625,21.444007],[-157.809802,21.444586],[-157.810078,21.444542],[-157.809984,21.444134],[-157.811655,21.442918],[-157.812243,21.443887],[-157.812807,21.445027],[-157.814489,21.448954],[-157.814365,21.450347],[-157.815041,21.452643],[-157.815812,21.454257],[-157.816194,21.454664],[-157.81644,21.454696]]]]},"properties":{}},{"type":"Feature","id":521,"geometry":{"type":"MultiPolygon","coordinates":[[[[-157.862495,21.434632],[-157.862055,21.433147],[-157.861426,21.43255],[-157.861284,21.432227],[-157.860833,21.432004],[-157.860528,21.431748],[-157.860152,21.431203],[-157.860158,21.430299],[-157.859388,21.430113],[-157.859113,21.429909],[-157.85891,21.429568],[-157.858823,21.428302],[-157.858436,21.42839],[-157.858095,21.428166],[-157.857662,21.428036],[-157.856896,21.427928],[-157.856363,21.42757],[-157.854779,21.427281],[-157.854036,21.426774],[-157.853657,21.426645],[-157.852986,21.426827],[-157.852274,21.426812],[-157.850547,21.426369],[-157.849582,21.425529],[-157.849253,21.425403],[-157.849102,21.425255],[-157.848734,21.424672],[-157.848375,21.424263],[-157.848269,21.423889],[-157.84786,21.42371],[-157.847297,21.423273],[-157.846707,21.42307],[-157.846234,21.42274],[-157.844498,21.42179],[-157.844021,21.421251],[-157.842637,21.420081],[-157.842005,21.419785],[-157.841432,21.41926],[-157.840756,21.419144],[-157.840349,21.41888],[-157.839991,21.418326],[-157.839414,21.418247],[-157.839017,21.418075],[-157.838474,21.418088],[-157.838161,21.417952],[-157.837496,21.41825],[-157.836805,21.418665],[-157.835858,21.419475],[-157.834669,21.420276],[-157.834256,21.420752],[-157.833748,21.420951],[-157.833387,21.420932],[-157.830773,21.421981],[-157.828059,21.422114],[-157.827732,21.422281],[-157.827512,21.422575],[-157.826643,21.422697],[-157.826496,21.423069],[-157.826512,21.423323],[-157.826778,21.423901],[-157.826758,21.424172],[-157.826537,21.424661],[-157.82633,21.42571],[-157.826518,21.426182],[-157.826759,21.426357],[-157.827096,21.427155],[-157.827035,21.428018],[-157.827139,21.428544],[-157.826735,21.429287],[-157.826408,21.429539],[-157.825682,21.429855],[-157.825326,21.43136],[-157.825017,21.431578],[-157.82469,21.431678],[-157.824155,21.432127],[-157.824205,21.43347],[-157.823659,21.43384],[-157.823227,21.433666],[-157.822431,21.433661],[-157.822516,21.434356],[-157.822198,21.435546],[-157.822175,21.43625],[-157.821866,21.436451],[-157.821609,21.436807],[-157.821412,21.437257],[-157.821367,21.437718],[-157.820923,21.438157],[-157.820685,21.439263],[-157.82066,21.440212],[-157.820548,21.440584],[-157.821208,21.441723],[-157.820967,21.44245],[-157.820982,21.442765],[-157.821197,21.443163],[-157.821337,21.443689],[-157.821551,21.444034],[-157.821857,21.44437],[-157.822631,21.444833],[-157.822209,21.445567],[-157.821354,21.44617],[-157.820918,21.44632],[-157.820103,21.446416],[-157.819757,21.446718],[-157.818914,21.448067],[-157.818959,21.44927],[-157.817924,21.449737],[-157.817703,21.450142],[-157.816937,21.450933],[-157.816844,21.451186],[-157.816945,21.452764],[-157.816846,21.453124],[-157.816749,21.453214],[-157.816747,21.453395],[-157.816553,21.453574],[-157.816548,21.454116],[-157.81644,21.454696],[-157.817412,21.454279],[-157.818482,21.45364],[-157.819371,21.452969],[-157.82,21.452693],[-157.820753,21.452501],[-157.8223,21.452429],[-157.822706,21.452628],[-157.822971,21.453118],[-157.823471,21.453432],[-157.823977,21.453454],[-157.824882,21.453206],[-157.825835,21.454131],[-157.8264,21.455013],[-157.826429,21.455387],[-157.826559,21.455646],[-157.826353,21.456136],[-157.826417,21.456152],[-157.826612,21.455987],[-157.8267,21.456081],[-157.826512,21.456208],[-157.826541,21.456323],[-157.827017,21.456153],[-157.827365,21.456389],[-157.8276,21.45645],[-157.828947,21.456643],[-157.829265,21.456918],[-157.829529,21.457596],[-157.829794,21.457915],[-157.830141,21.457965],[-157.830682,21.457475],[-157.831253,21.457926],[-157.831559,21.458482],[-157.832106,21.46003],[-157.832453,21.461412],[-157.832323,21.461946],[-157.832476,21.46215],[-157.832611,21.462579],[-157.832817,21.462519],[-157.832782,21.462304],[-157.833482,21.462034],[-157.833758,21.46177],[-157.833682,21.461148],[-157.833847,21.460933],[-157.833876,21.460575],[-157.833647,21.460168],[-157.833582,21.459689],[-157.833682,21.459777],[-157.834053,21.460878],[-157.834547,21.461038],[-157.834723,21.461016],[-157.834506,21.460702],[-157.834253,21.460608],[-157.834106,21.460432],[-157.833982,21.459804],[-157.834241,21.459121],[-157.834323,21.458108],[-157.834482,21.457871],[-157.834876,21.45759],[-157.836159,21.457712],[-157.836494,21.457679],[-157.836824,21.457761],[-157.837735,21.458543],[-157.838006,21.459226],[-157.837876,21.459645],[-157.838206,21.459645],[-157.838512,21.460074],[-157.838982,21.460355],[-157.839088,21.460526],[-157.840018,21.460003],[-157.840253,21.460052],[-157.840665,21.460289],[-157.840817,21.460518],[-157.84169,21.459803],[-157.841793,21.45899],[-157.842189,21.457728],[-157.842966,21.457011],[-157.846724,21.457095],[-157.84798,21.457498],[-157.849045,21.457053],[-157.850022,21.456457],[-157.850991,21.455244],[-157.85204,21.4552],[-157.852922,21.454912],[-157.854431,21.45498],[-157.856789,21.454035],[-157.857261,21.453949],[-157.858815,21.454298],[-157.859665,21.454287],[-157.860546,21.454874],[-157.861321,21.454517],[-157.862016,21.454447],[-157.862836,21.453724],[-157.863361,21.453728],[-157.864445,21.453905],[-157.864897,21.453819],[-157.865875,21.453813],[-157.866762,21.4537],[-157.867814,21.453385],[-157.870309,21.453707],[-157.872042,21.453235],[-157.873171,21.453185],[-157.873631,21.452231],[-157.874415,21.451457],[-157.873929,21.451098],[-157.873987,21.450607],[-157.874225,21.45027],[-157.874468,21.449289],[-157.874491,21.448554],[-157.874733,21.447817],[-157.874413,21.44707],[-157.874454,21.446342],[-157.874584,21.445902],[-157.87432,21.445662],[-157.87423,21.444758],[-157.873847,21.444484],[-157.873851,21.443942],[-157.874023,21.443578],[-157.873902,21.442933],[-157.873571,21.442676],[-157.873453,21.442456],[-157.873382,21.442133],[-157.873442,21.441524],[-157.873005,21.440956],[-157.872889,21.440479],[-157.872477,21.439951],[-157.871974,21.439507],[-157.871184,21.439408],[-157.870856,21.439093],[-157.870222,21.438949],[-157.869935,21.438765],[-157.869594,21.43839],[-157.868974,21.438128],[-157.868135,21.437601],[-157.867821,21.437578],[-157.867323,21.437308],[-157.867307,21.437036],[-157.866512,21.436946],[-157.866186,21.436844],[-157.865665,21.436568],[-157.864839,21.436383],[-157.864167,21.43605],[-157.863952,21.435709],[-157.863629,21.435436],[-157.863596,21.434839],[-157.863212,21.434656],[-157.862495,21.434632]]]]},"properties":{}},{"type":"Feature","id":508,"geometry":{"type":"MultiPolygon","coordinates":[[[[-157.897832,21.501378],[-157.897159,21.501012],[-157.897067,21.500289],[-157.897216,21.499173],[-157.897183,21.498715],[-157.896806,21.498256],[-157.896392,21.498016],[-157.895854,21.497301],[-157.895,21.495432],[-157.894912,21.494991],[-157.894024,21.494306],[-157.893423,21.493287],[-157.892972,21.492944],[-157.892782,21.492582],[-157.892271,21.492475],[-157.891746,21.492454],[-157.891334,21.492572],[-157.88997,21.492747],[-157.888558,21.492789],[-157.888055,21.492189],[-157.88726,21.49212],[-157.88603,21.492044],[-157.885286,21.492327],[-157.884779,21.492391],[-157.883567,21.492196],[-157.880347,21.492116],[-157.878688,21.493595],[-157.877505,21.494434],[-157.87655,21.494551],[-157.876054,21.494848],[-157.875099,21.494993],[-157.874658,21.495228],[-157.874257,21.495547],[-157.873357,21.495613],[-157.87295,21.496046],[-157.872445,21.495772],[-157.871907,21.495784],[-157.871651,21.495563],[-157.871109,21.495339],[-157.87044,21.49525],[-157.869553,21.495295],[-157.869045,21.495512],[-157.868531,21.49549],[-157.867667,21.494942],[-157.865264,21.492979],[-157.864787,21.492845],[-157.863094,21.492693],[-157.861796,21.492734],[-157.860146,21.493807],[-157.859849,21.493374],[-157.859186,21.493168],[-157.858009,21.492309],[-157.857092,21.492845],[-157.856827,21.492871],[-157.85661,21.492998],[-157.856385,21.492849],[-157.855827,21.492881],[-157.854561,21.491293],[-157.854024,21.490931],[-157.853937,21.490756],[-157.853339,21.490632],[-157.853181,21.490744],[-157.852836,21.490595],[-157.852564,21.490627],[-157.852252,21.490411],[-157.851547,21.490188],[-157.851174,21.489976],[-157.850739,21.489602],[-157.850087,21.488825],[-157.849932,21.488379],[-157.849667,21.488231],[-157.8493,21.488276],[-157.849213,21.488907],[-157.849066,21.489243],[-157.848684,21.489872],[-157.847731,21.490852],[-157.847295,21.491661],[-157.847025,21.492543],[-157.847089,21.492945],[-157.84796,21.493782],[-157.848366,21.493974],[-157.848796,21.493903],[-157.848902,21.493947],[-157.849814,21.495048],[-157.850049,21.495454],[-157.850386,21.495185],[-157.850968,21.494918],[-157.851257,21.49492],[-157.851352,21.495192],[-157.851927,21.495647],[-157.852602,21.495742],[-157.854042,21.496746],[-157.855007,21.496843],[-157.855675,21.497751],[-157.856751,21.498477],[-157.858321,21.499012],[-157.859027,21.499051],[-157.860006,21.499407],[-157.860343,21.499721],[-157.860484,21.500145],[-157.861257,21.500862],[-157.861723,21.501441],[-157.862012,21.502131],[-157.862277,21.502343],[-157.862473,21.502683],[-157.862815,21.503041],[-157.864029,21.5035],[-157.864759,21.504324],[-157.8672,21.505328],[-157.867789,21.505819],[-157.868221,21.506042],[-157.868447,21.506421],[-157.869217,21.506697],[-157.869409,21.506948],[-157.870081,21.507335],[-157.870648,21.508176],[-157.871327,21.508428],[-157.871805,21.509063],[-157.872342,21.509136],[-157.872865,21.509341],[-157.873189,21.509633],[-157.873529,21.510177],[-157.874356,21.510979],[-157.87489,21.512134],[-157.875592,21.51263],[-157.87583,21.512885],[-157.876912,21.512775],[-157.877182,21.512804],[-157.878426,21.514348],[-157.879611,21.514944],[-157.880081,21.514998],[-157.880534,21.514882],[-157.881388,21.514515],[-157.883039,21.513985],[-157.883691,21.513972],[-157.88432,21.513665],[-157.884762,21.513539],[-157.885124,21.513592],[-157.885433,21.513459],[-157.885885,21.513428],[-157.88683,21.513681],[-157.88742,21.51224],[-157.88726,21.511167],[-157.887241,21.510432],[-157.887651,21.509747],[-157.88764,21.508628],[-157.887935,21.507997],[-157.888464,21.507516],[-157.889008,21.506469],[-157.889816,21.505891],[-157.890219,21.505301],[-157.891244,21.504406],[-157.892311,21.503909],[-157.893087,21.503244],[-157.893657,21.50302],[-157.894248,21.50289],[-157.894528,21.502687],[-157.895229,21.502699],[-157.896796,21.501991],[-157.897832,21.501378]]]]},"properties":{}},{"type":"Feature","id":509,"geometry":{"type":"MultiPolygon","coordinates":[[[[-158.172474,21.483319],[-158.173387,21.481744],[-158.173926,21.480993],[-158.174621,21.48039],[-158.174998,21.480253],[-158.175316,21.480026],[-158.176245,21.478989],[-158.177054,21.47829],[-158.177529,21.477496],[-158.1782,21.477245],[-158.178674,21.476654],[-158.17889,21.476526],[-158.180233,21.476171],[-158.180452,21.475799],[-158.180583,21.475071],[-158.181218,21.474719],[-158.181374,21.474347],[-158.181619,21.474213],[-158.181847,21.473883],[-158.181967,21.473477],[-158.182296,21.472937],[-158.182515,21.472659],[-158.183069,21.472187],[-158.18339,21.471562],[-158.183953,21.4712],[-158.185089,21.47024],[-158.186272,21.469018],[-158.186883,21.468225],[-158.187137,21.46804],[-158.187609,21.467881],[-158.188045,21.467502],[-158.189447,21.465933],[-158.190228,21.465446],[-158.190612,21.464779],[-158.191021,21.464442],[-158.191956,21.46387],[-158.193532,21.463556],[-158.195471,21.462998],[-158.19626,21.462731],[-158.196814,21.462382],[-158.197565,21.462402],[-158.197971,21.462506],[-158.199526,21.462532],[-158.199937,21.462181],[-158.200595,21.461182],[-158.202146,21.460015],[-158.202923,21.459025],[-158.203219,21.457852],[-158.203567,21.457738],[-158.20322,21.457247],[-158.203032,21.456752],[-158.202826,21.45657],[-158.202691,21.456223],[-158.202697,21.455744],[-158.202526,21.455512],[-158.202485,21.455298],[-158.202673,21.454571],[-158.202691,21.454196],[-158.202521,21.453833],[-158.202321,21.453645],[-158.201391,21.45353],[-158.200303,21.45315],[-158.200067,21.452781],[-158.200073,21.451927],[-158.199303,21.451525],[-158.198867,21.451602],[-158.198309,21.45153],[-158.198256,21.451338],[-158.19835,21.451018],[-158.198009,21.450958],[-158.197173,21.450522],[-158.196832,21.449834],[-158.196485,21.449597],[-158.19645,21.449415],[-158.196562,21.449305],[-158.196079,21.448782],[-158.195232,21.448672],[-158.195079,21.448545],[-158.194573,21.448374],[-158.194332,21.448633],[-158.194008,21.44871],[-158.193832,21.448716],[-158.193226,21.448446],[-158.192761,21.447553],[-158.19255,21.447405],[-158.192114,21.44735],[-158.19175,21.447206],[-158.190926,21.446485],[-158.190556,21.44627],[-158.190003,21.445532],[-158.189503,21.444601],[-158.189132,21.44361],[-158.189097,21.442976],[-158.189262,21.442161],[-158.189509,21.442078],[-158.189574,21.441732],[-158.18968,21.441594],[-158.190056,21.441588],[-158.190274,21.441423],[-158.190333,21.441225],[-158.190227,21.44106],[-158.190304,21.440944],[-158.190962,21.44112],[-158.191533,21.44095],[-158.191857,21.44052],[-158.191945,21.440658],[-158.192004,21.440641],[-158.192045,21.44046],[-158.191933,21.440069],[-158.191316,21.440113],[-158.190339,21.440625],[-158.189869,21.44056],[-158.189609,21.440801],[-158.189319,21.4408],[-158.189125,21.44107],[-158.187577,21.441785],[-158.186804,21.441962],[-158.184467,21.44221],[-158.183325,21.44251],[-158.182101,21.442944],[-158.181549,21.443069],[-158.18047,21.443495],[-158.179753,21.443915],[-158.178367,21.444273],[-158.177061,21.444821],[-158.176726,21.444845],[-158.175415,21.444686],[-158.172982,21.444542],[-158.171361,21.444835],[-158.170835,21.444993],[-158.16991,21.445412],[-158.168927,21.446483],[-158.168688,21.4471],[-158.168187,21.44775],[-158.16721,21.449431],[-158.16627,21.450824],[-158.165933,21.451161],[-158.165279,21.451708],[-158.164661,21.452103],[-158.162159,21.454581],[-158.160751,21.455472],[-158.159989,21.455866],[-158.159271,21.456405],[-158.158402,21.456604],[-158.156994,21.457469],[-158.156104,21.458159],[-158.156052,21.459184],[-158.155979,21.459404],[-158.155469,21.459952],[-158.155194,21.460535],[-158.156221,21.461277],[-158.156608,21.461668],[-158.156794,21.462482],[-158.156516,21.463591],[-158.156065,21.46765],[-158.155839,21.467958],[-158.15558,21.468099],[-158.155079,21.468005],[-158.154655,21.467799],[-158.154248,21.46773],[-158.153786,21.467761],[-158.152209,21.468168],[-158.15106,21.468281],[-158.149404,21.468226],[-158.148265,21.468051],[-158.147578,21.467862],[-158.14699,21.468147],[-158.146507,21.468235],[-158.145625,21.46891],[-158.145207,21.469145],[-158.14399,21.469578],[-158.142773,21.470776],[-158.142241,21.471467],[-158.141664,21.471193],[-158.140891,21.471279],[-158.13876,21.472624],[-158.138432,21.473338],[-158.137522,21.474333],[-158.136431,21.475141],[-158.135848,21.47532],[-158.134781,21.476308],[-158.134099,21.477389],[-158.133642,21.478565],[-158.132837,21.480085],[-158.13215,21.48054],[-158.131778,21.481596],[-158.131947,21.482075],[-158.132057,21.483325],[-158.132316,21.484968],[-158.13221,21.486683],[-158.132397,21.487138],[-158.13252,21.487714],[-158.13239,21.488272],[-158.132405,21.488865],[-158.132168,21.489135],[-158.132584,21.489154],[-158.133351,21.48958],[-158.133812,21.489584],[-158.134604,21.489857],[-158.135181,21.490312],[-158.136136,21.491442],[-158.137005,21.491947],[-158.137179,21.492649],[-158.137385,21.493033],[-158.137674,21.493034],[-158.137962,21.493397],[-158.139023,21.493493],[-158.13979,21.4944],[-158.140464,21.494674],[-158.14065,21.49594],[-158.142292,21.497643],[-158.142374,21.498297],[-158.142722,21.498391],[-158.143053,21.498977],[-158.143646,21.499657],[-158.143986,21.500311],[-158.144744,21.50079],[-158.14564,21.500934],[-158.146507,21.5013],[-158.146757,21.501571],[-158.14689,21.501844],[-158.146917,21.502164],[-158.14679,21.502476],[-158.146561,21.502578],[-158.146402,21.502745],[-158.146399,21.503287],[-158.146685,21.503831],[-158.147086,21.504122],[-158.147934,21.503131],[-158.148526,21.502756],[-158.148768,21.502779],[-158.149264,21.503231],[-158.14948,21.503342],[-158.149961,21.503167],[-158.150407,21.502779],[-158.150579,21.502712],[-158.151712,21.502472],[-158.152445,21.502408],[-158.155422,21.502466],[-158.15601,21.502511],[-158.156643,21.502667],[-158.157521,21.502629],[-158.159095,21.502814],[-158.161339,21.502843],[-158.16298,21.502385],[-158.163813,21.50227],[-158.16414,21.502154],[-158.165258,21.501312],[-158.165804,21.500781],[-158.166598,21.499709],[-158.167007,21.499398],[-158.166892,21.498923],[-158.166943,21.497839],[-158.167545,21.497003],[-158.167694,21.496386],[-158.167632,21.496148],[-158.167327,21.495656],[-158.167265,21.495359],[-158.167441,21.494682],[-158.167448,21.493509],[-158.167596,21.492824],[-158.167422,21.491552],[-158.167806,21.490655],[-158.16818,21.490472],[-158.169058,21.490358],[-158.169339,21.490249],[-158.170087,21.489245],[-158.170519,21.488862],[-158.170814,21.488732],[-158.171267,21.488709],[-158.171549,21.488422],[-158.17164,21.488219],[-158.171518,21.487549],[-158.171591,21.487151],[-158.171821,21.486789],[-158.171737,21.485552],[-158.171831,21.484951],[-158.17207,21.484232],[-158.172109,21.483724],[-158.172474,21.483319]]]]},"properties":{}},{"type":"Feature","id":510,"geometry":{"type":"MultiPolygon","coordinates":[[[[-157.901691,21.501584],[-157.901914,21.501338],[-157.901985,21.501044],[-157.90264,21.50114],[-157.903056,21.501126],[-157.903964,21.500827],[-157.904291,21.500592],[-157.904784,21.500036],[-157.904799,21.499165],[-157.905118,21.498971],[-157.906443,21.498725],[-157.907405,21.499092],[-157.907869,21.499023],[-157.9087,21.499113],[-157.910276,21.498954],[-157.910593,21.498842],[-157.911868,21.499032],[-157.912159,21.498898],[-157.912525,21.498584],[-157.913193,21.498566],[-157.913574,21.498416],[-157.914265,21.498324],[-157.914733,21.498339],[-157.91542,21.498496],[-157.916126,21.498475],[-157.916525,21.498334],[-157.916871,21.498116],[-157.917127,21.497754],[-157.917456,21.497532],[-157.918306,21.497363],[-157.918758,21.49751],[-157.919879,21.497636],[-157.920294,21.497757],[-157.92151,21.497558],[-157.922648,21.497688],[-157.923731,21.497572],[-157.924784,21.497617],[-157.92576,21.497314],[-157.926435,21.497319],[-157.927741,21.496738],[-157.928302,21.496708],[-157.928758,21.49652],[-157.929531,21.496435],[-157.929822,21.496166],[-157.930208,21.496168],[-157.930399,21.496441],[-157.930883,21.496353],[-157.93117,21.496626],[-157.933195,21.49691],[-157.9342,21.496983],[-157.934543,21.497103],[-157.935739,21.496942],[-157.936481,21.496946],[-157.937348,21.496666],[-157.937829,21.496849],[-157.941306,21.496691],[-157.942571,21.495253],[-157.943439,21.495349],[-157.944699,21.494634],[-157.945858,21.494551],[-157.945857,21.494732],[-157.946338,21.494916],[-157.947401,21.494832],[-157.94875,21.495112],[-157.948848,21.494932],[-157.949427,21.494935],[-157.949526,21.494574],[-157.950877,21.494583],[-157.951265,21.494314],[-157.951365,21.493954],[-157.951946,21.493686],[-157.953004,21.494145],[-157.953684,21.493607],[-157.954746,21.493523],[-157.955426,21.492895],[-157.956103,21.492718],[-157.956105,21.492447],[-157.957555,21.492186],[-157.957944,21.491736],[-157.959585,21.491746],[-157.959877,21.491477],[-157.960174,21.490395],[-157.961816,21.490315],[-157.962399,21.489686],[-157.964426,21.489699],[-157.965696,21.488743],[-157.966235,21.488481],[-157.966657,21.488177],[-157.968011,21.487824],[-157.968692,21.487015],[-157.969175,21.487018],[-157.970232,21.487657],[-157.970907,21.487751],[-157.972649,21.487129],[-157.973225,21.487585],[-157.974865,21.487685],[-157.975539,21.48796],[-157.976118,21.487964],[-157.978343,21.487255],[-157.978922,21.487258],[-157.979788,21.487625],[-157.981622,21.487726],[-157.983169,21.487284],[-157.983824,21.487199],[-157.985775,21.4873],[-157.986255,21.487664],[-157.988285,21.487315],[-157.989246,21.487953],[-157.990503,21.487948],[-157.990985,21.487693],[-157.991756,21.487878],[-157.993069,21.48769],[-157.99398,21.487259],[-157.994943,21.487626],[-157.996101,21.487724],[-157.9962,21.487363],[-157.996685,21.487004],[-157.99794,21.486922],[-157.998285,21.48677],[-158.000066,21.486573],[-158.000643,21.486847],[-158.002188,21.486857],[-158.002864,21.48677],[-158.003252,21.486411],[-158.007113,21.486434],[-158.007689,21.486889],[-158.007976,21.487252],[-158.009035,21.48771],[-158.011835,21.487546],[-158.012344,21.487715],[-158.012801,21.487552],[-158.01338,21.487465],[-158.013865,21.487107],[-158.015024,21.487113],[-158.015312,21.487296],[-158.016979,21.487429],[-158.017723,21.487671],[-158.018206,21.487584],[-158.018303,21.487494],[-158.018786,21.487497],[-158.01898,21.487227],[-158.021572,21.487151],[-158.022745,21.487249],[-158.023514,21.487615],[-158.023804,21.487617],[-158.023996,21.487708],[-158.024284,21.487981],[-158.025056,21.487985],[-158.026691,21.488898],[-158.028041,21.489177],[-158.029387,21.489998],[-158.030448,21.490095],[-158.031609,21.48974],[-158.033056,21.489839],[-158.033347,21.489569],[-158.035763,21.489222],[-158.037317,21.487785],[-158.039734,21.487167],[-158.041082,21.487717],[-158.041182,21.487175],[-158.041473,21.486996],[-158.043113,21.487006],[-158.044173,21.487373],[-158.045042,21.487288],[-158.04504,21.487559],[-158.045618,21.487743],[-158.047535,21.489831],[-158.049659,21.489753],[-158.050811,21.490754],[-158.051101,21.490755],[-158.052156,21.491846],[-158.052927,21.492031],[-158.053694,21.492758],[-158.05408,21.49276],[-158.055041,21.493488],[-158.055526,21.493039],[-158.055528,21.492768],[-158.057079,21.491784],[-158.062582,21.491634],[-158.064514,21.491375],[-158.065293,21.490385],[-158.065582,21.490387],[-158.066069,21.489848],[-158.067902,21.489949],[-158.068677,21.489592],[-158.07109,21.489515],[-158.072252,21.48898],[-158.072447,21.48862],[-158.072833,21.488622],[-158.073029,21.488171],[-158.073504,21.489348],[-158.074756,21.489807],[-158.076205,21.489634],[-158.080742,21.48966],[-158.082095,21.489397],[-158.084605,21.48932],[-158.085186,21.489053],[-158.085094,21.488329],[-158.085288,21.48815],[-158.086834,21.487978],[-158.087414,21.4878],[-158.08761,21.48744],[-158.088189,21.487444],[-158.088283,21.487715],[-158.090017,21.488357],[-158.091465,21.488365],[-158.091757,21.488005],[-158.092143,21.488007],[-158.092434,21.487738],[-158.093106,21.488284],[-158.095423,21.488297],[-158.095711,21.488569],[-158.099572,21.4885],[-158.09986,21.488772],[-158.101308,21.48878],[-158.102081,21.488604],[-158.103053,21.487615],[-158.105373,21.487086],[-158.108945,21.487014],[-158.109915,21.486116],[-158.110592,21.485939],[-158.11069,21.485669],[-158.111269,21.485672],[-158.112044,21.485315],[-158.112433,21.484865],[-158.113399,21.48469],[-158.11369,21.48442],[-158.115618,21.484792],[-158.117259,21.4848],[-158.118023,21.484642],[-158.118613,21.484356],[-158.118804,21.484104],[-158.119422,21.483735],[-158.119841,21.483331],[-158.12065,21.48274],[-158.121258,21.482457],[-158.121551,21.481731],[-158.122208,21.48049],[-158.121149,21.480033],[-158.120966,21.479695],[-158.119998,21.478763],[-158.119128,21.478415],[-158.118351,21.478225],[-158.118363,21.47776],[-158.118554,21.477549],[-158.11885,21.476517],[-158.118764,21.475414],[-158.117448,21.474969],[-158.116646,21.474409],[-158.115695,21.474587],[-158.113506,21.474372],[-158.112549,21.474079],[-158.112306,21.473935],[-158.111866,21.473347],[-158.11145,21.473159],[-158.110705,21.473781],[-158.110289,21.473779],[-158.110036,21.473676],[-158.10962,21.47364],[-158.109058,21.473705],[-158.108912,21.473958],[-158.108188,21.473954],[-158.107954,21.473835],[-158.107677,21.473278],[-158.107634,21.4728],[-158.107489,21.472374],[-158.107149,21.472272],[-158.106912,21.4721],[-158.106575,21.471473],[-158.105782,21.470927],[-158.105712,21.470469],[-158.105788,21.469978],[-158.105649,21.468978],[-158.105679,21.46857],[-158.104118,21.467767],[-158.103756,21.467295],[-158.103568,21.466571],[-158.103553,21.465426],[-158.10336,21.464544],[-158.103329,21.463596],[-158.103405,21.463003],[-158.103281,21.462647],[-158.10339,21.462495],[-158.103506,21.461276],[-158.103255,21.460936],[-158.103024,21.460786],[-158.102699,21.46012],[-158.102375,21.459813],[-158.102234,21.459287],[-158.101587,21.459062],[-158.101301,21.458608],[-158.100973,21.458416],[-158.100647,21.458364],[-158.100126,21.457768],[-158.09991,21.457666],[-158.099298,21.457053],[-158.098802,21.456879],[-158.09794,21.45588],[-158.097444,21.455552],[-158.096786,21.455242],[-158.096306,21.454697],[-158.095728,21.454513],[-158.095537,21.454241],[-158.095543,21.453338],[-158.09574,21.453052],[-158.095798,21.452511],[-158.095648,21.451983],[-158.095655,21.450718],[-158.09594,21.449937],[-158.09605,21.449365],[-158.0975,21.446439],[-158.097438,21.444795],[-158.097621,21.444338],[-158.097726,21.443592],[-158.098537,21.442513],[-158.098631,21.441937],[-158.098562,21.44148],[-158.098856,21.440752],[-158.098895,21.440295],[-158.098697,21.439989],[-158.097778,21.439391],[-158.096697,21.438345],[-158.095616,21.438007],[-158.094579,21.437429],[-158.093039,21.436788],[-158.092546,21.4371],[-158.090515,21.437835],[-158.089424,21.438574],[-158.088881,21.438605],[-158.087268,21.439138],[-158.08618,21.438195],[-158.085611,21.437943],[-158.083949,21.437561],[-158.082954,21.437521],[-158.080007,21.437709],[-158.079719,21.437526],[-158.077307,21.437422],[-158.076923,21.437059],[-158.073642,21.43704],[-158.07306,21.437579],[-158.072385,21.437485],[-158.072386,21.437304],[-158.070937,21.437567],[-158.070651,21.437114],[-158.070072,21.43711],[-158.069014,21.436472],[-158.068339,21.436468],[-158.067762,21.436194],[-158.067476,21.43565],[-158.067186,21.435648],[-158.066805,21.434833],[-158.066132,21.434468],[-158.06604,21.433744],[-158.065654,21.433742],[-158.064795,21.432292],[-158.064218,21.432017],[-158.064219,21.431837],[-158.06229,21.431645],[-158.061715,21.4311],[-158.060944,21.431005],[-158.059886,21.430366],[-158.059117,21.430001],[-158.058735,21.429366],[-158.057196,21.428634],[-158.057107,21.427369],[-158.057592,21.427101],[-158.057693,21.426379],[-158.057312,21.425563],[-158.056067,21.424111],[-158.054639,21.421121],[-158.053194,21.420842],[-158.052906,21.420479],[-158.051752,21.420021],[-158.051464,21.419748],[-158.050307,21.419651],[-158.04973,21.419377],[-158.048679,21.417654],[-158.048294,21.417562],[-158.047623,21.416835],[-158.047334,21.416833],[-158.046567,21.416016],[-158.045228,21.414292],[-158.04504,21.413568],[-158.044656,21.413295],[-158.044674,21.410494],[-158.045163,21.409413],[-158.044874,21.409411],[-158.044394,21.408957],[-158.043631,21.407688],[-158.041714,21.40578],[-158.041531,21.404243],[-158.041149,21.403608],[-158.041254,21.402254],[-158.040968,21.4018],[-158.040691,21.399902],[-158.040211,21.399538],[-158.040234,21.396014],[-158.040429,21.395744],[-158.040236,21.395653],[-158.039768,21.393572],[-158.039785,21.390862],[-158.040079,21.390231],[-158.040091,21.388425],[-158.039712,21.387248],[-158.038759,21.385616],[-158.0378,21.384707],[-158.037713,21.383171],[-158.037429,21.382447],[-158.036565,21.381809],[-158.036279,21.381266],[-158.035028,21.380807],[-158.035031,21.380445],[-158.034552,21.37981],[-158.034563,21.378184],[-158.033706,21.376463],[-158.033418,21.376371],[-158.033323,21.376009],[-158.031489,21.376359],[-158.030821,21.375907],[-158.02841,21.374629],[-158.026114,21.374358],[-158.024251,21.3734],[-158.023986,21.371734],[-158.022336,21.368883],[-158.021481,21.36839],[-158.019896,21.367147],[-158.018979,21.366826],[-158.017818,21.366303],[-158.017086,21.365868],[-158.016233,21.365542],[-158.016176,21.365566],[-158.016787,21.366336],[-158.017716,21.36676],[-158.018299,21.36681],[-158.018587,21.366936],[-158.019269,21.367811],[-158.020216,21.369315],[-158.021207,21.372076],[-158.02119,21.372384],[-158.020908,21.37321],[-158.020667,21.373596],[-158.020479,21.373794],[-158.020032,21.374004],[-158.019703,21.374108],[-158.019009,21.374153],[-158.018762,21.374296],[-158.018621,21.374263],[-158.01838,21.373767],[-158.017839,21.373746],[-158.017557,21.373845],[-158.017369,21.374533],[-158.017592,21.375062],[-158.016664,21.377205],[-158.015971,21.377987],[-158.015547,21.377563],[-158.015347,21.377144],[-158.015365,21.376935],[-158.015535,21.376643],[-158.015506,21.376037],[-158.015552,21.375812],[-158.015676,21.375674],[-158.016422,21.375393],[-158.016516,21.375156],[-158.016487,21.374721],[-158.016569,21.37449],[-158.016928,21.373944],[-158.017069,21.373526],[-158.017356,21.373101],[-158.017362,21.372964],[-158.017256,21.372925],[-158.017045,21.373168],[-158.016775,21.373338],[-158.016481,21.374066],[-158.016328,21.374143],[-158.016152,21.37444],[-158.016075,21.374848],[-158.016122,21.375162],[-158.016052,21.375283],[-158.015417,21.375487],[-158.01507,21.375735],[-158.015029,21.375839],[-158.014812,21.376776],[-158.014824,21.376985],[-158.015053,21.377662],[-158.015683,21.378185],[-158.015242,21.378461],[-158.015065,21.378125],[-158.014848,21.377982],[-158.014377,21.378114],[-158.013995,21.378417],[-158.013766,21.378389],[-158.013525,21.377668],[-158.01256,21.376226],[-158.012424,21.375471],[-158.012536,21.375102],[-158.012365,21.37481],[-158.012536,21.374441],[-158.011742,21.373891],[-158.011677,21.373698],[-158.011483,21.373885],[-158.011407,21.373852],[-158.011377,21.373561],[-158.011283,21.373439],[-158.011177,21.373472],[-158.011083,21.373792],[-158.011007,21.373924],[-158.010936,21.373924],[-158.010713,21.373555],[-158.010683,21.373115],[-158.010583,21.373043],[-158.01046,21.373186],[-158.010301,21.373093],[-158.010236,21.37323],[-158.009737,21.373154],[-158.009484,21.373038],[-158.009396,21.373126],[-158.009366,21.373407],[-158.009078,21.374167],[-158.008934,21.374059],[-158.008913,21.377222],[-158.009583,21.377948],[-158.009561,21.381201],[-158.00927,21.38147],[-158.008782,21.38237],[-158.009724,21.383346],[-158.010638,21.384605],[-158.011575,21.385152],[-158.012185,21.3858],[-158.011649,21.386272],[-158.011739,21.387176],[-158.011352,21.387445],[-158.011253,21.387805],[-158.011244,21.38916],[-158.011436,21.389252],[-158.01143,21.390155],[-158.011716,21.390699],[-158.011704,21.392506],[-158.012278,21.393141],[-158.012759,21.393325],[-158.013235,21.394231],[-158.014194,21.39514],[-158.014478,21.395955],[-158.013986,21.397307],[-158.014176,21.39776],[-158.014073,21.398844],[-158.014357,21.399658],[-158.01425,21.401194],[-158.013667,21.401822],[-158.013175,21.403265],[-158.013266,21.403988],[-158.013399,21.404414],[-158.013261,21.404801],[-158.012199,21.404976],[-158.011713,21.405425],[-158.01171,21.405876],[-158.010931,21.407046],[-158.010921,21.408401],[-158.011305,21.408675],[-158.011398,21.409217],[-158.010912,21.409756],[-158.009752,21.410111],[-158.00974,21.411918],[-158.010028,21.41219],[-158.010022,21.413003],[-158.009633,21.413453],[-158.009533,21.413994],[-158.009146,21.414173],[-158.008948,21.414894],[-158.00894,21.416069],[-158.009611,21.416705],[-158.010285,21.41689],[-158.010091,21.41716],[-158.010082,21.418424],[-158.010562,21.418879],[-158.009883,21.419327],[-158.009587,21.420319],[-158.008332,21.420492],[-158.008033,21.421845],[-158.007546,21.422475],[-158.006003,21.422375],[-158.005132,21.422822],[-158.00513,21.423093],[-158.004549,21.423451],[-158.003863,21.424983],[-158.00163,21.427047],[-158.001334,21.427949],[-158.000849,21.428307],[-158.00027,21.428394],[-157.999299,21.429292],[-157.9992,21.429653],[-157.998618,21.430101],[-157.998518,21.430642],[-157.997839,21.43118],[-157.997544,21.431992],[-157.997513,21.436508],[-157.997108,21.439307],[-157.99672,21.439485],[-157.996523,21.440116],[-157.99458,21.442002],[-157.993691,21.444978],[-157.992722,21.445695],[-157.992238,21.445782],[-157.99211,21.450479],[-157.991426,21.45174],[-157.991515,21.452734],[-157.99084,21.45273],[-157.990065,21.453086],[-157.989296,21.45272],[-157.988913,21.452266],[-157.988044,21.452261],[-157.987074,21.452978],[-157.98698,21.452706],[-157.986017,21.45243],[-157.984763,21.452332],[-157.983706,21.451602],[-157.983412,21.452233],[-157.983025,21.452411],[-157.982926,21.452863],[-157.982635,21.452951],[-157.982724,21.454036],[-157.98214,21.454845],[-157.981074,21.455381],[-157.980877,21.456012],[-157.980489,21.456281],[-157.979524,21.456365],[-157.979228,21.457176],[-157.978842,21.457264],[-157.978548,21.457805],[-157.978064,21.458073],[-157.977216,21.459783],[-157.975928,21.459957],[-157.974675,21.459678],[-157.973595,21.460066],[-157.972065,21.460294],[-157.969743,21.461093],[-157.968686,21.460545],[-157.967223,21.460501],[-157.966562,21.460622],[-157.966176,21.46062],[-157.965,21.463142],[-157.965092,21.463775],[-157.964319,21.46386],[-157.964028,21.46413],[-157.963256,21.464125],[-157.962784,21.463878],[-157.961265,21.463682],[-157.960941,21.46393],[-157.960449,21.463982],[-157.960071,21.464105],[-157.958369,21.463867],[-157.957281,21.464047],[-157.956213,21.46381],[-157.95563,21.464348],[-157.954861,21.463892],[-157.954475,21.463889],[-157.9527,21.464442],[-157.951574,21.464684],[-157.950448,21.465681],[-157.949732,21.465847],[-157.949418,21.465387],[-157.948931,21.465214],[-157.948022,21.465784],[-157.94753,21.46634],[-157.94654,21.466911],[-157.945394,21.466445],[-157.94471,21.466358],[-157.944362,21.466473],[-157.943402,21.466585],[-157.942985,21.466752],[-157.941793,21.466338],[-157.940562,21.46606],[-157.940002,21.466276],[-157.939499,21.466325],[-157.938986,21.466676],[-157.937757,21.466946],[-157.937154,21.467223],[-157.936918,21.467408],[-157.936087,21.467166],[-157.935034,21.467633],[-157.934329,21.467595],[-157.933988,21.467645],[-157.9336,21.467913],[-157.933313,21.46755],[-157.932937,21.467366],[-157.932394,21.467311],[-157.932121,21.467581],[-157.931794,21.467731],[-157.931396,21.467729],[-157.929726,21.468514],[-157.929062,21.468155],[-157.928027,21.468114],[-157.927556,21.468246],[-157.926649,21.46823],[-157.926323,21.468577],[-157.925726,21.468488],[-157.925295,21.468583],[-157.924708,21.469125],[-157.92375,21.469068],[-157.922684,21.469289],[-157.92234,21.468822],[-157.922051,21.468736],[-157.921671,21.468801],[-157.921432,21.468919],[-157.920941,21.47],[-157.920428,21.470504],[-157.92001,21.470755],[-157.919069,21.470698],[-157.918332,21.470525],[-157.917753,21.470522],[-157.917005,21.470803],[-157.916208,21.470512],[-157.915306,21.470555],[-157.914454,21.470685],[-157.913892,21.470587],[-157.911574,21.471141],[-157.911356,21.471258],[-157.91128,21.471698],[-157.910988,21.472035],[-157.910932,21.472305],[-157.910694,21.472643],[-157.909081,21.47292],[-157.908277,21.472899],[-157.906944,21.473228],[-157.906123,21.47407],[-157.905524,21.47432],[-157.905126,21.474283],[-157.903508,21.475323],[-157.902093,21.475703],[-157.901945,21.476193],[-157.901301,21.476467],[-157.900909,21.476762],[-157.900813,21.477096],[-157.899239,21.477514],[-157.898983,21.477749],[-157.897426,21.478339],[-157.896373,21.478926],[-157.895938,21.479041],[-157.894887,21.479153],[-157.893847,21.479399],[-157.893454,21.479567],[-157.892973,21.480116],[-157.892796,21.480426],[-157.892721,21.480815],[-157.89229,21.481015],[-157.892065,21.481421],[-157.891414,21.482003],[-157.891171,21.482406],[-157.890732,21.482902],[-157.890474,21.48357],[-157.890626,21.484075],[-157.890902,21.484437],[-157.891003,21.485252],[-157.89131,21.48554],[-157.891771,21.485799],[-157.892382,21.487326],[-157.892416,21.487682],[-157.892179,21.487884],[-157.891976,21.488441],[-157.89219,21.488782],[-157.892657,21.489225],[-157.892943,21.489718],[-157.89299,21.490701],[-157.892791,21.491407],[-157.892782,21.492582],[-157.892972,21.492944],[-157.893423,21.493287],[-157.894024,21.494306],[-157.894912,21.494991],[-157.895,21.495432],[-157.895854,21.497301],[-157.896392,21.498016],[-157.896806,21.498256],[-157.897183,21.498715],[-157.897216,21.499173],[-157.897067,21.500289],[-157.897159,21.501012],[-157.897832,21.501378],[-157.898347,21.501535],[-157.898892,21.501566],[-157.899251,21.50171],[-157.899685,21.50173],[-157.901062,21.501553],[-157.901691,21.501584]]]]},"properties":{}},{"type":"Feature","id":511,"geometry":{"type":"MultiPolygon","coordinates":[[[[-157.880347,21.492116],[-157.879756,21.491862],[-157.878523,21.491494],[-157.877096,21.49123],[-157.875817,21.490408],[-157.875437,21.490338],[-157.87481,21.489504],[-157.873946,21.488905],[-157.873508,21.488477],[-157.872865,21.488271],[-157.872644,21.487839],[-157.871375,21.486787],[-157.87078,21.486393],[-157.870148,21.486106],[-157.869589,21.485953],[-157.868121,21.486092],[-157.866387,21.485719],[-157.865806,21.485896],[-157.865325,21.485712],[-157.86478,21.485294],[-157.863501,21.484642],[-157.863116,21.484341],[-157.861477,21.484059],[-157.860806,21.483513],[-157.86053,21.482639],[-157.860137,21.48201],[-157.858589,21.483136],[-157.857623,21.48322],[-157.856757,21.482853],[-157.855887,21.483027],[-157.855695,21.482845],[-157.854923,21.48284],[-157.854728,21.48311],[-157.853857,21.483375],[-157.853371,21.483913],[-157.853081,21.483911],[-157.853082,21.483821],[-157.852699,21.483457],[-157.851156,21.483266],[-157.850384,21.48326],[-157.849996,21.483529],[-157.849707,21.483346],[-157.849806,21.483076],[-157.849133,21.4828],[-157.848941,21.482618],[-157.847681,21.482593],[-157.847193,21.482556],[-157.846723,21.482422],[-157.84624,21.482419],[-157.846046,21.482598],[-157.845942,21.483501],[-157.845844,21.483681],[-157.845308,21.484175],[-157.84696,21.485015],[-157.847642,21.48556],[-157.848172,21.485802],[-157.848537,21.486116],[-157.84909,21.486975],[-157.849355,21.487746],[-157.849357,21.487975],[-157.848929,21.488148],[-157.848917,21.48826],[-157.849667,21.488231],[-157.849932,21.488379],[-157.850087,21.488825],[-157.850739,21.489602],[-157.851174,21.489976],[-157.851547,21.490188],[-157.852252,21.490411],[-157.852564,21.490627],[-157.852836,21.490595],[-157.853181,21.490744],[-157.853339,21.490632],[-157.853937,21.490756],[-157.854024,21.490931],[-157.854561,21.491293],[-157.855827,21.492881],[-157.856385,21.492849],[-157.85661,21.492998],[-157.856827,21.492871],[-157.857092,21.492845],[-157.858009,21.492309],[-157.859186,21.493168],[-157.859849,21.493374],[-157.860146,21.493807],[-157.861796,21.492734],[-157.863094,21.492693],[-157.864787,21.492845],[-157.865264,21.492979],[-157.867667,21.494942],[-157.868531,21.49549],[-157.869045,21.495512],[-157.869553,21.495295],[-157.87044,21.49525],[-157.871109,21.495339],[-157.871651,21.495563],[-157.871907,21.495784],[-157.872445,21.495772],[-157.87295,21.496046],[-157.873357,21.495613],[-157.874257,21.495547],[-157.874658,21.495228],[-157.875099,21.494993],[-157.876054,21.494848],[-157.87655,21.494551],[-157.877505,21.494434],[-157.878688,21.493595],[-157.880347,21.492116]]]]},"properties":{}},{"type":"Feature","id":523,"geometry":{"type":"MultiPolygon","coordinates":[[[[-158.093039,21.436788],[-158.092945,21.436516],[-158.092561,21.436062],[-158.092192,21.435777],[-158.091119,21.435241],[-158.090769,21.434718],[-158.090642,21.434335],[-158.09026,21.432157],[-158.090282,21.431632],[-158.090864,21.431008],[-158.090669,21.430088],[-158.090589,21.428804],[-158.090466,21.428143],[-158.090577,21.427821],[-158.090589,21.427286],[-158.090726,21.42706],[-158.091017,21.426824],[-158.092325,21.426001],[-158.09249,21.425663],[-158.092365,21.425239],[-158.092437,21.424947],[-158.093188,21.423871],[-158.093501,21.423042],[-158.094426,21.422641],[-158.094683,21.421964],[-158.09552,21.421224],[-158.09581,21.421158],[-158.097299,21.420319],[-158.097517,21.420066],[-158.097501,21.419761],[-158.097738,21.419475],[-158.098772,21.419023],[-158.098954,21.418854],[-158.099046,21.418584],[-158.098994,21.41816],[-158.099106,21.417653],[-158.099508,21.416978],[-158.099729,21.416284],[-158.099828,21.415501],[-158.100414,21.414421],[-158.101298,21.41327],[-158.100187,21.41253],[-158.099945,21.41225],[-158.099993,21.411665],[-158.099922,21.411411],[-158.09976,21.411274],[-158.09918,21.411162],[-158.098429,21.410133],[-158.098687,21.409389],[-158.098708,21.408932],[-158.09851,21.40866],[-158.098368,21.408185],[-158.097966,21.405981],[-158.098347,21.405377],[-158.097869,21.404743],[-158.097775,21.4042],[-158.09788,21.402846],[-158.097987,21.40256],[-158.098084,21.401041],[-158.098859,21.400593],[-158.099483,21.400527],[-158.099922,21.400328],[-158.099927,21.399424],[-158.099546,21.39908],[-158.099009,21.398196],[-158.098939,21.397756],[-158.09858,21.397313],[-158.098301,21.397158],[-158.098098,21.396295],[-158.098216,21.39526],[-158.098124,21.395024],[-158.097547,21.394353],[-158.097333,21.394224],[-158.096972,21.394154],[-158.096612,21.39378],[-158.096687,21.392903],[-158.095727,21.392175],[-158.095449,21.39169],[-158.095443,21.39127],[-158.094867,21.390815],[-158.094482,21.390813],[-158.094007,21.390902],[-158.092737,21.391556],[-158.092375,21.391638],[-158.091868,21.391635],[-158.091273,21.391378],[-158.09095,21.390936],[-158.089688,21.390285],[-158.089142,21.39079],[-158.088798,21.390974],[-158.088403,21.391049],[-158.086808,21.390997],[-158.085412,21.391123],[-158.084507,21.391644],[-158.083016,21.392856],[-158.08144,21.39372],[-158.080909,21.394267],[-158.080346,21.394534],[-158.079408,21.394702],[-158.078973,21.394289],[-158.078743,21.393492],[-158.078071,21.392526],[-158.077398,21.392251],[-158.07678,21.392159],[-158.07624,21.392245],[-158.075079,21.39287],[-158.074117,21.392323],[-158.072768,21.392225],[-158.072288,21.39177],[-158.070553,21.39158],[-158.06863,21.390575],[-158.068051,21.390572],[-158.067954,21.390752],[-158.065254,21.390556],[-158.06439,21.389828],[-158.063041,21.38964],[-158.062464,21.389275],[-158.061891,21.388368],[-158.061506,21.388366],[-158.061218,21.388094],[-158.060261,21.386914],[-158.059201,21.386727],[-158.059107,21.386365],[-158.058531,21.38591],[-158.058343,21.385186],[-158.058355,21.383289],[-158.057969,21.383287],[-158.057587,21.382742],[-158.057699,21.380213],[-158.057413,21.37967],[-158.055972,21.378758],[-158.055975,21.378397],[-158.055317,21.375682],[-158.055447,21.370443],[-158.055736,21.370445],[-158.055837,21.369813],[-158.056128,21.369544],[-158.056038,21.368549],[-158.055076,21.368092],[-158.054693,21.367638],[-158.054308,21.367636],[-158.053638,21.366729],[-158.053061,21.366455],[-158.051912,21.365183],[-158.051924,21.363376],[-158.050487,21.361923],[-158.050197,21.361921],[-158.049622,21.361376],[-158.047614,21.358654],[-158.046168,21.358646],[-158.045786,21.358102],[-158.0454,21.3581],[-158.045024,21.356652],[-158.043971,21.355381],[-158.042629,21.354199],[-158.042339,21.354198],[-158.042246,21.353745],[-158.041862,21.353382],[-158.040612,21.352833],[-158.03975,21.351924],[-158.038501,21.351194],[-158.038341,21.350897],[-158.037286,21.349988],[-158.037191,21.349807],[-158.036709,21.349804],[-158.03623,21.349259],[-158.035652,21.349256],[-158.035272,21.34835],[-158.034792,21.347986],[-158.035088,21.346994],[-158.034705,21.34654],[-158.034416,21.346539],[-158.034423,21.345545],[-158.031548,21.342728],[-158.029625,21.341904],[-158.029143,21.341901],[-158.027896,21.34081],[-158.025775,21.340797],[-158.021911,21.337096],[-158.02066,21.336727],[-158.019319,21.335364],[-158.018452,21.335269],[-158.017495,21.334269],[-158.017497,21.333908],[-158.016342,21.33354],[-158.016251,21.332817],[-158.015481,21.332631],[-158.013367,21.331444],[-158.010289,21.330342],[-158.007589,21.330417],[-158.006918,21.32978],[-158.006628,21.329869],[-158.00672,21.330592],[-158.004401,21.331211],[-158.002859,21.331112],[-158.001705,21.330653],[-158.00093,21.33119],[-157.999967,21.331094],[-157.998519,21.331266],[-157.997263,21.331711],[-157.996783,21.331346],[-157.994954,21.330884],[-157.994375,21.330971],[-157.993221,21.330512],[-157.992359,21.329694],[-157.992265,21.329332],[-157.991879,21.32933],[-157.991596,21.328515],[-157.991599,21.327973],[-157.992278,21.327435],[-157.992379,21.326803],[-157.989791,21.324438],[-157.987778,21.322709],[-157.986876,21.321664],[-157.985477,21.320889],[-157.985188,21.320887],[-157.985092,21.320706],[-157.9849,21.320704],[-157.984708,21.320522],[-157.984515,21.320521],[-157.984324,21.320339],[-157.984131,21.320338],[-157.983939,21.320156],[-157.983746,21.320155],[-157.983555,21.319973],[-157.983362,21.319972],[-157.982016,21.319332],[-157.981248,21.318875],[-157.980959,21.318874],[-157.980863,21.318783],[-157.980285,21.318689],[-157.979324,21.318231],[-157.979035,21.318229],[-157.979036,21.318139],[-157.978554,21.318136],[-157.976775,21.316438],[-157.976464,21.316679],[-157.976053,21.317114],[-157.975918,21.317362],[-157.975647,21.318227],[-157.975371,21.318706],[-157.974501,21.319268],[-157.97305,21.320513],[-157.971387,21.322402],[-157.971187,21.322732],[-157.97084,21.323751],[-157.970546,21.325062],[-157.970499,21.326054],[-157.970676,21.326935],[-157.970829,21.327277],[-157.971352,21.327982],[-157.971846,21.328477],[-157.97201,21.328466],[-157.97305,21.327166],[-157.97315,21.326924],[-157.973074,21.326114],[-157.973221,21.325343],[-157.973585,21.324792],[-157.975248,21.323894],[-157.975936,21.323299],[-157.976177,21.323266],[-157.976941,21.322947],[-157.977382,21.322512],[-157.977658,21.322054],[-157.977969,21.321212],[-157.978193,21.32092],[-157.978592,21.320727],[-157.978833,21.320716],[-157.979086,21.320815],[-157.979315,21.321212],[-157.979415,21.32157],[-157.979221,21.322115],[-157.97901,21.322335],[-157.978475,21.322622],[-157.978058,21.322958],[-157.977041,21.323387],[-157.9769,21.323817],[-157.976483,21.32461],[-157.975989,21.325001],[-157.975578,21.325899],[-157.97509,21.326125],[-157.974302,21.326984],[-157.973121,21.327717],[-157.972874,21.327949],[-157.972539,21.328554],[-157.97214,21.329028],[-157.972363,21.32986],[-157.972398,21.330829],[-157.972516,21.331309],[-157.972604,21.33149],[-157.973139,21.33154],[-157.973216,21.33431],[-157.972581,21.334377],[-157.972628,21.335197],[-157.972769,21.335577],[-157.97294,21.335693],[-157.973428,21.336409],[-157.974233,21.336883],[-157.974374,21.337097],[-157.974398,21.337725],[-157.974268,21.338144],[-157.974486,21.338414],[-157.974562,21.338706],[-157.974844,21.339201],[-157.975174,21.339493],[-157.975603,21.339642],[-157.976102,21.339647],[-157.976261,21.340116],[-157.976396,21.340116],[-157.976579,21.339978],[-157.976585,21.340639],[-157.977319,21.341801],[-157.977308,21.342115],[-157.977531,21.342633],[-157.978272,21.343326],[-157.978789,21.343426],[-157.979318,21.343767],[-157.979242,21.344075],[-157.979448,21.344329],[-157.979324,21.344417],[-157.97933,21.344516],[-157.979518,21.344654],[-157.979771,21.344593],[-157.979894,21.344885],[-157.980083,21.345056],[-157.980212,21.34543],[-157.980529,21.345772],[-157.980953,21.346697],[-157.98157,21.347539],[-157.981682,21.348222],[-157.981852,21.348398],[-157.982517,21.348657],[-157.983193,21.348762],[-157.985191,21.348645],[-157.986949,21.348816],[-157.987836,21.348661],[-157.987836,21.348722],[-157.991263,21.348798],[-157.991275,21.348655],[-157.990917,21.348616],[-157.99104,21.348424],[-157.991845,21.348495],[-157.992198,21.348445],[-157.992298,21.348506],[-157.992921,21.349541],[-157.993268,21.349745],[-157.993221,21.35007],[-157.993086,21.350218],[-157.993292,21.351457],[-157.993227,21.352305],[-157.99308,21.352575],[-157.99351,21.353126],[-157.994145,21.353418],[-157.994609,21.353555],[-157.996326,21.353654],[-157.996478,21.353709],[-157.996408,21.353747],[-157.996461,21.353836],[-158.000764,21.352012],[-158.000722,21.351852],[-158.000822,21.351786],[-158.001263,21.351747],[-158.002392,21.352083],[-158.00338,21.352986],[-158.003891,21.353217],[-158.00442,21.353321],[-158.004632,21.353525],[-158.004844,21.354021],[-158.005249,21.354197],[-158.005785,21.354588],[-158.005937,21.354648],[-158.006349,21.354637],[-158.006801,21.354499],[-158.007348,21.354725],[-158.007542,21.354967],[-158.007548,21.355248],[-158.007895,21.355474],[-158.007325,21.355623],[-158.00706,21.355408],[-158.006925,21.35543],[-158.007119,21.355656],[-158.007096,21.356206],[-158.007555,21.356702],[-158.008342,21.356933],[-158.008478,21.3569],[-158.008572,21.356839],[-158.008607,21.35658],[-158.008877,21.356465],[-158.008995,21.356233],[-158.008995,21.356035],[-158.009383,21.355622],[-158.009582,21.355512],[-158.010323,21.355544],[-158.012428,21.356006],[-158.012769,21.356194],[-158.013333,21.35681],[-158.014127,21.357504],[-158.01451,21.357718],[-158.014868,21.357812],[-158.015397,21.357718],[-158.016449,21.356903],[-158.016608,21.35682],[-158.016861,21.356809],[-158.017419,21.356891],[-158.018389,21.357277],[-158.018848,21.357282],[-158.020136,21.357942],[-158.020447,21.358069],[-158.021206,21.358206],[-158.021753,21.358542],[-158.02207,21.359153],[-158.022176,21.35966],[-158.02237,21.359757],[-158.022575,21.360027],[-158.023069,21.361167],[-158.02311,21.361751],[-158.022992,21.362191],[-158.023345,21.362164],[-158.02315,21.362665],[-158.022756,21.363161],[-158.022256,21.363403],[-158.021131,21.363532],[-158.021002,21.363647],[-158.021067,21.363741],[-158.021267,21.363807],[-158.021237,21.364022],[-158.021296,21.364127],[-158.02169,21.364396],[-158.021737,21.36455],[-158.021461,21.365107],[-158.021208,21.365327],[-158.020509,21.365437],[-158.019756,21.365812],[-158.019503,21.365812],[-158.01811,21.365201],[-158.016911,21.365235],[-158.016675,21.365433],[-158.016233,21.365542],[-158.017086,21.365868],[-158.017818,21.366303],[-158.018979,21.366826],[-158.019896,21.367147],[-158.021481,21.36839],[-158.022336,21.368883],[-158.023986,21.371734],[-158.024251,21.3734],[-158.026114,21.374358],[-158.02841,21.374629],[-158.030821,21.375907],[-158.031489,21.376359],[-158.033323,21.376009],[-158.033418,21.376371],[-158.033706,21.376463],[-158.034563,21.378184],[-158.034552,21.37981],[-158.035031,21.380445],[-158.035028,21.380807],[-158.036279,21.381266],[-158.036565,21.381809],[-158.037429,21.382447],[-158.037713,21.383171],[-158.0378,21.384707],[-158.038759,21.385616],[-158.039712,21.387248],[-158.040091,21.388425],[-158.040079,21.390231],[-158.039785,21.390862],[-158.039768,21.393572],[-158.040236,21.395653],[-158.040429,21.395744],[-158.040234,21.396014],[-158.040211,21.399538],[-158.040691,21.399902],[-158.040968,21.4018],[-158.041254,21.402254],[-158.041149,21.403608],[-158.041531,21.404243],[-158.041714,21.40578],[-158.043631,21.407688],[-158.044394,21.408957],[-158.044874,21.409411],[-158.045163,21.409413],[-158.044674,21.410494],[-158.044656,21.413295],[-158.04504,21.413568],[-158.045228,21.414292],[-158.046567,21.416016],[-158.047334,21.416833],[-158.047623,21.416835],[-158.048294,21.417562],[-158.048679,21.417654],[-158.04973,21.419377],[-158.050307,21.419651],[-158.051464,21.419748],[-158.051752,21.420021],[-158.052906,21.420479],[-158.053194,21.420842],[-158.054639,21.421121],[-158.056067,21.424111],[-158.057312,21.425563],[-158.057693,21.426379],[-158.057592,21.427101],[-158.057107,21.427369],[-158.057196,21.428634],[-158.058735,21.429366],[-158.059117,21.430001],[-158.059886,21.430366],[-158.060944,21.431005],[-158.061715,21.4311],[-158.06229,21.431645],[-158.064219,21.431837],[-158.064218,21.432017],[-158.064795,21.432292],[-158.065654,21.433742],[-158.06604,21.433744],[-158.066132,21.434468],[-158.066805,21.434833],[-158.067186,21.435648],[-158.067476,21.43565],[-158.067762,21.436194],[-158.068339,21.436468],[-158.069014,21.436472],[-158.070072,21.43711],[-158.070651,21.437114],[-158.070937,21.437567],[-158.072386,21.437304],[-158.072385,21.437485],[-158.07306,21.437579],[-158.073642,21.43704],[-158.076923,21.437059],[-158.077307,21.437422],[-158.079719,21.437526],[-158.080007,21.437709],[-158.082954,21.437521],[-158.083949,21.437561],[-158.085611,21.437943],[-158.08618,21.438195],[-158.087268,21.439138],[-158.088881,21.438605],[-158.089424,21.438574],[-158.090515,21.437835],[-158.092546,21.4371],[-158.093039,21.436788]]]]},"properties":{}},{"type":"Feature","id":512,"geometry":{"type":"MultiPolygon","coordinates":[[[[-157.880347,21.492116],[-157.883567,21.492196],[-157.884779,21.492391],[-157.885286,21.492327],[-157.88603,21.492044],[-157.88726,21.49212],[-157.888055,21.492189],[-157.888558,21.492789],[-157.88997,21.492747],[-157.891334,21.492572],[-157.891746,21.492454],[-157.892782,21.492582],[-157.892791,21.491407],[-157.89299,21.490701],[-157.892943,21.489718],[-157.892657,21.489225],[-157.89219,21.488782],[-157.891976,21.488441],[-157.892179,21.487884],[-157.892416,21.487682],[-157.892382,21.487326],[-157.891771,21.485799],[-157.89131,21.48554],[-157.891003,21.485252],[-157.890902,21.484437],[-157.890626,21.484075],[-157.890474,21.48357],[-157.890732,21.482902],[-157.891171,21.482406],[-157.891414,21.482003],[-157.891033,21.481524],[-157.890891,21.481167],[-157.890746,21.481004],[-157.890669,21.479303],[-157.890549,21.478455],[-157.890334,21.478166],[-157.889997,21.477928],[-157.889312,21.47699],[-157.889332,21.476668],[-157.889528,21.476118],[-157.890266,21.475269],[-157.89027,21.47476],[-157.890517,21.472963],[-157.890666,21.472629],[-157.891005,21.472243],[-157.890479,21.471018],[-157.890244,21.470793],[-157.89025,21.46998],[-157.889983,21.469609],[-157.889586,21.46853],[-157.888911,21.468435],[-157.887958,21.467038],[-157.888056,21.466039],[-157.88787,21.465718],[-157.887876,21.464995],[-157.887493,21.464541],[-157.887499,21.463728],[-157.885867,21.462633],[-157.88595,21.462078],[-157.884324,21.461754],[-157.883461,21.461804],[-157.882787,21.461528],[-157.882502,21.460894],[-157.88227,21.46069],[-157.881925,21.460619],[-157.881365,21.460693],[-157.880574,21.46061],[-157.879193,21.46072],[-157.878258,21.460685],[-157.877194,21.460949],[-157.87695,21.460671],[-157.876233,21.460491],[-157.876228,21.461123],[-157.875674,21.461865],[-157.87534,21.462913],[-157.874827,21.46374],[-157.874027,21.464277],[-157.873516,21.4649],[-157.872862,21.4652],[-157.871425,21.466122],[-157.869846,21.466789],[-157.868751,21.467035],[-157.867957,21.467725],[-157.866959,21.46804],[-157.866667,21.468343],[-157.86623,21.468553],[-157.865362,21.468547],[-157.864592,21.468271],[-157.863789,21.468442],[-157.863434,21.468263],[-157.862566,21.468167],[-157.862214,21.468499],[-157.861884,21.468975],[-157.861789,21.469732],[-157.86149,21.470057],[-157.862062,21.470874],[-157.862119,21.471479],[-157.862053,21.472048],[-157.861663,21.472587],[-157.861418,21.473135],[-157.861361,21.473507],[-157.861052,21.473674],[-157.860546,21.47362],[-157.859821,21.473659],[-157.859534,21.473393],[-157.858282,21.473016],[-157.857839,21.472619],[-157.857224,21.472557],[-157.856843,21.472764],[-157.856733,21.472967],[-157.85639,21.472812],[-157.855968,21.472729],[-157.855337,21.473245],[-157.853544,21.474158],[-157.853298,21.474773],[-157.853244,21.475421],[-157.848971,21.475048],[-157.847208,21.476103],[-157.846101,21.476502],[-157.845176,21.476665],[-157.844643,21.476897],[-157.844353,21.476895],[-157.844161,21.476803],[-157.843779,21.476349],[-157.843202,21.475984],[-157.842742,21.475581],[-157.84253,21.475527],[-157.84223,21.475213],[-157.841912,21.47676],[-157.841835,21.477663],[-157.841529,21.478561],[-157.841565,21.479623],[-157.841471,21.480488],[-157.841818,21.481534],[-157.841882,21.48198],[-157.841894,21.482283],[-157.841718,21.483181],[-157.842018,21.483743],[-157.842306,21.484134],[-157.842559,21.484343],[-157.842724,21.484095],[-157.843141,21.484414],[-157.843241,21.484398],[-157.843471,21.484106],[-157.843671,21.484018],[-157.84443,21.484051],[-157.844836,21.483946],[-157.845107,21.484001],[-157.845308,21.484175],[-157.845844,21.483681],[-157.845942,21.483501],[-157.846046,21.482598],[-157.84624,21.482419],[-157.846723,21.482422],[-157.847193,21.482556],[-157.847681,21.482593],[-157.848941,21.482618],[-157.849133,21.4828],[-157.849806,21.483076],[-157.849707,21.483346],[-157.849995,21.483529],[-157.850384,21.48326],[-157.851156,21.483266],[-157.852699,21.483457],[-157.853082,21.483821],[-157.853081,21.483911],[-157.853371,21.483913],[-157.853857,21.483375],[-157.854728,21.48311],[-157.854923,21.48284],[-157.855695,21.482845],[-157.855887,21.483027],[-157.856757,21.482853],[-157.857623,21.48322],[-157.858589,21.483136],[-157.860137,21.48201],[-157.86053,21.482639],[-157.860806,21.483513],[-157.861477,21.484059],[-157.863116,21.484341],[-157.863501,21.484642],[-157.86478,21.485294],[-157.865325,21.485712],[-157.865806,21.485896],[-157.866387,21.485719],[-157.868121,21.486092],[-157.869589,21.485953],[-157.870148,21.486106],[-157.87078,21.486393],[-157.871375,21.486787],[-157.872644,21.487839],[-157.872865,21.488271],[-157.873508,21.488477],[-157.873946,21.488905],[-157.87481,21.489504],[-157.875437,21.490338],[-157.875817,21.490408],[-157.877096,21.49123],[-157.878523,21.491494],[-157.879756,21.491862],[-157.880347,21.492116]]]]},"properties":{}},{"type":"Feature","id":522,"geometry":{"type":"MultiPolygon","coordinates":[[[[-157.872889,21.440479],[-157.873507,21.440195],[-157.875615,21.43899],[-157.87578,21.438703],[-157.877179,21.437731],[-157.878449,21.437433],[-157.879101,21.437353],[-157.879555,21.437085],[-157.879792,21.436755],[-157.88018,21.436487],[-157.880917,21.4364],[-157.881462,21.436166],[-157.882222,21.436053],[-157.883371,21.435605],[-157.883527,21.435824],[-157.883946,21.43606],[-157.884719,21.436002],[-157.885247,21.435582],[-157.885851,21.434739],[-157.886069,21.434622],[-157.88721,21.434477],[-157.88752,21.434132],[-157.887686,21.433675],[-157.888686,21.433021],[-157.888996,21.432702],[-157.889382,21.431959],[-157.889771,21.431401],[-157.890385,21.430898],[-157.890569,21.430425],[-157.890572,21.430104],[-157.890089,21.429355],[-157.890002,21.42888],[-157.889823,21.428676],[-157.889808,21.428269],[-157.889937,21.427965],[-157.890354,21.427782],[-157.891312,21.427856],[-157.891567,21.42762],[-157.892213,21.427443],[-157.89334,21.427598],[-157.893773,21.427821],[-157.894702,21.426997],[-157.896414,21.426928],[-157.897722,21.426552],[-157.898723,21.425712],[-157.899759,21.424692],[-157.901972,21.424242],[-157.902154,21.424142],[-157.902177,21.423895],[-157.902663,21.423446],[-157.902938,21.4233],[-157.90359,21.42322],[-157.904243,21.42297],[-157.904985,21.422558],[-157.905932,21.422151],[-157.906644,21.421258],[-157.907022,21.421126],[-157.90787,21.421808],[-157.909389,21.421868],[-157.910436,21.422214],[-157.91126,21.422147],[-157.912351,21.422498],[-157.913617,21.422607],[-157.913832,21.422846],[-157.913757,21.423699],[-157.914042,21.424243],[-157.914292,21.424204],[-157.915005,21.42443],[-157.91534,21.424363],[-157.916281,21.42442],[-157.917513,21.424537],[-157.917744,21.424633],[-157.918054,21.42433],[-157.918525,21.424214],[-157.918923,21.424268],[-157.919648,21.424018],[-157.920262,21.424243],[-157.922045,21.425304],[-157.923237,21.425583],[-157.927037,21.425455],[-157.927637,21.425505],[-157.928504,21.425691],[-157.928886,21.426236],[-157.929508,21.426436],[-157.933026,21.425341],[-157.933913,21.424913],[-157.936505,21.424482],[-157.937198,21.424211],[-157.937721,21.423931],[-157.938265,21.423405],[-157.940756,21.422053],[-157.94166,21.420987],[-157.943304,21.420365],[-157.944896,21.419894],[-157.945895,21.419358],[-157.946498,21.41894],[-157.94747,21.418042],[-157.948535,21.417507],[-157.950326,21.416981],[-157.951051,21.416348],[-157.952304,21.416627],[-157.953365,21.416544],[-157.95414,21.416187],[-157.954822,21.415288],[-157.955497,21.415292],[-157.955789,21.414933],[-157.956754,21.414939],[-157.95733,21.415304],[-157.958778,21.415222],[-157.958976,21.41441],[-157.959749,21.414235],[-157.960041,21.413875],[-157.960717,21.413789],[-157.960719,21.413518],[-157.961106,21.41334],[-157.961303,21.412889],[-157.961881,21.412893],[-157.962076,21.412623],[-157.962366,21.412625],[-157.963341,21.411095],[-157.964981,21.411195],[-157.965843,21.412014],[-157.966615,21.412019],[-157.968259,21.411487],[-157.96865,21.410766],[-157.968762,21.408509],[-157.969247,21.40806],[-157.969251,21.407608],[-157.969449,21.406796],[-157.969838,21.406437],[-157.970549,21.401292],[-157.970461,21.400117],[-157.970079,21.399483],[-157.969904,21.396952],[-157.970399,21.395239],[-157.970414,21.39298],[-157.971002,21.391719],[-157.971298,21.390818],[-157.970624,21.390633],[-157.970338,21.39018],[-157.97016,21.388011],[-157.969051,21.38684],[-157.968299,21.387165],[-157.967828,21.387215],[-157.967528,21.386961],[-157.966993,21.386284],[-157.96667,21.386295],[-157.966435,21.38673],[-157.966153,21.387039],[-157.965764,21.386939],[-157.965412,21.387011],[-157.9649,21.386951],[-157.964224,21.387209],[-157.963348,21.387397],[-157.963036,21.387666],[-157.963042,21.388327],[-157.962966,21.38847],[-157.962777,21.387589],[-157.962383,21.387408],[-157.962072,21.387353],[-157.961578,21.387419],[-157.961413,21.387986],[-157.961354,21.388002],[-157.961025,21.38787],[-157.961019,21.387661],[-157.960813,21.387375],[-157.960613,21.387666],[-157.960402,21.387551],[-157.958985,21.387149],[-157.958473,21.386791],[-157.957521,21.385673],[-157.956827,21.38515],[-157.956039,21.384748],[-157.954934,21.384346],[-157.953164,21.383305],[-157.952852,21.382963],[-157.952417,21.383046],[-157.952023,21.382886],[-157.951647,21.382886],[-157.951623,21.383057],[-157.951706,21.383228],[-157.951647,21.383294],[-157.9509,21.382506],[-157.950671,21.382352],[-157.950395,21.38228],[-157.949771,21.382269],[-157.948772,21.382704],[-157.948072,21.382583],[-157.947872,21.382495],[-157.947629,21.382255],[-157.946884,21.383184],[-157.946161,21.38489],[-157.94533,21.386359],[-157.94518,21.387584],[-157.944601,21.387581],[-157.943643,21.386761],[-157.941717,21.386298],[-157.940172,21.386468],[-157.94016,21.388185],[-157.940639,21.388549],[-157.940733,21.388911],[-157.940147,21.389901],[-157.939749,21.391615],[-157.938487,21.392691],[-157.938288,21.393593],[-157.937518,21.393407],[-157.935489,21.393756],[-157.935391,21.394026],[-157.934715,21.394112],[-157.934616,21.394473],[-157.93365,21.394647],[-157.93326,21.395187],[-157.932294,21.395452],[-157.931808,21.3959],[-157.931375,21.396094],[-157.93113,21.396348],[-157.929419,21.396556],[-157.92842,21.397505],[-157.927842,21.397411],[-157.92726,21.397859],[-157.924751,21.397933],[-157.923867,21.39879],[-157.923491,21.398738],[-157.921561,21.398906],[-157.920791,21.39863],[-157.91973,21.398623],[-157.91915,21.3988],[-157.917413,21.398879],[-157.915961,21.399502],[-157.915287,21.399408],[-157.913255,21.400208],[-157.912193,21.400291],[-157.911809,21.400448],[-157.91113,21.400555],[-157.910322,21.401014],[-157.909773,21.40154],[-157.909483,21.401924],[-157.908034,21.402219],[-157.907524,21.40269],[-157.906688,21.403244],[-157.906141,21.403714],[-157.905019,21.403877],[-157.90377,21.404482],[-157.903293,21.404814],[-157.902715,21.40481],[-157.901879,21.40533],[-157.901539,21.406094],[-157.900931,21.406306],[-157.900474,21.406629],[-157.89941,21.406567],[-157.899262,21.406939],[-157.899185,21.407531],[-157.898372,21.407441],[-157.896946,21.407617],[-157.896583,21.407717],[-157.896347,21.407935],[-157.896021,21.407967],[-157.895566,21.408354],[-157.89484,21.408603],[-157.894023,21.409072],[-157.893531,21.409509],[-157.892915,21.409708],[-157.892623,21.409943],[-157.892494,21.410264],[-157.891986,21.410447],[-157.89104,21.411254],[-157.890116,21.411258],[-157.889316,21.411971],[-157.888735,21.412289],[-157.888274,21.41242],[-157.88794,21.412165],[-157.887215,21.412233],[-157.88609,21.412746],[-157.885366,21.412859],[-157.883545,21.41275],[-157.882582,21.412473],[-157.881903,21.41292],[-157.881363,21.413527],[-157.880128,21.414129],[-157.878987,21.414307],[-157.878613,21.414253],[-157.877846,21.414503],[-157.877626,21.414908],[-157.877262,21.415278],[-157.87639,21.415696],[-157.876207,21.415932],[-157.874508,21.415785],[-157.873876,21.415576],[-157.872969,21.416029],[-157.871483,21.416307],[-157.870361,21.416434],[-157.869384,21.416428],[-157.86913,21.416494],[-157.868929,21.41673],[-157.868891,21.417051],[-157.868397,21.417742],[-157.866808,21.418781],[-157.866033,21.419386],[-157.864909,21.419633],[-157.864389,21.419668],[-157.864003,21.419898],[-157.862045,21.420342],[-157.861538,21.420508],[-157.861029,21.420775],[-157.860665,21.421061],[-157.858817,21.421438],[-157.858296,21.421614],[-157.857818,21.421956],[-157.85716,21.422849],[-157.857049,21.423153],[-157.856903,21.423322],[-157.855483,21.423582],[-157.854709,21.423984],[-157.852971,21.424016],[-157.852373,21.424273],[-157.852191,21.424441],[-157.851702,21.424472],[-157.850939,21.424856],[-157.849942,21.42512],[-157.849777,21.425259],[-157.849582,21.425529],[-157.850547,21.426369],[-157.852274,21.426812],[-157.852986,21.426827],[-157.853657,21.426645],[-157.854036,21.426774],[-157.854779,21.427281],[-157.856363,21.42757],[-157.856896,21.427928],[-157.857662,21.428036],[-157.858095,21.428166],[-157.858436,21.42839],[-157.858823,21.428302],[-157.85891,21.429568],[-157.859113,21.429909],[-157.859388,21.430113],[-157.860158,21.430299],[-157.860152,21.431203],[-157.860528,21.431748],[-157.860833,21.432004],[-157.861284,21.432227],[-157.861426,21.43255],[-157.862055,21.433147],[-157.862495,21.434632],[-157.863212,21.434656],[-157.863596,21.434839],[-157.863629,21.435436],[-157.863952,21.435709],[-157.864167,21.43605],[-157.864839,21.436383],[-157.865665,21.436568],[-157.866186,21.436844],[-157.866512,21.436946],[-157.867307,21.437036],[-157.867323,21.437308],[-157.867821,21.437578],[-157.868135,21.437601],[-157.868974,21.438128],[-157.869594,21.43839],[-157.869935,21.438765],[-157.870222,21.438949],[-157.870856,21.439093],[-157.871184,21.439408],[-157.871974,21.439507],[-157.872477,21.439951],[-157.872889,21.440479]]]]},"properties":{}},{"type":"Feature","id":524,"geometry":{"type":"MultiPolygon","coordinates":[[[[-157.786008,21.413155],[-157.785927,21.41313],[-157.787144,21.414347],[-157.787049,21.415432],[-157.787249,21.415735],[-157.787219,21.416032],[-157.787443,21.41671],[-157.787448,21.417167],[-157.787636,21.417668],[-157.788142,21.417966],[-157.788589,21.417955],[-157.78913,21.417817],[-157.789859,21.417845],[-157.789994,21.417911],[-157.790071,21.41806],[-157.79083,21.4179],[-157.791465,21.417851],[-157.791276,21.418016],[-157.790483,21.418132],[-157.7905,21.418258],[-157.791082,21.418198],[-157.791229,21.418611],[-157.791023,21.418721],[-157.791006,21.418859],[-157.790635,21.41893],[-157.790377,21.418368],[-157.790312,21.418352],[-157.790306,21.41817],[-157.789947,21.418241],[-157.789965,21.418313],[-157.790218,21.418341],[-157.790488,21.418991],[-157.790606,21.419051],[-157.790112,21.419211],[-157.789971,21.419013],[-157.790018,21.418638],[-157.789924,21.418638],[-157.789841,21.419123],[-157.789988,21.419244],[-157.789947,21.419392],[-157.790564,21.419591],[-157.790517,21.419965],[-157.789923,21.420417],[-157.789417,21.420444],[-157.789394,21.420769],[-157.789288,21.420995],[-157.788758,21.421386],[-157.788641,21.421556],[-157.788617,21.422421],[-157.788528,21.422641],[-157.788358,21.422696],[-157.788123,21.422503],[-157.788034,21.422509],[-157.788111,21.423318],[-157.78841,21.424381],[-157.788839,21.424783],[-157.789133,21.424855],[-157.789439,21.424828],[-157.791368,21.424211],[-157.791498,21.42441],[-157.791345,21.424613],[-157.791686,21.424999],[-157.791686,21.425621],[-157.791627,21.425874],[-157.791497,21.426029],[-157.791515,21.426634],[-157.791303,21.42702],[-157.791167,21.427736],[-157.791591,21.42838],[-157.792179,21.428727],[-157.791737,21.429641],[-157.791919,21.429795],[-157.792055,21.429669],[-157.791949,21.429581],[-157.792349,21.428755],[-157.792741,21.428774],[-157.792828,21.428381],[-157.793023,21.428202],[-157.792945,21.425943],[-157.793043,21.425763],[-157.79314,21.424554],[-157.793214,21.424368],[-157.793161,21.424232],[-157.793349,21.423687],[-157.793277,21.423335],[-157.793463,21.422608],[-157.79365,21.422334],[-157.794387,21.422428],[-157.796379,21.422206],[-157.796834,21.422267],[-157.799247,21.422103],[-157.800509,21.421209],[-157.801292,21.41986],[-157.801967,21.419864],[-157.802065,21.419684],[-157.80303,21.419601],[-157.803032,21.41942],[-157.803515,21.419333],[-157.804586,21.418076],[-157.804876,21.418078],[-157.80546,21.41745],[-157.805758,21.416368],[-157.806245,21.41583],[-157.807597,21.415568],[-157.808668,21.414402],[-157.809924,21.41423],[-157.810897,21.413153],[-157.81331,21.41308],[-157.813984,21.413175],[-157.814271,21.413448],[-157.815145,21.412731],[-157.815344,21.41201],[-157.816213,21.411926],[-157.816601,21.411658],[-157.817951,21.411757],[-157.818534,21.41122],[-157.819626,21.410675],[-157.820154,21.410273],[-157.820862,21.410007],[-157.821543,21.408892],[-157.821846,21.407178],[-157.822625,21.40637],[-157.822739,21.404113],[-157.823139,21.402399],[-157.822235,21.401157],[-157.821501,21.402116],[-157.820339,21.40265],[-157.819364,21.402797],[-157.818793,21.403001],[-157.818078,21.403076],[-157.816565,21.404159],[-157.815502,21.404332],[-157.815015,21.404961],[-157.812697,21.405306],[-157.811824,21.405932],[-157.810473,21.405923],[-157.81009,21.405649],[-157.809049,21.405722],[-157.808905,21.407838],[-157.808247,21.408664],[-157.808229,21.409069],[-157.807645,21.409697],[-157.806873,21.409782],[-157.806569,21.410464],[-157.806671,21.410864],[-157.806452,21.411446],[-157.806083,21.411944],[-157.805783,21.413297],[-157.804805,21.414916],[-157.803742,21.415089],[-157.80258,21.415713],[-157.800168,21.415696],[-157.80017,21.415515],[-157.798632,21.414782],[-157.798633,21.414601],[-157.797577,21.414051],[-157.79729,21.413688],[-157.796326,21.413681],[-157.795452,21.414307],[-157.795352,21.414758],[-157.793807,21.414928],[-157.793713,21.414656],[-157.792845,21.414559],[-157.792081,21.41365],[-157.791119,21.413372],[-157.790734,21.413189],[-157.790256,21.412734],[-157.78929,21.412817],[-157.788617,21.412541],[-157.788619,21.412361],[-157.787848,21.412265],[-157.787847,21.412355],[-157.786396,21.412796],[-157.786008,21.413155]]]]},"properties":{}},{"type":"Feature","id":526,"geometry":{"type":"MultiPolygon","coordinates":[[[[-157.849582,21.425529],[-157.849942,21.42512],[-157.850939,21.424856],[-157.851702,21.424472],[-157.852191,21.424441],[-157.852373,21.424273],[-157.852971,21.424016],[-157.854709,21.423984],[-157.855483,21.423582],[-157.856903,21.423322],[-157.857049,21.423153],[-157.85716,21.422849],[-157.857818,21.421956],[-157.858296,21.421614],[-157.858817,21.421438],[-157.860665,21.421061],[-157.861029,21.420775],[-157.861538,21.420508],[-157.862045,21.420342],[-157.864003,21.419898],[-157.864389,21.419668],[-157.864909,21.419633],[-157.866033,21.419386],[-157.866808,21.418781],[-157.868397,21.417742],[-157.868891,21.417051],[-157.868929,21.41673],[-157.86913,21.416494],[-157.869384,21.416428],[-157.870361,21.416434],[-157.871483,21.416307],[-157.872969,21.416029],[-157.873876,21.415576],[-157.874508,21.415785],[-157.876207,21.415932],[-157.87639,21.415696],[-157.877262,21.415278],[-157.877626,21.414908],[-157.877846,21.414503],[-157.878613,21.414253],[-157.878987,21.414307],[-157.880128,21.414129],[-157.881363,21.413527],[-157.881903,21.41292],[-157.882582,21.412473],[-157.883545,21.41275],[-157.885366,21.412859],[-157.88609,21.412746],[-157.887215,21.412233],[-157.88794,21.412165],[-157.888274,21.41242],[-157.888735,21.412289],[-157.889316,21.411971],[-157.890116,21.411258],[-157.89104,21.411254],[-157.891986,21.410447],[-157.892494,21.410264],[-157.892623,21.409943],[-157.892915,21.409708],[-157.893531,21.409509],[-157.894023,21.409072],[-157.89484,21.408603],[-157.895566,21.408354],[-157.896021,21.407967],[-157.896347,21.407935],[-157.896583,21.407717],[-157.896946,21.407617],[-157.898372,21.407441],[-157.899185,21.407531],[-157.899262,21.406939],[-157.89941,21.406567],[-157.900474,21.406629],[-157.900931,21.406306],[-157.901539,21.406094],[-157.901879,21.40533],[-157.902715,21.40481],[-157.903293,21.404814],[-157.90377,21.404482],[-157.905019,21.403877],[-157.906141,21.403714],[-157.906688,21.403244],[-157.907524,21.40269],[-157.908034,21.402219],[-157.909483,21.401924],[-157.909773,21.40154],[-157.910322,21.401014],[-157.91113,21.400555],[-157.911809,21.400448],[-157.912193,21.400291],[-157.913255,21.400208],[-157.915287,21.399408],[-157.915961,21.399502],[-157.917413,21.398879],[-157.91915,21.3988],[-157.91973,21.398623],[-157.920791,21.39863],[-157.921561,21.398906],[-157.923491,21.398738],[-157.923867,21.39879],[-157.924751,21.397933],[-157.92726,21.397859],[-157.927842,21.397411],[-157.92842,21.397505],[-157.929419,21.396556],[-157.93113,21.396348],[-157.931375,21.396094],[-157.931808,21.3959],[-157.932294,21.395452],[-157.93326,21.395187],[-157.93365,21.394647],[-157.934616,21.394473],[-157.934715,21.394112],[-157.935391,21.394026],[-157.935489,21.393756],[-157.937518,21.393407],[-157.938288,21.393593],[-157.938487,21.392691],[-157.939749,21.391615],[-157.940147,21.389901],[-157.940733,21.388911],[-157.940639,21.388549],[-157.94016,21.388185],[-157.940172,21.386468],[-157.941717,21.386298],[-157.943643,21.386761],[-157.944601,21.387581],[-157.94518,21.387584],[-157.94533,21.386359],[-157.946161,21.38489],[-157.946884,21.383184],[-157.947629,21.382255],[-157.947502,21.38217],[-157.947237,21.382181],[-157.947096,21.382109],[-157.946267,21.381316],[-157.945903,21.381124],[-157.944915,21.380319],[-157.943457,21.379862],[-157.942728,21.379212],[-157.942551,21.379201],[-157.942381,21.379427],[-157.94224,21.379394],[-157.942457,21.378893],[-157.942299,21.378127],[-157.942834,21.376949],[-157.942834,21.376597],[-157.94254,21.376178],[-157.942217,21.375925],[-157.940794,21.375104],[-157.940606,21.375093],[-157.940024,21.376034],[-157.939612,21.376221],[-157.9392,21.376519],[-157.937866,21.376805],[-157.937219,21.377361],[-157.936878,21.37746],[-157.93639,21.377396],[-157.936371,21.378585],[-157.936081,21.378673],[-157.935981,21.379124],[-157.935691,21.379303],[-157.935685,21.380026],[-157.935589,21.380025],[-157.934807,21.381466],[-157.934794,21.383272],[-157.934022,21.383267],[-157.932564,21.384794],[-157.931986,21.3847],[-157.931403,21.385238],[-157.931109,21.385959],[-157.92985,21.386673],[-157.929847,21.387035],[-157.92936,21.387664],[-157.928586,21.38793],[-157.928101,21.388378],[-157.927135,21.388553],[-157.926069,21.389269],[-157.926067,21.38954],[-157.925587,21.389175],[-157.924913,21.389081],[-157.923075,21.389791],[-157.922979,21.38961],[-157.922401,21.389606],[-157.922107,21.390146],[-157.921431,21.390323],[-157.920945,21.390862],[-157.919496,21.391033],[-157.918624,21.39166],[-157.917744,21.39319],[-157.916973,21.393185],[-157.916295,21.393452],[-157.914549,21.394795],[-157.909332,21.395936],[-157.90933,21.396117],[-157.908556,21.396473],[-157.908554,21.396744],[-157.906709,21.398449],[-157.906321,21.398717],[-157.905163,21.39871],[-157.90332,21.400143],[-157.901098,21.40058],[-157.899935,21.401295],[-157.89897,21.401289],[-157.897809,21.401733],[-157.896167,21.401993],[-157.895271,21.401873],[-157.894873,21.401904],[-157.893547,21.402573],[-157.891662,21.40317],[-157.891226,21.403421],[-157.890575,21.403383],[-157.889199,21.403492],[-157.887664,21.403834],[-157.886897,21.404155],[-157.885927,21.403913],[-157.885469,21.404027],[-157.884833,21.404412],[-157.884522,21.404884],[-157.884267,21.40512],[-157.8836,21.405433],[-157.883115,21.405791],[-157.882536,21.405787],[-157.88138,21.40595],[-157.880003,21.40628],[-157.879458,21.406564],[-157.878894,21.407069],[-157.878095,21.407402],[-157.877422,21.407889],[-157.875845,21.408319],[-157.875393,21.408316],[-157.87445,21.408682],[-157.873979,21.408747],[-157.873452,21.409099],[-157.872963,21.409197],[-157.871769,21.409206],[-157.87126,21.409507],[-157.87044,21.410298],[-157.870059,21.41038],[-157.869732,21.410564],[-157.869368,21.410968],[-157.869202,21.411323],[-157.867507,21.413005],[-157.867052,21.413341],[-157.866653,21.41344],[-157.86468,21.413647],[-157.86426,21.414084],[-157.862497,21.415275],[-157.861337,21.415555],[-157.860739,21.415619],[-157.860379,21.415464],[-157.859801,21.415358],[-157.857447,21.415579],[-157.857089,21.415553],[-157.856614,21.415794],[-157.85593,21.415726],[-157.855237,21.416089],[-157.854672,21.416259],[-157.854328,21.416574],[-157.853838,21.416876],[-157.853311,21.417092],[-157.852967,21.417175],[-157.852226,21.417136],[-157.851755,21.417217],[-157.850882,21.417719],[-157.849775,21.418186],[-157.849138,21.418673],[-157.848766,21.418838],[-157.848265,21.41926],[-157.84821,21.419412],[-157.847796,21.419554],[-157.847356,21.419846],[-157.846728,21.42045],[-157.846011,21.42065],[-157.845669,21.420172],[-157.844948,21.420143],[-157.84428,21.42002],[-157.843836,21.420069],[-157.843355,21.420301],[-157.843141,21.420492],[-157.843553,21.420909],[-157.844021,21.421251],[-157.844498,21.42179],[-157.846234,21.42274],[-157.846707,21.42307],[-157.847297,21.423273],[-157.84786,21.42371],[-157.848269,21.423889],[-157.848375,21.424263],[-157.848734,21.424672],[-157.849102,21.425255],[-157.849253,21.425403],[-157.849582,21.425529]]]]},"properties":{}},{"type":"Feature","id":527,"geometry":{"type":"MultiPolygon","coordinates":[[[[-158.176925,21.402219],[-158.176861,21.401685],[-158.176731,21.401464],[-158.176014,21.400869],[-158.175285,21.400429],[-158.174973,21.400054],[-158.174079,21.399707],[-158.173462,21.399288],[-158.173109,21.398991],[-158.172498,21.398137],[-158.172221,21.398087],[-158.171833,21.39817],[-158.17121,21.397916],[-158.170393,21.397845],[-158.170034,21.397646],[-158.169628,21.39769],[-158.16944,21.397574],[-158.169246,21.397618],[-158.168934,21.3972],[-158.168811,21.39715],[-158.168329,21.3972],[-158.167529,21.397442],[-158.167,21.397161],[-158.1666,21.397172],[-158.166335,21.396775],[-158.165312,21.396472],[-158.164336,21.396284],[-158.162743,21.395667],[-158.162496,21.395507],[-158.160897,21.394284],[-158.160185,21.393606],[-158.15928,21.393254],[-158.159097,21.393121],[-158.158386,21.392449],[-158.157551,21.391865],[-158.157246,21.39154],[-158.156287,21.390774],[-158.155617,21.390053],[-158.155223,21.389777],[-158.153201,21.387981],[-158.152443,21.387237],[-158.152055,21.386741],[-158.150715,21.385579],[-158.149786,21.384598],[-158.148158,21.383226],[-158.147258,21.381991],[-158.147008,21.382136],[-158.145165,21.383844],[-158.14497,21.384204],[-158.144966,21.384837],[-158.144289,21.385285],[-158.144285,21.385827],[-158.144092,21.385917],[-158.143928,21.387651],[-158.143745,21.387921],[-158.142892,21.388459],[-158.13806,21.392026],[-158.136314,21.393754],[-158.135967,21.39426],[-158.135067,21.395087],[-158.133726,21.397027],[-158.133396,21.397805],[-158.132988,21.399429],[-158.132255,21.401017],[-158.132051,21.401999],[-158.130327,21.402905],[-158.129127,21.404],[-158.128546,21.404335],[-158.127966,21.404988],[-158.126467,21.407153],[-158.125758,21.41069],[-158.123707,21.41195],[-158.123126,21.412184],[-158.122328,21.412637],[-158.121476,21.412921],[-158.120584,21.413352],[-158.119537,21.413385],[-158.119338,21.413519],[-158.11875,21.413613],[-158.118124,21.413835],[-158.117418,21.413865],[-158.116331,21.414079],[-158.11559,21.414076],[-158.113691,21.413896],[-158.109656,21.414112],[-158.107903,21.413917],[-158.106497,21.413549],[-158.105184,21.413711],[-158.106294,21.415264],[-158.107156,21.416263],[-158.107733,21.416537],[-158.108115,21.417261],[-158.109263,21.418893],[-158.110031,21.41953],[-158.110027,21.420071],[-158.110503,21.421158],[-158.112133,21.422883],[-158.112904,21.422977],[-158.114536,21.424432],[-158.1155,21.424527],[-158.11646,21.425255],[-158.11781,21.425443],[-158.118097,21.425806],[-158.120409,21.42645],[-158.122725,21.426462],[-158.123016,21.426102],[-158.124176,21.425837],[-158.126105,21.425937],[-158.1263,21.425667],[-158.127751,21.425042],[-158.130069,21.424603],[-158.131233,21.423524],[-158.131624,21.422713],[-158.132108,21.422354],[-158.132112,21.421722],[-158.1325,21.421453],[-158.135203,21.421196],[-158.135591,21.420746],[-158.136749,21.420752],[-158.136944,21.420482],[-158.137426,21.420484],[-158.137814,21.420215],[-158.139358,21.420042],[-158.139552,21.419953],[-158.139843,21.419683],[-158.139845,21.419322],[-158.140232,21.419143],[-158.140235,21.418601],[-158.141495,21.417614],[-158.141594,21.417163],[-158.143242,21.415906],[-158.144015,21.415639],[-158.144694,21.41501],[-158.147589,21.415025],[-158.147686,21.414935],[-158.147701,21.412315],[-158.147895,21.412135],[-158.147993,21.411774],[-158.148286,21.411234],[-158.148288,21.410963],[-158.148095,21.410871],[-158.148099,21.410149],[-158.148196,21.410059],[-158.148197,21.409878],[-158.148294,21.409788],[-158.148393,21.409427],[-158.148587,21.409248],[-158.14907,21.40916],[-158.149652,21.40853],[-158.150135,21.408443],[-158.150329,21.408263],[-158.151596,21.406101],[-158.152566,21.405112],[-158.154308,21.404308],[-158.156025,21.403864],[-158.158564,21.402251],[-158.161368,21.401181],[-158.162912,21.401189],[-158.163492,21.400921],[-158.165036,21.400838],[-158.165326,21.400659],[-158.167063,21.400668],[-158.168124,21.400763],[-158.168414,21.400584],[-158.168993,21.400587],[-158.170631,21.400956],[-158.171016,21.401139],[-158.171784,21.401685],[-158.172168,21.402138],[-158.173034,21.402504],[-158.173322,21.402686],[-158.173418,21.402867],[-158.174865,21.402784],[-158.175543,21.402426],[-158.176314,21.40243],[-158.176925,21.402219]]]]},"properties":{}},{"type":"Feature","id":528,"geometry":{"type":"MultiPolygon","coordinates":[[[[-157.843141,21.420492],[-157.843355,21.420301],[-157.843836,21.420069],[-157.84428,21.42002],[-157.844948,21.420143],[-157.845669,21.420172],[-157.846011,21.42065],[-157.846728,21.42045],[-157.847356,21.419846],[-157.847796,21.419554],[-157.84821,21.419412],[-157.848265,21.41926],[-157.848766,21.418838],[-157.849138,21.418673],[-157.849775,21.418186],[-157.850882,21.417719],[-157.851755,21.417217],[-157.852226,21.417136],[-157.852967,21.417175],[-157.853311,21.417092],[-157.853838,21.416876],[-157.854328,21.416574],[-157.854672,21.416259],[-157.855237,21.416089],[-157.85593,21.415726],[-157.856614,21.415794],[-157.857089,21.415553],[-157.857447,21.415579],[-157.859801,21.415358],[-157.860379,21.415464],[-157.860739,21.415619],[-157.861337,21.415555],[-157.862497,21.415275],[-157.86426,21.414084],[-157.86468,21.413647],[-157.866653,21.41344],[-157.867052,21.413341],[-157.867507,21.413005],[-157.869202,21.411323],[-157.869368,21.410968],[-157.869732,21.410564],[-157.870059,21.41038],[-157.87044,21.410298],[-157.87126,21.409507],[-157.871769,21.409206],[-157.872963,21.409197],[-157.873452,21.409099],[-157.873979,21.408747],[-157.87445,21.408682],[-157.875393,21.408316],[-157.875845,21.408319],[-157.877422,21.407889],[-157.878095,21.407402],[-157.878894,21.407069],[-157.879458,21.406564],[-157.880003,21.40628],[-157.88138,21.40595],[-157.882536,21.405787],[-157.882155,21.405243],[-157.882116,21.404902],[-157.882535,21.404532],[-157.88274,21.403788],[-157.882556,21.403168],[-157.88282,21.402739],[-157.88331,21.402522],[-157.884305,21.401553],[-157.884676,21.401328],[-157.885272,21.401198],[-157.886776,21.401088],[-157.887204,21.40094],[-157.887627,21.400924],[-157.887917,21.400825],[-157.888064,21.400521],[-157.888228,21.400369],[-157.888627,21.400253],[-157.889427,21.399666],[-157.890049,21.398704],[-157.890234,21.398164],[-157.891287,21.39773],[-157.892196,21.397093],[-157.893722,21.396205],[-157.894523,21.395516],[-157.894582,21.394906],[-157.895781,21.394118],[-157.896227,21.394044],[-157.897102,21.393146],[-157.898645,21.392715],[-157.900039,21.392588],[-157.901108,21.392307],[-157.902361,21.39157],[-157.902614,21.391285],[-157.90327,21.390949],[-157.904556,21.389581],[-157.905328,21.389496],[-157.905716,21.389227],[-157.905719,21.388866],[-157.906793,21.387157],[-157.907758,21.386982],[-157.908437,21.386535],[-157.909694,21.386182],[-157.910565,21.385736],[-157.911035,21.385249],[-157.911724,21.385472],[-157.912594,21.385297],[-157.913083,21.384307],[-157.913664,21.384039],[-157.913667,21.383678],[-157.914444,21.38296],[-157.91512,21.382784],[-157.915511,21.382064],[-157.916284,21.381978],[-157.916764,21.382253],[-157.918596,21.382355],[-157.919179,21.381726],[-157.920435,21.381463],[-157.921018,21.380834],[-157.92121,21.380926],[-157.922275,21.380481],[-157.922958,21.379402],[-157.924506,21.378779],[-157.925185,21.378242],[-157.925383,21.37752],[-157.92635,21.377165],[-157.926545,21.376895],[-157.927124,21.376899],[-157.927321,21.376268],[-157.928292,21.375371],[-157.931287,21.374758],[-157.933911,21.374685],[-157.934221,21.374061],[-157.934556,21.373847],[-157.936038,21.373693],[-157.936338,21.373588],[-157.936467,21.373759],[-157.936555,21.373715],[-157.936585,21.373517],[-157.936449,21.373374],[-157.936191,21.373313],[-157.93615,21.372955],[-157.935979,21.372608],[-157.93575,21.372448],[-157.935574,21.371997],[-157.935983,21.371287],[-157.936071,21.37132],[-157.936177,21.371254],[-157.936359,21.370951],[-157.936671,21.37067],[-157.93693,21.37007],[-157.937159,21.36974],[-157.937471,21.369492],[-157.937594,21.369426],[-157.937682,21.369475],[-157.938194,21.369167],[-157.938441,21.369145],[-157.938641,21.369211],[-157.938864,21.368595],[-157.938964,21.368441],[-157.939064,21.368418],[-157.939429,21.367516],[-157.939453,21.367273],[-157.939617,21.367273],[-157.939905,21.366535],[-157.937883,21.365808],[-157.93826,21.365125],[-157.940464,21.365842],[-157.940623,21.365456],[-157.94411,21.364015],[-157.944051,21.363888],[-157.940682,21.365181],[-157.941117,21.364003],[-157.94107,21.363937],[-157.94174,21.363232],[-157.942364,21.363177],[-157.94254,21.363375],[-157.945327,21.362242],[-157.945333,21.361212],[-157.947126,21.360519],[-157.946909,21.360161],[-157.945357,21.360761],[-157.945327,21.359736],[-157.948261,21.358559],[-157.948731,21.357749],[-157.948732,21.357661],[-157.946804,21.355436],[-157.945886,21.356212],[-157.945739,21.356141],[-157.942946,21.358877],[-157.942758,21.358739],[-157.941817,21.359818],[-157.941441,21.359537],[-157.942265,21.358673],[-157.9422,21.358596],[-157.941359,21.35946],[-157.940983,21.359184],[-157.941847,21.358276],[-157.941753,21.358199],[-157.940895,21.359107],[-157.940542,21.358848],[-157.943311,21.355821],[-157.943417,21.355655],[-157.943517,21.355198],[-157.944429,21.354912],[-157.944429,21.35483],[-157.943547,21.355088],[-157.943582,21.354857],[-157.943517,21.354681],[-157.944223,21.354466],[-157.944188,21.354378],[-157.943476,21.354565],[-157.943359,21.354257],[-157.944053,21.354042],[-157.944023,21.353965],[-157.943335,21.354108],[-157.943235,21.353921],[-157.943911,21.35375],[-157.943894,21.353657],[-157.943218,21.353833],[-157.940043,21.353353],[-157.939896,21.352571],[-157.943641,21.352346],[-157.9437,21.352208],[-157.942736,21.350358],[-157.94303,21.35],[-157.950443,21.354203],[-157.951695,21.35221],[-157.952042,21.352182],[-157.952495,21.352474],[-157.952559,21.352595],[-157.950878,21.355194],[-157.951172,21.355354],[-157.9528,21.352854],[-157.953077,21.352766],[-157.953359,21.352931],[-157.953512,21.353058],[-157.953494,21.353273],[-157.951736,21.35602],[-157.951977,21.356153],[-157.952965,21.35466],[-157.9537,21.355029],[-157.952712,21.356604],[-157.9528,21.356659],[-157.953823,21.355112],[-157.953999,21.355217],[-157.953241,21.356373],[-157.953388,21.356456],[-157.954152,21.355294],[-157.954834,21.355641],[-157.954058,21.356891],[-157.954322,21.357001],[-157.957433,21.352177],[-157.957691,21.352299],[-157.959185,21.350041],[-157.959349,21.349892],[-157.959561,21.349892],[-157.959643,21.349958],[-157.959643,21.35019],[-157.958115,21.352502],[-157.958373,21.352662],[-157.958032,21.353213],[-157.958209,21.353328],[-157.958961,21.352205],[-157.959132,21.352293],[-157.960707,21.350008],[-157.960937,21.350041],[-157.960937,21.350311],[-157.959484,21.352497],[-157.959743,21.352629],[-157.960196,21.352089],[-157.960272,21.352095],[-157.961148,21.350834],[-157.961325,21.350894],[-157.961266,21.351032],[-157.960513,21.3522],[-157.96069,21.352282],[-157.960772,21.352227],[-157.960878,21.352343],[-157.96106,21.352321],[-157.96153,21.351583],[-157.961977,21.351396],[-157.962148,21.351599],[-157.962053,21.352056],[-157.962247,21.352183],[-157.962971,21.351021],[-157.963059,21.351005],[-157.963217,21.351087],[-157.962488,21.352315],[-157.9625,21.352381],[-157.962682,21.35242],[-157.964176,21.352023],[-157.964499,21.351566],[-157.964846,21.351396],[-157.965105,21.35112],[-157.965963,21.350696],[-157.966251,21.350382],[-157.966668,21.350311],[-157.966915,21.349958],[-157.967568,21.349738],[-157.967756,21.349501],[-157.96792,21.348973],[-157.968032,21.347838],[-157.967797,21.347282],[-157.967197,21.346467],[-157.967092,21.346368],[-157.966898,21.346363],[-157.966804,21.346175],[-157.966521,21.345927],[-157.964064,21.348174],[-157.963776,21.348235],[-157.963588,21.348163],[-157.9635,21.347987],[-157.963576,21.347811],[-157.966198,21.34541],[-157.965992,21.34536],[-157.965957,21.345046],[-157.966075,21.345046],[-157.966145,21.3452],[-157.966298,21.345096],[-157.965275,21.343581],[-157.964946,21.343526],[-157.964963,21.343173],[-157.964793,21.342986],[-157.964693,21.341378],[-157.965275,21.340673],[-157.96745,21.338717],[-157.967849,21.338282],[-157.968079,21.337731],[-157.968214,21.336525],[-157.968355,21.336272],[-157.968654,21.331799],[-157.968619,21.33148],[-157.968272,21.330868],[-157.967908,21.330796],[-157.967637,21.331292],[-157.96752,21.331259],[-157.967778,21.330752],[-157.966809,21.330317],[-157.967338,21.329915],[-157.967291,21.329833],[-157.966644,21.33024],[-157.966233,21.330075],[-157.966867,21.329618],[-157.966791,21.329524],[-157.966092,21.329976],[-157.965363,21.329249],[-157.965903,21.328682],[-157.966209,21.328676],[-157.965956,21.327795],[-157.965803,21.327795],[-157.96484,21.328687],[-157.96461,21.328571],[-157.964169,21.327657],[-157.96451,21.326864],[-157.964099,21.325972],[-157.965739,21.325366],[-157.965733,21.3253],[-157.965409,21.325123],[-157.964081,21.325597],[-157.963776,21.325531],[-157.962894,21.324264],[-157.962218,21.322375],[-157.961806,21.320673],[-157.96166,21.32037],[-157.961148,21.319737],[-157.96019,21.318999],[-157.958927,21.3182],[-157.958433,21.317754],[-157.957093,21.317352],[-157.956376,21.317055],[-157.956253,21.316564],[-157.956029,21.316476],[-157.95486,21.316377],[-157.954419,21.316427],[-157.954395,21.316878],[-157.954054,21.316955],[-157.954137,21.316157],[-157.954343,21.316041],[-157.953508,21.315953],[-157.953714,21.316328],[-157.953625,21.316994],[-157.95255,21.316928],[-157.952391,21.317203],[-157.952097,21.317236],[-157.950804,21.316955],[-157.950105,21.31701],[-157.949888,21.316763],[-157.949694,21.316713],[-157.94826,21.316608],[-157.947906,21.316462],[-157.947793,21.332404],[-157.947688,21.333668],[-157.947976,21.333851],[-157.947971,21.334574],[-157.94845,21.334938],[-157.948446,21.33548],[-157.948734,21.335663],[-157.948728,21.336476],[-157.948921,21.336568],[-157.949591,21.337204],[-157.949585,21.338017],[-157.949873,21.3382],[-157.949864,21.339555],[-157.948408,21.340901],[-157.947636,21.340987],[-157.947049,21.342067],[-157.947046,21.34261],[-157.946464,21.343058],[-157.945976,21.343868],[-157.9453,21.343954],[-157.944233,21.34485],[-157.943077,21.344662],[-157.942209,21.344656],[-157.941338,21.345102],[-157.941239,21.345554],[-157.940467,21.345549],[-157.940272,21.345818],[-157.938918,21.346352],[-157.937763,21.346073],[-157.936317,21.346064],[-157.936026,21.346333],[-157.933807,21.346409],[-157.933124,21.347488],[-157.931962,21.348203],[-157.929358,21.348186],[-157.927427,21.348535],[-157.927038,21.348894],[-157.926653,21.348891],[-157.926262,21.349611],[-157.925777,21.34997],[-157.925677,21.350511],[-157.925387,21.350509],[-157.923158,21.35203],[-157.921808,21.352021],[-157.921504,21.354097],[-157.920333,21.355896],[-157.921066,21.35662],[-157.921847,21.358595],[-157.921809,21.358894],[-157.921246,21.360782],[-157.920567,21.362178],[-157.919254,21.363638],[-157.917886,21.364408],[-157.915664,21.364924],[-157.914133,21.364926],[-157.912248,21.36471],[-157.90974,21.363999],[-157.908081,21.363345],[-157.907548,21.363312],[-157.906966,21.36385],[-157.907054,21.364935],[-157.906469,21.365744],[-157.906173,21.366645],[-157.905883,21.366734],[-157.905877,21.367547],[-157.90549,21.367725],[-157.905001,21.368625],[-157.904616,21.368623],[-157.903744,21.369159],[-157.901243,21.369345],[-157.90046,21.36977],[-157.898913,21.370211],[-157.898214,21.370629],[-157.896977,21.371192],[-157.896591,21.37128],[-157.894948,21.372011],[-157.893786,21.372255],[-157.893044,21.37276],[-157.891973,21.373329],[-157.891173,21.373503],[-157.890595,21.373811],[-157.889722,21.374035],[-157.889271,21.374277],[-157.888464,21.374569],[-157.888173,21.374838],[-157.886918,21.37492],[-157.885864,21.375287],[-157.883364,21.375864],[-157.882928,21.376098],[-157.881855,21.376921],[-157.880386,21.377402],[-157.879263,21.377649],[-157.877066,21.378735],[-157.876701,21.379224],[-157.876211,21.379475],[-157.876045,21.379931],[-157.875537,21.380148],[-157.874919,21.38017],[-157.873754,21.381542],[-157.873318,21.381801],[-157.872756,21.381941],[-157.871138,21.382972],[-157.870207,21.384186],[-157.869153,21.384788],[-157.86848,21.385309],[-157.867044,21.386231],[-157.865916,21.387138],[-157.864927,21.387511],[-157.864067,21.387659],[-157.863595,21.387825],[-157.86204,21.387865],[-157.861695,21.387998],[-157.860932,21.388467],[-157.859841,21.389256],[-157.859007,21.389437],[-157.858374,21.389466],[-157.857939,21.389599],[-157.85779,21.390106],[-157.857534,21.390562],[-157.857152,21.39083],[-157.856641,21.391352],[-157.856079,21.391534],[-157.855057,21.391599],[-157.854735,21.39227],[-157.854509,21.393463],[-157.854255,21.393487],[-157.854055,21.393612],[-157.853908,21.393925],[-157.852427,21.39604],[-157.851836,21.396365],[-157.850898,21.397249],[-157.850261,21.397702],[-157.848957,21.397914],[-157.848303,21.398282],[-157.846998,21.39873],[-157.846029,21.398855],[-157.845057,21.399462],[-157.844405,21.399559],[-157.84388,21.399555],[-157.843608,21.399672],[-157.842744,21.399555],[-157.842251,21.399697],[-157.841874,21.39982],[-157.841323,21.400368],[-157.840923,21.400636],[-157.840325,21.400886],[-157.839801,21.400814],[-157.839276,21.400862],[-157.838698,21.400773],[-157.838426,21.400805],[-157.838388,21.401042],[-157.838582,21.401644],[-157.838489,21.401949],[-157.838989,21.402816],[-157.839005,21.403087],[-157.839526,21.403463],[-157.839633,21.403752],[-157.839576,21.404091],[-157.839337,21.40458],[-157.839513,21.40514],[-157.838926,21.406254],[-157.838869,21.406516],[-157.838924,21.406846],[-157.83935,21.407468],[-157.838904,21.408947],[-157.838903,21.409117],[-157.839295,21.409822],[-157.839039,21.410227],[-157.838421,21.410646],[-157.837963,21.41132],[-157.836417,21.412343],[-157.836271,21.412613],[-157.836559,21.413153],[-157.83751,21.413655],[-157.837793,21.414504],[-157.837771,21.415046],[-157.837641,21.415417],[-157.83778,21.416181],[-157.838208,21.416895],[-157.838094,21.417656],[-157.838161,21.417952],[-157.838474,21.418088],[-157.839017,21.418075],[-157.839414,21.418247],[-157.839991,21.418326],[-157.840349,21.41888],[-157.840756,21.419144],[-157.841432,21.41926],[-157.842005,21.419785],[-157.842637,21.420081],[-157.843141,21.420492]]]]},"properties":{}},{"type":"Feature","id":529,"geometry":{"type":"MultiPolygon","coordinates":[[[[-157.783762,21.409977],[-157.784334,21.411158],[-157.783281,21.411659],[-157.782793,21.411659],[-157.783257,21.411918],[-157.783392,21.412226],[-157.784063,21.412386],[-157.78411,21.412485],[-157.784321,21.412436],[-157.786008,21.413155],[-157.786396,21.412796],[-157.787847,21.412355],[-157.787848,21.412265],[-157.788619,21.412361],[-157.788617,21.412541],[-157.78929,21.412817],[-157.790256,21.412734],[-157.790734,21.413189],[-157.791119,21.413372],[-157.792081,21.41365],[-157.792845,21.414559],[-157.793713,21.414656],[-157.793807,21.414928],[-157.795352,21.414758],[-157.795452,21.414307],[-157.796326,21.413681],[-157.79729,21.413688],[-157.797577,21.414051],[-157.798633,21.414601],[-157.798632,21.414782],[-157.80017,21.415515],[-157.800168,21.415696],[-157.80258,21.415713],[-157.803742,21.415089],[-157.804805,21.414916],[-157.805783,21.413297],[-157.806083,21.411944],[-157.806452,21.411446],[-157.806671,21.410864],[-157.806569,21.410464],[-157.806873,21.409782],[-157.807645,21.409697],[-157.808229,21.409069],[-157.808247,21.408664],[-157.808905,21.407838],[-157.809049,21.405722],[-157.81009,21.405649],[-157.810473,21.405923],[-157.811824,21.405932],[-157.812697,21.405306],[-157.815015,21.404961],[-157.815502,21.404332],[-157.816565,21.404159],[-157.818078,21.403076],[-157.818793,21.403001],[-157.819364,21.402797],[-157.820339,21.40265],[-157.821501,21.402116],[-157.822235,21.401157],[-157.822275,21.4007],[-157.822192,21.399819],[-157.822252,21.39904],[-157.821996,21.397209],[-157.823184,21.396798],[-157.823358,21.396507],[-157.823722,21.396188],[-157.824051,21.395716],[-157.823927,21.395461],[-157.823894,21.395071],[-157.824264,21.394367],[-157.82479,21.393867],[-157.824777,21.393189],[-157.825471,21.392313],[-157.825277,21.391753],[-157.824963,21.39139],[-157.824589,21.389942],[-157.824662,21.389496],[-157.825084,21.38877],[-157.825159,21.388347],[-157.824154,21.387409],[-157.823994,21.387052],[-157.823675,21.386236],[-157.823775,21.385102],[-157.823254,21.384658],[-157.822705,21.384328],[-157.822445,21.384009],[-157.822233,21.383414],[-157.820402,21.382867],[-157.8198,21.382313],[-157.819442,21.382227],[-157.81917,21.381953],[-157.818675,21.38177],[-157.818504,21.381559],[-157.817926,21.381436],[-157.817622,21.381112],[-157.816936,21.380887],[-157.815696,21.380304],[-157.814669,21.379465],[-157.813587,21.378753],[-157.812961,21.378234],[-157.811963,21.376845],[-157.810652,21.375321],[-157.810608,21.374008],[-157.810397,21.373329],[-157.810266,21.371954],[-157.810348,21.370418],[-157.80961,21.369601],[-157.808745,21.369233],[-157.807877,21.369227],[-157.807209,21.368319],[-157.806536,21.368134],[-157.805668,21.368127],[-157.805301,21.368316],[-157.803511,21.368354],[-157.799978,21.368087],[-157.797565,21.36834],[-157.794134,21.367397],[-157.792692,21.366845],[-157.790642,21.365761],[-157.790034,21.364556],[-157.788871,21.363125],[-157.788258,21.362492],[-157.787638,21.363531],[-157.787374,21.364473],[-157.787476,21.365562],[-157.787323,21.366577],[-157.786811,21.367268],[-157.786664,21.367606],[-157.786027,21.368075],[-157.785625,21.36853],[-157.785318,21.368528],[-157.784428,21.368978],[-157.783975,21.36906],[-157.783766,21.369235],[-157.783518,21.369683],[-157.78342,21.37058],[-157.78288,21.371487],[-157.782484,21.372748],[-157.782133,21.373253],[-157.781531,21.37379],[-157.781026,21.374093],[-157.780538,21.375773],[-157.780138,21.376092],[-157.779531,21.377324],[-157.779645,21.378782],[-157.780003,21.379293],[-157.779434,21.379953],[-157.779396,21.380491],[-157.77921,21.381167],[-157.778897,21.381741],[-157.778914,21.381927],[-157.779238,21.382048],[-157.779963,21.381969],[-157.780503,21.382244],[-157.780983,21.383263],[-157.781523,21.383943],[-157.782167,21.384424],[-157.782563,21.38648],[-157.783138,21.386936],[-157.783488,21.386457],[-157.784012,21.38613],[-157.784978,21.385956],[-157.785359,21.386591],[-157.785873,21.386763],[-157.786418,21.386779],[-157.786702,21.387414],[-157.786969,21.387584],[-157.789593,21.387796],[-157.789588,21.388428],[-157.790257,21.389156],[-157.791319,21.389073],[-157.792193,21.388266],[-157.792196,21.387905],[-157.793135,21.387713],[-157.794035,21.387196],[-157.794806,21.387292],[-157.794901,21.387473],[-157.796252,21.387392],[-157.796754,21.387451],[-157.797569,21.387321],[-157.798388,21.386734],[-157.7984,21.387446],[-157.798847,21.388495],[-157.798928,21.390393],[-157.79823,21.393188],[-157.797895,21.393862],[-157.797352,21.394356],[-157.79735,21.394627],[-157.797443,21.394989],[-157.797828,21.395173],[-157.797432,21.396434],[-157.797814,21.396799],[-157.798,21.397703],[-157.798383,21.398067],[-157.798367,21.399964],[-157.798171,21.400415],[-157.797199,21.401311],[-157.797098,21.401852],[-157.796127,21.402658],[-157.79573,21.404011],[-157.794661,21.404906],[-157.794458,21.40617],[-157.793486,21.407066],[-157.793481,21.407608],[-157.79309,21.408328],[-157.792314,21.408774],[-157.791449,21.408406],[-157.790774,21.408401],[-157.789702,21.409276],[-157.788723,21.409591],[-157.783762,21.409977]]]]},"properties":{}},{"type":"Feature","id":542,"geometry":{"type":"MultiPolygon","coordinates":[[[[-157.903395,21.361307],[-157.904002,21.359877],[-157.904105,21.359405],[-157.904474,21.358785],[-157.904655,21.357945],[-157.90482,21.357754],[-157.905496,21.3576],[-157.906838,21.357081],[-157.907596,21.356898],[-157.908822,21.356857],[-157.910173,21.356035],[-157.911273,21.355205],[-157.912395,21.354686],[-157.912998,21.354555],[-157.913292,21.354746],[-157.915216,21.355379],[-157.91631,21.355036],[-157.916871,21.354944],[-157.917334,21.355088],[-157.918799,21.355834],[-157.920333,21.355896],[-157.921504,21.354097],[-157.921808,21.352021],[-157.920955,21.349938],[-157.919992,21.349841],[-157.919512,21.349567],[-157.917588,21.348832],[-157.917403,21.347747],[-157.91702,21.347383],[-157.916645,21.346025],[-157.915876,21.345659],[-157.915879,21.345207],[-157.916461,21.34476],[-157.916369,21.344217],[-157.91666,21.343948],[-157.916762,21.343226],[-157.916385,21.341958],[-157.916486,21.341327],[-157.916009,21.340691],[-157.916096,21.328857],[-157.915718,21.327771],[-157.915333,21.327678],[-157.911312,21.323767],[-157.910649,21.322136],[-157.909881,21.32168],[-157.90874,21.320595],[-157.908376,21.320905],[-157.908399,21.321246],[-157.90861,21.321775],[-157.908252,21.321901],[-157.908081,21.322066],[-157.907946,21.322534],[-157.907728,21.322738],[-157.907182,21.322947],[-157.906841,21.322727],[-157.906412,21.322694],[-157.906283,21.3226],[-157.9066,21.322308],[-157.906588,21.322171],[-157.906353,21.322209],[-157.90543,21.32271],[-157.90342,21.32408],[-157.902896,21.324466],[-157.90222,21.325115],[-157.898898,21.327432],[-157.898887,21.327614],[-157.898616,21.327873],[-157.898657,21.32811],[-157.898892,21.328429],[-157.898904,21.32866],[-157.899286,21.328996],[-157.899409,21.329222],[-157.899344,21.329531],[-157.899074,21.329767],[-157.898603,21.329784],[-157.898222,21.329244],[-157.89771,21.32904],[-157.897723,21.330516],[-157.898004,21.331693],[-157.898092,21.332777],[-157.898861,21.333053],[-157.898957,21.333235],[-157.899917,21.333783],[-157.900007,21.334597],[-157.900578,21.335594],[-157.900962,21.335777],[-157.902602,21.335788],[-157.903275,21.336063],[-157.903368,21.336516],[-157.903749,21.33706],[-157.904424,21.337065],[-157.905192,21.337521],[-157.90519,21.337792],[-157.905767,21.337977],[-157.905933,21.341682],[-157.906212,21.343039],[-157.90467,21.342938],[-157.903897,21.343114],[-157.903024,21.343831],[-157.902253,21.343736],[-157.901767,21.344275],[-157.901187,21.344451],[-157.900891,21.345353],[-157.900311,21.34562],[-157.899632,21.346067],[-157.899532,21.346518],[-157.899143,21.347058],[-157.898371,21.347143],[-157.89788,21.348224],[-157.898069,21.348767],[-157.897972,21.348857],[-157.897971,21.349038],[-157.897681,21.349036],[-157.897483,21.349757],[-157.896998,21.350115],[-157.896996,21.350477],[-157.897092,21.350477],[-157.897369,21.352105],[-157.89727,21.352466],[-157.897303,21.353397],[-157.897398,21.353579],[-157.898016,21.353514],[-157.899223,21.354585],[-157.899021,21.355848],[-157.899977,21.356938],[-157.900065,21.358113],[-157.900351,21.358567],[-157.90025,21.359108],[-157.90101,21.360649],[-157.901297,21.360922],[-157.902454,21.36102],[-157.903395,21.361307]]]]},"properties":{}},{"type":"Feature","id":530,"geometry":{"type":"MultiPolygon","coordinates":[[[[-157.771427,21.414697],[-157.771662,21.414477],[-157.771785,21.414069],[-157.771838,21.413711],[-157.771791,21.412907],[-157.772032,21.412682],[-157.77172,21.411746],[-157.77179,21.411701],[-157.771861,21.411701],[-157.7722,21.412674],[-157.772466,21.412618],[-157.772731,21.412464],[-157.772984,21.412085],[-157.77296,21.41187],[-157.772743,21.411462],[-157.772931,21.411407],[-157.773213,21.411875],[-157.772907,21.412564],[-157.773636,21.412949],[-157.773871,21.413015],[-157.774342,21.412988],[-157.776047,21.412339],[-157.776436,21.411981],[-157.776841,21.411827],[-157.777924,21.411729],[-157.778565,21.411784],[-157.779794,21.411691],[-157.780205,21.412027],[-157.780629,21.41174],[-157.780629,21.411597],[-157.780235,21.411856],[-157.780099,21.411801],[-157.780411,21.411217],[-157.780776,21.410859],[-157.780976,21.410777],[-157.780846,21.411217],[-157.780988,21.411322],[-157.781099,21.411278],[-157.781229,21.411074],[-157.781205,21.410788],[-157.782099,21.410232],[-157.783523,21.409583],[-157.783762,21.409977],[-157.788723,21.409591],[-157.789702,21.409276],[-157.790774,21.408401],[-157.791449,21.408406],[-157.792314,21.408774],[-157.79309,21.408328],[-157.793481,21.407608],[-157.793486,21.407066],[-157.794458,21.40617],[-157.794661,21.404906],[-157.79573,21.404011],[-157.796127,21.402658],[-157.797098,21.401852],[-157.797199,21.401311],[-157.798171,21.400415],[-157.798367,21.399964],[-157.798383,21.398067],[-157.798,21.397703],[-157.797814,21.396799],[-157.797432,21.396434],[-157.797828,21.395173],[-157.797443,21.394989],[-157.79735,21.394627],[-157.797352,21.394356],[-157.797895,21.393862],[-157.79823,21.393188],[-157.798928,21.390393],[-157.798847,21.388495],[-157.7984,21.387446],[-157.798388,21.386734],[-157.797569,21.387321],[-157.796754,21.387451],[-157.796252,21.387392],[-157.794901,21.387473],[-157.794806,21.387292],[-157.794035,21.387196],[-157.793135,21.387713],[-157.792196,21.387905],[-157.792193,21.388266],[-157.791319,21.389073],[-157.790257,21.389156],[-157.789588,21.388428],[-157.789593,21.387796],[-157.786969,21.387584],[-157.786702,21.387414],[-157.786418,21.386779],[-157.785873,21.386763],[-157.785359,21.386591],[-157.784978,21.385956],[-157.784012,21.38613],[-157.783488,21.386457],[-157.782774,21.387562],[-157.782549,21.388106],[-157.782561,21.389169],[-157.782432,21.389473],[-157.782158,21.389793],[-157.78226,21.390624],[-157.782038,21.391181],[-157.781801,21.39145],[-157.781833,21.391908],[-157.781357,21.392253],[-157.781141,21.392547],[-157.780876,21.393985],[-157.780692,21.394288],[-157.78018,21.394684],[-157.77945,21.395753],[-157.779107,21.396121],[-157.778938,21.39641],[-157.778789,21.396917],[-157.778749,21.397441],[-157.778804,21.397745],[-157.779051,21.398121],[-157.779181,21.398742],[-157.779368,21.399072],[-157.779507,21.399759],[-157.779309,21.401824],[-157.779088,21.402347],[-157.777958,21.403372],[-157.777757,21.403642],[-157.775764,21.404034],[-157.775203,21.404081],[-157.774751,21.40401],[-157.774536,21.403788],[-157.773959,21.403563],[-157.772487,21.40445],[-157.772188,21.404562],[-157.771545,21.404571],[-157.770728,21.404954],[-157.769744,21.405828],[-157.768991,21.406165],[-157.768546,21.406276],[-157.768308,21.406647],[-157.767053,21.407145],[-157.766664,21.407503],[-157.766174,21.408493],[-157.76608,21.409205],[-157.76564,21.40988],[-157.766353,21.410121],[-157.766759,21.410176],[-157.767122,21.410488],[-157.767804,21.410742],[-157.768749,21.411945],[-157.769149,21.41209],[-157.769421,21.412401],[-157.769905,21.412502],[-157.770475,21.413222],[-157.770569,21.413584],[-157.771429,21.414494],[-157.771427,21.414697]]]]},"properties":{}},{"type":"Feature","id":545,"geometry":{"type":"MultiPolygon","coordinates":[[[[-157.921808,21.352021],[-157.923158,21.35203],[-157.925387,21.350509],[-157.925677,21.350511],[-157.925777,21.34997],[-157.926262,21.349611],[-157.926653,21.348891],[-157.927038,21.348894],[-157.927427,21.348535],[-157.929358,21.348186],[-157.931962,21.348203],[-157.933124,21.347488],[-157.933807,21.346409],[-157.936026,21.346333],[-157.936317,21.346064],[-157.937763,21.346073],[-157.938918,21.346352],[-157.940272,21.345818],[-157.940467,21.345549],[-157.941239,21.345554],[-157.941338,21.345102],[-157.942209,21.344656],[-157.943077,21.344662],[-157.944233,21.34485],[-157.9453,21.343954],[-157.945976,21.343868],[-157.946464,21.343058],[-157.947046,21.34261],[-157.947049,21.342067],[-157.947636,21.340987],[-157.948408,21.340901],[-157.949864,21.339555],[-157.949873,21.3382],[-157.949585,21.338017],[-157.949591,21.337204],[-157.948921,21.336568],[-157.948728,21.336476],[-157.948734,21.335663],[-157.948446,21.33548],[-157.94845,21.334938],[-157.947971,21.334574],[-157.947976,21.333851],[-157.947688,21.333668],[-157.947793,21.332404],[-157.947906,21.316462],[-157.946937,21.3163],[-157.946139,21.309564],[-157.948713,21.309537],[-157.948736,21.307785],[-157.949295,21.307416],[-157.949412,21.307268],[-157.949424,21.306375],[-157.94936,21.306205],[-157.948684,21.305819],[-157.948731,21.303869],[-157.950159,21.303875],[-157.950165,21.30382],[-157.931048,21.303762],[-157.928539,21.304064],[-157.907494,21.304025],[-157.906783,21.304223],[-157.906354,21.304642],[-157.906154,21.305088],[-157.906211,21.308909],[-157.90654,21.309543],[-157.906858,21.309884],[-157.907298,21.310187],[-157.908097,21.310447],[-157.917923,21.310505],[-157.918629,21.310665],[-157.918934,21.310846],[-157.919298,21.311238],[-157.919563,21.311783],[-157.919574,21.312488],[-157.919286,21.313049],[-157.914725,21.316248],[-157.913866,21.316782],[-157.913561,21.31709],[-157.912561,21.317767],[-157.912614,21.31791],[-157.913137,21.318114],[-157.913384,21.318147],[-157.913813,21.318076],[-157.913878,21.318142],[-157.91386,21.318351],[-157.913631,21.318704],[-157.913501,21.318709],[-157.913166,21.318389],[-157.912878,21.318263],[-157.912314,21.318279],[-157.911656,21.318461],[-157.911103,21.31878],[-157.910645,21.319363],[-157.910662,21.319578],[-157.910874,21.319732],[-157.911303,21.319832],[-157.911461,21.319942],[-157.91142,21.32014],[-157.911256,21.320201],[-157.910744,21.319958],[-157.910257,21.319925],[-157.909963,21.320035],[-157.909898,21.320294],[-157.909775,21.320387],[-157.909493,21.320117],[-157.909281,21.320183],[-157.90874,21.320595],[-157.909881,21.32168],[-157.910649,21.322136],[-157.911312,21.323767],[-157.915333,21.327678],[-157.915718,21.327771],[-157.916096,21.328857],[-157.916009,21.340691],[-157.916486,21.341327],[-157.916385,21.341958],[-157.916762,21.343226],[-157.91666,21.343948],[-157.916369,21.344217],[-157.916461,21.34476],[-157.915879,21.345207],[-157.915876,21.345659],[-157.916645,21.346025],[-157.91702,21.347383],[-157.917403,21.347747],[-157.917588,21.348832],[-157.919512,21.349567],[-157.919992,21.349841],[-157.920955,21.349938],[-157.921808,21.352021]]]]},"properties":{}},{"type":"Feature","id":531,"geometry":{"type":"MultiPolygon","coordinates":[[[[-158.101298,21.41327],[-158.102929,21.41335],[-158.105184,21.413711],[-158.106497,21.413549],[-158.107903,21.413917],[-158.109656,21.414112],[-158.113691,21.413896],[-158.11559,21.414076],[-158.116331,21.414079],[-158.117418,21.413865],[-158.118124,21.413835],[-158.11875,21.413613],[-158.119338,21.413519],[-158.119537,21.413385],[-158.120584,21.413352],[-158.121476,21.412921],[-158.122328,21.412637],[-158.123126,21.412184],[-158.123707,21.41195],[-158.125758,21.41069],[-158.126467,21.407153],[-158.127966,21.404988],[-158.128546,21.404335],[-158.129127,21.404],[-158.130327,21.402905],[-158.132051,21.401999],[-158.132255,21.401017],[-158.132988,21.399429],[-158.133396,21.397805],[-158.133726,21.397027],[-158.135067,21.395087],[-158.135967,21.39426],[-158.136314,21.393754],[-158.13806,21.392026],[-158.142892,21.388459],[-158.143745,21.387921],[-158.143928,21.387651],[-158.144092,21.385917],[-158.144285,21.385827],[-158.144289,21.385285],[-158.144966,21.384837],[-158.14497,21.384204],[-158.145165,21.383844],[-158.147008,21.382136],[-158.147258,21.381991],[-158.147135,21.381878],[-158.147035,21.381614],[-158.146988,21.381146],[-158.146676,21.380485],[-158.146694,21.380056],[-158.146494,21.379764],[-158.146388,21.379285],[-158.145611,21.379004],[-158.145064,21.378636],[-158.144782,21.378531],[-158.143576,21.37737],[-158.143065,21.377458],[-158.142924,21.377398],[-158.142494,21.376715],[-158.141941,21.376087],[-158.141365,21.375256],[-158.141212,21.374986],[-158.141141,21.374606],[-158.141176,21.374171],[-158.141435,21.373785],[-158.141505,21.373003],[-158.141434,21.372574],[-158.14134,21.372414],[-158.141128,21.372304],[-158.141075,21.372001],[-158.140746,21.371897],[-158.140393,21.371897],[-158.139588,21.372189],[-158.139159,21.372167],[-158.139027,21.371816],[-158.137904,21.370798],[-158.138192,21.370015],[-158.138133,21.36985],[-158.137774,21.369806],[-158.137897,21.369327],[-158.13785,21.369167],[-158.137597,21.369052],[-158.137315,21.369179],[-158.137086,21.369405],[-158.136904,21.369173],[-158.136386,21.369229],[-158.13598,21.368816],[-158.135952,21.368659],[-158.133958,21.370417],[-158.133085,21.371406],[-158.131445,21.371398],[-158.131248,21.37203],[-158.130763,21.372479],[-158.130282,21.372386],[-158.129035,21.373601],[-158.128868,21.37438],[-158.128936,21.375092],[-158.127612,21.375779],[-158.126978,21.376435],[-158.126753,21.377266],[-158.12668,21.377879],[-158.125807,21.378778],[-158.125333,21.378783],[-158.122421,21.380478],[-158.121213,21.381269],[-158.118171,21.38145],[-158.116814,21.381942],[-158.115568,21.381256],[-158.114412,21.380979],[-158.114087,21.38125],[-158.111509,21.38259],[-158.110544,21.382676],[-158.109287,21.383031],[-158.108318,21.383839],[-158.108065,21.384235],[-158.107665,21.384521],[-158.106646,21.385532],[-158.105812,21.3859],[-158.105216,21.386353],[-158.104373,21.387553],[-158.103759,21.387971],[-158.103951,21.388541],[-158.103821,21.389108],[-158.103891,21.3896],[-158.10425,21.390059],[-158.104338,21.390475],[-158.104227,21.390838],[-158.103932,21.391225],[-158.103829,21.392398],[-158.10403,21.393446],[-158.104281,21.393837],[-158.103528,21.394204],[-158.10343,21.394565],[-158.10299,21.394965],[-158.102645,21.395099],[-158.102028,21.395536],[-158.101882,21.395738],[-158.101916,21.396044],[-158.101751,21.396415],[-158.101279,21.396769],[-158.100696,21.39746],[-158.1004,21.398458],[-158.100469,21.399034],[-158.100341,21.399186],[-158.10016,21.399235],[-158.099927,21.399424],[-158.099922,21.400328],[-158.099483,21.400527],[-158.098859,21.400593],[-158.098084,21.401041],[-158.097987,21.40256],[-158.09788,21.402846],[-158.097775,21.4042],[-158.097869,21.404743],[-158.098347,21.405377],[-158.097966,21.405981],[-158.098368,21.408185],[-158.09851,21.40866],[-158.098708,21.408932],[-158.098687,21.409389],[-158.098429,21.410133],[-158.09918,21.411162],[-158.09976,21.411274],[-158.099922,21.411411],[-158.099993,21.411665],[-158.099945,21.41225],[-158.100187,21.41253],[-158.101298,21.41327]]]]},"properties":{}},{"type":"Feature","id":532,"geometry":{"type":"MultiPolygon","coordinates":[[[[-157.706018,21.380305],[-157.706353,21.380631],[-157.707111,21.380807],[-157.70774,21.380857],[-157.708016,21.38095],[-157.708322,21.381165],[-157.708769,21.381848],[-157.708781,21.382685],[-157.709645,21.384381],[-157.710309,21.38513],[-157.710603,21.385653],[-157.711121,21.387189],[-157.711532,21.388082],[-157.712044,21.388687],[-157.712755,21.389243],[-157.713737,21.390251],[-157.714784,21.391644],[-157.715425,21.392261],[-157.715965,21.392972],[-157.716889,21.393748],[-157.718653,21.39502],[-157.719852,21.395703],[-157.72037,21.396155],[-157.720881,21.396171],[-157.721146,21.395912],[-157.721634,21.395742],[-157.721998,21.395736],[-157.722851,21.395923],[-157.724709,21.397014],[-157.726326,21.398093],[-157.727185,21.398478],[-157.727967,21.39866],[-157.729313,21.39872],[-157.730836,21.399056],[-157.732548,21.399541],[-157.732912,21.399557],[-157.733018,21.39964],[-157.733018,21.39981],[-157.7331,21.399871],[-157.734735,21.40068],[-157.736188,21.401682],[-157.738117,21.403725],[-157.739204,21.405122],[-157.739192,21.40504],[-157.739289,21.405041],[-157.742206,21.402263],[-157.743081,21.401546],[-157.743471,21.401007],[-157.743962,21.400017],[-157.744445,21.399931],[-157.744641,21.399571],[-157.745901,21.398858],[-157.746581,21.398321],[-157.746237,21.392306],[-157.746554,21.391208],[-157.746439,21.389784],[-157.746178,21.388664],[-157.74747,21.387759],[-157.747584,21.387032],[-157.747995,21.385544],[-157.749339,21.384792],[-157.750655,21.384258],[-157.750371,21.383624],[-157.749719,21.382661],[-157.749131,21.382079],[-157.748677,21.381874],[-157.748264,21.381498],[-157.7475,21.381073],[-157.747117,21.380709],[-157.746954,21.38037],[-157.746396,21.380078],[-157.745966,21.379978],[-157.745491,21.379071],[-157.745507,21.377174],[-157.745898,21.376544],[-157.745331,21.375185],[-157.744281,21.373912],[-157.744962,21.373285],[-157.744969,21.372382],[-157.745453,21.372205],[-157.745209,21.370745],[-157.745033,21.370151],[-157.744322,21.369125],[-157.744581,21.36803],[-157.744817,21.367593],[-157.747243,21.365895],[-157.747874,21.365709],[-157.748275,21.365373],[-157.748703,21.36437],[-157.748919,21.364057],[-157.749502,21.363502],[-157.749832,21.363013],[-157.7502,21.362203],[-157.750366,21.361582],[-157.750661,21.361139],[-157.749658,21.360014],[-157.749371,21.359792],[-157.749254,21.358673],[-157.748778,21.357213],[-157.748464,21.35594],[-157.748108,21.355277],[-157.748017,21.354247],[-157.747435,21.354604],[-157.746883,21.354734],[-157.74512,21.354677],[-157.744516,21.35453],[-157.743615,21.354091],[-157.743197,21.35403],[-157.74231,21.354522],[-157.741937,21.354834],[-157.741204,21.354835],[-157.740158,21.354506],[-157.739448,21.355076],[-157.738363,21.35553],[-157.737785,21.355435],[-157.737242,21.355094],[-157.736663,21.35514],[-157.736283,21.355256],[-157.73538,21.355147],[-157.735191,21.35601],[-157.735598,21.357029],[-157.735506,21.357299],[-157.734666,21.358275],[-157.734243,21.359085],[-157.733879,21.359371],[-157.733604,21.359792],[-157.733118,21.359917],[-157.732728,21.360683],[-157.732686,21.36142],[-157.732843,21.362014],[-157.73237,21.362383],[-157.731353,21.362866],[-157.73126,21.363153],[-157.731351,21.363517],[-157.7316,21.36363],[-157.731929,21.363611],[-157.732158,21.363872],[-157.732192,21.364194],[-157.732016,21.364696],[-157.731516,21.365018],[-157.731357,21.366609],[-157.731128,21.367038],[-157.730929,21.367759],[-157.730246,21.368658],[-157.729819,21.368817],[-157.729568,21.369014],[-157.728553,21.368875],[-157.727974,21.368871],[-157.72733,21.368103],[-157.726782,21.367728],[-157.725615,21.367802],[-157.725164,21.367664],[-157.723696,21.367705],[-157.723336,21.367836],[-157.723113,21.368152],[-157.721651,21.368263],[-157.720893,21.368406],[-157.720409,21.368583],[-157.719995,21.369453],[-157.720097,21.37129],[-157.720211,21.371606],[-157.720128,21.372893],[-157.719834,21.373348],[-157.719434,21.373641],[-157.719341,21.373937],[-157.71903,21.374333],[-157.718917,21.374806],[-157.719005,21.375171],[-157.719239,21.375283],[-157.719637,21.37526],[-157.719792,21.376151],[-157.719696,21.376768],[-157.71971,21.377217],[-157.719939,21.377956],[-157.71955,21.378694],[-157.719552,21.380832],[-157.718855,21.379946],[-157.718388,21.379545],[-157.717425,21.379039],[-157.71682,21.378948],[-157.714306,21.378997],[-157.713638,21.378788],[-157.712716,21.378832],[-157.712209,21.37893],[-157.711683,21.379095],[-157.710783,21.379613],[-157.710529,21.379645],[-157.709817,21.379402],[-157.708941,21.379336],[-157.707065,21.379821],[-157.706018,21.380305]]]]},"properties":{}},{"type":"Feature","id":534,"geometry":{"type":"MultiPolygon","coordinates":[[[[-157.838485,21.401332],[-157.838388,21.401042],[-157.838426,21.400805],[-157.838698,21.400773],[-157.839276,21.400862],[-157.839801,21.400814],[-157.840325,21.400886],[-157.840923,21.400636],[-157.841323,21.400368],[-157.841874,21.39982],[-157.842251,21.399697],[-157.842744,21.399555],[-157.843608,21.399672],[-157.84388,21.399555],[-157.844405,21.399559],[-157.845057,21.399462],[-157.846029,21.398855],[-157.846998,21.39873],[-157.848303,21.398282],[-157.848957,21.397914],[-157.850261,21.397702],[-157.850898,21.397249],[-157.851836,21.396365],[-157.852427,21.39604],[-157.853908,21.393925],[-157.854055,21.393612],[-157.854255,21.393487],[-157.854509,21.393463],[-157.854735,21.39227],[-157.855057,21.391599],[-157.856079,21.391534],[-157.856641,21.391352],[-157.857152,21.39083],[-157.857534,21.390562],[-157.85779,21.390106],[-157.857939,21.389599],[-157.858374,21.389466],[-157.859007,21.389437],[-157.859841,21.389256],[-157.860932,21.388467],[-157.861695,21.387998],[-157.86204,21.387865],[-157.863595,21.387825],[-157.864067,21.387659],[-157.864927,21.387511],[-157.865916,21.387138],[-157.867044,21.386231],[-157.86848,21.385309],[-157.869153,21.384788],[-157.870207,21.384186],[-157.871138,21.382972],[-157.872756,21.381941],[-157.873318,21.381801],[-157.873754,21.381542],[-157.874919,21.38017],[-157.875537,21.380148],[-157.876045,21.379931],[-157.876211,21.379475],[-157.876701,21.379224],[-157.877066,21.378735],[-157.879263,21.377649],[-157.880386,21.377402],[-157.881855,21.376921],[-157.882928,21.376098],[-157.883364,21.375864],[-157.885864,21.375287],[-157.886918,21.37492],[-157.888173,21.374838],[-157.888464,21.374569],[-157.889271,21.374277],[-157.889722,21.374035],[-157.890595,21.373811],[-157.891173,21.373503],[-157.891973,21.373329],[-157.893044,21.37276],[-157.893786,21.372255],[-157.894948,21.372011],[-157.896591,21.37128],[-157.896977,21.371192],[-157.898214,21.370629],[-157.898913,21.370211],[-157.90046,21.36977],[-157.901243,21.369345],[-157.903744,21.369159],[-157.904616,21.368623],[-157.905001,21.368625],[-157.90549,21.367725],[-157.905877,21.367547],[-157.905883,21.366734],[-157.906173,21.366645],[-157.906469,21.365744],[-157.907054,21.364935],[-157.906966,21.36385],[-157.907548,21.363312],[-157.906858,21.363283],[-157.905911,21.363368],[-157.905081,21.363181],[-157.904607,21.362879],[-157.90396,21.362254],[-157.903395,21.361307],[-157.902454,21.36102],[-157.901297,21.360922],[-157.90101,21.360649],[-157.90025,21.359108],[-157.900351,21.358567],[-157.900065,21.358113],[-157.899977,21.356938],[-157.899021,21.355848],[-157.899223,21.354585],[-157.898016,21.353514],[-157.897398,21.353579],[-157.897303,21.353397],[-157.89727,21.352466],[-157.897369,21.352105],[-157.897092,21.350477],[-157.896996,21.350477],[-157.896998,21.350115],[-157.897483,21.349757],[-157.897681,21.349036],[-157.897971,21.349038],[-157.897972,21.348857],[-157.898069,21.348767],[-157.89788,21.348224],[-157.898371,21.347143],[-157.899143,21.347058],[-157.899532,21.346518],[-157.899632,21.346067],[-157.900311,21.34562],[-157.900891,21.345353],[-157.901187,21.344451],[-157.901767,21.344275],[-157.902253,21.343736],[-157.903024,21.343831],[-157.903897,21.343114],[-157.90467,21.342938],[-157.906212,21.343039],[-157.905933,21.341682],[-157.905767,21.337977],[-157.90519,21.337792],[-157.905192,21.337521],[-157.904424,21.337065],[-157.903749,21.33706],[-157.903368,21.336516],[-157.903275,21.336063],[-157.902602,21.335788],[-157.900962,21.335777],[-157.900578,21.335594],[-157.900007,21.334597],[-157.899917,21.333783],[-157.898957,21.333235],[-157.898861,21.333053],[-157.898092,21.332777],[-157.898004,21.331693],[-157.897723,21.330516],[-157.89771,21.32904],[-157.897593,21.329078],[-157.897034,21.329813],[-157.896223,21.330507],[-157.895847,21.330617],[-157.89449,21.330695],[-157.894261,21.330926],[-157.893743,21.331169],[-157.893497,21.331389],[-157.893497,21.3321],[-157.894155,21.333002],[-157.893868,21.333652],[-157.893345,21.333542],[-157.893256,21.333173],[-157.892774,21.332579],[-157.892651,21.332337],[-157.892644,21.33172],[-157.892544,21.331329],[-157.892374,21.33107],[-157.892086,21.330894],[-157.891733,21.330822],[-157.891338,21.33084],[-157.891496,21.331607],[-157.891127,21.333766],[-157.890104,21.336185],[-157.889326,21.336993],[-157.888748,21.336989],[-157.888552,21.33735],[-157.888167,21.337347],[-157.888163,21.337799],[-157.887001,21.338514],[-157.886615,21.338511],[-157.886235,21.337696],[-157.885277,21.336967],[-157.884507,21.336781],[-157.883835,21.336325],[-157.88287,21.336499],[-157.881815,21.335769],[-157.881237,21.335675],[-157.880174,21.335939],[-157.880171,21.3363],[-157.8792,21.337197],[-157.878982,21.340538],[-157.878302,21.341166],[-157.8783,21.341527],[-157.878107,21.341526],[-157.877902,21.343061],[-157.876643,21.343775],[-157.876638,21.344498],[-157.87625,21.344766],[-157.876248,21.345037],[-157.875181,21.345843],[-157.874498,21.346832],[-157.871601,21.347445],[-157.871132,21.348361],[-157.869654,21.349871],[-157.869069,21.35068],[-157.868392,21.350947],[-157.867727,21.351489],[-157.867225,21.352113],[-157.866996,21.352551],[-157.866544,21.352922],[-157.866156,21.353545],[-157.866211,21.355849],[-157.865357,21.356402],[-157.863434,21.357185],[-157.862652,21.357412],[-157.862071,21.35777],[-157.861035,21.358727],[-157.860686,21.35947],[-157.860085,21.360059],[-157.859898,21.360803],[-157.859921,21.361459],[-157.860198,21.361855],[-157.859923,21.36226],[-157.859042,21.362898],[-157.85867,21.363013],[-157.858233,21.363332],[-157.857959,21.363754],[-157.857071,21.363917],[-157.856234,21.364325],[-157.855327,21.365023],[-157.854101,21.365756],[-157.853543,21.366485],[-157.852472,21.367053],[-157.852088,21.367576],[-157.851674,21.367727],[-157.850654,21.368311],[-157.849157,21.368974],[-157.848311,21.369549],[-157.846446,21.370401],[-157.845388,21.371095],[-157.844414,21.3712],[-157.842706,21.371844],[-157.842383,21.371908],[-157.84129,21.372495],[-157.839966,21.373028],[-157.838928,21.373876],[-157.837639,21.374579],[-157.83731,21.375051],[-157.836662,21.375753],[-157.836432,21.376196],[-157.83641,21.376806],[-157.835846,21.377209],[-157.835102,21.377911],[-157.834499,21.378317],[-157.834297,21.378638],[-157.833715,21.379125],[-157.833242,21.379426],[-157.831036,21.37987],[-157.829389,21.380762],[-157.828688,21.381359],[-157.827742,21.381963],[-157.827414,21.382282],[-157.827079,21.383465],[-157.826824,21.383701],[-157.826154,21.383798],[-157.825701,21.383627],[-157.825083,21.384265],[-157.823775,21.385102],[-157.823675,21.386236],[-157.823994,21.387052],[-157.824154,21.387409],[-157.825159,21.388347],[-157.825084,21.38877],[-157.824662,21.389496],[-157.824589,21.389942],[-157.824963,21.39139],[-157.825277,21.391753],[-157.825471,21.392313],[-157.824777,21.393189],[-157.824804,21.394366],[-157.825228,21.39564],[-157.825506,21.395911],[-157.827049,21.395922],[-157.828495,21.396382],[-157.829323,21.396947],[-157.829517,21.397474],[-157.829551,21.397796],[-157.829827,21.398381],[-157.830683,21.398769],[-157.830844,21.398974],[-157.831312,21.399214],[-157.832143,21.399355],[-157.832711,21.399666],[-157.833678,21.399705],[-157.83406,21.399856],[-157.834736,21.39968],[-157.835071,21.399698],[-157.835314,21.399864],[-157.835794,21.399736],[-157.836082,21.399823],[-157.83619,21.399976],[-157.836469,21.400143],[-157.836695,21.400149],[-157.836893,21.400286],[-157.837252,21.400577],[-157.837428,21.400873],[-157.838485,21.401332]]]]},"properties":{}},{"type":"Feature","id":535,"geometry":{"type":"MultiPolygon","coordinates":[[[[-158.099927,21.399424],[-158.10016,21.399235],[-158.100341,21.399186],[-158.100469,21.399034],[-158.1004,21.398458],[-158.100696,21.39746],[-158.101279,21.396769],[-158.101751,21.396415],[-158.101916,21.396044],[-158.101882,21.395738],[-158.102028,21.395536],[-158.102645,21.395099],[-158.10299,21.394965],[-158.10343,21.394565],[-158.103528,21.394204],[-158.104281,21.393837],[-158.10403,21.393446],[-158.103829,21.392398],[-158.103932,21.391225],[-158.104227,21.390838],[-158.104338,21.390475],[-158.10425,21.390059],[-158.103891,21.3896],[-158.103821,21.389108],[-158.103951,21.388541],[-158.103759,21.387971],[-158.103253,21.387327],[-158.102897,21.387063],[-158.102081,21.386728],[-158.10098,21.386451],[-158.10111,21.385825],[-158.101151,21.385131],[-158.100891,21.383801],[-158.1007,21.383529],[-158.10042,21.383314],[-158.100318,21.382804],[-158.098593,21.381078],[-158.097541,21.379627],[-158.097352,21.378904],[-158.097064,21.378631],[-158.096381,21.378414],[-158.095623,21.37781],[-158.094811,21.377796],[-158.093312,21.377164],[-158.092353,21.376165],[-158.092264,21.3749],[-158.091788,21.373993],[-158.089769,21.372898],[-158.089386,21.372444],[-158.089,21.372442],[-158.088809,21.372169],[-158.087555,21.372162],[-158.08746,21.371981],[-158.087266,21.37207],[-158.087268,21.371799],[-158.087656,21.37135],[-158.087471,21.370084],[-158.087862,21.369363],[-158.08748,21.368728],[-158.087494,21.366469],[-158.085769,21.364652],[-158.08558,21.363928],[-158.08578,21.362845],[-158.085491,21.362844],[-158.085204,21.362481],[-158.085213,21.361035],[-158.085599,21.360947],[-158.08628,21.360047],[-158.087729,21.359603],[-158.087736,21.358519],[-158.088124,21.35807],[-158.088128,21.357437],[-158.088418,21.357348],[-158.088809,21.356537],[-158.088812,21.355995],[-158.089006,21.355906],[-158.088634,21.353645],[-158.088638,21.352922],[-158.088255,21.352558],[-158.088267,21.350571],[-158.088946,21.349851],[-158.089143,21.34922],[-158.088781,21.345333],[-158.089359,21.345517],[-158.089844,21.345068],[-158.089656,21.344344],[-158.089855,21.343261],[-158.090531,21.343174],[-158.090946,21.342643],[-158.090951,21.34178],[-158.090854,21.341066],[-158.090555,21.340208],[-158.09005,21.339825],[-158.089302,21.337634],[-158.088897,21.337441],[-158.088443,21.337058],[-158.088191,21.336629],[-158.088245,21.336201],[-158.088501,21.33587],[-158.088857,21.335634],[-158.089217,21.33497],[-158.08993,21.334593],[-158.091206,21.333411],[-158.092174,21.332941],[-158.093088,21.332756],[-158.094515,21.331812],[-158.094773,21.331148],[-158.094321,21.330337],[-158.093354,21.328098],[-158.093228,21.328102],[-158.091216,21.325923],[-158.091039,21.323393],[-158.091523,21.323034],[-158.091527,21.322492],[-158.091914,21.322313],[-158.092017,21.32123],[-158.092597,21.320962],[-158.093276,21.320242],[-158.093184,21.319519],[-158.09367,21.318889],[-158.095896,21.317546],[-158.09611,21.314023],[-158.09621,21.313481],[-158.0965,21.313302],[-158.096412,21.311947],[-158.096706,21.311135],[-158.097967,21.309877],[-158.098644,21.309519],[-158.099319,21.309522],[-158.099321,21.309161],[-158.101057,21.30917],[-158.101544,21.308269],[-158.101645,21.307547],[-158.101663,21.304565],[-158.104184,21.30223],[-158.104186,21.301778],[-158.104283,21.301688],[-158.104284,21.301507],[-158.104575,21.301238],[-158.104576,21.301057],[-158.104771,21.300697],[-158.10487,21.300245],[-158.104967,21.300156],[-158.104968,21.299975],[-158.105065,21.299885],[-158.105165,21.299434],[-158.105262,21.299344],[-158.105459,21.298622],[-158.105556,21.298532],[-158.105758,21.296997],[-158.105953,21.296637],[-158.105957,21.295948],[-158.103355,21.295677],[-158.101181,21.294966],[-158.099142,21.295275],[-158.094522,21.295287],[-158.091202,21.2957],[-158.089986,21.295623],[-158.08881,21.295639],[-158.087341,21.29576],[-158.086213,21.295606],[-158.085055,21.295876],[-158.084479,21.296294],[-158.083874,21.296586],[-158.083004,21.297137],[-158.082111,21.297534],[-158.081711,21.29766],[-158.080242,21.297869],[-158.077739,21.29836],[-158.076005,21.298288],[-158.075764,21.298216],[-158.075547,21.298337],[-158.074853,21.298365],[-158.074712,21.298244],[-158.074842,21.298156],[-158.074812,21.298089],[-158.074219,21.298249],[-158.073743,21.298161],[-158.073613,21.297671],[-158.073566,21.298155],[-158.07332,21.298282],[-158.072209,21.298282],[-158.071592,21.298491],[-158.068448,21.299146],[-158.067366,21.299477],[-158.066497,21.299543],[-158.065063,21.299504],[-158.063212,21.299817],[-158.058898,21.300235],[-158.0569,21.300532],[-158.055184,21.300598],[-158.053638,21.300862],[-158.052175,21.300768],[-158.051652,21.300801],[-158.051135,21.301005],[-158.050253,21.30112],[-158.049107,21.301445],[-158.046591,21.302749],[-158.045586,21.303179],[-158.043958,21.303734],[-158.04347,21.303652],[-158.042718,21.303651],[-158.041543,21.303761],[-158.041008,21.303943],[-158.038839,21.304146],[-158.037552,21.304365],[-158.037,21.304376],[-158.035677,21.304673],[-158.034761,21.304122],[-158.034479,21.304023],[-158.033779,21.304149],[-158.032739,21.304143],[-158.029489,21.305078],[-158.028307,21.305684],[-158.026891,21.30608],[-158.025516,21.306046],[-158.024029,21.306134],[-158.023059,21.306023],[-158.022251,21.306034],[-158.019559,21.306631],[-158.018877,21.306978],[-158.017907,21.307298],[-158.01722,21.307298],[-158.016526,21.307502],[-158.016021,21.307569],[-158.015046,21.308009],[-158.014681,21.308026],[-158.013806,21.308247],[-158.013195,21.308533],[-158.012772,21.308902],[-158.011708,21.309178],[-158.008846,21.309757],[-158.006137,21.310104],[-158.005167,21.310297],[-158.001988,21.311135],[-157.995664,21.312574],[-157.99071,21.313902],[-157.988841,21.31426],[-157.988412,21.314403],[-157.986861,21.314652],[-157.981918,21.315864],[-157.98059,21.315991],[-157.979508,21.3156],[-157.978639,21.315523],[-157.978045,21.315666],[-157.976775,21.316438],[-157.978554,21.318136],[-157.979036,21.318139],[-157.979035,21.318229],[-157.979324,21.318231],[-157.980285,21.318689],[-157.980863,21.318783],[-157.980959,21.318874],[-157.981248,21.318875],[-157.982016,21.319332],[-157.983362,21.319972],[-157.983555,21.319973],[-157.983746,21.320155],[-157.983939,21.320156],[-157.984131,21.320338],[-157.984324,21.320339],[-157.984515,21.320521],[-157.984708,21.320522],[-157.9849,21.320704],[-157.985092,21.320706],[-157.985188,21.320887],[-157.985477,21.320889],[-157.986876,21.321664],[-157.987778,21.322709],[-157.989791,21.324438],[-157.992379,21.326803],[-157.992278,21.327435],[-157.991599,21.327973],[-157.991596,21.328515],[-157.991879,21.32933],[-157.992265,21.329332],[-157.992359,21.329694],[-157.993221,21.330512],[-157.994375,21.330971],[-157.994954,21.330884],[-157.996783,21.331346],[-157.997263,21.331711],[-157.998519,21.331266],[-157.999967,21.331094],[-158.00093,21.33119],[-158.001705,21.330653],[-158.002859,21.331112],[-158.004401,21.331211],[-158.00672,21.330592],[-158.006628,21.329869],[-158.006918,21.32978],[-158.007589,21.330417],[-158.010289,21.330342],[-158.013367,21.331444],[-158.015481,21.332631],[-158.016251,21.332817],[-158.016342,21.33354],[-158.017497,21.333908],[-158.017495,21.334269],[-158.018452,21.335269],[-158.019319,21.335364],[-158.02066,21.336727],[-158.021911,21.337096],[-158.025775,21.340797],[-158.027896,21.34081],[-158.029143,21.341901],[-158.029625,21.341904],[-158.031548,21.342728],[-158.034423,21.345545],[-158.034416,21.346539],[-158.034705,21.34654],[-158.035088,21.346994],[-158.034792,21.347986],[-158.035272,21.34835],[-158.035652,21.349256],[-158.03623,21.349259],[-158.036709,21.349804],[-158.037191,21.349807],[-158.037286,21.349988],[-158.038341,21.350897],[-158.038501,21.351194],[-158.03975,21.351924],[-158.040612,21.352833],[-158.041862,21.353382],[-158.042246,21.353745],[-158.042339,21.354198],[-158.042629,21.354199],[-158.043971,21.355381],[-158.045024,21.356652],[-158.0454,21.3581],[-158.045786,21.358102],[-158.046168,21.358646],[-158.047614,21.358654],[-158.049622,21.361376],[-158.050197,21.361921],[-158.050487,21.361923],[-158.051924,21.363376],[-158.051912,21.365183],[-158.053061,21.366455],[-158.053638,21.366729],[-158.054308,21.367636],[-158.054693,21.367638],[-158.055076,21.368092],[-158.056038,21.368549],[-158.056128,21.369544],[-158.055837,21.369813],[-158.055736,21.370445],[-158.055447,21.370443],[-158.055317,21.375682],[-158.055975,21.378397],[-158.055972,21.378758],[-158.057413,21.37967],[-158.057699,21.380213],[-158.057587,21.382742],[-158.057969,21.383287],[-158.058355,21.383289],[-158.058343,21.385186],[-158.058531,21.38591],[-158.059107,21.386365],[-158.059201,21.386727],[-158.060261,21.386914],[-158.061506,21.388366],[-158.061891,21.388368],[-158.062464,21.389275],[-158.063041,21.38964],[-158.06439,21.389828],[-158.065254,21.390556],[-158.067954,21.390752],[-158.068051,21.390572],[-158.06863,21.390575],[-158.070553,21.39158],[-158.072288,21.39177],[-158.072768,21.392225],[-158.074117,21.392323],[-158.075079,21.39287],[-158.07624,21.392245],[-158.07678,21.392159],[-158.077398,21.392251],[-158.078071,21.392526],[-158.078743,21.393492],[-158.078973,21.394289],[-158.079408,21.394702],[-158.080346,21.394534],[-158.080909,21.394267],[-158.08144,21.39372],[-158.083016,21.392856],[-158.084507,21.391644],[-158.085412,21.391123],[-158.086808,21.390997],[-158.088403,21.391049],[-158.088798,21.390974],[-158.089142,21.39079],[-158.089688,21.390285],[-158.09095,21.390936],[-158.091273,21.391378],[-158.091868,21.391635],[-158.092375,21.391638],[-158.092737,21.391556],[-158.094007,21.390902],[-158.094867,21.390815],[-158.095443,21.39127],[-158.095449,21.39169],[-158.095727,21.392175],[-158.096687,21.392903],[-158.096612,21.39378],[-158.096972,21.394154],[-158.097333,21.394224],[-158.097547,21.394353],[-158.098124,21.395024],[-158.098216,21.39526],[-158.098098,21.396295],[-158.098301,21.397158],[-158.09858,21.397313],[-158.098939,21.397756],[-158.099009,21.398196],[-158.099546,21.39908],[-158.099927,21.399424]]]]},"properties":{}},{"type":"Feature","id":536,"geometry":{"type":"MultiPolygon","coordinates":[[[[-157.988733,21.394266],[-157.989314,21.393998],[-157.989318,21.393366],[-157.989996,21.393009],[-157.99096,21.393015],[-157.991446,21.392566],[-157.992025,21.392479],[-157.992124,21.392118],[-157.992799,21.392122],[-157.9929,21.391581],[-157.993967,21.390593],[-157.99475,21.388972],[-157.99562,21.388706],[-157.995624,21.388164],[-157.996013,21.387624],[-157.995919,21.387263],[-157.99631,21.386633],[-157.996514,21.385008],[-157.996904,21.384287],[-157.997293,21.383928],[-157.997678,21.383931],[-157.998918,21.382011],[-157.99983,21.380933],[-157.999908,21.380052],[-157.999063,21.37897],[-157.999382,21.374545],[-158.000844,21.372296],[-158.001133,21.372388],[-158.002196,21.372123],[-158.004794,21.372138],[-158.004548,21.371687],[-158.005195,21.371274],[-158.005306,21.371131],[-158.005247,21.370751],[-158.005124,21.370591],[-158.004501,21.369986],[-158.004183,21.370008],[-158.003989,21.370355],[-158.003101,21.370327],[-158.002878,21.37014],[-158.003319,21.369496],[-158.002901,21.369226],[-158.003201,21.368984],[-158.003313,21.368719],[-158.003589,21.368708],[-158.00353,21.368179],[-158.004535,21.367353],[-158.004553,21.366852],[-158.004412,21.366021],[-158.004435,21.365057],[-158.004294,21.364605],[-158.003694,21.364291],[-158.003129,21.364137],[-158.001936,21.363515],[-158.001354,21.362976],[-158.000918,21.362205],[-158.000454,21.361682],[-158.000319,21.361137],[-158.000307,21.360112],[-158.001088,21.358895],[-158.001018,21.358356],[-158.000824,21.357899],[-158.000053,21.357023],[-157.999201,21.356401],[-157.99799,21.356594],[-157.997925,21.356858],[-157.99759,21.357227],[-157.997173,21.357404],[-157.997049,21.357525],[-157.99645,21.358616],[-157.99605,21.358698],[-157.995639,21.359144],[-157.995121,21.359492],[-157.993352,21.359415],[-157.992929,21.359492],[-157.992323,21.359756],[-157.992047,21.359988],[-157.991036,21.36055],[-157.990501,21.360467],[-157.99023,21.360545],[-157.989537,21.361134],[-157.98929,21.36169],[-157.988755,21.362076],[-157.987321,21.362318],[-157.987221,21.362137],[-157.987491,21.360997],[-157.988173,21.360545],[-157.988261,21.36038],[-157.988026,21.35973],[-157.988049,21.359493],[-157.987938,21.359003],[-157.98809,21.358392],[-157.988366,21.357769],[-157.988866,21.357703],[-157.989219,21.358144],[-157.989589,21.358039],[-157.989607,21.357797],[-157.992235,21.357207],[-157.992564,21.357047],[-157.992734,21.356843],[-157.992558,21.35664],[-157.992317,21.356574],[-157.992299,21.356386],[-157.992111,21.356364],[-157.99127,21.355907],[-157.990688,21.355302],[-157.990283,21.355098],[-157.989801,21.354559],[-157.989365,21.353683],[-157.98923,21.352753],[-157.988918,21.351767],[-157.988613,21.351503],[-157.987131,21.351442],[-157.986385,21.351299],[-157.985803,21.351024],[-157.985491,21.350953],[-157.985138,21.350964],[-157.984633,21.351096],[-157.983945,21.351548],[-157.982752,21.35206],[-157.98197,21.352093],[-157.981271,21.351939],[-157.980242,21.35129],[-157.97986,21.350701],[-157.979566,21.349335],[-157.979425,21.349109],[-157.97879,21.348537],[-157.978072,21.347722],[-157.977849,21.347716],[-157.977737,21.347639],[-157.977155,21.346835],[-157.977091,21.34634],[-157.976944,21.346196],[-157.976773,21.346246],[-157.976133,21.346119],[-157.976033,21.346026],[-157.976027,21.345877],[-157.97575,21.345794],[-157.975586,21.345007],[-157.97528,21.344539],[-157.97478,21.344219],[-157.974727,21.344115],[-157.974575,21.343255],[-157.973411,21.341956],[-157.971435,21.341697],[-157.971359,21.343316],[-157.971271,21.343349],[-157.971324,21.344638],[-157.971559,21.344809],[-157.971959,21.344914],[-157.972029,21.345343],[-157.971565,21.345476],[-157.9715,21.345586],[-157.971671,21.345977],[-157.971671,21.346357],[-157.971401,21.346566],[-157.971642,21.347183],[-157.972047,21.347513],[-157.97267,21.348587],[-157.972729,21.349303],[-157.972641,21.349694],[-157.970977,21.352414],[-157.970889,21.35275],[-157.971118,21.353527],[-157.971148,21.354],[-157.971524,21.354997],[-157.972171,21.35552],[-157.973005,21.355729],[-157.973323,21.355927],[-157.973858,21.356511],[-157.974028,21.356885],[-157.974005,21.357574],[-157.974175,21.358587],[-157.974299,21.358725],[-157.974581,21.358851],[-157.97504,21.358912],[-157.975175,21.359176],[-157.975128,21.359551],[-157.975428,21.35976],[-157.975616,21.360409],[-157.975933,21.360806],[-157.975651,21.361357],[-157.975234,21.361759],[-157.975081,21.362309],[-157.975263,21.363868],[-157.975157,21.364749],[-157.975386,21.365222],[-157.975051,21.365344],[-157.975034,21.365476],[-157.97511,21.365586],[-157.977438,21.36596],[-157.977744,21.366153],[-157.977903,21.366582],[-157.978185,21.366582],[-157.977997,21.366489],[-157.978849,21.366186],[-157.979243,21.365751],[-157.979496,21.365613],[-157.980119,21.365442],[-157.981048,21.365359],[-157.981542,21.365227],[-157.981836,21.365227],[-157.982365,21.365442],[-157.983206,21.366097],[-157.983794,21.36711],[-157.984029,21.367347],[-157.985128,21.368106],[-157.985505,21.368552],[-157.985634,21.368866],[-157.985804,21.369004],[-157.98621,21.369158],[-157.98661,21.369615],[-157.987457,21.370859],[-157.987871,21.37192],[-157.987965,21.372526],[-157.988165,21.37295],[-157.988306,21.373831],[-157.987989,21.374371],[-157.987983,21.374519],[-157.988589,21.374657],[-157.989341,21.375978],[-157.989524,21.376177],[-157.989994,21.376457],[-157.990317,21.376848],[-157.991011,21.377261],[-157.991176,21.37747],[-157.99137,21.379276],[-157.991306,21.380515],[-157.991371,21.38073],[-157.9914,21.381787],[-157.991653,21.383159],[-157.99213,21.384183],[-157.992518,21.385301],[-157.992483,21.386116],[-157.992195,21.386777],[-157.991954,21.387102],[-157.991219,21.387581],[-157.990496,21.387873],[-157.989843,21.388011],[-157.9881,21.388149],[-157.988094,21.389023],[-157.988285,21.389385],[-157.98827,21.391553],[-157.988171,21.391914],[-157.988167,21.392456],[-157.988548,21.39309],[-157.988733,21.394266]]]]},"properties":{}},{"type":"Feature","id":537,"geometry":{"type":"MultiPolygon","coordinates":[[[[-158.119386,21.326309],[-158.11808,21.327891],[-158.117648,21.328216],[-158.116749,21.328544],[-158.116266,21.32858],[-158.115716,21.328513],[-158.115197,21.328334],[-158.114786,21.328092],[-158.111616,21.324492],[-158.115159,21.321364],[-158.115061,21.321177],[-158.11593,21.32034],[-158.116193,21.320787],[-158.116426,21.320788],[-158.118917,21.32295],[-158.11917,21.32342],[-158.11957,21.323391],[-158.118713,21.322109],[-158.118995,21.32184],[-158.120655,21.321482],[-158.120914,21.321906],[-158.121572,21.321526],[-158.120943,21.320892],[-158.119943,21.318915],[-158.119408,21.317401],[-158.119202,21.316349],[-158.119067,21.316046],[-158.118914,21.315242],[-158.118926,21.314201],[-158.118855,21.31392],[-158.118014,21.312086],[-158.116421,21.309454],[-158.116033,21.30859],[-158.115469,21.307731],[-158.115292,21.307235],[-158.114704,21.306078],[-158.114111,21.305153],[-158.113387,21.303209],[-158.113105,21.302703],[-158.112465,21.302064],[-158.111113,21.299685],[-158.110631,21.299101],[-158.110307,21.298831],[-158.108773,21.297978],[-158.107345,21.2967],[-158.105957,21.295948],[-158.105953,21.296637],[-158.105758,21.296997],[-158.105556,21.298532],[-158.105459,21.298622],[-158.105262,21.299344],[-158.105165,21.299434],[-158.105065,21.299885],[-158.104968,21.299975],[-158.104967,21.300156],[-158.10487,21.300245],[-158.104869,21.300426],[-158.104772,21.300516],[-158.104771,21.300697],[-158.104576,21.301057],[-158.104575,21.301238],[-158.104284,21.301507],[-158.104283,21.301688],[-158.104186,21.301778],[-158.104184,21.30223],[-158.101663,21.304565],[-158.101645,21.307547],[-158.101544,21.308269],[-158.101057,21.30917],[-158.099321,21.309161],[-158.099319,21.309522],[-158.098644,21.309519],[-158.097967,21.309877],[-158.096706,21.311135],[-158.096412,21.311947],[-158.0965,21.313302],[-158.09621,21.313481],[-158.09611,21.314023],[-158.095896,21.317546],[-158.09367,21.318889],[-158.093184,21.319519],[-158.093276,21.320242],[-158.092597,21.320962],[-158.092017,21.32123],[-158.091914,21.322313],[-158.091527,21.322492],[-158.091523,21.323034],[-158.091039,21.323393],[-158.091216,21.325923],[-158.093228,21.328102],[-158.093354,21.328098],[-158.094321,21.330337],[-158.094773,21.331148],[-158.094515,21.331812],[-158.093088,21.332756],[-158.092174,21.332941],[-158.091206,21.333411],[-158.08993,21.334593],[-158.089217,21.33497],[-158.088857,21.335634],[-158.088501,21.33587],[-158.088245,21.336201],[-158.088191,21.336629],[-158.088443,21.337058],[-158.088897,21.337441],[-158.089302,21.337634],[-158.09005,21.339825],[-158.090555,21.340208],[-158.090854,21.341066],[-158.090951,21.34178],[-158.090946,21.342643],[-158.090531,21.343174],[-158.089855,21.343261],[-158.089656,21.344344],[-158.089844,21.345068],[-158.089359,21.345517],[-158.088781,21.345333],[-158.089143,21.34922],[-158.088946,21.349851],[-158.088267,21.350571],[-158.088255,21.352558],[-158.088638,21.352922],[-158.088634,21.353645],[-158.089006,21.355906],[-158.088812,21.355995],[-158.088809,21.356537],[-158.088418,21.357348],[-158.088128,21.357437],[-158.088124,21.35807],[-158.087736,21.358519],[-158.087729,21.359603],[-158.08628,21.360047],[-158.085599,21.360947],[-158.085213,21.361035],[-158.085204,21.362481],[-158.085491,21.362844],[-158.08578,21.362845],[-158.08558,21.363928],[-158.085769,21.364652],[-158.087494,21.366469],[-158.08748,21.368728],[-158.087862,21.369363],[-158.087471,21.370084],[-158.087656,21.37135],[-158.087268,21.371799],[-158.087266,21.37207],[-158.08746,21.371981],[-158.087555,21.372162],[-158.088809,21.372169],[-158.089,21.372442],[-158.089386,21.372444],[-158.089769,21.372898],[-158.091788,21.373993],[-158.092264,21.3749],[-158.092353,21.376165],[-158.093312,21.377164],[-158.094811,21.377796],[-158.095623,21.37781],[-158.096381,21.378414],[-158.097064,21.378631],[-158.097352,21.378904],[-158.097541,21.379627],[-158.098593,21.381078],[-158.100318,21.382804],[-158.10042,21.383314],[-158.1007,21.383529],[-158.100891,21.383801],[-158.101151,21.385131],[-158.10111,21.385825],[-158.10098,21.386451],[-158.102081,21.386728],[-158.102897,21.387063],[-158.103253,21.387327],[-158.103759,21.387971],[-158.104373,21.387553],[-158.105216,21.386353],[-158.105812,21.3859],[-158.106646,21.385532],[-158.107665,21.384521],[-158.108065,21.384235],[-158.108318,21.383839],[-158.109287,21.383031],[-158.110544,21.382676],[-158.111509,21.38259],[-158.114087,21.38125],[-158.114412,21.380979],[-158.115568,21.381256],[-158.116814,21.381942],[-158.118171,21.38145],[-158.121213,21.381269],[-158.122421,21.380478],[-158.125333,21.378783],[-158.125807,21.378778],[-158.12668,21.377879],[-158.126753,21.377266],[-158.126978,21.376435],[-158.127612,21.375779],[-158.128936,21.375092],[-158.128868,21.37438],[-158.129035,21.373601],[-158.130282,21.372386],[-158.130763,21.372479],[-158.131248,21.37203],[-158.131445,21.371398],[-158.133085,21.371406],[-158.133958,21.370417],[-158.135952,21.368659],[-158.135904,21.367692],[-158.135474,21.366767],[-158.135033,21.36609],[-158.13498,21.365555],[-158.134574,21.365032],[-158.134415,21.364399],[-158.134133,21.363947],[-158.133621,21.362543],[-158.133192,21.361712],[-158.132909,21.360952],[-158.132339,21.359949],[-158.132244,21.359393],[-158.13165,21.357983],[-158.131191,21.356441],[-158.131256,21.356177],[-158.130568,21.356386],[-158.130468,21.356293],[-158.130509,21.356144],[-158.13038,21.356106],[-158.130333,21.355852],[-158.130961,21.355568],[-158.130726,21.355527],[-158.130503,21.354877],[-158.130811,21.35457],[-158.130662,21.35453],[-158.130438,21.354651],[-158.130438,21.354541],[-158.130303,21.354442],[-158.130256,21.354189],[-158.130526,21.354057],[-158.130744,21.35377],[-158.130673,21.353583],[-158.130873,21.353291],[-158.13089,21.353186],[-158.130714,21.352883],[-158.130673,21.352553],[-158.130502,21.352151],[-158.130772,21.351782],[-158.130396,21.351529],[-158.130296,21.35051],[-158.130108,21.350234],[-158.130031,21.349794],[-158.129631,21.349276],[-158.129096,21.34775],[-158.129031,21.347266],[-158.128831,21.347018],[-158.12909,21.346126],[-158.128866,21.345751],[-158.128913,21.344771],[-158.12886,21.344325],[-158.128513,21.343537],[-158.128489,21.342728],[-158.128001,21.342673],[-158.12786,21.342381],[-158.127795,21.341803],[-158.127995,21.341406],[-158.127678,21.341015],[-158.127795,21.340183],[-158.127477,21.339748],[-158.127089,21.339556],[-158.127189,21.339291],[-158.127171,21.33895],[-158.126478,21.337535],[-158.126201,21.337254],[-158.126084,21.336957],[-158.12576,21.336637],[-158.125119,21.335729],[-158.124278,21.334253],[-158.124243,21.333884],[-158.124402,21.333542],[-158.124178,21.333234],[-158.124125,21.332876],[-158.123908,21.332347],[-158.123784,21.331125],[-158.123513,21.330288],[-158.123107,21.328222],[-158.123143,21.327501],[-158.123401,21.326757],[-158.123424,21.326388],[-158.123166,21.325573],[-158.122913,21.324185],[-158.122369,21.323122],[-158.122085,21.323406],[-158.122084,21.323545],[-158.121905,21.323719],[-158.121878,21.323867],[-158.122283,21.324218],[-158.122361,21.3247],[-158.12229,21.325321],[-158.12207,21.325815],[-158.121689,21.326152],[-158.12148,21.326068],[-158.121204,21.32582],[-158.121068,21.325883],[-158.12104,21.326098],[-158.120837,21.326123],[-158.120768,21.326287],[-158.120917,21.326402],[-158.120821,21.326478],[-158.120673,21.326388],[-158.120359,21.326779],[-158.120898,21.329277],[-158.1188,21.329733],[-158.118533,21.32995],[-158.118067,21.330041],[-158.117866,21.330227],[-158.116901,21.330347],[-158.116773,21.329474],[-158.117306,21.329383],[-158.120889,21.325164],[-158.120791,21.324946],[-158.120525,21.324944],[-158.120258,21.325099],[-158.119386,21.326309]]]]},"properties":{}},{"type":"Feature","id":538,"geometry":{"type":"MultiPolygon","coordinates":[[[[-157.823775,21.385102],[-157.825083,21.384265],[-157.825701,21.383627],[-157.826154,21.383798],[-157.826824,21.383701],[-157.827079,21.383465],[-157.827414,21.382282],[-157.827742,21.381963],[-157.828688,21.381359],[-157.829389,21.380762],[-157.831036,21.37987],[-157.833242,21.379426],[-157.833715,21.379125],[-157.834297,21.378638],[-157.834499,21.378317],[-157.835102,21.377911],[-157.835846,21.377209],[-157.83641,21.376806],[-157.836432,21.376196],[-157.836662,21.375753],[-157.83731,21.375051],[-157.837639,21.374579],[-157.838928,21.373876],[-157.839966,21.373028],[-157.84129,21.372495],[-157.842383,21.371908],[-157.842706,21.371844],[-157.844414,21.3712],[-157.845388,21.371095],[-157.846446,21.370401],[-157.848311,21.369549],[-157.849157,21.368974],[-157.850654,21.368311],[-157.851674,21.367727],[-157.852088,21.367576],[-157.852472,21.367053],[-157.853543,21.366485],[-157.854101,21.365756],[-157.855327,21.365023],[-157.856234,21.364325],[-157.857071,21.363917],[-157.857959,21.363754],[-157.858233,21.363332],[-157.85867,21.363013],[-157.859042,21.362898],[-157.859923,21.36226],[-157.860198,21.361855],[-157.859921,21.361459],[-157.859898,21.360803],[-157.860085,21.360059],[-157.860686,21.35947],[-157.861035,21.358727],[-157.862071,21.35777],[-157.862652,21.357412],[-157.863434,21.357185],[-157.865357,21.356402],[-157.866211,21.355849],[-157.866156,21.353545],[-157.866544,21.352922],[-157.866996,21.352551],[-157.867225,21.352113],[-157.867727,21.351489],[-157.868392,21.350947],[-157.869069,21.35068],[-157.869654,21.349871],[-157.871132,21.348361],[-157.871601,21.347445],[-157.874498,21.346832],[-157.875181,21.345843],[-157.876248,21.345037],[-157.87625,21.344766],[-157.876638,21.344498],[-157.876643,21.343775],[-157.877902,21.343061],[-157.878107,21.341526],[-157.8783,21.341527],[-157.878302,21.341166],[-157.878982,21.340538],[-157.8792,21.337197],[-157.880171,21.3363],[-157.880174,21.335939],[-157.881237,21.335675],[-157.881815,21.335769],[-157.88287,21.336499],[-157.883835,21.336325],[-157.884507,21.336781],[-157.885277,21.336967],[-157.886235,21.337696],[-157.886615,21.338511],[-157.887001,21.338514],[-157.888163,21.337799],[-157.888167,21.337347],[-157.888552,21.33735],[-157.888748,21.336989],[-157.889326,21.336993],[-157.890104,21.336185],[-157.891127,21.333766],[-157.891496,21.331607],[-157.891338,21.33084],[-157.890852,21.331104],[-157.890523,21.331627],[-157.890211,21.331897],[-157.890005,21.331798],[-157.890058,21.331385],[-157.890728,21.330658],[-157.891169,21.330008],[-157.891456,21.329154],[-157.892479,21.328394],[-157.892649,21.328157],[-157.892578,21.327799],[-157.892678,21.327771],[-157.89299,21.327914],[-157.893278,21.327474],[-157.89333,21.32684],[-157.892937,21.326769],[-157.893036,21.326499],[-157.893424,21.326157],[-157.893636,21.326345],[-157.894071,21.326097],[-157.894688,21.32565],[-157.894829,21.32527],[-157.894329,21.324356],[-157.894487,21.324301],[-157.893858,21.323211],[-157.89377,21.323233],[-157.893394,21.322523],[-157.893505,21.32249],[-157.892599,21.320761],[-157.892664,21.3207],[-157.892435,21.320293],[-157.891935,21.320425],[-157.892018,21.320612],[-157.891888,21.32064],[-157.8918,21.320475],[-157.891453,21.320453],[-157.891301,21.320524],[-157.891259,21.320442],[-157.891312,21.320392],[-157.89123,21.320222],[-157.891359,21.320051],[-157.891471,21.320128],[-157.89163,21.319957],[-157.891565,21.319886],[-157.891794,21.319643],[-157.891882,21.31977],[-157.892317,21.319555],[-157.891417,21.317771],[-157.891505,21.317705],[-157.891082,21.316835],[-157.891317,21.316703],[-157.890993,21.316158],[-157.891099,21.316108],[-157.890799,21.315546],[-157.891052,21.315442],[-157.89097,21.315282],[-157.891116,21.315227],[-157.890821,21.31461],[-157.889783,21.31571],[-157.887533,21.319],[-157.886838,21.321709],[-157.886829,21.322884],[-157.886533,21.323785],[-157.881874,21.32791],[-157.881867,21.328813],[-157.87983,21.330426],[-157.879717,21.332593],[-157.879618,21.333044],[-157.878846,21.333039],[-157.877977,21.333214],[-157.877006,21.334111],[-157.876906,21.334562],[-157.87652,21.33465],[-157.876518,21.33483],[-157.875462,21.334281],[-157.875359,21.335184],[-157.874197,21.335809],[-157.873614,21.336437],[-157.872842,21.336522],[-157.871872,21.337238],[-157.871577,21.337959],[-157.870899,21.338406],[-157.8707,21.339218],[-157.867228,21.339285],[-157.866742,21.339733],[-157.866739,21.340095],[-157.865875,21.340788],[-157.863931,21.342045],[-157.861898,21.342682],[-157.86064,21.343215],[-157.858324,21.34459],[-157.857445,21.34491],[-157.856476,21.34517],[-157.854267,21.345494],[-157.853433,21.345878],[-157.852612,21.346413],[-157.851614,21.34728],[-157.849705,21.3482],[-157.848691,21.348784],[-157.84748,21.349178],[-157.846042,21.349986],[-157.844866,21.350515],[-157.844263,21.350888],[-157.844026,21.351141],[-157.842736,21.351494],[-157.842285,21.351781],[-157.841196,21.352231],[-157.839293,21.352895],[-157.838098,21.35309],[-157.837229,21.352811],[-157.836649,21.353078],[-157.835997,21.353567],[-157.834615,21.354148],[-157.834254,21.354418],[-157.833944,21.354755],[-157.832091,21.356299],[-157.830924,21.357555],[-157.8299,21.35847],[-157.829626,21.358875],[-157.82863,21.359037],[-157.827339,21.359608],[-157.826075,21.359731],[-157.825311,21.359955],[-157.824825,21.360494],[-157.82377,21.360799],[-157.82318,21.361115],[-157.822625,21.361502],[-157.822209,21.362011],[-157.821436,21.362186],[-157.821061,21.362609],[-157.819502,21.362805],[-157.818923,21.363204],[-157.818533,21.36334],[-157.817868,21.363908],[-157.816692,21.364411],[-157.816215,21.364861],[-157.815723,21.365037],[-157.815416,21.365364],[-157.814525,21.365984],[-157.813882,21.366108],[-157.8133,21.366465],[-157.812543,21.367308],[-157.811945,21.367423],[-157.811361,21.367716],[-157.810525,21.368632],[-157.810341,21.368953],[-157.809868,21.369305],[-157.80961,21.369601],[-157.810348,21.370418],[-157.810266,21.371954],[-157.810397,21.373329],[-157.810608,21.374008],[-157.810652,21.375321],[-157.811963,21.376845],[-157.812961,21.378234],[-157.813587,21.378753],[-157.814669,21.379465],[-157.815696,21.380304],[-157.816936,21.380887],[-157.817622,21.381112],[-157.817926,21.381436],[-157.818504,21.381559],[-157.818675,21.38177],[-157.81917,21.381953],[-157.819442,21.382227],[-157.8198,21.382313],[-157.820402,21.382867],[-157.822233,21.383414],[-157.822445,21.384009],[-157.822705,21.384328],[-157.823254,21.384658],[-157.823775,21.385102]]]]},"properties":{}},{"type":"Feature","id":539,"geometry":{"type":"MultiPolygon","coordinates":[[[[-157.708642,21.356749],[-157.70865,21.356971],[-157.70828,21.357235],[-157.708238,21.357533],[-157.708585,21.358623],[-157.708944,21.3594],[-157.70912,21.360049],[-157.70939,21.361795],[-157.709549,21.363821],[-157.709625,21.364163],[-157.70976,21.364378],[-157.709396,21.364642],[-157.709319,21.364956],[-157.709378,21.365016],[-157.70969,21.364972],[-157.709649,21.365441],[-157.709731,21.366173],[-157.70929,21.367786],[-157.70889,21.368601],[-157.707564,21.372492],[-157.706694,21.374293],[-157.705918,21.376594],[-157.705771,21.377552],[-157.705782,21.379458],[-157.705912,21.380086],[-157.706018,21.380305],[-157.707065,21.379821],[-157.708941,21.379336],[-157.709817,21.379402],[-157.710529,21.379645],[-157.710783,21.379613],[-157.711683,21.379095],[-157.712716,21.378832],[-157.713638,21.378788],[-157.714306,21.378997],[-157.71682,21.378948],[-157.717425,21.379039],[-157.718388,21.379545],[-157.718855,21.379946],[-157.719552,21.380832],[-157.71955,21.378694],[-157.719939,21.377956],[-157.71971,21.377217],[-157.719696,21.376768],[-157.719792,21.376151],[-157.719637,21.37526],[-157.719239,21.375283],[-157.719005,21.375171],[-157.718917,21.374806],[-157.71903,21.374333],[-157.719341,21.373937],[-157.719434,21.373641],[-157.719834,21.373348],[-157.720128,21.372893],[-157.720211,21.371606],[-157.720097,21.37129],[-157.719995,21.369453],[-157.720409,21.368583],[-157.720893,21.368406],[-157.721651,21.368263],[-157.723113,21.368152],[-157.723336,21.367836],[-157.723696,21.367705],[-157.725164,21.367664],[-157.725615,21.367802],[-157.726782,21.367728],[-157.72733,21.368103],[-157.727974,21.368871],[-157.728553,21.368875],[-157.729568,21.369014],[-157.729819,21.368817],[-157.730246,21.368658],[-157.730929,21.367759],[-157.731128,21.367038],[-157.731357,21.366609],[-157.731516,21.365018],[-157.732016,21.364696],[-157.732192,21.364194],[-157.732158,21.363872],[-157.731929,21.363611],[-157.7316,21.36363],[-157.731351,21.363517],[-157.73126,21.363153],[-157.731353,21.362866],[-157.73237,21.362383],[-157.732843,21.362014],[-157.732686,21.36142],[-157.732728,21.360683],[-157.733118,21.359917],[-157.733604,21.359792],[-157.733879,21.359371],[-157.734243,21.359085],[-157.734666,21.358275],[-157.735506,21.357299],[-157.735598,21.357029],[-157.735191,21.35601],[-157.73538,21.355147],[-157.736283,21.355256],[-157.736663,21.35514],[-157.737242,21.355094],[-157.737785,21.355435],[-157.738363,21.35553],[-157.739448,21.355076],[-157.740158,21.354506],[-157.741204,21.354835],[-157.741937,21.354834],[-157.74231,21.354522],[-157.743197,21.35403],[-157.743615,21.354091],[-157.744516,21.35453],[-157.74512,21.354677],[-157.746883,21.354734],[-157.747435,21.354604],[-157.748017,21.354247],[-157.747925,21.353794],[-157.748089,21.35321],[-157.748365,21.352636],[-157.748619,21.351451],[-157.748717,21.349488],[-157.74845,21.348649],[-157.748782,21.348218],[-157.749292,21.347816],[-157.749525,21.347031],[-157.749918,21.346465],[-157.750689,21.345065],[-157.750903,21.343699],[-157.751507,21.342497],[-157.751691,21.341808],[-157.75295,21.341094],[-157.753617,21.340903],[-157.754001,21.3405],[-157.754311,21.33984],[-157.754878,21.339304],[-157.755332,21.33907],[-157.755631,21.337971],[-157.755685,21.336959],[-157.755917,21.336212],[-157.756276,21.335518],[-157.75636,21.335182],[-157.757652,21.334124],[-157.758621,21.332895],[-157.758979,21.331805],[-157.758019,21.331341],[-157.757372,21.330862],[-157.756686,21.330789],[-157.755675,21.330561],[-157.755371,21.330271],[-157.754817,21.32942],[-157.753973,21.328736],[-157.753343,21.328443],[-157.752966,21.327815],[-157.749052,21.327116],[-157.748585,21.326757],[-157.748389,21.32645],[-157.747958,21.326057],[-157.747489,21.325697],[-157.747003,21.325728],[-157.746245,21.325553],[-157.744929,21.325103],[-157.744388,21.325014],[-157.744011,21.324724],[-157.742693,21.324528],[-157.741621,21.324117],[-157.74078,21.324174],[-157.740562,21.323929],[-157.738976,21.32367],[-157.738445,21.323461],[-157.737804,21.32339],[-157.73683,21.323078],[-157.735796,21.323493],[-157.73491,21.323504],[-157.734119,21.32304],[-157.733326,21.322698],[-157.731892,21.322744],[-157.730644,21.322499],[-157.73005,21.324301],[-157.73014,21.325024],[-157.730032,21.325322],[-157.729933,21.326649],[-157.73022,21.326922],[-157.730213,21.327735],[-157.730082,21.32793],[-157.729914,21.328907],[-157.729234,21.329444],[-157.729313,21.331432],[-157.728633,21.332059],[-157.728142,21.33314],[-157.727461,21.333767],[-157.72728,21.334159],[-157.72707,21.334396],[-157.726967,21.335208],[-157.725893,21.336736],[-157.725694,21.337457],[-157.725404,21.337545],[-157.7254,21.337997],[-157.724428,21.338893],[-157.724424,21.339344],[-157.723649,21.33979],[-157.72345,21.340421],[-157.722772,21.340868],[-157.722656,21.343035],[-157.721877,21.343932],[-157.721677,21.344834],[-157.720996,21.345461],[-157.720695,21.346814],[-157.720209,21.347262],[-157.720008,21.348164],[-157.71952,21.348883],[-157.719703,21.350058],[-157.719021,21.350776],[-157.71757,21.351307],[-157.716788,21.352566],[-157.715912,21.353462],[-157.713792,21.353265],[-157.713405,21.353443],[-157.71282,21.354252],[-157.712619,21.355153],[-157.710111,21.355224],[-157.710109,21.355495],[-157.709525,21.356033],[-157.709326,21.356754],[-157.708642,21.356749]]]]},"properties":{}},{"type":"Feature","id":540,"geometry":{"type":"MultiPolygon","coordinates":[[[[-157.80961,21.369601],[-157.809868,21.369305],[-157.810341,21.368953],[-157.810525,21.368632],[-157.811361,21.367716],[-157.811945,21.367423],[-157.812543,21.367308],[-157.8133,21.366465],[-157.813882,21.366108],[-157.814525,21.365984],[-157.815416,21.365364],[-157.815723,21.365037],[-157.816215,21.364861],[-157.816692,21.364411],[-157.817868,21.363908],[-157.818533,21.36334],[-157.818923,21.363204],[-157.819502,21.362805],[-157.821061,21.362609],[-157.821436,21.362186],[-157.822209,21.362011],[-157.822625,21.361502],[-157.82318,21.361115],[-157.82377,21.360799],[-157.824825,21.360494],[-157.825311,21.359955],[-157.826075,21.359731],[-157.826316,21.35897],[-157.827976,21.357203],[-157.828519,21.356726],[-157.829504,21.356062],[-157.830073,21.355381],[-157.831142,21.354395],[-157.83216,21.353929],[-157.83316,21.353276],[-157.833454,21.352719],[-157.835123,21.3509],[-157.835315,21.350547],[-157.835969,21.350246],[-157.836388,21.349809],[-157.836535,21.349539],[-157.837134,21.349187],[-157.837914,21.348888],[-157.83842,21.348574],[-157.838751,21.34825],[-157.841278,21.346464],[-157.84387,21.345651],[-157.84485,21.345133],[-157.846272,21.343298],[-157.84677,21.341314],[-157.847546,21.340687],[-157.847842,21.339785],[-157.849396,21.338351],[-157.850366,21.337635],[-157.850757,21.337005],[-157.851532,21.336468],[-157.851734,21.335295],[-157.852122,21.335027],[-157.85232,21.334396],[-157.852324,21.333944],[-157.850985,21.332489],[-157.851088,21.331587],[-157.852739,21.330153],[-157.852944,21.328618],[-157.853426,21.328531],[-157.853526,21.32808],[-157.853915,21.327721],[-157.855268,21.327279],[-157.855561,21.326829],[-157.856141,21.326653],[-157.856918,21.325845],[-157.857017,21.325574],[-157.859247,21.323873],[-157.859452,21.322339],[-157.859838,21.322341],[-157.860226,21.321983],[-157.861285,21.32217],[-157.866203,21.322113],[-157.866591,21.321845],[-157.866595,21.321303],[-157.868245,21.319778],[-157.869213,21.319333],[-157.870669,21.317988],[-157.870672,21.317627],[-157.870966,21.316996],[-157.872811,21.315292],[-157.874035,21.313121],[-157.874701,21.311745],[-157.873696,21.311101],[-157.873626,21.311206],[-157.87325,21.310947],[-157.873326,21.310837],[-157.870158,21.308811],[-157.87007,21.308904],[-157.869641,21.308602],[-157.869517,21.30902],[-157.871604,21.310396],[-157.871328,21.310776],[-157.869606,21.309752],[-157.869494,21.30978],[-157.870012,21.310628],[-157.870494,21.312214],[-157.869877,21.312423],[-157.868989,21.309973],[-157.86752,21.310325],[-157.867038,21.313288],[-157.866897,21.313277],[-157.866756,21.314048],[-157.865787,21.313856],[-157.865452,21.313382],[-157.865258,21.312237],[-157.865393,21.312209],[-157.865592,21.311031],[-157.865422,21.310948],[-157.865011,21.31108],[-157.864881,21.310695],[-157.865598,21.310441],[-157.865516,21.310017],[-157.864658,21.310298],[-157.864458,21.309748],[-157.864805,21.309588],[-157.864716,21.309417],[-157.864587,21.309423],[-157.864493,21.309235],[-157.864387,21.309219],[-157.864399,21.309087],[-157.864787,21.308712],[-157.866508,21.307297],[-157.866261,21.305601],[-157.864716,21.306366],[-157.864569,21.306207],[-157.864551,21.305887],[-157.865809,21.305166],[-157.865656,21.304841],[-157.864475,21.305546],[-157.864357,21.304918],[-157.864892,21.3045],[-157.864986,21.304241],[-157.864945,21.304131],[-157.86461,21.303916],[-157.863634,21.303883],[-157.863593,21.303481],[-157.864427,21.303376],[-157.86441,21.303244],[-157.864216,21.303255],[-157.864145,21.303167],[-157.8677,21.299036],[-157.868475,21.2975],[-157.868328,21.297423],[-157.868357,21.297197],[-157.869274,21.295655],[-157.869714,21.295539],[-157.869667,21.295396],[-157.869027,21.295567],[-157.867963,21.295556],[-157.866635,21.294581],[-157.865255,21.296173],[-157.865155,21.296107],[-157.866518,21.294488],[-157.864526,21.292943],[-157.863666,21.293914],[-157.861992,21.295109],[-157.861488,21.295883],[-157.861293,21.296063],[-157.860803,21.297234],[-157.8608,21.297595],[-157.860404,21.298857],[-157.860017,21.299126],[-157.85934,21.299392],[-157.857204,21.301365],[-157.856818,21.301453],[-157.856527,21.301631],[-157.854112,21.302338],[-157.854109,21.302699],[-157.853237,21.303325],[-157.85323,21.304229],[-157.852165,21.304763],[-157.851873,21.305123],[-157.85177,21.306025],[-157.851286,21.306203],[-157.850217,21.30728],[-157.84906,21.307362],[-157.848865,21.307632],[-157.848851,21.309438],[-157.848268,21.310067],[-157.847785,21.310154],[-157.847686,21.310424],[-157.847781,21.310605],[-157.848837,21.311245],[-157.849119,21.31215],[-157.848916,21.313414],[-157.848525,21.314134],[-157.847362,21.314939],[-157.84611,21.31475],[-157.846012,21.31502],[-157.845724,21.314837],[-157.844663,21.31492],[-157.843607,21.314281],[-157.843606,21.314461],[-157.842638,21.314906],[-157.842346,21.315266],[-157.841477,21.31544],[-157.83982,21.317778],[-157.83721,21.318663],[-157.83653,21.319291],[-157.83566,21.319556],[-157.83372,21.320988],[-157.833041,21.321615],[-157.832941,21.322066],[-157.831485,21.323231],[-157.831188,21.324222],[-157.829148,21.326105],[-157.827018,21.327265],[-157.826143,21.328162],[-157.824886,21.328605],[-157.824302,21.329324],[-157.823435,21.329227],[-157.823143,21.329496],[-157.821012,21.330746],[-157.820622,21.331285],[-157.820333,21.331283],[-157.820234,21.331554],[-157.818877,21.332447],[-157.818105,21.332532],[-157.817337,21.332166],[-157.816276,21.332158],[-157.81502,21.332511],[-157.814821,21.333322],[-157.814432,21.333681],[-157.814426,21.334494],[-157.813937,21.335303],[-157.812966,21.33611],[-157.811802,21.335917],[-157.811601,21.33611],[-157.811341,21.336921],[-157.810718,21.338035],[-157.810924,21.339357],[-157.811101,21.339867],[-157.811115,21.340358],[-157.811019,21.340984],[-157.811668,21.341701],[-157.811662,21.342424],[-157.81195,21.342607],[-157.812043,21.343059],[-157.811078,21.343052],[-157.809243,21.343491],[-157.808955,21.343663],[-157.808853,21.34403],[-157.80821,21.344098],[-157.80779,21.344294],[-157.807192,21.344768],[-157.806238,21.345367],[-157.805795,21.345368],[-157.805344,21.345246],[-157.804712,21.345208],[-157.80341,21.345198],[-157.802864,21.345252],[-157.802284,21.345519],[-157.801416,21.345513],[-157.801218,21.346053],[-157.800415,21.346566],[-157.798993,21.346941],[-157.798583,21.347349],[-157.797346,21.347923],[-157.796747,21.348504],[-157.795238,21.349595],[-157.794781,21.35015],[-157.794614,21.35064],[-157.794333,21.350882],[-157.793507,21.351157],[-157.792299,21.351861],[-157.791142,21.351853],[-157.790333,21.352337],[-157.790172,21.352569],[-157.788735,21.353257],[-157.788039,21.353999],[-157.787912,21.354369],[-157.787906,21.355114],[-157.78779,21.356011],[-157.788083,21.357707],[-157.788062,21.358147],[-157.787906,21.358424],[-157.787803,21.358857],[-157.78778,21.359365],[-157.788111,21.360943],[-157.788105,21.361705],[-157.788258,21.362492],[-157.788871,21.363125],[-157.790034,21.364556],[-157.790642,21.365761],[-157.792692,21.366845],[-157.794134,21.367397],[-157.797565,21.36834],[-157.799978,21.368087],[-157.803511,21.368354],[-157.805301,21.368316],[-157.805668,21.368127],[-157.806536,21.368134],[-157.807209,21.368319],[-157.807877,21.369227],[-157.808745,21.369233],[-157.80961,21.369601]]]]},"properties":{}},{"type":"Feature","id":541,"geometry":{"type":"MultiPolygon","coordinates":[[[[-157.907548,21.363312],[-157.908081,21.363345],[-157.90974,21.363999],[-157.912248,21.36471],[-157.914133,21.364926],[-157.915664,21.364924],[-157.917886,21.364408],[-157.919254,21.363638],[-157.920567,21.362178],[-157.921246,21.360782],[-157.921847,21.358595],[-157.921066,21.35662],[-157.920333,21.355896],[-157.918799,21.355834],[-157.917334,21.355088],[-157.916871,21.354944],[-157.91631,21.355036],[-157.915216,21.355379],[-157.913292,21.354746],[-157.912998,21.354555],[-157.912395,21.354686],[-157.911273,21.355205],[-157.910173,21.356035],[-157.908822,21.356857],[-157.907596,21.356898],[-157.906838,21.357081],[-157.905496,21.3576],[-157.90482,21.357754],[-157.904655,21.357945],[-157.904474,21.358785],[-157.904105,21.359405],[-157.904002,21.359877],[-157.903395,21.361307],[-157.903496,21.361539],[-157.903733,21.361964],[-157.904241,21.36256],[-157.905081,21.363181],[-157.905911,21.363368],[-157.906858,21.363283],[-157.907548,21.363312]]]]},"properties":{}},{"type":"Feature","id":543,"geometry":{"type":"MultiPolygon","coordinates":[[[[-157.826075,21.359731],[-157.827339,21.359608],[-157.82863,21.359037],[-157.829626,21.358875],[-157.8299,21.35847],[-157.830924,21.357555],[-157.832091,21.356299],[-157.833944,21.354755],[-157.834254,21.354418],[-157.834615,21.354148],[-157.835997,21.353567],[-157.836649,21.353078],[-157.837229,21.352811],[-157.838098,21.35309],[-157.839293,21.352895],[-157.841196,21.352231],[-157.842285,21.351781],[-157.842736,21.351494],[-157.844026,21.351141],[-157.844263,21.350888],[-157.844866,21.350515],[-157.846042,21.349986],[-157.84748,21.349178],[-157.848691,21.348784],[-157.849705,21.3482],[-157.851614,21.34728],[-157.852612,21.346413],[-157.853433,21.345878],[-157.854267,21.345494],[-157.856476,21.34517],[-157.857445,21.34491],[-157.858324,21.34459],[-157.86064,21.343215],[-157.861898,21.342682],[-157.863931,21.342045],[-157.865875,21.340788],[-157.866739,21.340095],[-157.866742,21.339733],[-157.867228,21.339285],[-157.8707,21.339218],[-157.870899,21.338406],[-157.871577,21.337959],[-157.871872,21.337238],[-157.872842,21.336522],[-157.873614,21.336437],[-157.874197,21.335809],[-157.875359,21.335184],[-157.875462,21.334281],[-157.876518,21.33483],[-157.87652,21.33465],[-157.876906,21.334562],[-157.877006,21.334111],[-157.877977,21.333214],[-157.878846,21.333039],[-157.879618,21.333044],[-157.879717,21.332593],[-157.87983,21.330426],[-157.881867,21.328813],[-157.881874,21.32791],[-157.886533,21.323785],[-157.886829,21.322884],[-157.886838,21.321709],[-157.887533,21.319],[-157.889783,21.31571],[-157.890821,21.31461],[-157.890781,21.314527],[-157.889818,21.314798],[-157.889588,21.314748],[-157.889394,21.314858],[-157.888701,21.314919],[-157.886609,21.315795],[-157.886538,21.315669],[-157.886233,21.315806],[-157.886063,21.317249],[-157.885387,21.317178],[-157.885581,21.316154],[-157.884887,21.316242],[-157.883301,21.316859],[-157.883236,21.317173],[-157.88306,21.317162],[-157.883077,21.317019],[-157.882878,21.317041],[-157.882661,21.319921],[-157.881944,21.319838],[-157.882161,21.317173],[-157.881397,21.317118],[-157.881192,21.319745],[-157.880457,21.319701],[-157.880709,21.316953],[-157.880491,21.316832],[-157.879093,21.31925],[-157.877983,21.319922],[-157.877548,21.320021],[-157.877301,21.319845],[-157.877307,21.319685],[-157.8779,21.318947],[-157.878053,21.319068],[-157.878159,21.318975],[-157.879492,21.31664],[-157.878552,21.316166],[-157.877865,21.317339],[-157.877224,21.317009],[-157.877711,21.316001],[-157.877594,21.31593],[-157.876813,21.317329],[-157.876237,21.317037],[-157.877194,21.315247],[-157.877059,21.315148],[-157.877241,21.314883],[-157.87717,21.314845],[-157.877247,21.314729],[-157.877335,21.314806],[-157.877541,21.314465],[-157.877429,21.31441],[-157.877523,21.314245],[-157.877646,21.314272],[-157.87767,21.314145],[-157.877599,21.314068],[-157.877775,21.313716],[-157.874701,21.311745],[-157.874035,21.313121],[-157.872811,21.315292],[-157.870966,21.316996],[-157.870672,21.317627],[-157.870669,21.317988],[-157.869213,21.319333],[-157.868245,21.319778],[-157.866595,21.321303],[-157.866591,21.321845],[-157.866203,21.322113],[-157.861285,21.32217],[-157.860226,21.321983],[-157.859838,21.322341],[-157.859452,21.322339],[-157.859247,21.323873],[-157.857017,21.325574],[-157.856918,21.325845],[-157.856141,21.326653],[-157.855561,21.326829],[-157.855268,21.327279],[-157.853915,21.327721],[-157.853526,21.32808],[-157.853426,21.328531],[-157.852944,21.328618],[-157.852739,21.330153],[-157.851088,21.331587],[-157.850985,21.332489],[-157.852324,21.333944],[-157.85232,21.334396],[-157.852122,21.335027],[-157.851734,21.335295],[-157.851532,21.336468],[-157.850757,21.337005],[-157.850366,21.337635],[-157.849396,21.338351],[-157.847842,21.339785],[-157.847546,21.340687],[-157.84677,21.341314],[-157.846272,21.343298],[-157.84485,21.345133],[-157.84387,21.345651],[-157.841278,21.346464],[-157.838751,21.34825],[-157.83842,21.348574],[-157.837914,21.348888],[-157.837134,21.349187],[-157.836535,21.349539],[-157.836388,21.349809],[-157.835969,21.350246],[-157.835315,21.350547],[-157.835123,21.3509],[-157.833454,21.352719],[-157.83316,21.353276],[-157.83216,21.353929],[-157.831142,21.354395],[-157.830073,21.355381],[-157.829504,21.356062],[-157.828519,21.356726],[-157.827976,21.357203],[-157.826316,21.35897],[-157.826075,21.359731]]]]},"properties":{}},{"type":"Feature","id":550,"geometry":{"type":"MultiPolygon","coordinates":[[[[-157.741621,21.324117],[-157.741721,21.323666],[-157.741975,21.323173],[-157.742126,21.322479],[-157.741986,21.321936],[-157.742007,21.32153],[-157.742319,21.320957],[-157.742435,21.320077],[-157.742876,21.319318],[-157.743021,21.318165],[-157.74341,21.317807],[-157.743125,21.317263],[-157.743027,21.316456],[-157.74275,21.316086],[-157.74269,21.315641],[-157.742912,21.31505],[-157.743245,21.314554],[-157.743706,21.31304],[-157.743946,21.312517],[-157.744003,21.312144],[-157.744333,21.311639],[-157.744633,21.310404],[-157.744647,21.30866],[-157.744826,21.306832],[-157.744958,21.306122],[-157.745254,21.305395],[-157.745312,21.304939],[-157.745067,21.304359],[-157.744978,21.303818],[-157.744979,21.303365],[-157.745167,21.302837],[-157.744902,21.302107],[-157.744888,21.301632],[-157.745418,21.300976],[-157.745566,21.300537],[-157.74559,21.299575],[-157.745872,21.298591],[-157.746026,21.297491],[-157.746094,21.295832],[-157.745729,21.294518],[-157.745834,21.293525],[-157.746515,21.292717],[-157.746716,21.291815],[-157.746633,21.290188],[-157.746155,21.289733],[-157.746169,21.288107],[-157.745787,21.287652],[-157.745793,21.28693],[-157.745125,21.286112],[-157.745134,21.285118],[-157.745235,21.284577],[-157.745332,21.284487],[-157.744855,21.283942],[-157.744862,21.283038],[-157.745156,21.282498],[-157.745028,21.281613],[-157.744874,21.281278],[-157.74433,21.27936],[-157.744136,21.279191],[-157.743989,21.279435],[-157.743672,21.279705],[-157.742837,21.279958],[-157.742438,21.279997],[-157.739964,21.279904],[-157.738666,21.279953],[-157.738337,21.28008],[-157.738078,21.28008],[-157.737784,21.279805],[-157.737544,21.280047],[-157.737191,21.280223],[-157.736439,21.280466],[-157.736222,21.280405],[-157.735746,21.279948],[-157.735487,21.279805],[-157.735023,21.279712],[-157.734629,21.279734],[-157.733819,21.279949],[-157.733595,21.280119],[-157.733302,21.280907],[-157.733496,21.281584],[-157.733102,21.281837],[-157.732849,21.281909],[-157.731594,21.282003],[-157.731587,21.28289],[-157.731287,21.283711],[-157.731072,21.283929],[-157.731069,21.2842],[-157.731355,21.284563],[-157.731448,21.285015],[-157.731345,21.285828],[-157.731247,21.285917],[-157.730971,21.286868],[-157.730766,21.287595],[-157.730632,21.288509],[-157.730252,21.289614],[-157.730126,21.290537],[-157.730128,21.292367],[-157.729531,21.294938],[-157.729527,21.29548],[-157.729792,21.295819],[-157.730127,21.296771],[-157.730476,21.298162],[-157.730567,21.300229],[-157.730822,21.302162],[-157.730817,21.302687],[-157.731289,21.304571],[-157.731061,21.305873],[-157.730859,21.306177],[-157.730973,21.306602],[-157.730977,21.307194],[-157.731171,21.307805],[-157.731165,21.308499],[-157.731053,21.308871],[-157.731324,21.31067],[-157.731344,21.312888],[-157.731115,21.314224],[-157.730708,21.315092],[-157.730672,21.31539],[-157.730685,21.315915],[-157.731057,21.316866],[-157.731178,21.317511],[-157.731065,21.31795],[-157.730402,21.319436],[-157.729963,21.320008],[-157.730081,21.320688],[-157.73078,21.321657],[-157.730742,21.322319],[-157.730644,21.322499],[-157.731892,21.322744],[-157.733326,21.322698],[-157.734119,21.32304],[-157.73491,21.323504],[-157.735796,21.323493],[-157.73683,21.323078],[-157.737804,21.32339],[-157.738445,21.323461],[-157.738976,21.32367],[-157.740562,21.323929],[-157.74078,21.324174],[-157.741621,21.324117]]]]},"properties":{}},{"type":"Feature","id":544,"geometry":{"type":"MultiPolygon","coordinates":[[[[-157.681663,21.325901],[-157.681841,21.32591],[-157.682023,21.325772],[-157.683304,21.326356],[-157.683751,21.326461],[-157.68418,21.326423],[-157.684374,21.326588],[-157.688288,21.328334],[-157.689492,21.328957],[-157.690115,21.329441],[-157.691326,21.33019],[-157.692284,21.331061],[-157.693606,21.332454],[-157.694434,21.3335],[-157.695028,21.334585],[-157.695739,21.335621],[-157.696473,21.336513],[-157.697396,21.338275],[-157.698512,21.340142],[-157.700534,21.343017],[-157.701615,21.344751],[-157.702085,21.345379],[-157.702691,21.345908],[-157.703225,21.346563],[-157.70356,21.346861],[-157.704712,21.348568],[-157.705271,21.349801],[-157.705417,21.350297],[-157.705353,21.350446],[-157.705135,21.350418],[-157.705218,21.350831],[-157.705318,21.350831],[-157.705406,21.350974],[-157.705617,21.350875],[-157.705741,21.350947],[-157.706087,21.351696],[-157.706593,21.352489],[-157.707251,21.354163],[-157.707463,21.355],[-157.707809,21.355578],[-157.707903,21.356432],[-157.708074,21.356839],[-157.708156,21.356878],[-157.708532,21.356685],[-157.708642,21.356749],[-157.709326,21.356754],[-157.709525,21.356033],[-157.710109,21.355495],[-157.710111,21.355224],[-157.712619,21.355153],[-157.71282,21.354252],[-157.713405,21.353443],[-157.713792,21.353265],[-157.715912,21.353462],[-157.716788,21.352566],[-157.71757,21.351307],[-157.719021,21.350776],[-157.719703,21.350058],[-157.71952,21.348883],[-157.720008,21.348164],[-157.720209,21.347262],[-157.720695,21.346814],[-157.720996,21.345461],[-157.721677,21.344834],[-157.721877,21.343932],[-157.722656,21.343035],[-157.722772,21.340868],[-157.72345,21.340421],[-157.723649,21.33979],[-157.724424,21.339344],[-157.724428,21.338893],[-157.7254,21.337997],[-157.725404,21.337545],[-157.725694,21.337457],[-157.725893,21.336736],[-157.726967,21.335208],[-157.72707,21.334396],[-157.72728,21.334159],[-157.727461,21.333767],[-157.728142,21.33314],[-157.728633,21.332059],[-157.729313,21.331432],[-157.729234,21.329444],[-157.729914,21.328907],[-157.730082,21.32793],[-157.730213,21.327735],[-157.73022,21.326922],[-157.729933,21.326649],[-157.730032,21.325322],[-157.73014,21.325024],[-157.73005,21.324301],[-157.730644,21.322499],[-157.730327,21.322521],[-157.729676,21.322943],[-157.729098,21.322939],[-157.728677,21.323118],[-157.728206,21.323199],[-157.727154,21.323665],[-157.726,21.324361],[-157.725422,21.324356],[-157.724579,21.32246],[-157.724186,21.322269],[-157.723377,21.321469],[-157.723345,21.320977],[-157.723044,21.320213],[-157.722578,21.319794],[-157.722238,21.319334],[-157.721613,21.318817],[-157.721304,21.3187],[-157.720744,21.318662],[-157.720257,21.318472],[-157.719373,21.318347],[-157.719102,21.318243],[-157.717989,21.317422],[-157.717673,21.317432],[-157.716961,21.317109],[-157.716095,21.316899],[-157.715354,21.316961],[-157.714938,21.31689],[-157.713817,21.317034],[-157.713145,21.317036],[-157.712275,21.317598],[-157.711607,21.317559],[-157.71067,21.31723],[-157.710379,21.317414],[-157.709774,21.318307],[-157.70925,21.318303],[-157.708834,21.318402],[-157.708412,21.318084],[-157.707062,21.318073],[-157.706891,21.317303],[-157.706687,21.316896],[-157.706444,21.316757],[-157.705143,21.316663],[-157.70402,21.316925],[-157.703696,21.317144],[-157.703294,21.317241],[-157.702245,21.317318],[-157.701861,21.317491],[-157.701391,21.317904],[-157.700699,21.318115],[-157.700085,21.318402],[-157.699524,21.318466],[-157.69871,21.318442],[-157.698287,21.318277],[-157.698005,21.318471],[-157.697513,21.318632],[-157.696735,21.319349],[-157.695769,21.319961],[-157.695003,21.3207],[-157.694496,21.320764],[-157.693484,21.320722],[-157.692004,21.320215],[-157.691591,21.320233],[-157.690666,21.320497],[-157.689963,21.320305],[-157.689619,21.320387],[-157.689219,21.320655],[-157.688567,21.320785],[-157.687298,21.321224],[-157.686439,21.322183],[-157.685625,21.322261],[-157.685141,21.322149],[-157.68476,21.321694],[-157.683701,21.321505],[-157.682741,21.321046],[-157.682622,21.323574],[-157.681746,21.324561],[-157.681643,21.325193],[-157.681663,21.325901]]]]},"properties":{}},{"type":"Feature","id":546,"geometry":{"type":"MultiPolygon","coordinates":[[[[-157.758979,21.331805],[-157.759824,21.331659],[-157.760256,21.33195],[-157.76142,21.331829],[-157.762371,21.331932],[-157.762829,21.331867],[-157.762982,21.33162],[-157.762966,21.331051],[-157.763144,21.330277],[-157.763421,21.329551],[-157.763467,21.328796],[-157.763774,21.328453],[-157.764156,21.328202],[-157.764343,21.327809],[-157.765023,21.327272],[-157.765685,21.326942],[-157.766032,21.326488],[-157.766258,21.325405],[-157.76649,21.324753],[-157.76621,21.323667],[-157.767333,21.322297],[-157.767669,21.322052],[-157.76853,21.321848],[-157.768857,21.321596],[-157.769568,21.320839],[-157.770172,21.319997],[-157.770693,21.317828],[-157.771047,21.31698],[-157.771187,21.316387],[-157.771619,21.315578],[-157.771716,21.314698],[-157.772553,21.313389],[-157.772692,21.311831],[-157.773074,21.311512],[-157.773491,21.311431],[-157.773888,21.311451],[-157.774255,21.31081],[-157.77461,21.31054],[-157.774909,21.310493],[-157.775287,21.310631],[-157.775504,21.310599],[-157.776453,21.309488],[-157.776695,21.308727],[-157.777022,21.308441],[-157.77679,21.308152],[-157.776798,21.307203],[-157.777107,21.306952],[-157.777832,21.305595],[-157.778567,21.305285],[-157.779133,21.304544],[-157.779898,21.303821],[-157.781086,21.302238],[-157.782999,21.300405],[-157.783472,21.299764],[-157.784445,21.298687],[-157.785703,21.298063],[-157.786951,21.298705],[-157.7885,21.297903],[-157.789587,21.297167],[-157.790149,21.29665],[-157.790215,21.295511],[-157.791139,21.293495],[-157.791409,21.293233],[-157.792405,21.291878],[-157.79357,21.290893],[-157.795133,21.288374],[-157.795811,21.287928],[-157.796598,21.286036],[-157.797125,21.285974],[-157.797452,21.28579],[-157.797995,21.285675],[-157.798468,21.285255],[-157.798587,21.284002],[-157.798548,21.28325],[-157.798849,21.281806],[-157.798866,21.279729],[-157.799305,21.277884],[-157.798982,21.27729],[-157.799084,21.276568],[-157.799776,21.274495],[-157.800261,21.274047],[-157.800656,21.272876],[-157.801528,21.27234],[-157.801925,21.270988],[-157.803088,21.270093],[-157.803382,21.269553],[-157.803391,21.268469],[-157.803978,21.267298],[-157.802864,21.266877],[-157.802642,21.266717],[-157.801156,21.265092],[-157.800716,21.264355],[-157.800624,21.26384],[-157.800191,21.262934],[-157.800153,21.262448],[-157.80037,21.260987],[-157.800554,21.260548],[-157.801539,21.25906],[-157.802093,21.258668],[-157.803088,21.258168],[-157.804535,21.257562],[-157.805657,21.257406],[-157.807115,21.25732],[-157.807338,21.257361],[-157.807847,21.257664],[-157.808515,21.257759],[-157.809063,21.25821],[-157.809439,21.258218],[-157.810243,21.258616],[-157.810769,21.259082],[-157.811166,21.259198],[-157.811428,21.259499],[-157.811795,21.25962],[-157.811862,21.260211],[-157.812421,21.260367],[-157.812591,21.260278],[-157.812998,21.260226],[-157.814035,21.259729],[-157.814386,21.259421],[-157.814977,21.259397],[-157.815387,21.259287],[-157.815693,21.258736],[-157.817157,21.258358],[-157.817738,21.258001],[-157.818799,21.258008],[-157.818598,21.257812],[-157.818621,21.25762],[-157.816959,21.257327],[-157.816295,21.256782],[-157.815584,21.256402],[-157.81478,21.256066],[-157.814515,21.256061],[-157.813852,21.255763],[-157.813188,21.255713],[-157.812183,21.255818],[-157.811414,21.255774],[-157.809845,21.255228],[-157.807625,21.254765],[-157.80719,21.254738],[-157.806174,21.254941],[-157.805839,21.254947],[-157.805522,21.255051],[-157.804652,21.255547],[-157.804194,21.255668],[-157.80138,21.255992],[-157.799435,21.256476],[-157.798542,21.256845],[-157.796991,21.2569],[-157.796263,21.257224],[-157.795893,21.257169],[-157.795828,21.256734],[-157.795646,21.256613],[-157.795394,21.256624],[-157.795247,21.256354],[-157.795159,21.256332],[-157.795123,21.256437],[-157.794865,21.256211],[-157.794871,21.256117],[-157.7952,21.256002],[-157.795223,21.255891],[-157.7951,21.255864],[-157.794847,21.256007],[-157.794748,21.255985],[-157.794442,21.255731],[-157.793931,21.255599],[-157.793555,21.255296],[-157.79278,21.255054],[-157.792304,21.255257],[-157.791793,21.255268],[-157.791564,21.255152],[-157.791241,21.255444],[-157.791035,21.255527],[-157.790676,21.256039],[-157.790623,21.25719],[-157.791046,21.257966],[-157.791134,21.258346],[-157.791011,21.258677],[-157.789747,21.259618],[-157.788754,21.260058],[-157.78675,21.261175],[-157.78628,21.261291],[-157.785105,21.261825],[-157.784177,21.262502],[-157.782208,21.263641],[-157.780399,21.264874],[-157.779917,21.265303],[-157.779464,21.26587],[-157.778053,21.268001],[-157.777072,21.26919],[-157.777101,21.269421],[-157.777007,21.269515],[-157.776878,21.269449],[-157.77676,21.269498],[-157.775347,21.270594],[-157.776359,21.272111],[-157.777042,21.272977],[-157.777998,21.273977],[-157.778085,21.275062],[-157.778277,21.275154],[-157.778371,21.275516],[-157.778947,21.275791],[-157.779232,21.276245],[-157.779215,21.278323],[-157.777959,21.278675],[-157.777376,21.279213],[-157.775818,21.281098],[-157.775453,21.28193],[-157.775133,21.282358],[-157.773773,21.283703],[-157.772677,21.285365],[-157.772419,21.28599],[-157.772414,21.286532],[-157.772002,21.288375],[-157.771561,21.289134],[-157.771303,21.289793],[-157.770901,21.290298],[-157.770479,21.291091],[-157.770253,21.292123],[-157.770264,21.293055],[-157.768765,21.294778],[-157.768383,21.295395],[-157.767606,21.297439],[-157.767581,21.29832],[-157.767342,21.298826],[-157.766895,21.299372],[-157.7665,21.300073],[-157.765628,21.300989],[-157.765233,21.30216],[-157.765327,21.304189],[-157.76512,21.305204],[-157.76475,21.306201],[-157.763545,21.308019],[-157.763407,21.309002],[-157.762752,21.310633],[-157.762626,21.311537],[-157.762083,21.311652],[-157.761778,21.311801],[-157.760931,21.313219],[-157.76044,21.313571],[-157.760096,21.313704],[-157.759541,21.314133],[-157.759504,21.315224],[-157.759895,21.316107],[-157.759622,21.316343],[-157.759265,21.317864],[-157.759262,21.318203],[-157.758804,21.318945],[-157.758691,21.319486],[-157.757864,21.321157],[-157.757244,21.321745],[-157.757152,21.321982],[-157.756878,21.322301],[-157.756435,21.323331],[-157.75538,21.32417],[-157.755303,21.324695],[-157.755156,21.325016],[-157.754623,21.325659],[-157.754459,21.326213],[-157.75389,21.327174],[-157.7536,21.327257],[-157.752966,21.327815],[-157.753343,21.328443],[-157.753973,21.328736],[-157.754817,21.32942],[-157.755371,21.330271],[-157.755675,21.330561],[-157.756686,21.330789],[-157.757372,21.330862],[-157.758019,21.331341],[-157.758979,21.331805]]]]},"properties":{}},{"type":"Feature","id":547,"geometry":{"type":"MultiPolygon","coordinates":[[[[-157.741621,21.324117],[-157.742693,21.324528],[-157.744011,21.324724],[-157.744388,21.325014],[-157.744929,21.325103],[-157.746245,21.325553],[-157.747003,21.325728],[-157.747489,21.325697],[-157.747958,21.326057],[-157.748389,21.32645],[-157.748585,21.326757],[-157.749052,21.327116],[-157.752966,21.327815],[-157.7536,21.327257],[-157.75389,21.327174],[-157.754459,21.326213],[-157.754623,21.325659],[-157.755156,21.325016],[-157.755303,21.324695],[-157.75538,21.32417],[-157.756435,21.323331],[-157.756878,21.322301],[-157.757152,21.321982],[-157.757244,21.321745],[-157.757864,21.321157],[-157.758691,21.319486],[-157.758804,21.318945],[-157.759262,21.318203],[-157.759265,21.317864],[-157.759622,21.316343],[-157.759895,21.316107],[-157.759504,21.315224],[-157.759541,21.314133],[-157.760096,21.313704],[-157.76044,21.313571],[-157.760931,21.313219],[-157.761778,21.311801],[-157.762083,21.311652],[-157.762626,21.311537],[-157.762752,21.310633],[-157.763407,21.309002],[-157.763545,21.308019],[-157.76475,21.306201],[-157.76512,21.305204],[-157.765327,21.304189],[-157.765233,21.30216],[-157.765628,21.300989],[-157.7665,21.300073],[-157.766895,21.299372],[-157.767342,21.298826],[-157.767581,21.29832],[-157.767606,21.297439],[-157.768383,21.295395],[-157.768765,21.294778],[-157.770264,21.293055],[-157.770253,21.292123],[-157.770479,21.291091],[-157.770901,21.290298],[-157.771303,21.289793],[-157.771561,21.289134],[-157.772002,21.288375],[-157.772414,21.286532],[-157.772419,21.28599],[-157.772677,21.285365],[-157.773773,21.283703],[-157.775133,21.282358],[-157.775453,21.28193],[-157.775818,21.281098],[-157.777376,21.279213],[-157.777959,21.278675],[-157.779215,21.278323],[-157.779232,21.276245],[-157.778947,21.275791],[-157.778371,21.275516],[-157.778277,21.275154],[-157.778085,21.275062],[-157.777998,21.273977],[-157.777042,21.272977],[-157.776359,21.272111],[-157.775347,21.270594],[-157.774827,21.270924],[-157.772494,21.271859],[-157.772258,21.271845],[-157.770525,21.272435],[-157.769362,21.272507],[-157.768757,21.272634],[-157.76636,21.274165],[-157.76471,21.275019],[-157.762477,21.275912],[-157.761308,21.276144],[-157.76085,21.276177],[-157.760215,21.276017],[-157.75954,21.276017],[-157.759316,21.275571],[-157.759011,21.274492],[-157.758705,21.273964],[-157.758276,21.273655],[-157.757906,21.273518],[-157.757436,21.273457],[-157.755902,21.273766],[-157.75518,21.274019],[-157.754892,21.274185],[-157.754716,21.274394],[-157.754422,21.275138],[-157.754569,21.276024],[-157.754411,21.276178],[-157.752625,21.276685],[-157.751632,21.277044],[-157.751291,21.277049],[-157.750322,21.276846],[-157.749781,21.276983],[-157.747878,21.277534],[-157.746433,21.278289],[-157.744682,21.27878],[-157.744253,21.278967],[-157.744136,21.279191],[-157.74433,21.27936],[-157.744874,21.281278],[-157.745028,21.281613],[-157.745156,21.282498],[-157.744862,21.283038],[-157.744855,21.283942],[-157.745332,21.284487],[-157.745235,21.284577],[-157.745134,21.285118],[-157.745125,21.286112],[-157.745793,21.28693],[-157.745787,21.287652],[-157.746169,21.288107],[-157.746155,21.289733],[-157.746633,21.290188],[-157.746716,21.291815],[-157.746515,21.292717],[-157.745834,21.293525],[-157.745729,21.294518],[-157.746094,21.295832],[-157.746026,21.297491],[-157.745872,21.298591],[-157.74559,21.299575],[-157.745566,21.300537],[-157.745418,21.300976],[-157.744888,21.301632],[-157.744902,21.302107],[-157.745167,21.302837],[-157.744979,21.303365],[-157.744978,21.303818],[-157.745067,21.304359],[-157.745312,21.304939],[-157.745254,21.305395],[-157.744958,21.306122],[-157.744826,21.306832],[-157.744647,21.30866],[-157.744633,21.310404],[-157.744333,21.311639],[-157.744003,21.312144],[-157.743946,21.312517],[-157.743706,21.31304],[-157.743245,21.314554],[-157.742912,21.31505],[-157.74269,21.315641],[-157.74275,21.316086],[-157.743027,21.316456],[-157.743125,21.317263],[-157.74341,21.317807],[-157.743021,21.318165],[-157.742876,21.319318],[-157.742435,21.320077],[-157.742319,21.320957],[-157.742007,21.32153],[-157.741986,21.321936],[-157.742126,21.322479],[-157.741975,21.323173],[-157.741721,21.323666],[-157.741621,21.324117]]]]},"properties":{}},{"type":"Feature","id":548,"geometry":{"type":"MultiPolygon","coordinates":[[[[-157.681663,21.325901],[-157.681643,21.325193],[-157.681746,21.324561],[-157.682622,21.323574],[-157.682741,21.321046],[-157.682262,21.320681],[-157.681917,21.320513],[-157.681301,21.320402],[-157.680627,21.320307],[-157.679766,21.320462],[-157.679275,21.320477],[-157.67918,21.320386],[-157.677928,21.320195],[-157.67764,21.320102],[-157.676585,21.319462],[-157.675915,21.318594],[-157.675435,21.31873],[-157.674568,21.318633],[-157.674162,21.318546],[-157.672838,21.317987],[-157.671979,21.317077],[-157.67198,21.316986],[-157.671026,21.315895],[-157.670739,21.315622],[-157.670353,21.315618],[-157.670088,21.315211],[-157.66988,21.314621],[-157.669161,21.313883],[-157.668891,21.31372],[-157.668087,21.312697],[-157.666858,21.31262],[-157.666142,21.312243],[-157.66509,21.311331],[-157.664795,21.310943],[-157.663847,21.310147],[-157.663559,21.309697],[-157.663253,21.309559],[-157.6625,21.309865],[-157.662094,21.309787],[-157.660965,21.308728],[-157.6602,21.308401],[-157.659812,21.308579],[-157.659517,21.308869],[-157.658778,21.309292],[-157.658639,21.309319],[-157.657997,21.309065],[-157.657399,21.308921],[-157.656453,21.309256],[-157.655904,21.309303],[-157.654973,21.309611],[-157.654576,21.309625],[-157.652805,21.308849],[-157.651885,21.308672],[-157.651383,21.308894],[-157.650111,21.309668],[-157.649676,21.310123],[-157.649427,21.310634],[-157.648907,21.310909],[-157.648965,21.310998],[-157.649712,21.311081],[-157.649958,21.310905],[-157.650235,21.310514],[-157.650735,21.310063],[-157.651046,21.310107],[-157.651404,21.310625],[-157.651616,21.310669],[-157.651945,21.310597],[-157.653414,21.310923],[-157.654272,21.310775],[-157.654924,21.310455],[-157.656846,21.310148],[-157.657216,21.310148],[-157.657457,21.310016],[-157.657487,21.310297],[-157.65771,21.310126],[-157.658016,21.310192],[-157.65808,21.310115],[-157.658298,21.310082],[-157.658768,21.310143],[-157.658879,21.310297],[-157.659062,21.31016],[-157.659314,21.310231],[-157.66033,21.311416],[-157.66056,21.311829],[-157.660565,21.312016],[-157.660295,21.312407],[-157.660336,21.312611],[-157.660571,21.312814],[-157.660336,21.31315],[-157.660488,21.314235],[-157.660899,21.314522],[-157.661029,21.314731],[-157.661446,21.314946],[-157.661669,21.315155],[-157.661557,21.315651],[-157.662027,21.31548],[-157.662121,21.315563],[-157.662192,21.315866],[-157.662356,21.315921],[-157.662533,21.316119],[-157.662867,21.316202],[-157.662909,21.316373],[-157.663091,21.31656],[-157.663484,21.316731],[-157.663884,21.316676],[-157.664172,21.316957],[-157.664254,21.316946],[-157.664431,21.316714],[-157.664548,21.316731],[-157.664671,21.316929],[-157.665189,21.316434],[-157.665682,21.316137],[-157.665876,21.316093],[-157.666593,21.316104],[-157.667604,21.316545],[-157.668444,21.317162],[-157.669149,21.318049],[-157.669748,21.318611],[-157.669751,21.318753],[-157.670416,21.31914],[-157.67058,21.319075],[-157.671029,21.319459],[-157.67184,21.320307],[-157.672145,21.32088],[-157.672445,21.321166],[-157.67412,21.322164],[-157.675083,21.322626],[-157.675841,21.322858],[-157.676594,21.323205],[-157.677587,21.324273],[-157.678568,21.324593],[-157.679373,21.325204],[-157.680531,21.325469],[-157.681663,21.325901]]]]},"properties":{}},{"type":"Feature","id":549,"geometry":{"type":"MultiPolygon","coordinates":[[[[-157.723044,21.320213],[-157.723345,21.320977],[-157.723377,21.321469],[-157.724186,21.322269],[-157.724579,21.32246],[-157.725422,21.324356],[-157.726,21.324361],[-157.72755,21.323469],[-157.729098,21.322939],[-157.729676,21.322943],[-157.730327,21.322521],[-157.730644,21.322499],[-157.730742,21.322319],[-157.73078,21.321657],[-157.730081,21.320688],[-157.729963,21.320008],[-157.730402,21.319436],[-157.731065,21.31795],[-157.731178,21.317511],[-157.731057,21.316866],[-157.730685,21.315915],[-157.730672,21.31539],[-157.730708,21.315092],[-157.731115,21.314224],[-157.731344,21.312888],[-157.731324,21.31067],[-157.731053,21.308871],[-157.731165,21.308499],[-157.731171,21.307805],[-157.730977,21.307194],[-157.730973,21.306602],[-157.730859,21.306177],[-157.731061,21.305873],[-157.731289,21.304571],[-157.730817,21.302687],[-157.730822,21.302162],[-157.730567,21.300229],[-157.730476,21.298162],[-157.730127,21.296771],[-157.729792,21.295819],[-157.729527,21.29548],[-157.729531,21.294938],[-157.730128,21.292367],[-157.730126,21.290537],[-157.730252,21.289614],[-157.730632,21.288509],[-157.730766,21.287595],[-157.730971,21.286868],[-157.731247,21.285917],[-157.731345,21.285828],[-157.731448,21.285015],[-157.731355,21.284563],[-157.731069,21.2842],[-157.731072,21.283929],[-157.731287,21.283711],[-157.731587,21.28289],[-157.731594,21.282003],[-157.730875,21.28203],[-157.729841,21.281882],[-157.728308,21.281298],[-157.727291,21.281067],[-157.725529,21.280979],[-157.724806,21.281073],[-157.72366,21.281067],[-157.723284,21.281155],[-157.722885,21.281376],[-157.722479,21.281739],[-157.721745,21.282763],[-157.721751,21.28284],[-157.721909,21.282824],[-157.722403,21.282493],[-157.72255,21.282047],[-157.723038,21.282152],[-157.723402,21.281965],[-157.723819,21.281866],[-157.724095,21.282003],[-157.724177,21.282273],[-157.724324,21.282422],[-157.724788,21.282598],[-157.725088,21.28257],[-157.725123,21.282488],[-157.724636,21.282246],[-157.724624,21.281838],[-157.724718,21.281623],[-157.724906,21.281623],[-157.725076,21.281904],[-157.725117,21.282229],[-157.725217,21.282235],[-157.725276,21.28197],[-157.725164,21.281409],[-157.725311,21.281309],[-157.725828,21.281326],[-157.727291,21.281722],[-157.727744,21.282009],[-157.728061,21.282422],[-157.728085,21.282554],[-157.72802,21.282587],[-157.72708,21.282857],[-157.726128,21.283242],[-157.725541,21.283782],[-157.725335,21.283843],[-157.724565,21.283815],[-157.723032,21.284278],[-157.722844,21.284228],[-157.722979,21.283947],[-157.722697,21.283854],[-157.722415,21.283639],[-157.722045,21.283755],[-157.721657,21.284068],[-157.720776,21.283958],[-157.720452,21.284002],[-157.719695,21.284239],[-157.719474,21.284374],[-157.719696,21.28591],[-157.719966,21.288783],[-157.719742,21.291695],[-157.719723,21.292244],[-157.719817,21.292516],[-157.719717,21.292876],[-157.719706,21.293744],[-157.719411,21.29447],[-157.719371,21.296994],[-157.719677,21.297483],[-157.719797,21.297929],[-157.71976,21.29911],[-157.719818,21.299623],[-157.719452,21.301275],[-157.719159,21.301725],[-157.719153,21.302357],[-157.719484,21.30272],[-157.719532,21.303173],[-157.71991,21.303989],[-157.719973,21.304671],[-157.7197,21.304856],[-157.719417,21.30525],[-157.719408,21.306334],[-157.719865,21.306703],[-157.71987,21.308596],[-157.720058,21.309139],[-157.720545,21.309571],[-157.720628,21.310137],[-157.721044,21.310371],[-157.721293,21.310847],[-157.721289,21.311678],[-157.721537,21.311916],[-157.721851,21.31367],[-157.722545,21.314566],[-157.722921,21.314924],[-157.723317,21.315114],[-157.723416,21.316198],[-157.723287,21.316485],[-157.723266,21.317204],[-157.723643,21.3182],[-157.723613,21.318571],[-157.723247,21.319371],[-157.723044,21.320213]]]]},"properties":{}},{"type":"Feature","id":551,"geometry":{"type":"MultiPolygon","coordinates":[[[[-157.711239,21.281103],[-157.710567,21.281063],[-157.710375,21.28088],[-157.710279,21.28088],[-157.71028,21.280789],[-157.710183,21.280789],[-157.710089,21.280607],[-157.709897,21.280515],[-157.709803,21.280244],[-157.709706,21.280243],[-157.709612,21.280062],[-157.709515,21.280061],[-157.709517,21.27988],[-157.709325,21.279788],[-157.709326,21.279698],[-157.70904,21.279334],[-157.708943,21.279334],[-157.708945,21.279153],[-157.708848,21.279152],[-157.708849,21.279062],[-157.708753,21.279061],[-157.708754,21.278971],[-157.708467,21.278698],[-157.708373,21.278426],[-157.708181,21.278334],[-157.708088,21.277972],[-157.707991,21.277971],[-157.707993,21.277791],[-157.707801,21.277699],[-157.707802,21.277609],[-157.707705,21.277608],[-157.707612,21.277246],[-157.707325,21.276973],[-157.707326,21.276882],[-157.70723,21.276881],[-157.707231,21.276791],[-157.707134,21.27679],[-157.707135,21.2767],[-157.706848,21.276427],[-157.706849,21.276336],[-157.706563,21.275973],[-157.705599,21.275966],[-157.705505,21.275784],[-157.704643,21.275055],[-157.702718,21.274859],[-157.702239,21.274494],[-157.701662,21.274309],[-157.699371,21.271852],[-157.698471,21.273086],[-157.697705,21.273893],[-157.697229,21.274275],[-157.696742,21.274547],[-157.695198,21.275072],[-157.694386,21.275206],[-157.693173,21.275237],[-157.692207,21.275501],[-157.691725,21.275407],[-157.692012,21.27568],[-157.692004,21.276583],[-157.691707,21.277484],[-157.6918,21.277846],[-157.691503,21.278747],[-157.690726,21.279464],[-157.690051,21.279459],[-157.689177,21.280265],[-157.689057,21.282884],[-157.688863,21.283063],[-157.688379,21.28324],[-157.687504,21.284136],[-157.686367,21.284967],[-157.686064,21.286506],[-157.685658,21.287486],[-157.684359,21.289203],[-157.683632,21.289706],[-157.681671,21.290656],[-157.680884,21.291492],[-157.681073,21.291945],[-157.681838,21.292584],[-157.682119,21.293489],[-157.68301,21.294647],[-157.68249,21.295208],[-157.681582,21.296617],[-157.681221,21.297005],[-157.68094,21.297679],[-157.680772,21.298254],[-157.680766,21.298914],[-157.68091,21.299442],[-157.681502,21.299513],[-157.681389,21.300071],[-157.68117,21.300272],[-157.681095,21.300611],[-157.68114,21.301593],[-157.680991,21.302083],[-157.680497,21.302774],[-157.680295,21.303502],[-157.680289,21.303856],[-157.680123,21.304194],[-157.679195,21.304898],[-157.678652,21.304978],[-157.678449,21.305468],[-157.678626,21.306831],[-157.679226,21.307506],[-157.679288,21.308282],[-157.679286,21.308845],[-157.678088,21.311402],[-157.678388,21.311888],[-157.678382,21.312611],[-157.678666,21.313155],[-157.678362,21.314869],[-157.678355,21.315591],[-157.677966,21.31604],[-157.677961,21.316582],[-157.678438,21.317128],[-157.678338,21.317488],[-157.678607,21.318079],[-157.67831,21.318957],[-157.678506,21.32029],[-157.67918,21.320386],[-157.679275,21.320477],[-157.679766,21.320462],[-157.680627,21.320307],[-157.681917,21.320513],[-157.682262,21.320681],[-157.682741,21.321046],[-157.683701,21.321505],[-157.68476,21.321694],[-157.685142,21.322149],[-157.685625,21.322261],[-157.686439,21.322183],[-157.687298,21.321224],[-157.687948,21.320996],[-157.687952,21.320545],[-157.687665,21.320272],[-157.687541,21.319555],[-157.687225,21.318502],[-157.687248,21.315996],[-157.687758,21.313459],[-157.687748,21.312629],[-157.687834,21.312143],[-157.68851,21.310264],[-157.688386,21.309924],[-157.688395,21.308925],[-157.688779,21.306421],[-157.689091,21.305831],[-157.689168,21.305323],[-157.689518,21.304631],[-157.689579,21.30387],[-157.689532,21.303073],[-157.689662,21.302651],[-157.689859,21.301138],[-157.689939,21.299892],[-157.689782,21.298969],[-157.689794,21.297614],[-157.690017,21.296562],[-157.689775,21.29656],[-157.689636,21.29648],[-157.689599,21.296356],[-157.689895,21.29604],[-157.690665,21.295524],[-157.691538,21.295064],[-157.692166,21.294882],[-157.692666,21.294546],[-157.693671,21.293407],[-157.695669,21.291546],[-157.697303,21.289316],[-157.697579,21.289475],[-157.699065,21.289387],[-157.699218,21.289481],[-157.699506,21.289365],[-157.699535,21.289096],[-157.699388,21.288914],[-157.699365,21.288479],[-157.699541,21.288038],[-157.699882,21.287724],[-157.700205,21.287581],[-157.700352,21.28735],[-157.703179,21.28496],[-157.703361,21.284525],[-157.703261,21.283947],[-157.702714,21.2836],[-157.702274,21.283567],[-157.702004,21.283633],[-157.701492,21.283952],[-157.700887,21.284492],[-157.700018,21.2855],[-157.699882,21.285935],[-157.699624,21.286205],[-157.699218,21.286441],[-157.699001,21.286298],[-157.69896,21.286089],[-157.700499,21.283914],[-157.700858,21.283628],[-157.701651,21.283435],[-157.701939,21.283286],[-157.70369,21.280913],[-157.70396,21.281001],[-157.704101,21.280792],[-157.703925,21.280605],[-157.704818,21.279377],[-157.704595,21.279233],[-157.704618,21.279184],[-157.705182,21.278484],[-157.705494,21.278661],[-157.705923,21.27816],[-157.705799,21.278038],[-157.705858,21.277945],[-157.706363,21.27833],[-157.706452,21.278264],[-157.706663,21.278419],[-157.710646,21.281745],[-157.710764,21.281734],[-157.711034,21.281458],[-157.711239,21.281103]]]]},"properties":{}},{"type":"Feature","id":552,"geometry":{"type":"MultiPolygon","coordinates":[[[[-157.678506,21.32029],[-157.67831,21.318957],[-157.678607,21.318079],[-157.678338,21.317488],[-157.678438,21.317128],[-157.677961,21.316582],[-157.677965,21.31604],[-157.678355,21.315591],[-157.678362,21.314869],[-157.678666,21.313155],[-157.678382,21.312611],[-157.678388,21.311888],[-157.678088,21.311402],[-157.679286,21.308845],[-157.679288,21.308282],[-157.679226,21.307506],[-157.678626,21.306831],[-157.678449,21.305468],[-157.678652,21.304978],[-157.679195,21.304898],[-157.680123,21.304194],[-157.680289,21.303856],[-157.680295,21.303502],[-157.680497,21.302774],[-157.680991,21.302083],[-157.68114,21.301593],[-157.681095,21.300611],[-157.68117,21.300272],[-157.681389,21.300071],[-157.681502,21.299513],[-157.68091,21.299442],[-157.680766,21.298914],[-157.680772,21.298254],[-157.68094,21.297679],[-157.681221,21.297005],[-157.681582,21.296617],[-157.68249,21.295208],[-157.683009,21.294647],[-157.682119,21.293489],[-157.681838,21.292584],[-157.681073,21.291945],[-157.680884,21.291492],[-157.681671,21.290656],[-157.683632,21.289706],[-157.684359,21.289203],[-157.684633,21.288883],[-157.685658,21.287486],[-157.686064,21.286506],[-157.686367,21.284967],[-157.687504,21.284136],[-157.688379,21.28324],[-157.688863,21.283063],[-157.689057,21.282884],[-157.689177,21.280265],[-157.690051,21.279459],[-157.690726,21.279464],[-157.691503,21.278747],[-157.6918,21.277846],[-157.691707,21.277484],[-157.692004,21.276583],[-157.692012,21.27568],[-157.691208,21.274995],[-157.690095,21.274491],[-157.689448,21.273728],[-157.689071,21.273403],[-157.688857,21.272855],[-157.688572,21.272401],[-157.688579,21.271588],[-157.688779,21.270777],[-157.688974,21.270507],[-157.688975,21.270327],[-157.689268,21.269967],[-157.689268,21.269877],[-157.689461,21.269879],[-157.689752,21.2697],[-157.689659,21.269248],[-157.68947,21.268885],[-157.689374,21.268884],[-157.689374,21.268794],[-157.689299,21.268793],[-157.689268,21.269017],[-157.688992,21.269606],[-157.687887,21.271054],[-157.687881,21.271423],[-157.687523,21.271616],[-157.68737,21.272359],[-157.687058,21.272689],[-157.686847,21.273064],[-157.686794,21.273372],[-157.687093,21.274182],[-157.687005,21.274363],[-157.686277,21.274793],[-157.686294,21.275922],[-157.685748,21.275757],[-157.684931,21.275646],[-157.68442,21.275657],[-157.684408,21.275916],[-157.684678,21.276478],[-157.684631,21.276885],[-157.684519,21.276891],[-157.684167,21.276648],[-157.683973,21.276615],[-157.683961,21.276951],[-157.683474,21.276946],[-157.68338,21.276995],[-157.68325,21.277303],[-157.68278,21.277474],[-157.682334,21.277788],[-157.681852,21.277942],[-157.68164,21.278476],[-157.681793,21.278817],[-157.681493,21.278735],[-157.681294,21.27857],[-157.681229,21.278608],[-157.681229,21.279038],[-157.680442,21.278905],[-157.679748,21.279549],[-157.679278,21.279775],[-157.67855,21.279995],[-157.678126,21.28048],[-157.677515,21.280265],[-157.67741,21.280964],[-157.676881,21.281531],[-157.677298,21.281647],[-157.677333,21.281724],[-157.677221,21.281862],[-157.676252,21.282252],[-157.676199,21.282324],[-157.676334,21.28272],[-157.67574,21.283662],[-157.67537,21.284119],[-157.674835,21.284543],[-157.674447,21.284989],[-157.673913,21.285308],[-157.673284,21.285539],[-157.67272,21.285627],[-157.671962,21.285583],[-157.671533,21.285726],[-157.670464,21.285808],[-157.670064,21.286034],[-157.66947,21.286078],[-157.669277,21.286166],[-157.668853,21.28659],[-157.668524,21.28719],[-157.668412,21.287625],[-157.668095,21.28801],[-157.667637,21.288153],[-157.666838,21.288258],[-157.665944,21.288819],[-157.665474,21.289419],[-157.665586,21.289546],[-157.665556,21.289634],[-157.664586,21.290305],[-157.664163,21.290531],[-157.663511,21.290751],[-157.662853,21.291109],[-157.662442,21.291235],[-157.662077,21.291538],[-157.66129,21.291631],[-157.660931,21.292264],[-157.660079,21.292765],[-157.65985,21.29282],[-157.659433,21.292781],[-157.658851,21.292473],[-157.658551,21.292517],[-157.658269,21.292897],[-157.657705,21.29321],[-157.65781,21.293337],[-157.658598,21.293629],[-157.659232,21.294075],[-157.65989,21.29391],[-157.660484,21.294054],[-157.660678,21.294037],[-157.661348,21.293724],[-157.661442,21.293817],[-157.661048,21.2945],[-157.660801,21.294627],[-157.659767,21.294478],[-157.659308,21.294511],[-157.658932,21.294698],[-157.65831,21.294615],[-157.658315,21.294532],[-157.65905,21.294439],[-157.659197,21.294268],[-157.659074,21.294141],[-157.658645,21.294075],[-157.658339,21.293904],[-157.657675,21.293965],[-157.657657,21.294471],[-157.657469,21.294835],[-157.657898,21.294978],[-157.658309,21.295281],[-157.658221,21.29549],[-157.657968,21.29576],[-157.657792,21.295782],[-157.657451,21.295622],[-157.657234,21.295721],[-157.656999,21.295952],[-157.656587,21.295842],[-157.656382,21.295908],[-157.655829,21.296459],[-157.655535,21.296508],[-157.655377,21.296624],[-157.655247,21.296976],[-157.65493,21.297158],[-157.654853,21.297493],[-157.654759,21.297587],[-157.65443,21.297521],[-157.65433,21.297427],[-157.654213,21.296898],[-157.654002,21.296563],[-157.653925,21.296573],[-157.653943,21.297289],[-157.654072,21.297515],[-157.654072,21.297708],[-157.653184,21.297614],[-157.652985,21.297977],[-157.651985,21.298412],[-157.651645,21.298439],[-157.651298,21.298714],[-157.650857,21.298934],[-157.650616,21.299876],[-157.65038,21.3003],[-157.650404,21.300575],[-157.650327,21.300895],[-157.650086,21.301379],[-157.64988,21.302073],[-157.649956,21.302568],[-157.649797,21.30302],[-157.649791,21.303482],[-157.649439,21.303576],[-157.649345,21.303724],[-157.648892,21.30406],[-157.648921,21.304666],[-157.649109,21.304837],[-157.649209,21.305591],[-157.649209,21.305822],[-157.648973,21.306296],[-157.649014,21.30748],[-157.648826,21.307612],[-157.648861,21.307749],[-157.649166,21.307975],[-157.649207,21.30808],[-157.649031,21.308228],[-157.649043,21.308719],[-157.648943,21.309043],[-157.648672,21.309357],[-157.648619,21.309555],[-157.648748,21.309963],[-157.649059,21.310453],[-157.648907,21.310909],[-157.649427,21.310634],[-157.649676,21.310123],[-157.650111,21.309668],[-157.651383,21.308894],[-157.651885,21.308672],[-157.652805,21.308849],[-157.654576,21.309625],[-157.654973,21.309611],[-157.655904,21.309303],[-157.656453,21.309256],[-157.657399,21.308921],[-157.657997,21.309065],[-157.658639,21.309319],[-157.658778,21.309292],[-157.659517,21.308869],[-157.659812,21.308579],[-157.6602,21.308401],[-157.660965,21.308728],[-157.662094,21.309787],[-157.6625,21.309865],[-157.663253,21.309559],[-157.663559,21.309697],[-157.663847,21.310147],[-157.664795,21.310943],[-157.66509,21.311331],[-157.666142,21.312243],[-157.666858,21.31262],[-157.668087,21.312697],[-157.668891,21.31372],[-157.669161,21.313883],[-157.66988,21.314621],[-157.670088,21.315211],[-157.670353,21.315618],[-157.670739,21.315622],[-157.671026,21.315895],[-157.67198,21.316986],[-157.671979,21.317077],[-157.672838,21.317987],[-157.674162,21.318546],[-157.674568,21.318633],[-157.675435,21.31873],[-157.675915,21.318594],[-157.676585,21.319462],[-157.67764,21.320102],[-157.678506,21.32029]]]]},"properties":{}},{"type":"Feature","id":553,"geometry":{"type":"MultiPolygon","coordinates":[[[[-157.847781,21.310605],[-157.847686,21.310424],[-157.847785,21.310154],[-157.848268,21.310067],[-157.848851,21.309438],[-157.848865,21.307632],[-157.84906,21.307362],[-157.850217,21.30728],[-157.851286,21.306203],[-157.85177,21.306025],[-157.851873,21.305123],[-157.852165,21.304763],[-157.85323,21.304229],[-157.853237,21.303325],[-157.854109,21.302699],[-157.854112,21.302338],[-157.856527,21.301631],[-157.856818,21.301453],[-157.857204,21.301365],[-157.85934,21.299392],[-157.860017,21.299126],[-157.860404,21.298857],[-157.8608,21.297595],[-157.860803,21.297234],[-157.861293,21.296063],[-157.861488,21.295883],[-157.861992,21.295109],[-157.863666,21.293914],[-157.864526,21.292943],[-157.861117,21.290298],[-157.860283,21.291498],[-157.859983,21.291597],[-157.859913,21.291889],[-157.860165,21.291999],[-157.860013,21.292286],[-157.859672,21.292258],[-157.859525,21.292594],[-157.859402,21.292578],[-157.859214,21.293106],[-157.859396,21.293255],[-157.859331,21.293371],[-157.85882,21.293145],[-157.858374,21.29352],[-157.858227,21.293531],[-157.857351,21.294379],[-157.855753,21.293597],[-157.855013,21.293151],[-157.855776,21.291785],[-157.855629,21.291697],[-157.856011,21.291174],[-157.858044,21.292247],[-157.858509,21.291972],[-157.859384,21.290876],[-157.859067,21.290997],[-157.8559,21.29086],[-157.855682,21.290932],[-157.8555,21.291141],[-157.855106,21.291135],[-157.853267,21.290216],[-157.849771,21.28928],[-157.848807,21.288911],[-157.84698,21.28836],[-157.84678,21.288041],[-157.846257,21.287501],[-157.846445,21.286692],[-157.846998,21.28635],[-157.848243,21.284786],[-157.848402,21.284549],[-157.848449,21.284307],[-157.848272,21.283641],[-157.84812,21.28347],[-157.847985,21.283448],[-157.84792,21.283668],[-157.84745,21.283652],[-157.847138,21.283421],[-157.846657,21.283266],[-157.846234,21.282964],[-157.846122,21.282754],[-157.846104,21.28233],[-157.846228,21.282193],[-157.846739,21.282226],[-157.846709,21.282099],[-157.846251,21.281901],[-157.846104,21.281565],[-157.845811,21.282468],[-157.845728,21.283024],[-157.845634,21.283134],[-157.844277,21.287782],[-157.843196,21.287463],[-157.842973,21.28754],[-157.84292,21.287452],[-157.841369,21.288212],[-157.841045,21.287821],[-157.840693,21.287843],[-157.840464,21.287424],[-157.840593,21.287397],[-157.84064,21.287468],[-157.841239,21.287275],[-157.841051,21.286912],[-157.841216,21.286802],[-157.839841,21.28499],[-157.839876,21.284841],[-157.839541,21.284368],[-157.839388,21.284015],[-157.839477,21.283553],[-157.839553,21.283509],[-157.840152,21.284351],[-157.840969,21.283878],[-157.84282,21.286306],[-157.843178,21.286069],[-157.840646,21.282694],[-157.841216,21.282402],[-157.843537,21.285502],[-157.843848,21.285276],[-157.843689,21.285029],[-157.843543,21.285106],[-157.841427,21.282226],[-157.840223,21.280777],[-157.839576,21.281174],[-157.839165,21.281322],[-157.838419,21.281311],[-157.83799,21.281212],[-157.837726,21.281091],[-157.837608,21.280954],[-157.837555,21.280656],[-157.837473,21.280634],[-157.837285,21.280998],[-157.837079,21.281014],[-157.836656,21.280805],[-157.836321,21.280425],[-157.835986,21.279935],[-157.835746,21.27934],[-157.835446,21.279026],[-157.835317,21.278674],[-157.834159,21.278117],[-157.833689,21.277826],[-157.833407,21.277539],[-157.832996,21.27733],[-157.83222,21.277319],[-157.831592,21.276961],[-157.829829,21.276531],[-157.8298,21.276371],[-157.829177,21.276333],[-157.828325,21.276426],[-157.827038,21.276107],[-157.825493,21.274829],[-157.824219,21.272334],[-157.824019,21.272191],[-157.824031,21.271949],[-157.82396,21.271817],[-157.823514,21.271635],[-157.823103,21.271029],[-157.822915,21.270572],[-157.822838,21.269933],[-157.822915,21.268298],[-157.823332,21.268369],[-157.823103,21.267373],[-157.82288,21.267263],[-157.822774,21.26669],[-157.822398,21.265715],[-157.822269,21.265043],[-157.822739,21.264917],[-157.822445,21.263854],[-157.822046,21.26392],[-157.822193,21.263749],[-157.821917,21.263562],[-157.821793,21.263275],[-157.821494,21.26213],[-157.821582,21.262047],[-157.821552,21.261734],[-157.821629,21.261645],[-157.82157,21.261414],[-157.821388,21.261177],[-157.820777,21.260808],[-157.820342,21.260439],[-157.819761,21.259409],[-157.819285,21.258826],[-157.819015,21.258242],[-157.818809,21.258016],[-157.817738,21.258001],[-157.817157,21.258358],[-157.815693,21.258736],[-157.815387,21.259287],[-157.814977,21.259397],[-157.814386,21.259421],[-157.814035,21.259729],[-157.812998,21.260226],[-157.812591,21.260278],[-157.812421,21.260367],[-157.811862,21.260211],[-157.811745,21.260543],[-157.811572,21.261857],[-157.811361,21.262708],[-157.810286,21.264513],[-157.809708,21.265178],[-157.809363,21.265458],[-157.808907,21.265617],[-157.808715,21.265826],[-157.808326,21.265974],[-157.807328,21.266776],[-157.806519,21.267058],[-157.80552,21.267309],[-157.803978,21.267298],[-157.803391,21.268469],[-157.803382,21.269553],[-157.803088,21.270093],[-157.801925,21.270988],[-157.801528,21.27234],[-157.800656,21.272876],[-157.800261,21.274047],[-157.799776,21.274495],[-157.799084,21.276568],[-157.798982,21.27729],[-157.799305,21.277884],[-157.798866,21.279729],[-157.798849,21.281806],[-157.798548,21.28325],[-157.798587,21.284002],[-157.798468,21.285255],[-157.797995,21.285675],[-157.797452,21.28579],[-157.797125,21.285974],[-157.796598,21.286036],[-157.795811,21.287928],[-157.795133,21.288374],[-157.79357,21.290893],[-157.792405,21.291878],[-157.791409,21.293233],[-157.791139,21.293495],[-157.790215,21.295511],[-157.790149,21.29665],[-157.789587,21.297167],[-157.7885,21.297903],[-157.786951,21.298705],[-157.785703,21.298063],[-157.784445,21.298687],[-157.783472,21.299764],[-157.782999,21.300405],[-157.781086,21.302238],[-157.779898,21.303821],[-157.779133,21.304544],[-157.778567,21.305285],[-157.777832,21.305595],[-157.777107,21.306952],[-157.776798,21.307203],[-157.77679,21.308152],[-157.777022,21.308441],[-157.776695,21.308727],[-157.776453,21.309488],[-157.775504,21.310599],[-157.775287,21.310631],[-157.774909,21.310493],[-157.77461,21.31054],[-157.774255,21.31081],[-157.773888,21.311451],[-157.773491,21.311431],[-157.773074,21.311512],[-157.772692,21.311831],[-157.772553,21.313389],[-157.771716,21.314698],[-157.771619,21.315578],[-157.771187,21.316387],[-157.771047,21.31698],[-157.770693,21.317828],[-157.770172,21.319997],[-157.769568,21.320839],[-157.768857,21.321596],[-157.76853,21.321848],[-157.767669,21.322052],[-157.767333,21.322297],[-157.76621,21.323667],[-157.76649,21.324753],[-157.766258,21.325405],[-157.766032,21.326488],[-157.765685,21.326942],[-157.765023,21.327272],[-157.764343,21.327809],[-157.764156,21.328202],[-157.763774,21.328453],[-157.763467,21.328796],[-157.763421,21.329551],[-157.763144,21.330277],[-157.762966,21.331051],[-157.762982,21.33162],[-157.762829,21.331867],[-157.763246,21.332227],[-157.764174,21.332495],[-157.764969,21.332535],[-157.765656,21.332245],[-157.76761,21.332351],[-157.768244,21.33217],[-157.768696,21.332173],[-157.769235,21.332668],[-157.770428,21.332677],[-157.77105,21.332827],[-157.772586,21.333651],[-157.772946,21.334248],[-157.774598,21.335201],[-157.775653,21.335932],[-157.776711,21.335825],[-157.7771,21.335852],[-157.778032,21.335716],[-157.778628,21.335738],[-157.779223,21.335877],[-157.779989,21.336234],[-157.780856,21.336331],[-157.781927,21.33693],[-157.782413,21.33712],[-157.782773,21.33779],[-157.783614,21.338332],[-157.783883,21.338655],[-157.784596,21.338797],[-157.784879,21.339612],[-157.785337,21.339953],[-157.785913,21.340211],[-157.786411,21.340888],[-157.78719,21.341051],[-157.787634,21.342053],[-157.787747,21.342614],[-157.788322,21.34307],[-157.788291,21.343498],[-157.788143,21.34392],[-157.788118,21.344424],[-157.78831,21.344515],[-157.788296,21.346141],[-157.788501,21.346548],[-157.788622,21.347159],[-157.788573,21.347679],[-157.788859,21.348042],[-157.788703,21.348277],[-157.788465,21.349033],[-157.788657,21.349462],[-157.789036,21.349635],[-157.789134,21.349851],[-157.788935,21.350921],[-157.788735,21.353257],[-157.790172,21.352569],[-157.790333,21.352337],[-157.791142,21.351853],[-157.792299,21.351861],[-157.793507,21.351157],[-157.794333,21.350882],[-157.794614,21.35064],[-157.794781,21.35015],[-157.795238,21.349595],[-157.796747,21.348504],[-157.797346,21.347923],[-157.798583,21.347349],[-157.798993,21.346941],[-157.800415,21.346566],[-157.801218,21.346053],[-157.801416,21.345513],[-157.802284,21.345519],[-157.802864,21.345252],[-157.80341,21.345198],[-157.804712,21.345208],[-157.805344,21.345246],[-157.805795,21.345368],[-157.806238,21.345367],[-157.807192,21.344768],[-157.80779,21.344294],[-157.80821,21.344098],[-157.808853,21.34403],[-157.808955,21.343663],[-157.809243,21.343491],[-157.811078,21.343052],[-157.812043,21.343059],[-157.81195,21.342607],[-157.811662,21.342424],[-157.811668,21.341701],[-157.811019,21.340984],[-157.811115,21.340358],[-157.811101,21.339867],[-157.810924,21.339357],[-157.810718,21.338035],[-157.811341,21.336921],[-157.811601,21.33611],[-157.811802,21.335917],[-157.812966,21.33611],[-157.813937,21.335303],[-157.814426,21.334494],[-157.814432,21.333681],[-157.814821,21.333322],[-157.81502,21.332511],[-157.816276,21.332158],[-157.817337,21.332166],[-157.818105,21.332532],[-157.818877,21.332447],[-157.820234,21.331554],[-157.820333,21.331283],[-157.820622,21.331285],[-157.821012,21.330746],[-157.823143,21.329496],[-157.823435,21.329227],[-157.824302,21.329324],[-157.824886,21.328605],[-157.826143,21.328162],[-157.827018,21.327265],[-157.829148,21.326105],[-157.831188,21.324222],[-157.831485,21.323231],[-157.832941,21.322066],[-157.833041,21.321615],[-157.83372,21.320988],[-157.83566,21.319556],[-157.83653,21.319291],[-157.83721,21.318663],[-157.83982,21.317778],[-157.841477,21.31544],[-157.842346,21.315266],[-157.842638,21.314906],[-157.843606,21.314461],[-157.843607,21.314281],[-157.844663,21.31492],[-157.845724,21.314837],[-157.846012,21.31502],[-157.84611,21.31475],[-157.847362,21.314939],[-157.848525,21.314134],[-157.848916,21.313414],[-157.849119,21.31215],[-157.848837,21.311245],[-157.847781,21.310605]]]]},"properties":{}},{"type":"Feature","id":554,"geometry":{"type":"MultiPolygon","coordinates":[[[[-157.711239,21.281103],[-157.711257,21.280952],[-157.711175,21.280847],[-157.710582,21.280357],[-157.710405,21.280109],[-157.709407,21.277967],[-157.709231,21.27697],[-157.709001,21.276249],[-157.708819,21.275004],[-157.708819,21.274696],[-157.709113,21.273336],[-157.709113,21.272989],[-157.708925,21.27235],[-157.708843,21.270968],[-157.708626,21.270087],[-157.708761,21.268991],[-157.709278,21.268049],[-157.709595,21.267642],[-157.7098,21.267185],[-157.710129,21.266822],[-157.710423,21.265946],[-157.710764,21.265516],[-157.711028,21.264724],[-157.711745,21.263429],[-157.711622,21.262719],[-157.711363,21.262521],[-157.711428,21.262251],[-157.711622,21.262174],[-157.711686,21.262014],[-157.711516,21.261766],[-157.71124,21.260973],[-157.710194,21.260142],[-157.709877,21.260043],[-157.709783,21.259817],[-157.709507,21.259591],[-157.708943,21.259635],[-157.70815,21.259283],[-157.70805,21.259272],[-157.707656,21.259481],[-157.707327,21.259162],[-157.70711,21.259107],[-157.706904,21.259277],[-157.706158,21.259465],[-157.705782,21.259321],[-157.705712,21.259382],[-157.705359,21.25936],[-157.705066,21.259459],[-157.704637,21.259387],[-157.703286,21.259415],[-157.702175,21.259756],[-157.70066,21.259938],[-157.699778,21.26018],[-157.69925,21.260477],[-157.69878,21.260593],[-157.698151,21.26094],[-157.697534,21.261116],[-157.697446,21.261303],[-157.695919,21.261766],[-157.694885,21.262211],[-157.693974,21.262795],[-157.693539,21.262701],[-157.693322,21.262723],[-157.692805,21.263246],[-157.691971,21.263484],[-157.692119,21.263486],[-157.692214,21.263667],[-157.692311,21.263668],[-157.692309,21.263848],[-157.692787,21.264304],[-157.69317,21.264578],[-157.693746,21.264853],[-157.69404,21.264313],[-157.694429,21.263865],[-157.695011,21.263418],[-157.695592,21.263151],[-157.695883,21.262882],[-157.696173,21.262794],[-157.696845,21.263071],[-157.698103,21.263171],[-157.700796,21.263191],[-157.703287,21.264837],[-157.703186,21.265378],[-157.702896,21.265466],[-157.702893,21.265827],[-157.702501,21.266547],[-157.701721,21.267535],[-157.700367,21.268156],[-157.699864,21.270501],[-157.699371,21.271852],[-157.701662,21.274309],[-157.702239,21.274494],[-157.702718,21.274859],[-157.704643,21.275055],[-157.705504,21.275784],[-157.705599,21.275966],[-157.706563,21.275973],[-157.706849,21.276337],[-157.706848,21.276427],[-157.707135,21.2767],[-157.707134,21.27679],[-157.707231,21.276791],[-157.70723,21.276881],[-157.707326,21.276882],[-157.707325,21.276973],[-157.707612,21.277246],[-157.707705,21.277608],[-157.707802,21.277609],[-157.707801,21.277699],[-157.707993,21.277791],[-157.707991,21.277971],[-157.708088,21.277972],[-157.708181,21.278334],[-157.708373,21.278426],[-157.708467,21.278698],[-157.708754,21.278971],[-157.708753,21.279061],[-157.708849,21.279062],[-157.708848,21.279152],[-157.708945,21.279153],[-157.708943,21.279334],[-157.70904,21.279334],[-157.709326,21.279698],[-157.709325,21.279788],[-157.709517,21.27988],[-157.709515,21.280061],[-157.709612,21.280062],[-157.709706,21.280243],[-157.709803,21.280244],[-157.709897,21.280515],[-157.710089,21.280607],[-157.710183,21.280789],[-157.71028,21.280789],[-157.710279,21.28088],[-157.710375,21.28088],[-157.710567,21.281063],[-157.711239,21.281103]]]]},"properties":{}},{"type":"Feature","id":558,"geometry":{"type":"MultiPolygon","coordinates":[[[[-157.714183,21.282433],[-157.713443,21.282147],[-157.713913,21.281888],[-157.713825,21.281761],[-157.713002,21.281304],[-157.712491,21.281167],[-157.712203,21.281172],[-157.711886,21.281469],[-157.71168,21.281987],[-157.711657,21.282246],[-157.711445,21.282576],[-157.710411,21.282995],[-157.709389,21.283055],[-157.709142,21.283298],[-157.709019,21.28349],[-157.708978,21.283815],[-157.709031,21.284058],[-157.70943,21.284592],[-157.709471,21.284795],[-157.709418,21.284867],[-157.70896,21.285065],[-157.708343,21.284322],[-157.707826,21.283953],[-157.707644,21.283876],[-157.707062,21.283947],[-157.705129,21.285071],[-157.704759,21.28566],[-157.704465,21.285957],[-157.704113,21.286128],[-157.702985,21.286442],[-157.702138,21.287257],[-157.701786,21.287444],[-157.700952,21.287658],[-157.700346,21.288132],[-157.700205,21.288347],[-157.700252,21.289454],[-157.700129,21.289938],[-157.6995,21.290682],[-157.697872,21.292256],[-157.697496,21.292752],[-157.69732,21.294277],[-157.696285,21.296276],[-157.696297,21.296612],[-157.696467,21.297091],[-157.696567,21.297763],[-157.696426,21.298143],[-157.696267,21.299117],[-157.695656,21.300169],[-157.695444,21.30089],[-157.695233,21.301116],[-157.695115,21.301067],[-157.695162,21.300742],[-157.69511,21.300252],[-157.69501,21.300191],[-157.69481,21.300279],[-157.694581,21.300208],[-157.694469,21.299916],[-157.694645,21.29953],[-157.694892,21.299255],[-157.695415,21.298864],[-157.695662,21.298501],[-157.695756,21.298198],[-157.695703,21.297465],[-157.695439,21.296617],[-157.694951,21.295764],[-157.694599,21.295411],[-157.69387,21.29507],[-157.693148,21.295037],[-157.692425,21.295202],[-157.691649,21.295482],[-157.690821,21.295895],[-157.690017,21.296562],[-157.689794,21.297614],[-157.689782,21.298969],[-157.689939,21.299892],[-157.689859,21.301138],[-157.689662,21.302651],[-157.689532,21.303073],[-157.689579,21.30387],[-157.689518,21.304631],[-157.689168,21.305323],[-157.689091,21.305831],[-157.688779,21.306421],[-157.688395,21.308925],[-157.688386,21.309924],[-157.68851,21.310264],[-157.687834,21.312143],[-157.687748,21.312629],[-157.687758,21.313459],[-157.687248,21.315996],[-157.687225,21.318502],[-157.687541,21.319555],[-157.687665,21.320272],[-157.687952,21.320545],[-157.687948,21.320996],[-157.689219,21.320655],[-157.689619,21.320387],[-157.689963,21.320305],[-157.690666,21.320497],[-157.691591,21.320233],[-157.692004,21.320215],[-157.693484,21.320722],[-157.694496,21.320764],[-157.695003,21.3207],[-157.695769,21.319961],[-157.696735,21.319349],[-157.697513,21.318632],[-157.698005,21.318471],[-157.698287,21.318277],[-157.69871,21.318442],[-157.699524,21.318466],[-157.700085,21.318402],[-157.700699,21.318115],[-157.701391,21.317904],[-157.701861,21.317491],[-157.702245,21.317318],[-157.703294,21.317241],[-157.703696,21.317144],[-157.70402,21.316925],[-157.705143,21.316663],[-157.706444,21.316757],[-157.706824,21.316121],[-157.706832,21.315207],[-157.706735,21.314532],[-157.706533,21.314193],[-157.706638,21.313905],[-157.706538,21.31352],[-157.70618,21.313324],[-157.706132,21.312987],[-157.705162,21.312305],[-157.704757,21.31158],[-157.704608,21.311001],[-157.704673,21.309413],[-157.704471,21.309026],[-157.704475,21.308641],[-157.704023,21.307482],[-157.70382,21.307144],[-157.703927,21.306711],[-157.704392,21.306378],[-157.704399,21.305607],[-157.704557,21.305175],[-157.704508,21.304838],[-157.703949,21.30416],[-157.703955,21.303486],[-157.704422,21.30296],[-157.704322,21.302574],[-157.70469,21.30171],[-157.70454,21.301227],[-157.704501,21.299735],[-157.70451,21.298724],[-157.704617,21.298291],[-157.704213,21.297518],[-157.704115,21.296987],[-157.704119,21.296458],[-157.704176,21.295881],[-157.704333,21.295545],[-157.704338,21.294919],[-157.704657,21.293718],[-157.70497,21.293143],[-157.704973,21.292854],[-157.705132,21.292277],[-157.705136,21.291796],[-157.705345,21.29146],[-157.705403,21.29069],[-157.705257,21.289678],[-157.705418,21.288909],[-157.705422,21.288428],[-157.705943,21.287613],[-157.706461,21.287136],[-157.707082,21.286659],[-157.707698,21.286664],[-157.710001,21.284744],[-157.710468,21.284134],[-157.712052,21.283676],[-157.712823,21.283574],[-157.714183,21.282433]]]]},"properties":{}}]}